Sondeo,N,X,Y,Z
SM-37-P2,98,479213.08,2036499.92,-48.235
SM-37-P2,98,479213.08,2036499.92,-48.46
SM-37-P2,98,479213.08,2036499.92,-48.685
SM-37-P2,96.5,479213.08,2036499.92,-48.01
SM-65-P1,96,477374.93,2036265.02,-40.715
SM-65-P1,95.5,477374.93,2036265.02,-40.94
SM-65-P1,95,477374.93,2036265.02,-41.165
SM-37-P2,95,479213.08,2036499.92,-47.785
SM-65-P1,94.5,477374.93,2036265.02,-41.39
SM-65-P1,94,477374.93,2036265.02,-40.49
SM-65-P1,94,477374.93,2036265.02,-41.615
SM-65-P1,94,477374.93,2036265.02,-44.315
SM-70-P3,94,481498.09,2036695.19,0.945
SM-37-P2,93.5,479213.08,2036499.92,-47.56
SM-65-P1,92.5,477374.93,2036265.02,-41.84
SM-65-P1,92,477374.93,2036265.02,-12.365
SM-65-P1,92,477374.93,2036265.02,-40.265
SM-37-P2,92,479213.08,2036499.92,-47.335
SM-65-P1,91,477374.93,2036265.02,-40.04
SM-65-P1,91,477374.93,2036265.02,-42.065
SM-65-P1,91,477374.93,2036265.02,-44.54
SM-05-B2,91,478555.9,2037889.6,1.055
SM-37-P2,90.5,479213.08,2036499.92,-47.11
SM-65-P1,90,477374.93,2036265.02,-38.015
SM-65-P1,90,477374.93,2036265.02,-39.365
SM-65-P1,90,477374.93,2036265.02,-39.59
SM-65-P1,90,477374.93,2036265.02,-39.815
SM-65-P1,90,477374.93,2036265.02,-43.415
SM-65-P1,90,477374.93,2036265.02,-46.115
SM-65-P1,89.5,477374.93,2036265.02,-44.09
SM-37-P2,89,479213.08,2036499.92,-46.885
SM-70-P3,89,481498.09,2036695.19,3.195
SM-65-P1,88.5,477374.93,2036265.02,-37.79
SM-65-P1,88.5,477374.93,2036265.02,-45.89
SM-65-P1,88.5,477374.93,2036265.02,-46.34
SM-37-P2,88.5,479213.08,2036499.92,-46.66
SM-65-P1,88,477374.93,2036265.02,-37.115
SM-65-P1,88,477374.93,2036265.02,-44.765
SM-37-P2,88,479213.08,2036499.92,-46.435
SM-65-P1,87.5,477374.93,2036265.02,-37.34
SM-65-P1,87.5,477374.93,2036265.02,-43.64
SM-65-P1,87,477374.93,2036265.02,-36.89
SM-65-P1,87,477374.93,2036265.02,-37.565
SM-65-P1,87,477374.93,2036265.02,-45.665
SM-65-P1,87,477374.93,2036265.02,-46.565
SM-37-P2,86.5,479213.08,2036499.92,-46.21
SM-65-P1,86,477374.93,2036265.02,-36.665
SM-65-P1,85,477374.93,2036265.02,-43.865
SM-37-P2,85,479213.08,2036499.92,-45.535
SM-37-P2,85,479213.08,2036499.92,-45.76
SM-37-P2,85,479213.08,2036499.92,-45.985
SM-65-P1,84.5,477374.93,2036265.02,-44.99
SM-65-P1,84,477374.93,2036265.02,-45.44
SM-70-P3,83,481498.09,2036695.19,0.72
SM-70-P3,82,481498.09,2036695.19,1.17
SM-65-P1,81,477374.93,2036265.02,-39.14
SM-65-P1,81,477374.93,2036265.02,-45.215
SM-70-P3,81,481498.09,2036695.19,0.045
SM-37-P2,80,479213.08,2036499.92,-42.835
SM-37-P2,80,479213.08,2036499.92,-45.31
SM-47-P1,77,478006.01,2038293.04,-43.295
SM-65-P1,76.5,477374.93,2036265.02,-43.19
SM-70-P3,76.5,481498.09,2036695.19,0.27
SM-65-P1,76,477374.93,2036265.02,-42.29
SM-37-P2,75,479213.08,2036499.92,-39.235
SM-37-P2,75,479213.08,2036499.92,-45.085
SM-75-P1,75,477626.74,2037421.93,-35.935
SM-52-P1,74,478098.81,2037573.26,-36.305
SM-24-P2,73,479387.3,2037585.89,-14.975
SM-65-P1,72,477374.93,2036265.02,-38.915
SM-70-P3,72,481498.09,2036695.19,0.495
SM-70-P3,71,481498.09,2036695.19,3.42
SM-70-P3,70.5,481498.09,2036695.19,2.97
SM-59-P1,70,477834.91,2037045.31,-20.355
SM-37-P2,70,479213.08,2036499.92,-35.185
SM-37-P2,70,479213.08,2036499.92,-44.185
SM-70-P3,70,481498.09,2036695.19,1.395
SM-75-P1,70,477626.74,2037421.93,-35.71
SM-37-P2,69.5,479213.08,2036499.92,-44.86
SM-70-P3,69,481498.09,2036695.19,4.545
SM-70-P3,69,481498.09,2036695.19,4.32
SM-70-P3,69,481498.09,2036695.19,4.095
SM-65-P1,68.5,477374.93,2036265.02,-12.14
SM-65-P1,68.5,477374.93,2036265.02,-38.24
SM-37-P2,68.5,479213.08,2036499.92,-34.96
SM-10-B2,68,480515.3,2036275.1,-25.205
SM-65-P1,67,477374.93,2036265.02,-36.44
SM-59-P1,67,477834.91,2037045.31,-20.13
SM-37-P2,67,479213.08,2036499.92,-34.735
SM-37-P2,67,479213.08,2036499.92,-44.41
SM-70-P3,67,481498.09,2036695.19,-0.855
SM-75-P1,67,477626.74,2037421.93,-35.035
SM-10-B2,66,480515.3,2036275.1,-25.43
SM-44-P1,66,477193.08,2038327.98,-18.325
SM-44-P1,66,477189.844,2038327.449,-18.375
SM-44-P1,66,477193.08,2038327.98,-19.225
SM-44-P1,66,477189.844,2038327.449,-19.275
SM-44-P1,66,477193.08,2038327.98,-20.125
SM-44-P1,66,477189.844,2038327.449,-20.175
SM-47-P1,66,478006.01,2038293.04,-3.695
SM-75-P1,66,477626.74,2037421.93,-35.26
SM-37-P2,65.5,479213.08,2036499.92,-35.41
SM-37-P2,65.5,479213.08,2036499.92,-42.61
SM-44-P1,65.5,477193.08,2038327.98,-18.55
SM-44-P1,65.5,477189.844,2038327.449,-18.6
SM-44-P1,65.5,477193.08,2038327.98,-19
SM-44-P1,65.5,477189.844,2038327.449,-19.05
SM-37-P2,65,479213.08,2036499.92,-43.06
SM-44-P1,65,477193.08,2038327.98,-17.425
SM-44-P1,65,477189.844,2038327.449,-17.475
SM-44-P1,65,477193.08,2038327.98,-18.775
SM-44-P1,65,477189.844,2038327.449,-18.825
SM-44-P1,65,477193.08,2038327.98,-19.45
SM-44-P1,65,477189.844,2038327.449,-19.5
SM-44-P1,65,477193.08,2038327.98,-19.9
SM-44-P1,65,477189.844,2038327.449,-19.95
SM-75-P1,65,477626.74,2037421.93,-26.035
SM-75-P1,65,477626.74,2037421.93,-34.81
SM-75-P1,65,477626.74,2037421.93,-35.485
SM-37-P2,64.5,479213.08,2036499.92,-43.96
SM-75-P1,64.5,477626.74,2037421.93,-26.26
SM-59-P1,64,477834.91,2037045.31,-19.905
SM-72-P2,64,479543.59,2036219.22,-7.585
SM-10-B2,64,480515.3,2036275.1,-25.655
SM-37-P2,64,479213.08,2036499.92,-44.635
SM-44-P1,64,477193.08,2038327.98,-18.1
SM-44-P1,64,477189.844,2038327.449,-18.15
SM-44-P1,64,477193.08,2038327.98,-19.675
SM-44-P1,64,477189.844,2038327.449,-19.725
SM-75-P1,64,477626.74,2037421.93,-26.485
SM-75-P1,64,477626.74,2037421.93,-27.385
SM-75-P1,64,477626.74,2037421.93,-33.235
SM-44-P1,63.5,477193.08,2038327.98,-17.65
SM-44-P1,63.5,477189.844,2038327.449,-17.7
SM-44-P1,63.5,477193.08,2038327.98,-20.35
SM-44-P1,63.5,477189.844,2038327.449,-20.4
SM-47-P1,63.5,478006.01,2038293.04,-3.47
SM-47-P1,63.5,478006.01,2038293.04,-43.07
SM-47-P1,63.5,478006.01,2038293.04,-43.52
SM-75-P1,63.5,477626.74,2037421.93,-25.81
SM-75-P1,63.5,477626.74,2037421.93,-26.71
SM-75-P1,63.5,477626.74,2037421.93,-27.16
SM-65-P1,63,477374.93,2036265.02,-24.515
SM-65-P1,63,477374.93,2036265.02,-42.965
SM-73-P2,63,480177.03,2036206.51,-21.775
SM-27-P2,63,478831.45,2037198.64,-47.275
SM-36-P2,63,478362.19,2036503.28,-33.355
SM-47-P1,63,478006.01,2038293.04,-6.395
SM-75-P1,63,477626.74,2037421.93,-26.935
SM-75-P1,63,477626.74,2037421.93,-33.46
SM-75-P1,63,477626.74,2037421.93,-34.585
SM-65-P1,62.5,477374.93,2036265.02,-12.59
SM-05-B2,62.5,478555.9,2037889.6,1.28
SM-65-P1,62,477374.93,2036265.02,-42.74
SM-105-P2,62,,,-58.275
SM-04-B1,62,479321.627,2036184.495,-21.5995
SM-08-B2,62,480108.48,2037238.9,-39.875
SM-36-P2,62,478362.19,2036503.28,-23.455
SM-52-P1,62,478098.81,2037573.26,-36.08
SM-52-P1,62,478098.81,2037573.26,-36.53
SM-37-P2,62,479213.08,2036499.92,-30.235
SM-37-P2,62,479213.08,2036499.92,-41.485
SM-44-P1,62,477193.08,2038327.98,-17.875
SM-44-P1,62,477189.844,2038327.449,-17.925
SM-47-P1,62,478006.01,2038293.04,-6.17
SM-75-P1,62,477626.74,2037421.93,-25.585
SM-75-P1,62,477626.74,2037421.93,-27.61
SM-75-P1,62,477626.74,2037421.93,-31.435
SM-75-P1,62,477626.74,2037421.93,-33.685
SM-08-B2,61.5,480108.48,2037238.9,-39.65
SM-75-P1,61.5,477626.74,2037421.93,-25.36
SM-65-P1,61,477374.93,2036265.02,-42.515
SM-73-P2,61,480177.03,2036206.51,-28.975
SM-61-P1,61,478033.23,2036869.83,-23.635
SM-08-B2,61,480108.48,2037238.9,-39.425
SM-19-P1,61,477471.6,2036261.55,-24.045
SM-37-P2,61,479213.08,2036499.92,-35.635
SM-37-P2,61,479213.08,2036499.92,-39.01
SM-44-P1,61,477193.08,2038327.98,-20.575
SM-44-P1,61,477189.844,2038327.449,-20.625
SM-70-P3,61,481498.09,2036695.19,3.87
SM-47-P1,61,478006.01,2038293.04,-2.345
SM-47-P1,61,478006.01,2038293.04,-3.245
SM-47-P1,61,478006.01,2038293.04,-3.92
SM-47-P1,61,478006.01,2038293.04,-5.945
SM-75-P1,61,477626.74,2037421.93,-24.235
SM-75-P1,61,477626.74,2037421.93,-25.135
SM-76-P3,61,481243.38,2036665.86,1.985
SM-65-P1,60.5,477374.93,2036265.02,-24.29
SM-73-P2,60.5,480177.03,2036206.51,-28.75
SM-47-P1,60.5,478006.01,2038293.04,-2.12
SM-73-P2,60,480177.03,2036206.51,-28.525
SM-17-P2,60,479997.31,2036524.08,-41.305
SM-36-P2,60,478362.19,2036503.28,-33.58
SM-70-P3,60,481498.09,2036695.19,1.62
SM-47-P1,60,478006.01,2038293.04,-1.895
SM-47-P1,60,478006.01,2038293.04,-2.57
SM-47-P1,60,478006.01,2038293.04,-3.02
SM-75-P1,60,477626.74,2037421.93,-27.835
SM-65-P1,59.5,477374.93,2036265.02,-38.69
SM-75-P1,59.5,477626.74,2037421.93,-36.16
SM-65-P1,59,477374.93,2036265.02,-21.365
SM-73-P2,59,480177.03,2036206.51,-30.325
SM-73-P2,59,480177.03,2036206.51,-30.55
SM-73-P2,59,480177.03,2036206.51,-30.775
SM-73-P2,59,480177.03,2036206.51,-35.725
SM-45-P1,59,477444.49,2038334.58,-21.985
SM-19-P1,59,477471.6,2036261.55,-24.27
SM-10-B2,59,480515.3,2036275.1,-24.98
SM-37-P2,59,479213.08,2036499.92,-37.885
SM-37-P2,59,479213.08,2036499.92,-43.735
SM-44-P1,59,477193.08,2038327.98,-17.2
SM-44-P1,59,477189.844,2038327.449,-17.25
SM-47-P1,59,478006.01,2038293.04,-2.795
SM-47-P1,59,478006.01,2038293.04,-5.045
SM-65-P1,58.5,477374.93,2036265.02,-21.59
SM-05-B2,58.5,478555.9,2037889.6,0.83
SM-47-P1,58.5,478006.01,2038293.04,-5.72
SM-12-B1,58,477096.67,2038479.67,-19.995
SM-65-P1,58,477374.93,2036265.02,2.485
SM-65-P1,58,477374.93,2036265.02,-21.815
SM-65-P1,58,477374.93,2036265.02,-24.065
SM-59-P1,58,477834.91,2037045.31,-20.58
SM-08-B2,58,480108.48,2037238.9,-36.725
SM-19-P1,58,477471.6,2036261.55,-23.82
SM-37-P2,58,479213.08,2036499.92,-32.935
SM-70-P3,58,481498.09,2036695.19,-19.305
SM-70-P3,58,481498.09,2036695.19,-20.205
SM-75-P1,58,477626.74,2037421.93,-33.01
SM-08-B2,57.5,480108.48,2037238.9,-39.2
SM-70-P3,57.5,481498.09,2036695.19,-19.53
SM-70-P3,57.5,481498.09,2036695.19,-19.98
SM-47-P1,57.5,478006.01,2038293.04,-5.27
SM-41-P1,57,477763.79,2038599.78,-35.195
SM-50-P1,57,477300,2037635,-1.315
SM-23-P2,57,478975.93,2037540.89,-27.795
SM-45-P1,57,477444.49,2038334.58,-17.485
SM-45-P1,57,477444.49,2038334.58,-26.035
SM-08-B2,57,480108.48,2037238.9,-35.375
SM-08-B2,57,480108.48,2037238.9,-40.1
SM-18-P1,57,477502.42,2036933.38,-23.295
SM-19-P1,57,477471.6,2036261.55,-23.145
SM-19-P1,57,477471.6,2036261.55,-24.495
SM-36-P2,57,478362.19,2036503.28,-33.805
SM-10-B2,57,480515.3,2036275.1,-25.88
SM-37-P2,57,479213.08,2036499.92,-30.46
SM-37-P2,57,479213.08,2036499.92,-34.51
SM-70-P3,57,481498.09,2036695.19,-19.08
SM-70-P3,57,481498.09,2036695.19,-19.755
SM-70-P3,57,481498.09,2036695.19,-21.105
SM-47-P1,57,478006.01,2038293.04,-4.82
SM-75-P1,57,477626.74,2037421.93,-31.21
SM-27-P2,56.5,478831.45,2037198.64,-47.05
SM-27-P2,56.5,478831.45,2037198.64,-47.5
SM-47-P1,56.5,478006.01,2038293.04,-6.62
SM-75-P1,56.5,477626.74,2037421.93,-24.46
SM-75-P1,56.5,477626.74,2037421.93,-24.91
SM-75-P1,56.5,477626.74,2037421.93,-31.66
SM-12-B1,56,477096.67,2038479.67,-20.22
SM-65-P1,56,477374.93,2036265.02,-34.865
SM-65-P1,56,477374.93,2036265.02,-35.09
SM-65-P1,56,477374.93,2036265.02,-35.315
SM-73-P2,56,480177.03,2036206.51,-28.3
SM-24-P2,56,479387.3,2037585.89,-15.2
SM-105-P2,56,,,-58.5
SM-19-P1,56,477471.6,2036261.55,-23.37
SM-51-P1,56,477639.95,2037631.92,-15.375
SM-37-P2,56,479213.08,2036499.92,-24.385
SM-37-P2,56,479213.08,2036499.92,-33.16
SM-37-P2,56,479213.08,2036499.92,-37.66
SM-44-P1,56,477193.08,2038327.98,-20.8
SM-44-P1,56,477189.844,2038327.449,-20.85
SM-70-P3,56,481498.09,2036695.19,-18.855
SM-47-P1,56,478006.01,2038293.04,-4.145
SM-47-P1,56,478006.01,2038293.04,-5.495
SM-42-P1,56,477982.94,2038550.48,-7.195
SM-73-P2,55.5,480177.03,2036206.51,-29.2
SM-70-P3,55.5,481498.09,2036695.19,-18.63
SM-70-P3,55.5,481498.09,2036695.19,-20.43
SM-47-P1,55.5,478006.01,2038293.04,-4.37
SM-45-P1,55,477444.49,2038334.58,-21.76
SM-45-P1,55,477444.49,2038334.58,-24.235
SM-45-P1,55,477444.49,2038334.58,-24.46
SM-45-P1,55,477444.49,2038334.58,-24.685
SM-45-P1,55,477444.49,2038334.58,-25.81
SM-17-P2,55,479997.31,2036524.08,-41.08
SM-19-P1,55,477471.6,2036261.55,-23.595
SM-70-P3,55,481498.09,2036695.19,-17.955
SM-70-P3,55,481498.09,2036695.19,-18.18
SM-70-P3,55,481498.09,2036695.19,-18.405
SM-70-P3,55,481498.09,2036695.19,-20.88
SM-47-P1,55,478006.01,2038293.04,-4.595
SM-75-P1,55,477626.74,2037421.93,-28.06
SM-75-P1,55,477626.74,2037421.93,-34.36
SM-76-P3,55,481243.38,2036665.86,1.76
SM-65-P1,54.5,477374.93,2036265.02,-24.74
SM-50-P1,54.5,477300,2037635,-1.09
SM-50-P1,54.5,477300,2037635,-1.54
SM-37-P2,54.5,479213.08,2036499.92,-43.51
SM-70-P3,54.5,481498.09,2036695.19,4.77
SM-75-P1,54.5,477626.74,2037421.93,-33.91
SM-12-B1,54,477096.67,2038479.67,-10.995
SM-12-B1,54,477096.67,2038479.67,-20.445
SM-59-P1,54,477834.91,2037045.31,-23.955
SM-105-P2,54,,,-58.05
SM-45-P1,54,477444.49,2038334.58,-24.91
SM-08-B2,54,480108.48,2037238.9,-38.975
SM-37-P2,54,479213.08,2036499.92,-24.16
SM-37-P2,54,479213.08,2036499.92,-33.385
SM-37-P2,54,479213.08,2036499.92,-39.46
SM-01-B1,54,480286.37,2036030.34,-16.905
SM-42-P1,54,477982.94,2038550.48,-7.42
SM-59-P1,53.5,477834.91,2037045.31,-23.73
SM-23-P2,53.5,478975.93,2037540.89,-28.02
SM-70-P3,53.5,481498.09,2036695.19,-0.18
SM-76-P3,53.5,481243.38,2036665.86,2.21
SM-12-B1,53,477096.67,2038479.67,-19.77
SM-33-P2,53,479399.9,2036846.79,-23.535
SM-59-P1,53,477834.91,2037045.31,-23.505
SM-45-P1,53,477444.49,2038334.58,-21.085
SM-45-P1,53,477444.49,2038334.58,-25.135
SM-45-P1,53,477444.49,2038334.58,-25.36
SM-45-P1,53,477444.49,2038334.58,-25.585
SM-17-P2,53,479997.31,2036524.08,-56.155
SM-37-P2,53,479213.08,2036499.92,-37.435
SM-44-P1,53,477193.08,2038327.98,-16.525
SM-44-P1,53,477189.844,2038327.449,-16.575
SM-44-P1,53,477193.08,2038327.98,-16.75
SM-44-P1,53,477189.844,2038327.449,-16.8
SM-44-P1,53,477193.08,2038327.98,-16.975
SM-44-P1,53,477189.844,2038327.449,-17.025
SM-70-P3,53,481498.09,2036695.19,3.645
SM-70-P3,53,481498.09,2036695.19,-20.655
SM-63-P1,53,477393.97,2036611.25,-14.815
SM-09-B2,53,480263.7,2036758.9,-20.555
SM-37-P2,52.5,479213.08,2036499.92,-38.11
SM-70-P3,52.5,481498.09,2036695.19,-17.73
SM-12-B1,52,477096.67,2038479.67,-10.77
SM-73-P2,52,480177.03,2036206.51,-21.55
SM-73-P2,52,480177.03,2036206.51,-28.075
SM-50-P1,52,477300,2037635,-0.865
SM-50-P1,52,477300,2037635,-1.765
SM-23-P2,52,478975.93,2037540.89,-22.395
SM-23-P2,52,478975.93,2037540.89,-22.62
SM-23-P2,52,478975.93,2037540.89,-22.845
SM-45-P1,52,477444.49,2038334.58,-21.31
SM-17-P2,52,479997.31,2036524.08,-50.755
SM-08-B2,52,480108.48,2037238.9,-40.325
SM-72-P2,52,479543.59,2036219.22,-7.81
SM-52-P1,52,478098.81,2037573.26,-16.505
SM-37-P2,52,479213.08,2036499.92,-23.935
SM-37-P2,52,479213.08,2036499.92,-30.685
SM-44-P1,52,477193.08,2038327.98,-0.325
SM-44-P1,52,477189.844,2038327.449,-0.375
SM-44-P1,52,477193.08,2038327.98,-21.475
SM-44-P1,52,477189.844,2038327.449,-21.525
SM-70-P3,52,481498.09,2036695.19,2.745
SM-42-P1,52,477982.94,2038550.48,-7.645
SM-42-P1,52,477982.94,2038550.48,-7.87
SM-42-P1,52,477982.94,2038550.48,-8.095
SM-75-P1,52,477626.74,2037421.93,-24.685
SM-75-P1,52,477626.74,2037421.93,-30.985
SM-75-P1,52,477626.74,2037421.93,-32.785
SM-44-P1,51.5,477193.08,2038327.98,-21.25
SM-44-P1,51.5,477189.844,2038327.449,-21.3
SM-42-P1,51.5,477982.94,2038550.48,-8.32
SM-75-P1,51.5,477626.74,2037421.93,-32.56
SM-41-P1,51,477763.79,2038599.78,-24.395
SM-59-P1,51,477834.91,2037045.31,-19.005
SM-59-P1,51,477834.91,2037045.31,-21.255
SM-23-P2,51,478975.93,2037540.89,-22.17
SM-04-B1,51,479321.627,2036184.495,-16.6495
SM-45-P1,51,477444.49,2038334.58,-21.535
SM-17-P2,51,479997.31,2036524.08,-55.93
SM-17-P2,51,479997.31,2036524.08,-56.38
SM-08-B2,51,480108.48,2037238.9,-35.6
SM-36-P2,51,478362.19,2036503.28,-34.03
SM-37-P2,51,479213.08,2036499.92,-42.385
SM-44-P1,51,477193.08,2038327.98,-21.025
SM-44-P1,51,477189.844,2038327.449,-21.075
SM-01-B1,51,480286.37,2036030.34,-16.68
SM-42-P1,51,477982.94,2038550.48,-8.545
SM-75-P1,51,477626.74,2037421.93,-31.885
SM-75-P1,51,477626.74,2037421.93,-32.11
SM-75-P1,51,477626.74,2037421.93,-32.335
SM-73-P2,50.5,480177.03,2036206.51,-22
SM-73-P2,50.5,480177.03,2036206.51,-35.95
SM-72-P2,50.5,479543.59,2036219.22,-7.36
SM-36-P2,50.5,478362.19,2036503.28,-23.23
SM-36-P2,50.5,478362.19,2036503.28,-33.13
SM-37-P2,50.5,479213.08,2036499.92,-32.71
SM-42-P1,50.5,477982.94,2038550.48,-8.77
SM-75-P1,50.5,477626.74,2037421.93,-30.76
SM-21-P3,50,481503.78,2037018.87,-47.685
SM-21-P3,50,481503.78,2037018.87,-47.91
SM-21-P3,50,481503.78,2037018.87,-48.135
SM-21-P3,50,481503.78,2037018.87,-48.36
SM-21-P3,50,481503.78,2037018.87,-48.585
SM-21-P3,50,481503.78,2037018.87,-48.81
SM-21-P3,50,481503.78,2037018.87,-49.035
SM-21-P3,50,481503.78,2037018.87,-49.26
SM-21-P3,50,481503.78,2037018.87,-49.485
SM-21-P3,50,481503.78,2037018.87,-49.71
SM-21-P3,50,481503.78,2037018.87,-49.935
SM-21-P3,50,481503.78,2037018.87,-50.16
SM-21-P3,50,481503.78,2037018.87,-50.385
SM-21-P3,50,481503.78,2037018.87,-67.485
SM-21-P3,50,481503.78,2037018.87,-68.385
SM-21-P3,50,481503.78,2037018.87,-68.61
SM-21-P3,50,481503.78,2037018.87,-68.835
SM-21-P3,50,481503.78,2037018.87,-69.06
SM-21-P3,50,481503.78,2037018.87,-69.285
SM-21-P3,50,481503.78,2037018.87,-69.51
SM-21-P3,50,481503.78,2037018.87,-69.735
SM-21-P3,50,481503.78,2037018.87,-69.96
SM-21-P3,50,481503.78,2037018.87,-70.185
SM-21-P3,50,481503.78,2037018.87,-70.41
SM-21-P3,50,481503.78,2037018.87,-70.635
SM-21-P3,50,481503.78,2037018.87,-71.535
SM-21-P3,50,481503.78,2037018.87,-71.76
SM-21-P3,50,481503.78,2037018.87,-71.985
SM-21-P3,50,481503.78,2037018.87,-72.885
SM-21-P3,50,481503.78,2037018.87,-73.11
SM-21-P3,50,481503.78,2037018.87,-73.335
SM-21-P3,50,481503.78,2037018.87,-73.56
SM-21-P3,50,481503.78,2037018.87,-73.785
SM-21-P3,50,481503.78,2037018.87,-74.01
SM-21-P3,50,481503.78,2037018.87,-74.235
SM-21-P3,50,481503.78,2037018.87,-74.46
SM-21-P3,50,481503.78,2037018.87,-74.685
SM-21-P3,50,481503.78,2037018.87,-74.91
SM-21-P3,50,481503.78,2037018.87,-75.135
SM-21-P3,50,481503.78,2037018.87,-75.36
SM-21-P3,50,481503.78,2037018.87,-75.585
SM-21-P3,50,481503.78,2037018.87,-75.81
SM-21-P3,50,481503.78,2037018.87,-76.035
SM-21-P3,50,481503.78,2037018.87,-76.26
SM-21-P3,50,481503.78,2037018.87,-76.485
SM-21-P3,50,481503.78,2037018.87,-76.71
SM-21-P3,50,481503.78,2037018.87,-76.935
SM-21-P3,50,481503.78,2037018.87,-77.16
SM-21-P3,50,481503.78,2037018.87,-77.385
SM-21-P3,50,481503.78,2037018.87,-77.61
SM-21-P3,50,481503.78,2037018.87,-77.835
SM-21-P3,50,481503.78,2037018.87,-78.06
SM-21-P3,50,481503.78,2037018.87,-78.285
SM-21-P3,50,481503.78,2037018.87,-78.51
SM-21-P3,50,481503.78,2037018.87,-78.735
SM-21-P3,50,481503.78,2037018.87,-78.96
SM-21-P3,50,481503.78,2037018.87,-79.185
SM-21-P3,50,481503.78,2037018.87,-79.41
SM-21-P3,50,481503.78,2037018.87,-79.635
SM-21-P3,50,481503.78,2037018.87,-79.86
SM-21-P3,50,481503.78,2037018.87,-80.085
SM-21-P3,50,481503.78,2037018.87,-80.31
SM-21-P3,50,481503.78,2037018.87,-80.535
SM-21-P3,50,481503.78,2037018.87,-80.76
SM-21-P3,50,481503.78,2037018.87,-80.985
SM-21-P3,50,481503.78,2037018.87,-81.21
SM-21-P3,50,481503.78,2037018.87,-81.435
SM-21-P3,50,481503.78,2037018.87,-81.66
SM-21-P3,50,481503.78,2037018.87,-81.885
SM-21-P3,50,481503.78,2037018.87,-82.11
SM-21-P3,50,481503.78,2037018.87,-82.335
SM-21-P3,50,481503.78,2037018.87,-82.56
SM-21-P3,50,481503.78,2037018.87,-82.785
SM-26-P2,50,478399.31,2037192.67,-39.165
SM-26-P2,50,478399.31,2037192.67,-50.865
SM-26-P2,50,478399.31,2037192.67,-54.465
SM-26-P2,50,478399.31,2037192.67,-64.815
SM-26-P2,50,478399.31,2037192.67,-65.04
SM-26-P2,50,478399.31,2037192.67,-65.265
SM-26-P2,50,478399.31,2037192.67,-65.49
SM-26-P2,50,478399.31,2037192.67,-65.715
SM-26-P2,50,478399.31,2037192.67,-65.94
SM-26-P2,50,478399.31,2037192.67,-66.165
SM-26-P2,50,478399.31,2037192.67,-66.39
SM-26-P2,50,478399.31,2037192.67,-66.615
SM-26-P2,50,478399.31,2037192.67,-66.84
SM-26-P2,50,478399.31,2037192.67,-67.065
SM-34-P2,50,479861.49,2036907.43,-22.865
SM-34-P2,50,479861.49,2036907.43,-30.965
SM-34-P2,50,479861.49,2036907.43,-33.215
SM-34-P2,50,479861.49,2036907.43,-35.015
SM-34-P2,50,479861.49,2036907.43,-37.715
SM-34-P2,50,479861.49,2036907.43,-40.865
SM-34-P2,50,479861.49,2036907.43,-48.515
SM-34-P2,50,479861.49,2036907.43,-48.74
SM-34-P2,50,479861.49,2036907.43,-48.965
SM-34-P2,50,479861.49,2036907.43,-49.19
SM-34-P2,50,479861.49,2036907.43,-49.415
SM-34-P2,50,479861.49,2036907.43,-49.64
SM-34-P2,50,479861.49,2036907.43,-49.865
SM-34-P2,50,479861.49,2036907.43,-50.09
SM-34-P2,50,479861.49,2036907.43,-50.315
SM-34-P2,50,479861.49,2036907.43,-50.54
SM-34-P2,50,479861.49,2036907.43,-50.765
SM-12-B1,50,477096.67,2038479.67,-0.195
SM-12-B1,50,477096.67,2038479.67,-1.095
SM-12-B1,50,477096.67,2038479.67,-3.795
SM-12-B1,50,477096.67,2038479.67,-4.695
SM-12-B1,50,477096.67,2038479.67,-6.045
SM-12-B1,50,477096.67,2038479.67,-10.545
SM-12-B1,50,477096.67,2038479.67,-15.495
SM-12-B1,50,477096.67,2038479.67,-15.72
SM-12-B1,50,477096.67,2038479.67,-15.92
SM-12-B1,50,477096.67,2038479.67,-16.385
SM-12-B1,50,477096.67,2038479.67,-16.76
SM-12-B1,50,477096.67,2038479.67,-17.21
SM-12-B1,50,477096.67,2038479.67,-17.745
SM-12-B1,50,477096.67,2038479.67,-17.97
SM-12-B1,50,477096.67,2038479.67,-18.195
SM-12-B1,50,477096.67,2038479.67,-18.42
SM-12-B1,50,477096.67,2038479.67,-18.645
SM-12-B1,50,477096.67,2038479.67,-21.795
SM-12-B1,50,477096.67,2038479.67,-25.845
SM-43-P1,50,478112.67,2038510.48,-0.255
SM-43-P1,50,478109.666,2038510.974,-0.375
SM-43-P1,50,478112.67,2038510.48,-0.48
SM-43-P1,50,478109.666,2038510.974,-0.6
SM-43-P1,50,478112.67,2038510.48,-0.705
SM-43-P1,50,478109.666,2038510.974,-0.825
SM-43-P1,50,478112.67,2038510.48,-1.605
SM-43-P1,50,478109.666,2038510.974,-1.725
SM-43-P1,50,478112.67,2038510.48,-1.83
SM-43-P1,50,478109.666,2038510.974,-1.95
SM-43-P1,50,478112.67,2038510.48,-2.055
SM-43-P1,50,478109.666,2038510.974,-2.175
SM-43-P1,50,478112.67,2038510.48,-3.405
SM-43-P1,50,478109.666,2038510.974,-3.525
SM-43-P1,50,478112.67,2038510.48,-4.755
SM-43-P1,50,478109.666,2038510.974,-4.875
SM-43-P1,50,478112.67,2038510.48,-4.98
SM-43-P1,50,478109.666,2038510.974,-5.1
SM-43-P1,50,478112.67,2038510.48,-5.205
SM-43-P1,50,478109.666,2038510.974,-5.325
SM-43-P1,50,478112.67,2038510.48,-5.43
SM-43-P1,50,478109.666,2038510.974,-5.55
SM-43-P1,50,478112.67,2038510.48,-5.655
SM-43-P1,50,478109.666,2038510.974,-5.775
SM-43-P1,50,478112.67,2038510.48,-6.555
SM-43-P1,50,478109.666,2038510.974,-6.675
SM-43-P1,50,478112.67,2038510.48,-6.78
SM-43-P1,50,478109.666,2038510.974,-6.9
SM-43-P1,50,478112.67,2038510.48,-7.005
SM-43-P1,50,478109.666,2038510.974,-7.125
SM-43-P1,50,478112.67,2038510.48,-7.23
SM-43-P1,50,478109.666,2038510.974,-7.35
SM-43-P1,50,478112.67,2038510.48,-7.455
SM-43-P1,50,478109.666,2038510.974,-7.575
SM-43-P1,50,478112.67,2038510.48,-7.68
SM-43-P1,50,478109.666,2038510.974,-7.8
SM-43-P1,50,478112.67,2038510.48,-7.905
SM-43-P1,50,478109.666,2038510.974,-8.025
SM-43-P1,50,478112.67,2038510.48,-8.13
SM-43-P1,50,478109.666,2038510.974,-8.25
SM-43-P1,50,478112.67,2038510.48,-8.355
SM-43-P1,50,478109.666,2038510.974,-8.475
SM-40-P1,50,477608.176,2038623.913,-13.18
SM-40-P1,50,477608.176,2038623.913,-13.59
SM-40-P1,50,477608.176,2038623.913,-14.005
SM-40-P1,50,477608.176,2038623.913,-14.455
SM-40-P1,50,477608.176,2038623.913,-14.98
SM-40-P1,50,477608.176,2038623.913,-15.405
SM-40-P1,50,477608.176,2038623.913,-15.88
SM-40-P1,50,477608.176,2038623.913,-16.33
SM-40-P1,50,477608.176,2038623.913,-16.78
SM-40-P1,50,477608.176,2038623.913,-27.205
SM-40-P1,50,477608.176,2038623.913,-27.43
SM-40-P1,50,477608.176,2038623.913,-27.655
SM-40-P1,50,477608.176,2038623.913,-27.88
SM-40-P1,50,477608.176,2038623.913,-28.105
SM-40-P1,50,477608.176,2038623.913,-28.33
SM-40-P1,50,477608.176,2038623.913,-28.555
SM-40-P1,50,477608.176,2038623.913,-29.905
SM-40-P1,50,477608.176,2038623.913,-30.13
SM-40-P1,50,477608.176,2038623.913,-30.355
SM-40-P1,50,477608.176,2038623.913,-30.58
SM-40-P1,50,477608.176,2038623.913,-30.805
SM-40-P1,50,477608.176,2038623.913,-32.605
SM-40-P1,50,477608.176,2038623.913,-43.405
SM-40-P1,50,477608.176,2038623.913,-44.305
SM-40-P1,50,477608.176,2038623.913,-44.53
SM-40-P1,50,477608.176,2038623.913,-44.755
SM-40-P1,50,477608.176,2038623.913,-44.98
SM-40-P1,50,477608.176,2038623.913,-45.205
SM-40-P1,50,477608.176,2038623.913,-49.255
SM-40-P1,50,477608.176,2038623.913,-50.155
SM-03-B1,50,479599.92,2035977.75,-17.835
SM-03-B1,50,479599.92,2035977.75,-18.06
SM-03-B1,50,479599.92,2035977.75,-18.285
SM-03-B1,50,479599.92,2035977.75,-18.51
SM-03-B1,50,479599.92,2035977.75,-18.735
SM-03-B1,50,479599.92,2035977.75,-20.535
SM-03-B1,50,479599.92,2035977.75,-21.435
SM-03-B1,50,479599.92,2035977.75,-21.66
SM-03-B1,50,479599.92,2035977.75,-21.885
SM-03-B1,50,479599.92,2035977.75,-22.785
SM-03-B1,50,479599.92,2035977.75,-24.135
SM-11-B1,50,477167.57,2037681.46,2.305
SM-11-B1,50,477167.57,2037681.46,0.955
SM-11-B1,50,477167.57,2037681.46,0.73
SM-11-B1,50,477167.57,2037681.46,0.505
SM-11-B1,50,477167.57,2037681.46,-0.845
SM-11-B1,50,477167.57,2037681.46,-1.07
SM-11-B1,50,477167.57,2037681.46,-1.295
SM-11-B1,50,477167.57,2037681.46,-1.52
SM-11-B1,50,477167.57,2037681.46,-1.745
SM-11-B1,50,477167.57,2037681.46,-1.97
SM-11-B1,50,477167.57,2037681.46,-2.195
SM-11-B1,50,477167.57,2037681.46,-24.695
SM-11-B1,50,477167.57,2037681.46,-24.92
SM-11-B1,50,477167.57,2037681.46,-25.145
SM-11-B1,50,477167.57,2037681.46,-25.37
SM-11-B1,50,477167.57,2037681.46,-25.52
SM-11-B1,50,477167.57,2037681.46,-26.495
SM-11-B1,50,477167.57,2037681.46,-29.57
SM-11-B1,50,477167.57,2037681.46,-32.795
SM-41-P1,50,477763.79,2038599.78,-25.295
SM-41-P1,50,477763.79,2038599.78,-25.52
SM-41-P1,50,477763.79,2038599.78,-25.745
SM-41-P1,50,477763.79,2038599.78,-29.345
SM-41-P1,50,477763.79,2038599.78,-30.245
SM-41-P1,50,477763.79,2038599.78,-41.045
SM-41-P1,50,477763.79,2038599.78,-44.645
SM-41-P1,50,477763.79,2038599.78,-44.87
SM-41-P1,50,477763.79,2038599.78,-45.095
SM-41-P1,50,477763.79,2038599.78,-45.995
SM-41-P1,50,477763.79,2038599.78,-46.22
SM-41-P1,50,477763.79,2038599.78,-46.445
SM-41-P1,50,477763.79,2038599.78,-47.345
SM-41-P1,50,477763.79,2038599.78,-48.245
SM-41-P1,50,477763.79,2038599.78,-49.595
SM-41-P1,50,477763.79,2038599.78,-49.82
SM-41-P1,50,477763.79,2038599.78,-50.045
SM-41-P1,50,477763.79,2038599.78,-50.27
SM-41-P1,50,477763.79,2038599.78,-50.495
SM-32-P2,50,479000.45,2036846.64,-17.715
SM-32-P2,50,479000.45,2036846.64,-19.515
SM-32-P2,50,479000.45,2036846.64,-28.065
SM-32-P2,50,479000.45,2036846.64,-37.065
SM-32-P2,50,479000.45,2036846.64,-37.29
SM-32-P2,50,479000.45,2036846.64,-37.515
SM-32-P2,50,479000.45,2036846.64,-40.215
SM-32-P2,50,479000.45,2036846.64,-40.44
SM-32-P2,50,479000.45,2036846.64,-40.665
SM-32-P2,50,479000.45,2036846.64,-41.565
SM-32-P2,50,479000.45,2036846.64,-41.79
SM-32-P2,50,479000.45,2036846.64,-41.89
SM-32-P2,50,479000.45,2036846.64,-42.465
SM-32-P2,50,479000.45,2036846.64,-42.69
SM-32-P2,50,479000.45,2036846.64,-42.915
SM-32-P2,50,479000.45,2036846.64,-43.14
SM-32-P2,50,479000.45,2036846.64,-43.365
SM-32-P2,50,479000.45,2036846.64,-44.265
SM-32-P2,50,479000.45,2036846.64,-44.49
SM-32-P2,50,479000.45,2036846.64,-44.715
SM-32-P2,50,479000.45,2036846.64,-44.94
SM-32-P2,50,479000.45,2036846.64,-45.165
SM-32-P2,50,479000.45,2036846.64,-46.965
SM-32-P2,50,479000.45,2036846.64,-47.19
SM-32-P2,50,479000.45,2036846.64,-47.415
SM-32-P2,50,479000.45,2036846.64,-47.64
SM-32-P2,50,479000.45,2036846.64,-47.865
SM-32-P2,50,479000.45,2036846.64,-48.09
SM-32-P2,50,479000.45,2036846.64,-48.315
SM-32-P2,50,479000.45,2036846.64,-48.54
SM-32-P2,50,479000.45,2036846.64,-48.765
SM-32-P2,50,479000.45,2036846.64,-48.99
SM-32-P2,50,479000.45,2036846.64,-49.215
SM-32-P2,50,479000.45,2036846.64,-49.44
SM-32-P2,50,479000.45,2036846.64,-49.665
SM-32-P2,50,479000.45,2036846.64,-49.89
SM-32-P2,50,479000.45,2036846.64,-50.115
SM-48-P1,50,477235.12,2038040.99,-32.015
SM-48-P1,50,477235.12,2038040.99,-32.24
SM-48-P1,50,477235.12,2038040.99,-32.465
SM-48-P1,50,477235.12,2038040.99,-33.365
SM-48-P1,50,477235.12,2038040.99,-33.59
SM-48-P1,50,477235.12,2038040.99,-33.815
SM-48-P1,50,477235.12,2038040.99,-35.165
SM-48-P1,50,477235.12,2038040.99,-35.39
SM-48-P1,50,477235.12,2038040.99,-35.615
SM-48-P1,50,477235.12,2038040.99,-35.84
SM-48-P1,50,477235.12,2038040.99,-36.065
SM-48-P1,50,477235.12,2038040.99,-36.29
SM-48-P1,50,477235.12,2038040.99,-36.515
SM-48-P1,50,477235.12,2038040.99,-38.315
SM-48-P1,50,477235.12,2038040.99,-38.54
SM-48-P1,50,477235.12,2038040.99,-38.765
SM-48-P1,50,477235.12,2038040.99,-38.99
SM-48-P1,50,477235.12,2038040.99,-39.215
SM-48-P1,50,477235.12,2038040.99,-39.44
SM-48-P1,50,477235.12,2038040.99,-39.665
SM-48-P1,50,477235.12,2038040.99,-39.89
SM-48-P1,50,477235.12,2038040.99,-40.115
SM-48-P1,50,477235.12,2038040.99,-41.015
SM-48-P1,50,477235.12,2038040.99,-41.24
SM-48-P1,50,477235.12,2038040.99,-41.465
SM-48-P1,50,477235.12,2038040.99,-41.69
SM-48-P1,50,477235.12,2038040.99,-41.915
SM-48-P1,50,477235.12,2038040.99,-42.14
SM-48-P1,50,477235.12,2038040.99,-42.365
SM-48-P1,50,477235.12,2038040.99,-42.59
SM-48-P1,50,477235.12,2038040.99,-42.815
SM-48-P1,50,477235.12,2038040.99,-43.04
SM-48-P1,50,477235.12,2038040.99,-43.265
SM-48-P1,50,477235.12,2038040.99,-43.49
SM-48-P1,50,477235.12,2038040.99,-43.715
SM-48-P1,50,477235.12,2038040.99,-43.94
SM-48-P1,50,477235.12,2038040.99,-44.165
SM-48-P1,50,477235.12,2038040.99,-44.39
SM-48-P1,50,477235.12,2038040.99,-44.615
SM-48-P1,50,477235.12,2038040.99,-44.84
SM-48-P1,50,477235.12,2038040.99,-45.065
SM-48-P1,50,477235.12,2038040.99,-45.29
SM-48-P1,50,477235.12,2038040.99,-45.515
SM-48-P1,50,477235.12,2038040.99,-45.74
SM-48-P1,50,477235.12,2038040.99,-45.965
SM-48-P1,50,477235.12,2038040.99,-46.19
SM-48-P1,50,477235.12,2038040.99,-46.415
SM-48-P1,50,477235.12,2038040.99,-46.64
SM-48-P1,50,477235.12,2038040.99,-46.865
SM-48-P1,50,477235.12,2038040.99,-47.09
SM-48-P1,50,477235.12,2038040.99,-47.315
SM-30-P2,50,480015.16,2037202.47,-27.815
SM-30-P2,50,480015.16,2037202.47,-28.04
SM-30-P2,50,480015.16,2037202.47,-28.265
SM-30-P2,50,480015.16,2037202.47,-28.49
SM-30-P2,50,480015.16,2037202.47,-28.715
SM-30-P2,50,480015.16,2037202.47,-28.94
SM-30-P2,50,480015.16,2037202.47,-29.165
SM-30-P2,50,480015.16,2037202.47,-29.39
SM-30-P2,50,480015.16,2037202.47,-29.615
SM-30-P2,50,480015.16,2037202.47,-29.84
SM-30-P2,50,480015.16,2037202.47,-30.065
SM-30-P2,50,480015.16,2037202.47,-30.29
SM-30-P2,50,480015.16,2037202.47,-30.515
SM-30-P2,50,480015.16,2037202.47,-30.74
SM-30-P2,50,480015.16,2037202.47,-30.89
SM-30-P2,50,480015.16,2037202.47,-31.415
SM-30-P2,50,480015.16,2037202.47,-31.64
SM-30-P2,50,480015.16,2037202.47,-31.865
SM-30-P2,50,480015.16,2037202.47,-32.09
SM-30-P2,50,480015.16,2037202.47,-32.315
SM-30-P2,50,480015.16,2037202.47,-32.54
SM-30-P2,50,480015.16,2037202.47,-32.765
SM-30-P2,50,480015.16,2037202.47,-33.665
SM-30-P2,50,480015.16,2037202.47,-34.565
SM-30-P2,50,480015.16,2037202.47,-35.465
SM-30-P2,50,480015.16,2037202.47,-35.69
SM-30-P2,50,480015.16,2037202.47,-35.915
SM-30-P2,50,480015.16,2037202.47,-36.815
SM-30-P2,50,480015.16,2037202.47,-37.04
SM-30-P2,50,480015.16,2037202.47,-37.265
SM-30-P2,50,480015.16,2037202.47,-37.49
SM-30-P2,50,480015.16,2037202.47,-37.715
SM-30-P2,50,480015.16,2037202.47,-37.94
SM-30-P2,50,480015.16,2037202.47,-38.165
SM-30-P2,50,480015.16,2037202.47,-38.39
SM-30-P2,50,480015.16,2037202.47,-38.615
SM-30-P2,50,480015.16,2037202.47,-38.84
SM-30-P2,50,480015.16,2037202.47,-39.065
SM-30-P2,50,480015.16,2037202.47,-39.29
SM-30-P2,50,480015.16,2037202.47,-39.515
SM-30-P2,50,480015.16,2037202.47,-39.74
SM-30-P2,50,480015.16,2037202.47,-39.88
SM-30-P2,50,480015.16,2037202.47,-40.415
SM-30-P2,50,480015.16,2037202.47,-40.64
SM-30-P2,50,480015.16,2037202.47,-40.865
SM-30-P2,50,480015.16,2037202.47,-41.09
SM-30-P2,50,480015.16,2037202.47,-41.315
SM-30-P2,50,480015.16,2037202.47,-41.54
SM-30-P2,50,480015.16,2037202.47,-41.765
SM-30-P2,50,480015.16,2037202.47,-41.99
SM-30-P2,50,480015.16,2037202.47,-42.215
SM-30-P2,50,480015.16,2037202.47,-43.115
SM-30-P2,50,480015.16,2037202.47,-43.34
SM-30-P2,50,480015.16,2037202.47,-43.49
SM-30-P2,50,480015.16,2037202.47,-44.015
SM-30-P2,50,480015.16,2037202.47,-44.24
SM-30-P2,50,480015.16,2037202.47,-44.465
SM-30-P2,50,480015.16,2037202.47,-44.69
SM-30-P2,50,480015.16,2037202.47,-44.915
SM-30-P2,50,480015.16,2037202.47,-45.14
SM-30-P2,50,480015.16,2037202.47,-45.365
SM-30-P2,50,480015.16,2037202.47,-45.59
SM-30-P2,50,480015.16,2037202.47,-45.725
SM-30-P2,50,480015.16,2037202.47,-46.265
SM-30-P2,50,480015.16,2037202.47,-46.49
SM-30-P2,50,480015.16,2037202.47,-46.565
SM-30-P2,50,480015.16,2037202.47,-47.165
SM-30-P2,50,480015.16,2037202.47,-48.065
SM-30-P2,50,480015.16,2037202.47,-48.29
SM-30-P2,50,480015.16,2037202.47,-48.44
SM-30-P2,50,480015.16,2037202.47,-48.965
SM-73-P2,50,480177.03,2036206.51,-29.34
SM-73-P2,50,480177.03,2036206.51,-29.725
SM-73-P2,50,480177.03,2036206.51,-32.125
SM-73-P2,50,480177.03,2036206.51,-37.525
SM-73-P2,50,480177.03,2036206.51,-37.75
SM-73-P2,50,480177.03,2036206.51,-37.975
SM-73-P2,50,480177.03,2036206.51,-38.2
SM-73-P2,50,480177.03,2036206.51,-38.34
SM-73-P2,50,480177.03,2036206.51,-39.325
SM-73-P2,50,480177.03,2036206.51,-39.55
SM-73-P2,50,480177.03,2036206.51,-39.7
SM-73-P2,50,480177.03,2036206.51,-40.15
SM-73-P2,50,480177.03,2036206.51,-40.575
SM-73-P2,50,480177.03,2036206.51,-41.04
SM-73-P2,50,480177.03,2036206.51,-41.41
SM-73-P2,50,480177.03,2036206.51,-41.87
SM-73-P2,50,480177.03,2036206.51,-42.325
SM-73-P2,50,480177.03,2036206.51,-42.775
SM-73-P2,50,480177.03,2036206.51,-43.3
SM-73-P2,50,480177.03,2036206.51,-43.825
SM-73-P2,50,480177.03,2036206.51,-44.05
SM-73-P2,50,480177.03,2036206.51,-44.275
SM-73-P2,50,480177.03,2036206.51,-44.5
SM-73-P2,50,480177.03,2036206.51,-44.635
SM-73-P2,50,480177.03,2036206.51,-45.1
SM-73-P2,50,480177.03,2036206.51,-45.55
SM-73-P2,50,480177.03,2036206.51,-46.075
SM-73-P2,50,480177.03,2036206.51,-46.3
SM-73-P2,50,480177.03,2036206.51,-46.445
SM-73-P2,50,480177.03,2036206.51,-46.89
SM-73-P2,50,480177.03,2036206.51,-47.34
SM-73-P2,50,480177.03,2036206.51,-47.725
SM-73-P2,50,480177.03,2036206.51,-48.175
SM-73-P2,50,480177.03,2036206.51,-48.625
SM-73-P2,50,480177.03,2036206.51,-49.075
SM-68 P2,50,,,-24.975
SM-68 P2,50,,,-25.875
SM-68 P2,50,,,-26.1
SM-68 P2,50,,,-26.325
SM-68 P2,50,,,-27.225
SM-68 P2,50,,,-27.45
SM-68 P2,50,,,-27.675
SM-68 P2,50,,,-34.875
SM-68 P2,50,,,-35.1
SM-68 P2,50,,,-35.325
SM-68 P2,50,,,-36.225
SM-68 P2,50,,,-36.45
SM-68 P2,50,,,-36.675
SM-68 P2,50,,,-36.9
SM-68 P2,50,,,-37.125
SM-68 P2,50,,,-38.025
SM-68 P2,50,,,-38.925
SM-68 P2,50,,,-39.825
SM-68 P2,50,,,-40.05
SM-68 P2,50,,,-40.275
SM-68 P2,50,,,-40.5
SM-68 P2,50,,,-40.725
SM-68 P2,50,,,-40.95
SM-68 P2,50,,,-41.175
SM-68 P2,50,,,-41.4
SM-68 P2,50,,,-41.625
SM-68 P2,50,,,-41.85
SM-68 P2,50,,,-42.075
SM-68 P2,50,,,-42.3
SM-68 P2,50,,,-42.525
SM-68 P2,50,,,-42.75
SM-68 P2,50,,,-42.975
SM-68 P2,50,,,-43.2
SM-68 P2,50,,,-43.425
SM-68 P2,50,,,-44.325
SM-68 P2,50,,,-44.55
SM-68 P2,50,,,-44.775
SM-68 P2,50,,,-45
SM-68 P2,50,,,-45.225
SM-68 P2,50,,,-45.45
SM-68 P2,50,,,-45.675
SM-68 P2,50,,,-46.575
SM-68 P2,50,,,-46.8
SM-68 P2,50,,,-47.025
SM-68 P2,50,,,-48.25
SM-68 P2,50,,,-48.71
SM-68 P2,50,,,-49.12
SM-68 P2,50,,,-49.565
SM-68 P2,50,,,-50.025
SM-68 P2,50,,,-50.455
SM-68 P2,50,,,-50.91
SM-58-P1,50,478010.84,2037201.06,-19.125
SM-58-P1,50,478010.84,2037201.06,-19.35
SM-58-P1,50,478010.84,2037201.06,-19.575
SM-58-P1,50,478010.84,2037201.06,-20.925
SM-58-P1,50,478010.84,2037201.06,-21.825
SM-58-P1,50,478010.84,2037201.06,-22.05
SM-58-P1,50,478010.84,2037201.06,-22.275
SM-58-P1,50,478010.84,2037201.06,-23.175
SM-58-P1,50,478010.84,2037201.06,-23.4
SM-58-P1,50,478010.84,2037201.06,-23.625
SM-58-P1,50,478010.84,2037201.06,-23.85
SM-58-P1,50,478010.84,2037201.06,-24.075
SM-58-P1,50,478010.84,2037201.06,-24.975
SM-58-P1,50,478010.84,2037201.06,-25.875
SM-58-P1,50,478010.84,2037201.06,-26.1
SM-58-P1,50,478010.84,2037201.06,-26.325
SM-58-P1,50,478010.84,2037201.06,-26.55
SM-58-P1,50,478010.84,2037201.06,-26.775
SM-58-P1,50,478010.84,2037201.06,-27.675
SM-58-P1,50,478010.84,2037201.06,-27.9
SM-58-P1,50,478010.84,2037201.06,-28.125
SM-58-P1,50,478010.84,2037201.06,-29.025
SM-58-P1,50,478010.84,2037201.06,-31.275
SM-58-P1,50,478010.84,2037201.06,-31.5
SM-58-P1,50,478010.84,2037201.06,-31.725
SM-58-P1,50,478010.84,2037201.06,-31.95
SM-58-P1,50,478010.84,2037201.06,-32.175
SM-58-P1,50,478010.84,2037201.06,-32.4
SM-58-P1,50,478010.84,2037201.06,-32.625
SM-58-P1,50,478010.84,2037201.06,-32.85
SM-58-P1,50,478010.84,2037201.06,-33.075
SM-58-P1,50,478010.84,2037201.06,-33.3
SM-58-P1,50,478010.84,2037201.06,-33.525
SM-58-P1,50,478010.84,2037201.06,-33.75
SM-58-P1,50,478010.84,2037201.06,-33.975
SM-58-P1,50,478010.84,2037201.06,-35.325
SM-58-P1,50,478010.84,2037201.06,-35.55
SM-58-P1,50,478010.84,2037201.06,-35.775
SM-58-P1,50,478010.84,2037201.06,-36
SM-58-P1,50,478010.84,2037201.06,-36.225
SM-58-P1,50,478010.84,2037201.06,-36.45
SM-58-P1,50,478010.84,2037201.06,-36.675
SM-58-P1,50,478010.84,2037201.06,-37.575
SM-58-P1,50,478010.84,2037201.06,-37.8
SM-58-P1,50,478010.84,2037201.06,-38.025
SM-58-P1,50,478010.84,2037201.06,-38.25
SM-58-P1,50,478010.84,2037201.06,-38.475
SM-58-P1,50,478010.84,2037201.06,-38.7
SM-58-P1,50,478010.84,2037201.06,-38.925
SM-58-P1,50,478010.84,2037201.06,-39.15
SM-58-P1,50,478010.84,2037201.06,-39.375
SM-58-P1,50,478010.84,2037201.06,-39.6
SM-58-P1,50,478010.84,2037201.06,-39.825
SM-58-P1,50,478010.84,2037201.06,-40.05
SM-58-P1,50,478010.84,2037201.06,-40.275
SM-58-P1,50,478010.84,2037201.06,-40.5
SM-58-P1,50,478010.84,2037201.06,-40.725
SM-58-P1,50,478010.84,2037201.06,-40.95
SM-58-P1,50,478010.84,2037201.06,-41.175
SM-58-P1,50,478010.84,2037201.06,-41.4
SM-58-P1,50,478010.84,2037201.06,-41.55
SM-58-P1,50,478010.84,2037201.06,-41.925
SM-58-P1,50,478010.84,2037201.06,-42.45
SM-58-P1,50,478010.84,2037201.06,-42.875
SM-58-P1,50,478010.84,2037201.06,-43.31
SM-58-P1,50,478010.84,2037201.06,-43.85
SM-58-P1,50,478010.84,2037201.06,-44.325
SM-58-P1,50,478010.84,2037201.06,-44.55
SM-58-P1,50,478010.84,2037201.06,-44.775
SM-58-P1,50,478010.84,2037201.06,-45.675
SM-39-P2,50,480204.54,2036551.45,-32.305
SM-39-P2,50,480204.54,2036551.45,-32.53
SM-39-P2,50,480204.54,2036551.45,-32.755
SM-39-P2,50,480204.54,2036551.45,-32.98
SM-39-P2,50,480204.54,2036551.45,-33.205
SM-39-P2,50,480204.54,2036551.45,-34.105
SM-39-P2,50,480204.54,2036551.45,-34.33
SM-39-P2,50,480204.54,2036551.45,-34.555
SM-39-P2,50,480204.54,2036551.45,-34.78
SM-39-P2,50,480204.54,2036551.45,-35.005
SM-39-P2,50,480204.54,2036551.45,-35.905
SM-39-P2,50,480204.54,2036551.45,-36.13
SM-39-P2,50,480204.54,2036551.45,-36.355
SM-39-P2,50,480204.54,2036551.45,-36.58
SM-39-P2,50,480204.54,2036551.45,-36.805
SM-39-P2,50,480204.54,2036551.45,-37.03
SM-39-P2,50,480204.54,2036551.45,-37.255
SM-39-P2,50,480204.54,2036551.45,-37.48
SM-39-P2,50,480204.54,2036551.45,-37.705
SM-39-P2,50,480204.54,2036551.45,-37.93
SM-39-P2,50,480204.54,2036551.45,-38.155
SM-39-P2,50,480204.54,2036551.45,-38.38
SM-39-P2,50,480204.54,2036551.45,-38.605
SM-39-P2,50,480204.54,2036551.45,-38.83
SM-39-P2,50,480204.54,2036551.45,-39.055
SM-39-P2,50,480204.54,2036551.45,-39.28
SM-39-P2,50,480204.54,2036551.45,-39.505
SM-39-P2,50,480204.54,2036551.45,-39.73
SM-39-P2,50,480204.54,2036551.45,-39.955
SM-39-P2,50,480204.54,2036551.45,-41.305
SM-39-P2,50,480204.54,2036551.45,-41.53
SM-39-P2,50,480204.54,2036551.45,-41.605
SM-39-P2,50,480204.54,2036551.45,-42.205
SM-39-P2,50,480204.54,2036551.45,-45.805
SM-39-P2,50,480204.54,2036551.45,-46.03
SM-39-P2,50,480204.54,2036551.45,-46.145
SM-39-P2,50,480204.54,2036551.45,-46.26
SM-39-P2,50,480204.54,2036551.45,-46.37
SM-39-P2,50,480204.54,2036551.45,-46.48
SM-39-P2,50,480204.54,2036551.45,-46.595
SM-39-P2,50,480204.54,2036551.45,-46.71
SM-39-P2,50,480204.54,2036551.45,-46.82
SM-39-P2,50,480204.54,2036551.45,-46.93
SM-39-P2,50,480204.54,2036551.45,-47.155
SM-39-P2,50,480204.54,2036551.45,-47.38
SM-39-P2,50,480204.54,2036551.45,-47.605
SM-39-P2,50,480204.54,2036551.45,-47.83
SM-39-P2,50,480204.54,2036551.45,-47.945
SM-39-P2,50,480204.54,2036551.45,-48.06
SM-39-P2,50,480204.54,2036551.45,-48.17
SM-39-P2,50,480204.54,2036551.45,-48.28
SM-39-P2,50,480204.54,2036551.45,-48.395
SM-39-P2,50,480204.54,2036551.45,-48.51
SM-39-P2,50,480204.54,2036551.45,-48.62
SM-06-B2,50,,,-18.675
SM-16-P2,50,478795.23,2036506.72,-16.805
SM-16-P2,50,478795.23,2036506.72,-17.03
SM-16-P2,50,478795.23,2036506.72,-17.255
SM-16-P2,50,478795.23,2036506.72,-19.955
SM-16-P2,50,478795.23,2036506.72,-20.18
SM-16-P2,50,478795.23,2036506.72,-20.405
SM-16-P2,50,478795.23,2036506.72,-20.63
SM-16-P2,50,478795.23,2036506.72,-20.855
SM-16-P2,50,478795.23,2036506.72,-23.105
SM-16-P2,50,478795.23,2036506.72,-23.33
SM-16-P2,50,478795.23,2036506.72,-23.555
SM-16-P2,50,478795.23,2036506.72,-24.905
SM-16-P2,50,478795.23,2036506.72,-25.13
SM-16-P2,50,478795.23,2036506.72,-25.355
SM-16-P2,50,478795.23,2036506.72,-27.155
SM-16-P2,50,478795.23,2036506.72,-27.38
SM-16-P2,50,478795.23,2036506.72,-27.605
SM-16-P2,50,478795.23,2036506.72,-27.83
SM-16-P2,50,478795.23,2036506.72,-28.055
SM-16-P2,50,478795.23,2036506.72,-28.28
SM-16-P2,50,478795.23,2036506.72,-28.505
SM-16-P2,50,478795.23,2036506.72,-28.73
SM-16-P2,50,478795.23,2036506.72,-28.955
SM-16-P2,50,478795.23,2036506.72,-29.18
SM-16-P2,50,478795.23,2036506.72,-29.405
SM-16-P2,50,478795.23,2036506.72,-29.63
SM-16-P2,50,478795.23,2036506.72,-29.855
SM-16-P2,50,478795.23,2036506.72,-32.105
SM-16-P2,50,478795.23,2036506.72,-32.33
SM-16-P2,50,478795.23,2036506.72,-32.555
SM-16-P2,50,478795.23,2036506.72,-33.455
SM-16-P2,50,478795.23,2036506.72,-34.805
SM-16-P2,50,478795.23,2036506.72,-35.03
SM-16-P2,50,478795.23,2036506.72,-35.255
SM-16-P2,50,478795.23,2036506.72,-35.48
SM-16-P2,50,478795.23,2036506.72,-35.705
SM-16-P2,50,478795.23,2036506.72,-35.93
SM-16-P2,50,478795.23,2036506.72,-36.155
SM-16-P2,50,478795.23,2036506.72,-36.38
SM-16-P2,50,478795.23,2036506.72,-36.605
SM-16-P2,50,478795.23,2036506.72,-36.83
SM-16-P2,50,478795.23,2036506.72,-37.055
SM-16-P2,50,478795.23,2036506.72,-37.28
SM-16-P2,50,478795.23,2036506.72,-37.505
SM-16-P2,50,478795.23,2036506.72,-38.405
SM-16-P2,50,478795.23,2036506.72,-38.63
SM-16-P2,50,478795.23,2036506.72,-38.855
SM-16-P2,50,478795.23,2036506.72,-40.655
SM-16-P2,50,478795.23,2036506.72,-40.88
SM-16-P2,50,478795.23,2036506.72,-41.105
SM-16-P2,50,478795.23,2036506.72,-41.33
SM-16-P2,50,478795.23,2036506.72,-41.555
SM-16-P2,50,478795.23,2036506.72,-42.455
SM-16-P2,50,478795.23,2036506.72,-42.68
SM-16-P2,50,478795.23,2036506.72,-42.805
SM-16-P2,50,478795.23,2036506.72,-43.27
SM-16-P2,50,478795.23,2036506.72,-43.73
SM-16-P2,50,478795.23,2036506.72,-44.17
SM-16-P2,50,478795.23,2036506.72,-44.625
SM-16-P2,50,478795.23,2036506.72,-45.155
SM-16-P2,50,478795.23,2036506.72,-45.38
SM-16-P2,50,478795.23,2036506.72,-45.52
SM-16-P2,50,478795.23,2036506.72,-45.965
SM-16-P2,50,478795.23,2036506.72,-46.415
SM-16-P2,50,478795.23,2036506.72,-46.805
SM-16-P2,50,478795.23,2036506.72,-47.32
SM-16-P2,50,478795.23,2036506.72,-47.69
SM-16-P2,50,478795.23,2036506.72,-48.155
SM-16-P2,50,478795.23,2036506.72,-48.68
SM-16-P2,50,478795.23,2036506.72,-49.055
SM-16-P2,50,478795.23,2036506.72,-49.505
SM-16-P2,50,478795.23,2036506.72,-50.005
SM-16-P2,50,478795.23,2036506.72,-50.405
SM-16-P2,50,478795.23,2036506.72,-50.845
SM-16-P2,50,478795.23,2036506.72,-51.305
SM-16-P2,50,478795.23,2036506.72,-51.905
SM-16-P2,50,478795.23,2036506.72,-52.13
SM-16-P2,50,478795.23,2036506.72,-52.355
SM-16-P2,50,478795.23,2036506.72,-52.58
SM-16-P2,50,478795.23,2036506.72,-52.805
SM-16-P2,50,478795.23,2036506.72,-53.03
SM-16-P2,50,478795.23,2036506.72,-53.255
SM-16-P2,50,478795.23,2036506.72,-53.48
SM-16-P2,50,478795.23,2036506.72,-53.63
SM-16-P2,50,478795.23,2036506.72,-54.075
SM-16-P2,50,478795.23,2036506.72,-54.52
SM-16-P2,50,478795.23,2036506.72,-54.905
SM-16-P2,50,478795.23,2036506.72,-55.355
SM-16-P2,50,478795.23,2036506.72,-55.8
SM-16-P2,50,478795.23,2036506.72,-56.245
SM-16-P2,50,478795.23,2036506.72,-56.755
SM-16-P2,50,478795.23,2036506.72,-57.155
SM-16-P2,50,478795.23,2036506.72,-57.68
SM-16-P2,50,478795.23,2036506.72,-58.045
SM-16-P2,50,478795.23,2036506.72,-58.58
SM-16-P2,50,478795.23,2036506.72,-58.955
SM-16-P2,50,478795.23,2036506.72,-59.465
SM-16-P2,50,478795.23,2036506.72,-59.805
SM-16-P2,50,478795.23,2036506.72,-60.28
SM-16-P2,50,478795.23,2036506.72,-60.755
SM-16-P2,50,478795.23,2036506.72,-61.28
SM-16-P2,50,478795.23,2036506.72,-61.725
SM-16-P2,50,478795.23,2036506.72,-62.18
SM-16-P2,50,478795.23,2036506.72,-62.555
SM-16-P2,50,478795.23,2036506.72,-63.005
SM-16-P2,50,478795.23,2036506.72,-63.445
SM-16-P2,50,478795.23,2036506.72,-63.905
SM-16-P2,50,478795.23,2036506.72,-64.335
SM-16-P2,50,478795.23,2036506.72,-64.8
SM-16-P2,50,478795.23,2036506.72,-65.305
SM-16-P2,50,478795.23,2036506.72,-65.695
SM-16-P2,50,478795.23,2036506.72,-66.18
SM-16-P2,50,478795.23,2036506.72,-66.595
SM-16-P2,50,478795.23,2036506.72,-67.055
SM-16-P2,50,478795.23,2036506.72,-67.46
SM-16-P2,50,478795.23,2036506.72,-67.915
SM-16-P2,50,478795.23,2036506.72,-68.365
SM-16-P2,50,478795.23,2036506.72,-68.84
SM-16-P2,50,478795.23,2036506.72,-69.29
SM-16-P2,50,478795.23,2036506.72,-69.73
SM-16-P2,50,478795.23,2036506.72,-70.205
SM-16-P2,50,478795.23,2036506.72,-70.655
SM-16-P2,50,478795.23,2036506.72,-71.09
SM-16-P2,50,478795.23,2036506.72,-71.545
SM-16-P2,50,478795.23,2036506.72,-71.985
SM-16-P2,50,478795.23,2036506.72,-72.445
SM-16-P2,50,478795.23,2036506.72,-72.89
SM-16-P2,50,478795.23,2036506.72,-73.345
SM-16-P2,50,478795.23,2036506.72,-73.775
SM-16-P2,50,478795.23,2036506.72,-74.23
SM-16-P2,50,478795.23,2036506.72,-74.665
SM-16-P2,50,478795.23,2036506.72,-75.155
SM-16-P2,50,478795.23,2036506.72,-75.565
SM-16-P2,50,478795.23,2036506.72,-76.13
SM-16-P2,50,478795.23,2036506.72,-76.505
SM-16-P2,50,478795.23,2036506.72,-76.95
SM-16-P2,50,478795.23,2036506.72,-77.405
SM-16-P2,50,478795.23,2036506.72,-77.835
SM-16-P2,50,478795.23,2036506.72,-78.3
SM-16-P2,50,478795.23,2036506.72,-78.755
SM-16-P2,50,478795.23,2036506.72,-79.195
SM-16-P2,50,478795.23,2036506.72,-79.655
SM-16-P2,50,478795.23,2036506.72,-80.16
SM-16-P2,50,478795.23,2036506.72,-80.55
SM-16-P2,50,478795.23,2036506.72,-81.005
SM-16-P2,50,478795.23,2036506.72,-81.45
SM-16-P2,50,478795.23,2036506.72,-81.98
SM-16-P2,50,478795.23,2036506.72,-82.425
SM-16-P2,50,478795.23,2036506.72,-82.855
SM-16-P2,50,478795.23,2036506.72,-83.33
SM-16-P2,50,478795.23,2036506.72,-83.775
SM-54-P2,50,478894.52,2037846.9,-15.855
SM-54-P2,50,478894.52,2037846.9,-23.955
SM-54-P2,50,478894.52,2037846.9,-32.505
SM-54-P2,50,478894.52,2037846.9,-32.73
SM-54-P2,50,478894.52,2037846.9,-32.955
SM-54-P2,50,478894.52,2037846.9,-33.855
SM-54-P2,50,478894.52,2037846.9,-34.08
SM-54-P2,50,478894.52,2037846.9,-34.305
SM-54-P2,50,478894.52,2037846.9,-34.53
SM-54-P2,50,478894.52,2037846.9,-34.755
SM-54-P2,50,478894.52,2037846.9,-35.655
SM-54-P2,50,478894.52,2037846.9,-35.88
SM-54-P2,50,478894.52,2037846.9,-36.105
SM-54-P2,50,478894.52,2037846.9,-36.33
SM-54-P2,50,478894.52,2037846.9,-36.555
SM-54-P2,50,478894.52,2037846.9,-38.355
SM-54-P2,50,478894.52,2037846.9,-39.705
SM-54-P2,50,478894.52,2037846.9,-39.93
SM-54-P2,50,478894.52,2037846.9,-40.155
SM-54-P2,50,478894.52,2037846.9,-40.38
SM-54-P2,50,478894.52,2037846.9,-40.605
SM-54-P2,50,478894.52,2037846.9,-40.83
SM-54-P2,50,478894.52,2037846.9,-41.055
SM-54-P2,50,478894.52,2037846.9,-41.28
SM-54-P2,50,478894.52,2037846.9,-41.505
SM-54-P2,50,478894.52,2037846.9,-41.73
SM-54-P2,50,478894.52,2037846.9,-41.805
SM-54-P2,50,478894.52,2037846.9,-42.255
SM-54-P2,50,478894.52,2037846.9,-42.855
SM-54-P2,50,478894.52,2037846.9,-43.08
SM-54-P2,50,478894.52,2037846.9,-43.305
SM-54-P2,50,478894.52,2037846.9,-43.53
SM-54-P2,50,478894.52,2037846.9,-43.755
SM-54-P2,50,478894.52,2037846.9,-43.98
SM-54-P2,50,478894.52,2037846.9,-44.205
SM-54-P2,50,478894.52,2037846.9,-44.43
SM-54-P2,50,478894.52,2037846.9,-44.655
SM-54-P2,50,478894.52,2037846.9,-44.88
SM-54-P2,50,478894.52,2037846.9,-45.105
SM-54-P2,50,478894.52,2037846.9,-45.33
SM-54-P2,50,478894.52,2037846.9,-45.555
SM-54-P2,50,478894.52,2037846.9,-46.455
SM-33-P2,50,479399.9,2036846.79,-31.185
SM-33-P2,50,479399.9,2036846.79,-32.085
SM-33-P2,50,479399.9,2036846.79,-33.435
SM-33-P2,50,479399.9,2036846.79,-33.66
SM-33-P2,50,479399.9,2036846.79,-33.885
SM-33-P2,50,479399.9,2036846.79,-34.11
SM-33-P2,50,479399.9,2036846.79,-34.335
SM-33-P2,50,479399.9,2036846.79,-35.235
SM-33-P2,50,479399.9,2036846.79,-36.135
SM-33-P2,50,479399.9,2036846.79,-37.035
SM-33-P2,50,479399.9,2036846.79,-37.26
SM-33-P2,50,479399.9,2036846.79,-37.485
SM-33-P2,50,479399.9,2036846.79,-37.71
SM-33-P2,50,479399.9,2036846.79,-37.935
SM-33-P2,50,479399.9,2036846.79,-38.835
SM-33-P2,50,479399.9,2036846.79,-40.185
SM-33-P2,50,479399.9,2036846.79,-41.085
SM-33-P2,50,479399.9,2036846.79,-41.31
SM-33-P2,50,479399.9,2036846.79,-41.535
SM-33-P2,50,479399.9,2036846.79,-41.76
SM-33-P2,50,479399.9,2036846.79,-41.985
SM-33-P2,50,479399.9,2036846.79,-42.21
SM-33-P2,50,479399.9,2036846.79,-42.435
SM-33-P2,50,479399.9,2036846.79,-42.66
SM-33-P2,50,479399.9,2036846.79,-42.885
SM-33-P2,50,479399.9,2036846.79,-43.785
SM-33-P2,50,479399.9,2036846.79,-44.01
SM-33-P2,50,479399.9,2036846.79,-44.235
SM-33-P2,50,479399.9,2036846.79,-44.46
SM-33-P2,50,479399.9,2036846.79,-44.685
SM-33-P2,50,479399.9,2036846.79,-44.91
SM-33-P2,50,479399.9,2036846.79,-45.135
SM-33-P2,50,479399.9,2036846.79,-45.36
SM-33-P2,50,479399.9,2036846.79,-45.585
SM-33-P2,50,479399.9,2036846.79,-45.81
SM-33-P2,50,479399.9,2036846.79,-45.945
SM-33-P2,50,479399.9,2036846.79,-46.485
SM-33-P2,50,479399.9,2036846.79,-46.71
SM-33-P2,50,479399.9,2036846.79,-46.935
SM-33-P2,50,479399.9,2036846.79,-47.16
SM-33-P2,50,479399.9,2036846.79,-47.385
SM-33-P2,50,479399.9,2036846.79,-48.285
SM-33-P2,50,479399.9,2036846.79,-48.51
SM-33-P2,50,479399.9,2036846.79,-48.735
SM-61-P1,50,478033.23,2036869.83,-29.935
SM-61-P1,50,478033.23,2036869.83,-30.835
SM-61-P1,50,478033.23,2036869.83,-33.535
SM-61-P1,50,478033.23,2036869.83,-33.76
SM-61-P1,50,478033.23,2036869.83,-33.985
SM-61-P1,50,478033.23,2036869.83,-35.785
SM-61-P1,50,478033.23,2036869.83,-37.95
SM-61-P1,50,478033.23,2036869.83,-38.485
SM-61-P1,50,478033.23,2036869.83,-42.985
SM-61-P1,50,478033.23,2036869.83,-43.21
SM-61-P1,50,478033.23,2036869.83,-43.42
SM-61-P1,50,478033.23,2036869.83,-43.855
SM-61-P1,50,478033.23,2036869.83,-44.335
SM-61-P1,50,478033.23,2036869.83,-44.56
SM-61-P1,50,478033.23,2036869.83,-44.785
SM-61-P1,50,478033.23,2036869.83,-45.01
SM-61-P1,50,478033.23,2036869.83,-45.235
SM-61-P1,50,478033.23,2036869.83,-45.46
SM-61-P1,50,478033.23,2036869.83,-45.685
SM-61-P1,50,478033.23,2036869.83,-45.91
SM-61-P1,50,478033.23,2036869.83,-46.135
SM-61-P1,50,478033.23,2036869.83,-46.36
SM-61-P1,50,478033.23,2036869.83,-46.585
SM-61-P1,50,478033.23,2036869.83,-46.81
SM-61-P1,50,478033.23,2036869.83,-47.035
SM-05-B2,50,478555.9,2037889.6,-26.395
SM-05-B2,50,478555.9,2037889.6,-26.62
SM-05-B2,50,478555.9,2037889.6,-26.845
SM-05-B2,50,478555.9,2037889.6,-27.07
SM-05-B2,50,478555.9,2037889.6,-27.295
SM-05-B2,50,478555.9,2037889.6,-27.52
SM-05-B2,50,478555.9,2037889.6,-27.745
SM-24-P2,50,479387.3,2037585.89,-23.525
SM-24-P2,50,479387.3,2037585.89,-24.425
SM-24-P2,50,479387.3,2037585.89,-26.225
SM-24-P2,50,479387.3,2037585.89,-27.125
SM-24-P2,50,479387.3,2037585.89,-27.35
SM-24-P2,50,479387.3,2037585.89,-27.575
SM-24-P2,50,479387.3,2037585.89,-27.8
SM-24-P2,50,479387.3,2037585.89,-28.025
SM-24-P2,50,479387.3,2037585.89,-29.825
SM-24-P2,50,479387.3,2037585.89,-30.05
SM-24-P2,50,479387.3,2037585.89,-30.275
SM-24-P2,50,479387.3,2037585.89,-30.5
SM-24-P2,50,479387.3,2037585.89,-30.725
SM-24-P2,50,479387.3,2037585.89,-30.95
SM-24-P2,50,479387.3,2037585.89,-31.175
SM-24-P2,50,479387.3,2037585.89,-31.4
SM-24-P2,50,479387.3,2037585.89,-31.625
SM-24-P2,50,479387.3,2037585.89,-32.525
SM-24-P2,50,479387.3,2037585.89,-33.425
SM-24-P2,50,479387.3,2037585.89,-33.65
SM-24-P2,50,479387.3,2037585.89,-33.875
SM-24-P2,50,479387.3,2037585.89,-34.1
SM-24-P2,50,479387.3,2037585.89,-34.325
SM-24-P2,50,479387.3,2037585.89,-34.55
SM-24-P2,50,479387.3,2037585.89,-34.775
SM-24-P2,50,479387.3,2037585.89,-35
SM-24-P2,50,479387.3,2037585.89,-35.225
SM-24-P2,50,479387.3,2037585.89,-35.45
SM-24-P2,50,479387.3,2037585.89,-35.675
SM-24-P2,50,479387.3,2037585.89,-37.475
SM-24-P2,50,479387.3,2037585.89,-37.7
SM-24-P2,50,479387.3,2037585.89,-37.925
SM-24-P2,50,479387.3,2037585.89,-38.15
SM-24-P2,50,479387.3,2037585.89,-38.375
SM-24-P2,50,479387.3,2037585.89,-38.6
SM-24-P2,50,479387.3,2037585.89,-38.825
SM-24-P2,50,479387.3,2037585.89,-39.05
SM-24-P2,50,479387.3,2037585.89,-39.275
SM-24-P2,50,479387.3,2037585.89,-39.5
SM-24-P2,50,479387.3,2037585.89,-39.725
SM-24-P2,50,479387.3,2037585.89,-39.95
SM-24-P2,50,479387.3,2037585.89,-40.175
SM-24-P2,50,479387.3,2037585.89,-40.4
SM-24-P2,50,479387.3,2037585.89,-40.625
SM-24-P2,50,479387.3,2037585.89,-40.85
SM-24-P2,50,479387.3,2037585.89,-41.075
SM-24-P2,50,479387.3,2037585.89,-41.3
SM-24-P2,50,479387.3,2037585.89,-41.525
SM-24-P2,50,479387.3,2037585.89,-41.75
SM-24-P2,50,479387.3,2037585.89,-41.975
SM-24-P2,50,479387.3,2037585.89,-42.2
SM-24-P2,50,479387.3,2037585.89,-42.425
SM-24-P2,50,479387.3,2037585.89,-42.65
SM-24-P2,50,479387.3,2037585.89,-42.875
SM-24-P2,50,479387.3,2037585.89,-43.1
SM-24-P2,50,479387.3,2037585.89,-43.325
SM-24-P2,50,479387.3,2037585.89,-43.55
SM-24-P2,50,479387.3,2037585.89,-43.775
SM-24-P2,50,479387.3,2037585.89,-44
SM-24-P2,50,479387.3,2037585.89,-44.225
SM-24-P2,50,479387.3,2037585.89,-44.45
SM-24-P2,50,479387.3,2037585.89,-44.675
SM-24-P2,50,479387.3,2037585.89,-44.9
SM-24-P2,50,479387.3,2037585.89,-45.125
SM-24-P2,50,479387.3,2037585.89,-45.35
SM-24-P2,50,479387.3,2037585.89,-45.575
SM-24-P2,50,479387.3,2037585.89,-45.8
SM-24-P2,50,479387.3,2037585.89,-46.025
SM-24-P2,50,479387.3,2037585.89,-46.25
SM-24-P2,50,479387.3,2037585.89,-46.35
SM-24-P2,50,479387.3,2037585.89,-46.9
SM-24-P2,50,479387.3,2037585.89,-47.375
SM-24-P2,50,479387.3,2037585.89,-47.6
SM-24-P2,50,479387.3,2037585.89,-47.825
SM-24-P2,50,479387.3,2037585.89,-48.05
SM-24-P2,50,479387.3,2037585.89,-48.275
SM-24-P2,50,479387.3,2037585.89,-48.5
SM-24-P2,50,479387.3,2037585.89,-48.725
SM-04-B2,50,478139.21,2037614.8,-19.795
SM-04-B2,50,478139.21,2037614.8,-20.695
SM-04-B2,50,478139.21,2037614.8,-20.92
SM-04-B2,50,478139.21,2037614.8,-21.145
SM-04-B2,50,478139.21,2037614.8,-22.045
SM-04-B2,50,478139.21,2037614.8,-22.27
SM-04-B2,50,478139.21,2037614.8,-22.495
SM-50-P1,50,477300,2037635,-18.865
SM-50-P1,50,477300,2037635,-19.09
SM-50-P1,50,477300,2037635,-19.315
SM-50-P1,50,477300,2037635,-19.54
SM-50-P1,50,477300,2037635,-19.765
SM-50-P1,50,477300,2037635,-19.99
SM-50-P1,50,477300,2037635,-20.215
SM-50-P1,50,477300,2037635,-20.44
SM-50-P1,50,477300,2037635,-20.665
SM-50-P1,50,477300,2037635,-20.89
SM-50-P1,50,477300,2037635,-21.115
SM-50-P1,50,477300,2037635,-21.34
SM-50-P1,50,477300,2037635,-21.565
SM-50-P1,50,477300,2037635,-21.79
SM-50-P1,50,477300,2037635,-22.015
SM-50-P1,50,477300,2037635,-22.24
SM-50-P1,50,477300,2037635,-22.465
SM-50-P1,50,477300,2037635,-22.69
SM-50-P1,50,477300,2037635,-22.915
SM-50-P1,50,477300,2037635,-23.14
SM-50-P1,50,477300,2037635,-23.365
SM-50-P1,50,477300,2037635,-23.59
SM-50-P1,50,477300,2037635,-23.815
SM-50-P1,50,477300,2037635,-24.04
SM-50-P1,50,477300,2037635,-24.265
SM-50-P1,50,477300,2037635,-24.49
SM-50-P1,50,477300,2037635,-24.715
SM-50-P1,50,477300,2037635,-24.94
SM-50-P1,50,477300,2037635,-25.165
SM-50-P1,50,477300,2037635,-25.39
SM-50-P1,50,477300,2037635,-25.615
SM-50-P1,50,477300,2037635,-25.84
SM-50-P1,50,477300,2037635,-26.065
SM-50-P1,50,477300,2037635,-26.89
SM-50-P1,50,477300,2037635,-27.415
SM-50-P1,50,477300,2037635,-30.115
SM-50-P1,50,477300,2037635,-30.34
SM-50-P1,50,477300,2037635,-30.565
SM-50-P1,50,477300,2037635,-33.265
SM-50-P1,50,477300,2037635,-33.49
SM-50-P1,50,477300,2037635,-33.715
SM-50-P1,50,477300,2037635,-34.615
SM-50-P1,50,477300,2037635,-34.84
SM-50-P1,50,477300,2037635,-35.065
SM-50-P1,50,477300,2037635,-35.29
SM-50-P1,50,477300,2037635,-35.515
SM-50-P1,50,477300,2037635,-35.74
SM-50-P1,50,477300,2037635,-35.94
SM-50-P1,50,477300,2037635,-36.315
SM-50-P1,50,477300,2037635,-36.775
SM-50-P1,50,477300,2037635,-37.155
SM-50-P1,50,477300,2037635,-37.765
SM-50-P1,50,477300,2037635,-37.99
SM-50-P1,50,477300,2037635,-38.215
SM-50-P1,50,477300,2037635,-38.44
SM-50-P1,50,477300,2037635,-38.665
SM-50-P1,50,477300,2037635,-38.89
SM-50-P1,50,477300,2037635,-39.115
SM-50-P1,50,477300,2037635,-39.34
SM-50-P1,50,477300,2037635,-39.565
SM-50-P1,50,477300,2037635,-39.79
SM-50-P1,50,477300,2037635,-40.015
SM-50-P1,50,477300,2037635,-40.24
SM-50-P1,50,477300,2037635,-40.465
SM-50-P1,50,477300,2037635,-40.69
SM-50-P1,50,477300,2037635,-40.915
SM-50-P1,50,477300,2037635,-41.14
SM-50-P1,50,477300,2037635,-41.365
SM-50-P1,50,477300,2037635,-42.715
SM-50-P1,50,477300,2037635,-42.94
SM-50-P1,50,477300,2037635,-43.165
SM-50-P1,50,477300,2037635,-43.39
SM-50-P1,50,477300,2037635,-43.615
SM-50-P1,50,477300,2037635,-43.84
SM-50-P1,50,477300,2037635,-44.065
SM-50-P1,50,477300,2037635,-44.29
SM-50-P1,50,477300,2037635,-44.515
SM-50-P1,50,477300,2037635,-44.74
SM-50-P1,50,477300,2037635,-44.965
SM-50-P1,50,477300,2037635,-45.19
SM-50-P1,50,477300,2037635,-45.415
SM-50-P1,50,477300,2037635,-45.64
SM-50-P1,50,477300,2037635,-45.865
SM-50-P1,50,477300,2037635,-46.09
SM-50-P1,50,477300,2037635,-46.315
SM-50-P1,50,477300,2037635,-46.54
SM-50-P1,50,477300,2037635,-46.74
SM-50-P1,50,477300,2037635,-47.065
SM-31-P2,50,478600.11,2036846.19,-3.945
SM-31-P2,50,478600.11,2036846.19,-26.895
SM-31-P2,50,478600.11,2036846.19,-28.695
SM-31-P2,50,478600.11,2036846.19,-33.195
SM-31-P2,50,478600.11,2036846.19,-41.295
SM-31-P2,50,478600.11,2036846.19,-43.095
SM-31-P2,50,478600.11,2036846.19,-43.995
SM-31-P2,50,478600.11,2036846.19,-44.895
SM-31-P2,50,478600.11,2036846.19,-45.12
SM-31-P2,50,478600.11,2036846.19,-45.345
SM-31-P2,50,478600.11,2036846.19,-45.57
SM-31-P2,50,478600.11,2036846.19,-45.795
SM-31-P2,50,478600.11,2036846.19,-46.02
SM-31-P2,50,478600.11,2036846.19,-46.245
SM-31-P2,50,478600.11,2036846.19,-47.145
SM-31-P2,50,478600.11,2036846.19,-47.37
SM-31-P2,50,478600.11,2036846.19,-47.595
SM-31-P2,50,478600.11,2036846.19,-47.82
SM-31-P2,50,478600.11,2036846.19,-48.045
SM-31-P2,50,478600.11,2036846.19,-48.945
SM-27-P2,50,478831.45,2037198.64,-22.075
SM-27-P2,50,478831.45,2037198.64,-22.3
SM-27-P2,50,478831.45,2037198.64,-22.525
SM-27-P2,50,478831.45,2037198.64,-22.75
SM-27-P2,50,478831.45,2037198.64,-22.975
SM-27-P2,50,478831.45,2037198.64,-23.2
SM-27-P2,50,478831.45,2037198.64,-23.425
SM-27-P2,50,478831.45,2037198.64,-23.65
SM-27-P2,50,478831.45,2037198.64,-23.875
SM-27-P2,50,478831.45,2037198.64,-25.225
SM-27-P2,50,478831.45,2037198.64,-25.45
SM-27-P2,50,478831.45,2037198.64,-25.675
SM-27-P2,50,478831.45,2037198.64,-25.9
SM-27-P2,50,478831.45,2037198.64,-26.125
SM-27-P2,50,478831.45,2037198.64,-31.525
SM-27-P2,50,478831.45,2037198.64,-31.75
SM-27-P2,50,478831.45,2037198.64,-31.975
SM-27-P2,50,478831.45,2037198.64,-32.2
SM-27-P2,50,478831.45,2037198.64,-32.425
SM-27-P2,50,478831.45,2037198.64,-34.225
SM-27-P2,50,478831.45,2037198.64,-35.125
SM-27-P2,50,478831.45,2037198.64,-35.35
SM-27-P2,50,478831.45,2037198.64,-35.575
SM-27-P2,50,478831.45,2037198.64,-35.8
SM-27-P2,50,478831.45,2037198.64,-36.025
SM-27-P2,50,478831.45,2037198.64,-36.25
SM-27-P2,50,478831.45,2037198.64,-36.475
SM-27-P2,50,478831.45,2037198.64,-37.375
SM-27-P2,50,478831.45,2037198.64,-37.6
SM-27-P2,50,478831.45,2037198.64,-37.825
SM-27-P2,50,478831.45,2037198.64,-38.05
SM-27-P2,50,478831.45,2037198.64,-38.275
SM-27-P2,50,478831.45,2037198.64,-38.5
SM-27-P2,50,478831.45,2037198.64,-38.725
SM-27-P2,50,478831.45,2037198.64,-38.95
SM-27-P2,50,478831.45,2037198.64,-39.175
SM-27-P2,50,478831.45,2037198.64,-40.075
SM-27-P2,50,478831.45,2037198.64,-40.3
SM-27-P2,50,478831.45,2037198.64,-40.525
SM-27-P2,50,478831.45,2037198.64,-40.75
SM-27-P2,50,478831.45,2037198.64,-40.975
SM-27-P2,50,478831.45,2037198.64,-41.875
SM-27-P2,50,478831.45,2037198.64,-42.1
SM-27-P2,50,478831.45,2037198.64,-42.325
SM-27-P2,50,478831.45,2037198.64,-42.55
SM-27-P2,50,478831.45,2037198.64,-42.775
SM-27-P2,50,478831.45,2037198.64,-43.675
SM-27-P2,50,478831.45,2037198.64,-43.9
SM-27-P2,50,478831.45,2037198.64,-44.125
SM-27-P2,50,478831.45,2037198.64,-44.35
SM-27-P2,50,478831.45,2037198.64,-44.575
SM-27-P2,50,478831.45,2037198.64,-44.8
SM-27-P2,50,478831.45,2037198.64,-45.025
SM-27-P2,50,478831.45,2037198.64,-45.25
SM-27-P2,50,478831.45,2037198.64,-45.475
SM-27-P2,50,478831.45,2037198.64,-45.7
SM-27-P2,50,478831.45,2037198.64,-45.925
SM-27-P2,50,478831.45,2037198.64,-46.15
SM-27-P2,50,478831.45,2037198.64,-46.375
SM-27-P2,50,478831.45,2037198.64,-46.6
SM-27-P2,50,478831.45,2037198.64,-46.825
SM-27-P2,50,478831.45,2037198.64,-47.725
SM-27-P2,50,478831.45,2037198.64,-47.95
SM-27-P2,50,478831.45,2037198.64,-48.175
SM-27-P2,50,478831.45,2037198.64,-48.4
SM-27-P2,50,478831.45,2037198.64,-48.475
SM-27-P2,50,478831.45,2037198.64,-49.075
SM-59-P1,50,477834.91,2037045.31,-21.48
SM-59-P1,50,477834.91,2037045.31,-25.755
SM-59-P1,50,477834.91,2037045.31,-25.98
SM-59-P1,50,477834.91,2037045.31,-26.205
SM-59-P1,50,477834.91,2037045.31,-26.43
SM-59-P1,50,477834.91,2037045.31,-26.655
SM-59-P1,50,477834.91,2037045.31,-27.555
SM-59-P1,50,477834.91,2037045.31,-27.78
SM-59-P1,50,477834.91,2037045.31,-28.005
SM-59-P1,50,477834.91,2037045.31,-28.23
SM-59-P1,50,477834.91,2037045.31,-28.455
SM-59-P1,50,477834.91,2037045.31,-28.68
SM-59-P1,50,477834.91,2037045.31,-28.905
SM-59-P1,50,477834.91,2037045.31,-38.355
SM-59-P1,50,477834.91,2037045.31,-38.58
SM-59-P1,50,477834.91,2037045.31,-38.805
SM-59-P1,50,477834.91,2037045.31,-39.03
SM-59-P1,50,477834.91,2037045.31,-39.255
SM-59-P1,50,477834.91,2037045.31,-39.48
SM-59-P1,50,477834.91,2037045.31,-39.705
SM-59-P1,50,477834.91,2037045.31,-39.93
SM-59-P1,50,477834.91,2037045.31,-40.155
SM-59-P1,50,477834.91,2037045.31,-40.38
SM-59-P1,50,477834.91,2037045.31,-40.605
SM-59-P1,50,477834.91,2037045.31,-40.83
SM-59-P1,50,477834.91,2037045.31,-41.055
SM-59-P1,50,477834.91,2037045.31,-41.28
SM-59-P1,50,477834.91,2037045.31,-41.505
SM-59-P1,50,477834.91,2037045.31,-41.73
SM-59-P1,50,477834.91,2037045.31,-41.955
SM-59-P1,50,477834.91,2037045.31,-42.18
SM-59-P1,50,477834.91,2037045.31,-42.405
SM-59-P1,50,477834.91,2037045.31,-42.63
SM-59-P1,50,477834.91,2037045.31,-42.855
SM-59-P1,50,477834.91,2037045.31,-43.08
SM-59-P1,50,477834.91,2037045.31,-43.305
SM-59-P1,50,477834.91,2037045.31,-43.53
SM-59-P1,50,477834.91,2037045.31,-43.755
SM-59-P1,50,477834.91,2037045.31,-43.98
SM-59-P1,50,477834.91,2037045.31,-44.205
SM-59-P1,50,477834.91,2037045.31,-44.43
SM-59-P1,50,477834.91,2037045.31,-44.655
SM-59-P1,50,477834.91,2037045.31,-44.88
SM-59-P1,50,477834.91,2037045.31,-45.105
SM-59-P1,50,477834.91,2037045.31,-45.33
SM-59-P1,50,477834.91,2037045.31,-45.555
SM-59-P1,50,477834.91,2037045.31,-45.78
SM-59-P1,50,477834.91,2037045.31,-46.005
SM-59-P1,50,477834.91,2037045.31,-46.23
SM-59-P1,50,477834.91,2037045.31,-46.455
SM-59-P1,50,477834.91,2037045.31,-46.68
SM-59-P1,50,477834.91,2037045.31,-46.905
SM-59-P1,50,477834.91,2037045.31,-47.13
SM-59-P1,50,477834.91,2037045.31,-47.355
SM-23-P2,50,478975.93,2037540.89,-19.245
SM-23-P2,50,478975.93,2037540.89,-19.47
SM-23-P2,50,478975.93,2037540.89,-19.695
SM-23-P2,50,478975.93,2037540.89,-21.945
SM-23-P2,50,478975.93,2037540.89,-23.745
SM-23-P2,50,478975.93,2037540.89,-26.445
SM-23-P2,50,478975.93,2037540.89,-28.245
SM-23-P2,50,478975.93,2037540.89,-28.47
SM-23-P2,50,478975.93,2037540.89,-28.695
SM-23-P2,50,478975.93,2037540.89,-28.92
SM-23-P2,50,478975.93,2037540.89,-29.145
SM-23-P2,50,478975.93,2037540.89,-29.37
SM-23-P2,50,478975.93,2037540.89,-29.595
SM-23-P2,50,478975.93,2037540.89,-29.82
SM-23-P2,50,478975.93,2037540.89,-30.045
SM-23-P2,50,478975.93,2037540.89,-32.295
SM-23-P2,50,478975.93,2037540.89,-35.445
SM-23-P2,50,478975.93,2037540.89,-35.67
SM-23-P2,50,478975.93,2037540.89,-35.895
SM-23-P2,50,478975.93,2037540.89,-39.045
SM-23-P2,50,478975.93,2037540.89,-39.27
SM-23-P2,50,478975.93,2037540.89,-39.495
SM-23-P2,50,478975.93,2037540.89,-43.885
SM-23-P2,50,478975.93,2037540.89,-44
SM-23-P2,50,478975.93,2037540.89,-44.11
SM-23-P2,50,478975.93,2037540.89,-44.22
SM-23-P2,50,478975.93,2037540.89,-44.355
SM-23-P2,50,478975.93,2037540.89,-44.745
SM-23-P2,50,478975.93,2037540.89,-45.235
SM-23-P2,50,478975.93,2037540.89,-45.35
SM-23-P2,50,478975.93,2037540.89,-45.46
SM-23-P2,50,478975.93,2037540.89,-45.57
SM-23-P2,50,478975.93,2037540.89,-45.795
SM-23-P2,50,478975.93,2037540.89,-46.695
SM-23-P2,50,478975.93,2037540.89,-46.92
SM-23-P2,50,478975.93,2037540.89,-47.145
SM-23-P2,50,478975.93,2037540.89,-47.37
SM-23-P2,50,478975.93,2037540.89,-47.595
SM-23-P2,50,478975.93,2037540.89,-47.82
SM-23-P2,50,478975.93,2037540.89,-48.045
SM-105-P2,50,,,-43.875
SM-105-P2,50,,,-50.175
SM-105-P2,50,,,-50.4
SM-105-P2,50,,,-50.625
SM-105-P2,50,,,-50.85
SM-105-P2,50,,,-51.075
SM-105-P2,50,,,-51.975
SM-105-P2,50,,,-52.2
SM-105-P2,50,,,-52.425
SM-105-P2,50,,,-52.65
SM-105-P2,50,,,-52.875
SM-105-P2,50,,,-54.675
SM-105-P2,50,,,-57.375
SM-105-P2,50,,,-58.675
SM-105-P2,50,,,-59.625
SM-105-P2,50,,,-59.85
SM-105-P2,50,,,-60.075
SM-105-P2,50,,,-60.3
SM-105-P2,50,,,-60.45
SM-105-P2,50,,,-60.875
SM-105-P2,50,,,-61.375
SM-105-P2,50,,,-61.875
SM-105-P2,50,,,-62.1
SM-105-P2,50,,,-62.325
SM-105-P2,50,,,-65.025
SM-105-P2,50,,,-65.25
SM-105-P2,50,,,-65.475
SM-105-P2,50,,,-65.7
SM-105-P2,50,,,-65.925
SM-105-P2,50,,,-67.275
SM-105-P2,50,,,-67.5
SM-105-P2,50,,,-67.725
SM-105-P2,50,,,-69.075
SM-105-P2,50,,,-69.3
SM-105-P2,50,,,-69.525
SM-105-P2,50,,,-71.325
SM-105-P2,50,,,-71.55
SM-105-P2,50,,,-71.775
SM-105-P2,50,,,-72
SM-105-P2,50,,,-72.225
SM-105-P2,50,,,-72.45
SM-105-P2,50,,,-72.675
SM-105-P2,50,,,-72.9
SM-105-P2,50,,,-73.125
SM-105-P2,50,,,-73.35
SM-105-P2,50,,,-73.575
SM-105-P2,50,,,-73.8
SM-105-P2,50,,,-74.025
SM-105-P2,50,,,-74.25
SM-105-P2,50,,,-74.4
SM-105-P2,50,,,-74.925
SM-105-P2,50,,,-75.15
SM-105-P2,50,,,-75.375
SM-105-P2,50,,,-75.6
SM-105-P2,50,,,-75.825
SM-105-P2,50,,,-76.05
SM-105-P2,50,,,-76.275
SM-105-P2,50,,,-76.5
SM-105-P2,50,,,-76.725
SM-105-P2,50,,,-76.95
SM-105-P2,50,,,-77.175
SM-105-P2,50,,,-77.4
SM-105-P2,50,,,-77.61
SM-105-P2,50,,,-77.9
SM-105-P2,50,,,-78.375
SM-105-P2,50,,,-78.975
SM-105-P2,50,,,-79.2
SM-105-P2,50,,,-79.26
SM-105-P2,50,,,-79.725
SM-105-P2,50,,,-81.675
SM-105-P2,50,,,-82.975
SM-105-P2,50,,,-83.475
SM-105-P2,50,,,-83.7
SM-105-P2,50,,,-83.775
SM-105-P2,50,,,-84.3
SM-105-P2,50,,,-84.75
SM-105-P2,50,,,-85.125
SM-105-P2,50,,,-85.725
SM-105-P2,50,,,-85.95
SM-105-P2,50,,,-86.175
SM-105-P2,50,,,-86.4
SM-105-P2,50,,,-86.625
SM-105-P2,50,,,-86.85
SM-105-P2,50,,,-87.075
SM-105-P2,50,,,-87.95
SM-105-P2,50,,,-88.425
SM-105-P2,50,,,-88.65
SM-105-P2,50,,,-88.875
SM-105-P2,50,,,-89.1
SM-105-P2,50,,,-89.325
SM-105-P2,50,,,-89.55
SM-105-P2,50,,,-89.775
SM-105-P2,50,,,-90
SM-105-P2,50,,,-90.225
SM-105-P2,50,,,-92.925
SM-105-P2,50,,,-97.875
SM-105-P2,50,,,-98.1
SM-105-P2,50,,,-98.325
SM-105-P2,50,,,-99.15
SM-105-P2,50,,,-99.525
SM-105-P2,50,,,-99.975
SM-105-P2,50,,,-101.025
SM-105-P2,50,,,-105.075
SM-105-P2,50,,,-105.3
SM-105-P2,50,,,-105.525
SM-105-P2,50,,,-105.75
SM-105-P2,50,,,-105.975
SM-105-P2,50,,,-106.2
SM-105-P2,50,,,-106.425
SM-105-P2,50,,,-114.525
SM-105-P2,50,,,-114.75
SM-105-P2,50,,,-114.975
SM-105-P2,50,,,-116.775
SM-105-P2,50,,,-117
SM-105-P2,50,,,-117.225
SM-105-P2,50,,,-118.125
SM-105-P2,50,,,-118.35
SM-105-P2,50,,,-118.575
SM-49-P1,50,477572.34,2038055.4,-44.255
SM-45-P1,50,477444.49,2038334.58,3.74
SM-45-P1,50,477444.49,2038334.58,-19.735
SM-45-P1,50,477444.49,2038334.58,-30.085
SM-45-P1,50,477444.49,2038334.58,-30.31
SM-45-P1,50,477444.49,2038334.58,-30.535
SM-45-P1,50,477444.49,2038334.58,-31.435
SM-45-P1,50,477444.49,2038334.58,-34.135
SM-45-P1,50,477444.49,2038334.58,-39.985
SM-45-P1,50,477444.49,2038334.58,-40.21
SM-45-P1,50,477444.49,2038334.58,-40.36
SM-45-P1,50,477444.49,2038334.58,-40.885
SM-45-P1,50,477444.49,2038334.58,-41.11
SM-45-P1,50,477444.49,2038334.58,-41.335
SM-45-P1,50,477444.49,2038334.58,-41.56
SM-45-P1,50,477444.49,2038334.58,-41.785
SM-45-P1,50,477444.49,2038334.58,-42.01
SM-45-P1,50,477444.49,2038334.58,-42.235
SM-45-P1,50,477444.49,2038334.58,-42.46
SM-45-P1,50,477444.49,2038334.58,-42.685
SM-45-P1,50,477444.49,2038334.58,-42.91
SM-45-P1,50,477444.49,2038334.58,-43.135
SM-45-P1,50,477444.49,2038334.58,-43.36
SM-45-P1,50,477444.49,2038334.58,-43.585
SM-45-P1,50,477444.49,2038334.58,-43.81
SM-45-P1,50,477444.49,2038334.58,-44.035
SM-45-P1,50,477444.49,2038334.58,-44.26
SM-45-P1,50,477444.49,2038334.58,-44.485
SM-45-P1,50,477444.49,2038334.58,-44.71
SM-45-P1,50,477444.49,2038334.58,-44.935
SM-45-P1,50,477444.49,2038334.58,-45.16
SM-45-P1,50,477444.49,2038334.58,-45.385
SM-45-P1,50,477444.49,2038334.58,-45.61
SM-45-P1,50,477444.49,2038334.58,-45.76
SM-45-P1,50,477444.49,2038334.58,-46.135
SM-17-P2,50,479997.31,2036524.08,-5.755
SM-17-P2,50,479997.31,2036524.08,-23.755
SM-17-P2,50,479997.31,2036524.08,-24.49
SM-17-P2,50,479997.31,2036524.08,-37.255
SM-17-P2,50,479997.31,2036524.08,-38.155
SM-17-P2,50,479997.31,2036524.08,-38.94
SM-17-P2,50,479997.31,2036524.08,-39.355
SM-17-P2,50,479997.31,2036524.08,-39.955
SM-17-P2,50,479997.31,2036524.08,-40.18
SM-17-P2,50,479997.31,2036524.08,-40.405
SM-17-P2,50,479997.31,2036524.08,-40.63
SM-17-P2,50,479997.31,2036524.08,-40.855
SM-17-P2,50,479997.31,2036524.08,-41.53
SM-17-P2,50,479997.31,2036524.08,-43.555
SM-17-P2,50,479997.31,2036524.08,-43.78
SM-17-P2,50,479997.31,2036524.08,-44.005
SM-17-P2,50,479997.31,2036524.08,-44.23
SM-17-P2,50,479997.31,2036524.08,-44.455
SM-17-P2,50,479997.31,2036524.08,-45.805
SM-17-P2,50,479997.31,2036524.08,-46.03
SM-17-P2,50,479997.31,2036524.08,-46.205
SM-17-P2,50,479997.31,2036524.08,-46.665
SM-17-P2,50,479997.31,2036524.08,-47.08
SM-17-P2,50,479997.31,2036524.08,-47.455
SM-17-P2,50,479997.31,2036524.08,-47.905
SM-17-P2,50,479997.31,2036524.08,-48.505
SM-17-P2,50,479997.31,2036524.08,-48.73
SM-17-P2,50,479997.31,2036524.08,-48.955
SM-17-P2,50,479997.31,2036524.08,-49.18
SM-17-P2,50,479997.31,2036524.08,-49.405
SM-17-P2,50,479997.31,2036524.08,-49.63
SM-17-P2,50,479997.31,2036524.08,-49.855
SM-17-P2,50,479997.31,2036524.08,-52.555
SM-17-P2,50,479997.31,2036524.08,-52.78
SM-17-P2,50,479997.31,2036524.08,-53.005
SM-17-P2,50,479997.31,2036524.08,-53.23
SM-17-P2,50,479997.31,2036524.08,-53.455
SM-17-P2,50,479997.31,2036524.08,-53.68
SM-17-P2,50,479997.31,2036524.08,-53.905
SM-17-P2,50,479997.31,2036524.08,-54.13
SM-17-P2,50,479997.31,2036524.08,-54.23
SM-17-P2,50,479997.31,2036524.08,-54.655
SM-17-P2,50,479997.31,2036524.08,-55.255
SM-17-P2,50,479997.31,2036524.08,-57.055
SM-17-P2,50,479997.31,2036524.08,-58.405
SM-17-P2,50,479997.31,2036524.08,-58.63
SM-17-P2,50,479997.31,2036524.08,-58.855
SM-17-P2,50,479997.31,2036524.08,-59.08
SM-17-P2,50,479997.31,2036524.08,-59.23
SM-17-P2,50,479997.31,2036524.08,-59.755
SM-17-P2,50,479997.31,2036524.08,-59.98
SM-17-P2,50,479997.31,2036524.08,-60.205
SM-17-P2,50,479997.31,2036524.08,-62.455
SM-17-P2,50,479997.31,2036524.08,-65.53
SM-17-P2,50,479997.31,2036524.08,-65.905
SM-17-P2,50,479997.31,2036524.08,-68.755
SM-17-P2,50,479997.31,2036524.08,-73.18
SM-17-P2,50,479997.31,2036524.08,-73.555
SM-17-P2,50,479997.31,2036524.08,-75.055
SM-17-P2,50,479997.31,2036524.08,-75.28
SM-17-P2,50,479997.31,2036524.08,-75.39
SM-17-P2,50,479997.31,2036524.08,-75.88
SM-17-P2,50,479997.31,2036524.08,-76.33
SM-17-P2,50,479997.31,2036524.08,-76.855
SM-17-P2,50,479997.31,2036524.08,-77.08
SM-17-P2,50,479997.31,2036524.08,-77.205
SM-17-P2,50,479997.31,2036524.08,-77.68
SM-17-P2,50,479997.31,2036524.08,-78.13
SM-17-P2,50,479997.31,2036524.08,-79.555
SM-17-P2,50,479997.31,2036524.08,-81.355
SM-08-B2,50,480108.48,2037238.9,-30.875
SM-08-B2,50,480108.48,2037238.9,-36.5
SM-08-B2,50,480108.48,2037238.9,-36.95
SM-60-P1,50,477583.84,2036816.3,-18.055
SM-60-P1,50,477583.84,2036816.3,-18.28
SM-60-P1,50,477583.84,2036816.3,-18.505
SM-60-P1,50,477583.84,2036816.3,-18.73
SM-60-P1,50,477583.84,2036816.3,-18.955
SM-60-P1,50,477583.84,2036816.3,-19.18
SM-60-P1,50,477583.84,2036816.3,-19.405
SM-60-P1,50,477583.84,2036816.3,-19.63
SM-60-P1,50,477583.84,2036816.3,-19.855
SM-60-P1,50,477583.84,2036816.3,-20.08
SM-60-P1,50,477583.84,2036816.3,-20.305
SM-18-P1,50,477502.42,2036933.38,-21.945
SM-18-P1,50,477502.42,2036933.38,-47.145
SM-18-P1,50,477502.42,2036933.38,-47.37
SM-18-P1,50,477502.42,2036933.38,-47.595
SM-18-P1,50,477502.42,2036933.38,-47.82
SM-18-P1,50,477502.42,2036933.38,-48.045
SM-18-P1,50,477502.42,2036933.38,-48.27
SM-18-P1,50,477502.42,2036933.38,-48.495
SM-18-P1,50,477502.42,2036933.38,-49.395
SM-18-P1,50,477502.42,2036933.38,-49.62
SM-18-P1,50,477502.42,2036933.38,-49.845
SM-18-P1,50,477502.42,2036933.38,-50.07
SM-18-P1,50,477502.42,2036933.38,-50.295
SM-18-P1,50,477502.42,2036933.38,-50.52
SM-18-P1,50,477502.42,2036933.38,-50.745
SM-18-P1,50,477502.42,2036933.38,-50.97
SM-18-P1,50,477502.42,2036933.38,-51.195
SM-18-P1,50,477502.42,2036933.38,-51.42
SM-18-P1,50,477502.42,2036933.38,-51.645
SM-18-P1,50,477502.42,2036933.38,-51.87
SM-18-P1,50,477502.42,2036933.38,-52.095
SM-18-P1,50,477502.42,2036933.38,-54.345
SM-18-P1,50,477502.42,2036933.38,-54.57
SM-18-P1,50,477502.42,2036933.38,-54.795
SM-18-P1,50,477502.42,2036933.38,-55.02
SM-18-P1,50,477502.42,2036933.38,-55.245
SM-18-P1,50,477502.42,2036933.38,-55.47
SM-18-P1,50,477502.42,2036933.38,-55.695
SM-18-P1,50,477502.42,2036933.38,-55.92
SM-18-P1,50,477502.42,2036933.38,-56.145
SM-18-P1,50,477502.42,2036933.38,-57.495
SM-18-P1,50,477502.42,2036933.38,-59.745
SM-18-P1,50,477502.42,2036933.38,-59.97
SM-18-P1,50,477502.42,2036933.38,-60.195
SM-18-P1,50,477502.42,2036933.38,-61.095
SM-18-P1,50,477502.42,2036933.38,-61.32
SM-18-P1,50,477502.42,2036933.38,-61.545
SM-18-P1,50,477502.42,2036933.38,-61.77
SM-18-P1,50,477502.42,2036933.38,-61.995
SM-18-P1,50,477502.42,2036933.38,-63.345
SM-18-P1,50,477502.42,2036933.38,-63.57
SM-18-P1,50,477502.42,2036933.38,-63.795
SM-18-P1,50,477502.42,2036933.38,-64.02
SM-18-P1,50,477502.42,2036933.38,-64.245
SM-18-P1,50,477502.42,2036933.38,-64.47
SM-18-P1,50,477502.42,2036933.38,-64.695
SM-18-P1,50,477502.42,2036933.38,-64.92
SM-18-P1,50,477502.42,2036933.38,-65.145
SM-18-P1,50,477502.42,2036933.38,-65.37
SM-18-P1,50,477502.42,2036933.38,-65.595
SM-18-P1,50,477502.42,2036933.38,-65.82
SM-18-P1,50,477502.42,2036933.38,-66.045
SM-18-P1,50,477502.42,2036933.38,-66.27
SM-18-P1,50,477502.42,2036933.38,-66.495
SM-18-P1,50,477502.42,2036933.38,-68.745
SM-18-P1,50,477502.42,2036933.38,-68.97
SM-18-P1,50,477502.42,2036933.38,-69.195
SM-18-P1,50,477502.42,2036933.38,-69.42
SM-18-P1,50,477502.42,2036933.38,-69.645
SM-18-P1,50,477502.42,2036933.38,-69.87
SM-18-P1,50,477502.42,2036933.38,-70.095
SM-18-P1,50,477502.42,2036933.38,-70.32
SM-18-P1,50,477502.42,2036933.38,-70.545
SM-18-P1,50,477502.42,2036933.38,-70.77
SM-18-P1,50,477502.42,2036933.38,-70.995
SM-18-P1,50,477502.42,2036933.38,-71.22
SM-18-P1,50,477502.42,2036933.38,-71.445
SM-18-P1,50,477502.42,2036933.38,-71.67
SM-18-P1,50,477502.42,2036933.38,-71.87
SM-18-P1,50,477502.42,2036933.38,-72.325
SM-18-P1,50,477502.42,2036933.38,-72.78
SM-18-P1,50,477502.42,2036933.38,-73.22
SM-18-P1,50,477502.42,2036933.38,-73.695
SM-18-P1,50,477502.42,2036933.38,-73.92
SM-18-P1,50,477502.42,2036933.38,-74.145
SM-18-P1,50,477502.42,2036933.38,-74.37
SM-18-P1,50,477502.42,2036933.38,-74.595
SM-18-P1,50,477502.42,2036933.38,-74.82
SM-18-P1,50,477502.42,2036933.38,-75.02
SM-18-P1,50,477502.42,2036933.38,-75.47
SM-18-P1,50,477502.42,2036933.38,-75.945
SM-18-P1,50,477502.42,2036933.38,-76.17
SM-18-P1,50,477502.42,2036933.38,-76.395
SM-18-P1,50,477502.42,2036933.38,-76.62
SM-18-P1,50,477502.42,2036933.38,-76.845
SM-09-B1,9.5,477265.19,2036624.23,3.26
SM-09-B1,7,477265.19,2036624.23,3.035
SM-09-B1,5.5,477265.19,2036624.23,2.81
SM-09-B1,4,477265.19,2036624.23,2.585
SM-09-B1,8.5,477265.19,2036624.23,2.36
SM-09-B1,13,477265.19,2036624.23,2.135
SM-09-B1,12.5,477265.19,2036624.23,1.91
SM-09-B1,12,477265.19,2036624.23,1.685
SM-09-B1,19.5,477265.19,2036624.23,1.46
SM-09-B1,27,477265.19,2036624.23,1.235
SM-09-B1,16,477265.19,2036624.23,1.01
SM-09-B1,5,477265.19,2036624.23,0.785
SM-09-B1,6.5,477265.19,2036624.23,0.56
SM-09-B1,8,477265.19,2036624.23,0.335
SM-09-B1,6.5,477265.19,2036624.23,0.11
SM-09-B1,5,477265.19,2036624.23,-0.115
SM-09-B1,4,477265.19,2036624.23,-0.34
SM-09-B1,3,477265.19,2036624.23,-0.565
SM-09-B1,5,477265.19,2036624.23,-0.79
SM-67-P1,50,477857.4,2036377.24,-42.245
SM-67-P1,50,477857.4,2036377.24,-42.47
SM-67-P1,50,477857.4,2036377.24,-42.695
SM-67-P1,50,477857.4,2036377.24,-47.195
SM-67-P1,50,477857.4,2036377.24,-47.42
SM-67-P1,50,477857.4,2036377.24,-47.645
SM-67-P1,50,477857.4,2036377.24,-47.87
SM-67-P1,50,477857.4,2036377.24,-48.095
SM-05-B1,5,478828.2306,2036140.498,1.132
SM-05-B1,7,478828.2306,2036140.498,0.907
SM-05-B1,7.5,478828.2306,2036140.498,0.682
SM-05-B1,8,478828.2306,2036140.498,0.457
SM-05-B1,8.5,478828.2306,2036140.498,0.232
SM-05-B1,9,478828.2306,2036140.498,0.007
SM-05-B1,9.5,478828.2306,2036140.498,-0.218
SM-05-B1,10,478828.2306,2036140.498,-0.443
SM-05-B1,6.5,478828.2306,2036140.498,-0.668
SM-05-B1,3,478828.2306,2036140.498,-0.893
SM-05-B1,4.5,478828.2306,2036140.498,-1.118
SM-35 P2,50,,,-20.925
SM-35 P2,50,,,-28.125
SM-35 P2,50,,,-31.725
SM-35 P2,50,,,-32.625
SM-35 P2,50,,,-37.125
SM-35 P2,50,,,-37.35
SM-35 P2,50,,,-37.575
SM-35 P2,50,,,-37.8
SM-35 P2,50,,,-38.025
SM-35 P2,50,,,-38.925
SM-35 P2,50,,,-39.825
SM-35 P2,50,,,-40.05
SM-35 P2,50,,,-40.275
SM-35 P2,50,,,-41.175
SM-35 P2,50,,,-41.4
SM-35 P2,50,,,-41.625
SM-35 P2,50,,,-41.85
SM-35 P2,50,,,-42.075
SM-35 P2,50,,,-42.3
SM-35 P2,50,,,-42.525
SM-35 P2,50,,,-42.75
SM-35 P2,50,,,-42.975
SM-35 P2,50,,,-43.875
SM-35 P2,50,,,-45.675
SM-35 P2,50,,,-45.9
SM-35 P2,50,,,-46.125
SM-35 P2,50,,,-48.375
SM-35 P2,50,,,-48.6
SM-35 P2,50,,,-48.825
SM-35 P2,50,,,-49.725
SM-35 P2,50,,,-49.95
SM-35 P2,50,,,-50.175
SM-35 P2,50,,,-50.4
SM-35 P2,50,,,-50.625
SM-35 P2,50,,,-50.85
SM-35 P2,50,,,-51.075
SM-35 P2,50,,,-51.3
SM-35 P2,50,,,-51.525
SM-35 P2,50,,,-51.75
SM-35 P2,50,,,-51.975
SM-35 P2,50,,,-52.2
SM-35 P2,50,,,-52.425
SM-35 P2,50,,,-52.65
SM-35 P2,50,,,-52.875
SM-35 P2,50,,,-54.675
SM-35 P2,50,,,-54.9
SM-35 P2,50,,,-55.125
SM-35 P2,50,,,-55.35
SM-35 P2,50,,,-55.575
SM-35 P2,50,,,-56.925
SM-35 P2,50,,,-57.15
SM-35 P2,50,,,-57.375
SM-35 P2,50,,,-57.6
SM-35 P2,50,,,-57.825
SM-35 P2,50,,,-58.05
SM-35 P2,50,,,-58.275
SM-35 P2,50,,,-58.5
SM-35 P2,50,,,-58.725
SM-62 P2,50,,,-26.325
SM-62 P2,50,,,-26.55
SM-62 P2,50,,,-26.775
SM-62 P2,50,,,-27
SM-62 P2,50,,,-27.225
SM-62 P2,50,,,-27.45
SM-62 P2,50,,,-27.675
SM-62 P2,50,,,-33.075
SM-62 P2,50,,,-33.3
SM-62 P2,50,,,-33.525
SM-62 P2,50,,,-34.875
SM-62 P2,50,,,-40.275
SM-62 P2,50,,,-41.175
SM-62 P2,50,,,-41.4
SM-62 P2,50,,,-41.625
SM-62 P2,50,,,-45.225
SM-62 P2,50,,,-45.45
SM-62 P2,50,,,-45.675
SM-62 P2,50,,,-45.9
SM-62 P2,50,,,-46.125
SM-62 P2,50,,,-46.35
SM-62 P2,50,,,-46.575
SM-62 P2,50,,,-46.8
SM-62 P2,50,,,-47.025
SM-62 P2,50,,,-47.25
SM-62 P2,50,,,-47.475
SM-62 P2,50,,,-47.7
SM-62 P2,50,,,-47.925
SM-62 P2,50,,,-48.15
SM-62 P2,50,,,-48.375
SM-62 P2,50,,,-48.6
SM-62 P2,50,,,-48.825
SM-62 P2,50,,,-49.575
SM-62 P2,50,,,-50.1
SM-72-P2,50,479543.59,2036219.22,0.965
SM-72-P2,50,479543.59,2036219.22,-19.285
SM-72-P2,50,479543.59,2036219.22,-19.51
SM-72-P2,50,479543.59,2036219.22,-19.735
SM-72-P2,50,479543.59,2036219.22,-23.785
SM-72-P2,50,479543.59,2036219.22,-24.01
SM-72-P2,50,479543.59,2036219.22,-24.235
SM-72-P2,50,479543.59,2036219.22,-24.46
SM-72-P2,50,479543.59,2036219.22,-24.685
SM-72-P2,50,479543.59,2036219.22,-24.91
SM-72-P2,50,479543.59,2036219.22,-25.135
SM-72-P2,50,479543.59,2036219.22,-25.36
SM-72-P2,50,479543.59,2036219.22,-25.585
SM-72-P2,50,479543.59,2036219.22,-25.81
SM-72-P2,50,479543.59,2036219.22,-26.035
SM-72-P2,50,479543.59,2036219.22,-26.26
SM-72-P2,50,479543.59,2036219.22,-26.485
SM-72-P2,50,479543.59,2036219.22,-26.71
SM-72-P2,50,479543.59,2036219.22,-26.935
SM-72-P2,50,479543.59,2036219.22,-27.16
SM-72-P2,50,479543.59,2036219.22,-27.385
SM-72-P2,50,479543.59,2036219.22,-29.185
SM-72-P2,50,479543.59,2036219.22,-29.41
SM-72-P2,50,479543.59,2036219.22,-29.635
SM-72-P2,50,479543.59,2036219.22,-29.86
SM-72-P2,50,479543.59,2036219.22,-30.085
SM-72-P2,50,479543.59,2036219.22,-30.31
SM-72-P2,50,479543.59,2036219.22,-30.46
SM-72-P2,50,479543.59,2036219.22,-30.985
SM-72-P2,50,479543.59,2036219.22,-31.21
SM-72-P2,50,479543.59,2036219.22,-31.435
SM-72-P2,50,479543.59,2036219.22,-31.66
SM-72-P2,50,479543.59,2036219.22,-31.885
SM-72-P2,50,479543.59,2036219.22,-32.11
SM-72-P2,50,479543.59,2036219.22,-32.335
SM-72-P2,50,479543.59,2036219.22,-32.56
SM-72-P2,50,479543.59,2036219.22,-32.785
SM-72-P2,50,479543.59,2036219.22,-33.01
SM-72-P2,50,479543.59,2036219.22,-33.235
SM-72-P2,50,479543.59,2036219.22,-33.46
SM-72-P2,50,479543.59,2036219.22,-33.685
SM-72-P2,50,479543.59,2036219.22,-33.91
SM-72-P2,50,479543.59,2036219.22,-34.135
SM-72-P2,50,479543.59,2036219.22,-34.36
SM-72-P2,50,479543.59,2036219.22,-34.585
SM-72-P2,50,479543.59,2036219.22,-34.81
SM-72-P2,50,479543.59,2036219.22,-35.035
SM-72-P2,50,479543.59,2036219.22,-35.935
SM-72-P2,50,479543.59,2036219.22,-36.16
SM-72-P2,50,479543.59,2036219.22,-36.285
SM-72-P2,50,479543.59,2036219.22,-36.75
SM-72-P2,50,479543.59,2036219.22,-37.2
SM-72-P2,50,479543.59,2036219.22,-38.11
SM-72-P2,50,479543.59,2036219.22,-38.545
SM-72-P2,50,479543.59,2036219.22,-39.085
SM-72-P2,50,479543.59,2036219.22,-39.31
SM-72-P2,50,479543.59,2036219.22,-39.535
SM-72-P2,50,479543.59,2036219.22,-39.76
SM-72-P2,50,479543.59,2036219.22,-39.985
SM-72-P2,50,479543.59,2036219.22,-40.21
SM-72-P2,50,479543.59,2036219.22,-40.435
SM-72-P2,50,479543.59,2036219.22,-40.66
SM-72-P2,50,479543.59,2036219.22,-40.885
SM-72-P2,50,479543.59,2036219.22,-41.11
SM-72-P2,50,479543.59,2036219.22,-41.335
SM-72-P2,50,479543.59,2036219.22,-41.56
SM-72-P2,50,479543.59,2036219.22,-41.785
SM-72-P2,50,479543.59,2036219.22,-42.01
SM-72-P2,50,479543.59,2036219.22,-42.235
SM-72-P2,50,479543.59,2036219.22,-42.46
SM-72-P2,50,479543.59,2036219.22,-42.685
SM-72-P2,50,479543.59,2036219.22,-42.91
SM-72-P2,50,479543.59,2036219.22,-43.135
SM-72-P2,50,479543.59,2036219.22,-43.36
SM-72-P2,50,479543.59,2036219.22,-43.585
SM-72-P2,50,479543.59,2036219.22,-43.81
SM-72-P2,50,479543.59,2036219.22,-44.035
SM-72-P2,50,479543.59,2036219.22,-44.26
SM-72-P2,50,479543.59,2036219.22,-44.485
SM-72-P2,50,479543.59,2036219.22,-44.71
SM-72-P2,50,479543.59,2036219.22,-44.935
SM-72-P2,50,479543.59,2036219.22,-45.16
SM-72-P2,50,479543.59,2036219.22,-45.31
SM-72-P2,50,479543.59,2036219.22,-45.735
SM-72-P2,50,479543.59,2036219.22,-46.195
SM-72-P2,50,479543.59,2036219.22,-46.66
SM-72-P2,50,479543.59,2036219.22,-47.185
SM-72-P2,50,479543.59,2036219.22,-47.41
SM-72-P2,50,479543.59,2036219.22,-47.635
SM-72-P2,50,479543.59,2036219.22,-47.86
SM-72-P2,50,479543.59,2036219.22,-48.085
SM-72-P2,50,479543.59,2036219.22,-48.31
SM-72-P2,50,479543.59,2036219.22,-48.535
SM-72-P2,50,479543.59,2036219.22,-48.76
SM-72-P2,50,479543.59,2036219.22,-48.985
SM-02-B1,50,479959.6533,2036162.012,-24.331
SM-02-B1,50,479959.6533,2036162.012,-24.556
SM-02-B1,50,479959.6533,2036162.012,-24.781
SM-02-B1,50,479959.6533,2036162.012,-26.131
SM-02-B1,50,479959.6533,2036162.012,-26.356
SM-02-B1,50,479959.6533,2036162.012,-26.581
SM-02-B1,50,479959.6533,2036162.012,-29.731
SM-02-B1,50,479959.6533,2036162.012,-29.956
SM-02-B1,50,479959.6533,2036162.012,-30.181
SM-02-B1,50,479959.6533,2036162.012,-31.531
SM-02-B1,50,479959.6533,2036162.012,-31.756
SM-02-B1,50,479959.6533,2036162.012,-31.981
SM-02-B1,50,479959.6533,2036162.012,-32.881
SM-02-B1,50,479959.6533,2036162.012,-33.781
SM-19-P1,50,477471.6,2036261.55,-26.745
SM-19-P1,50,477471.6,2036261.55,-26.97
SM-19-P1,50,477471.6,2036261.55,-27.195
SM-19-P1,50,477471.6,2036261.55,-27.42
SM-19-P1,50,477471.6,2036261.55,-27.645
SM-19-P1,50,477471.6,2036261.55,-27.87
SM-19-P1,50,477471.6,2036261.55,-28.095
SM-19-P1,50,477471.6,2036261.55,-28.32
SM-19-P1,50,477471.6,2036261.55,-28.46
SM-19-P1,50,477471.6,2036261.55,-28.995
SM-19-P1,50,477471.6,2036261.55,-29.22
SM-19-P1,50,477471.6,2036261.55,-29.445
SM-19-P1,50,477471.6,2036261.55,-37.095
SM-19-P1,50,477471.6,2036261.55,-37.98
SM-19-P1,50,477471.6,2036261.55,-38.895
SM-19-P1,50,477471.6,2036261.55,-39.775
SM-19-P1,50,477471.6,2036261.55,-42.045
SM-19-P1,50,477471.6,2036261.55,-42.945
SM-19-P1,50,477471.6,2036261.55,-43.17
SM-19-P1,50,477471.6,2036261.55,-43.395
SM-19-P1,50,477471.6,2036261.55,-43.62
SM-19-P1,50,477471.6,2036261.55,-43.845
SM-19-P1,50,477471.6,2036261.55,-45.645
SM-19-P1,50,477471.6,2036261.55,-46.545
SM-19-P1,50,477471.6,2036261.55,-47.445
SM-19-P1,50,477471.6,2036261.55,-47.67
SM-19-P1,50,477471.6,2036261.55,-47.895
SM-19-P1,50,477471.6,2036261.55,-48.12
SM-19-P1,50,477471.6,2036261.55,-48.345
SM-19-P1,50,477471.6,2036261.55,-48.57
SM-19-P1,50,477471.6,2036261.55,-48.795
SM-19-P1,50,477471.6,2036261.55,-49.02
SM-19-P1,50,477471.6,2036261.55,-49.245
SM-19-P1,50,477471.6,2036261.55,-49.47
SM-19-P1,50,477471.6,2036261.55,-49.695
SM-19-P1,50,477471.6,2036261.55,-49.92
SM-19-P1,50,477471.6,2036261.55,-50.145
SM-19-P1,50,477471.6,2036261.55,-51.485
SM-19-P1,50,477471.6,2036261.55,-51.935
SM-19-P1,50,477471.6,2036261.55,-52.28
SM-19-P1,50,477471.6,2036261.55,-52.82
SM-19-P1,50,477471.6,2036261.55,-53.14
SM-19-P1,50,477471.6,2036261.55,-53.66
SM-19-P1,50,477471.6,2036261.55,-54.1
SM-19-P1,50,477471.6,2036261.55,-54.49
SM-19-P1,50,477471.6,2036261.55,-55
SM-19-P1,50,477471.6,2036261.55,-55.445
SM-19-P1,50,477471.6,2036261.55,-55.825
SM-19-P1,50,477471.6,2036261.55,-56.36
SM-19-P1,50,477471.6,2036261.55,-56.895
SM-19-P1,50,477471.6,2036261.55,-57.12
SM-19-P1,50,477471.6,2036261.55,-57.345
SM-19-P1,50,477471.6,2036261.55,-58.245
SM-19-P1,50,477471.6,2036261.55,-58.47
SM-19-P1,50,477471.6,2036261.55,-59.055
SM-19-P1,50,477471.6,2036261.55,-59.515
SM-19-P1,50,477471.6,2036261.55,-60.015
SM-19-P1,50,477471.6,2036261.55,-60.48
SM-19-P1,50,477471.6,2036261.55,-60.925
SM-19-P1,50,477471.6,2036261.55,-61.32
SM-19-P1,50,477471.6,2036261.55,-61.785
SM-19-P1,50,477471.6,2036261.55,-62.215
SM-19-P1,50,477471.6,2036261.55,-62.615
SM-19-P1,50,477471.6,2036261.55,-63.105
SM-19-P1,50,477471.6,2036261.55,-63.51
SM-19-P1,50,477471.6,2036261.55,-64.125
SM-19-P1,50,477471.6,2036261.55,-64.335
SM-19-P1,50,477471.6,2036261.55,-64.515
SM-19-P1,50,477471.6,2036261.55,-64.89
SM-19-P1,50,477471.6,2036261.55,-65.35
SM-19-P1,50,477471.6,2036261.55,-65.895
SM-19-P1,50,477471.6,2036261.55,-66.12
SM-19-P1,50,477471.6,2036261.55,-66.345
SM-19-P1,50,477471.6,2036261.55,-66.57
SM-19-P1,50,477471.6,2036261.55,-66.715
SM-19-P1,50,477471.6,2036261.55,-67.16
SM-19-P1,50,477471.6,2036261.55,-67.61
SM-19-P1,50,477471.6,2036261.55,-68.06
SM-19-P1,50,477471.6,2036261.55,-68.585
SM-19-P1,50,477471.6,2036261.55,-69.01
SM-19-P1,50,477471.6,2036261.55,-69.47
SM-19-P1,50,477471.6,2036261.55,-69.925
SM-19-P1,50,477471.6,2036261.55,-70.31
SM-19-P1,50,477471.6,2036261.55,-70.76
SM-19-P1,50,477471.6,2036261.55,-71.215
SM-19-P1,50,477471.6,2036261.55,-71.65
SM-19-P1,50,477471.6,2036261.55,-72.155
SM-19-P1,50,477471.6,2036261.55,-72.63
SM-19-P1,50,477471.6,2036261.55,-73.005
SM-19-P1,50,477471.6,2036261.55,-73.525
SM-19-P1,50,477471.6,2036261.55,-73.985
SM-19-P1,50,477471.6,2036261.55,-74.445
SM-19-P1,50,477471.6,2036261.55,-74.67
SM-19-P1,50,477471.6,2036261.55,-74.805
SM-19-P1,50,477471.6,2036261.55,-75.345
SM-19-P1,50,477471.6,2036261.55,-75.57
SM-19-P1,50,477471.6,2036261.55,-75.785
SM-19-P1,50,477471.6,2036261.55,-76.085
SM-19-P1,50,477471.6,2036261.55,-76.695
SM-19-P1,50,477471.6,2036261.55,-76.92
SM-19-P1,50,477471.6,2036261.55,-77.145
SM-19-P1,50,477471.6,2036261.55,-78.495
SM-19-P1,50,477471.6,2036261.55,-78.72
SM-19-P1,50,477471.6,2036261.55,-78.945
SM-19-P1,50,477471.6,2036261.55,-80.295
SM-51-P1,50,477639.95,2037631.92,-31.125
SM-51-P1,50,477639.95,2037631.92,-31.35
SM-51-P1,50,477639.95,2037631.92,-31.575
SM-51-P1,50,477639.95,2037631.92,-31.8
SM-51-P1,50,477639.95,2037631.92,-32.025
SM-51-P1,50,477639.95,2037631.92,-33.825
SM-51-P1,50,477639.95,2037631.92,-34.05
SM-51-P1,50,477639.95,2037631.92,-34.275
SM-51-P1,50,477639.95,2037631.92,-35.175
SM-51-P1,50,477639.95,2037631.92,-58.575
SM-51-P1,50,477639.95,2037631.92,-58.8
SM-51-P1,50,477639.95,2037631.92,-59.025
SM-51-P1,50,477639.95,2037631.92,-59.25
SM-51-P1,50,477639.95,2037631.92,-59.475
SM-51-P1,50,477639.95,2037631.92,-59.7
SM-51-P1,50,477639.95,2037631.92,-59.925
SM-51-P1,50,477639.95,2037631.92,-60.825
SM-36-P2,50,478362.19,2036503.28,-15.805
SM-36-P2,50,478362.19,2036503.28,-36.055
SM-36-P2,50,478362.19,2036503.28,-39.205
SM-36-P2,50,478362.19,2036503.28,-39.43
SM-36-P2,50,478362.19,2036503.28,-39.655
SM-36-P2,50,478362.19,2036503.28,-39.88
SM-36-P2,50,478362.19,2036503.28,-40.105
SM-36-P2,50,478362.19,2036503.28,-41.005
SM-36-P2,50,478362.19,2036503.28,-41.905
SM-36-P2,50,478362.19,2036503.28,-42.13
SM-36-P2,50,478362.19,2036503.28,-42.355
SM-36-P2,50,478362.19,2036503.28,-42.58
SM-36-P2,50,478362.19,2036503.28,-42.805
SM-36-P2,50,478362.19,2036503.28,-43.705
SM-36-P2,50,478362.19,2036503.28,-44.605
SM-36-P2,50,478362.19,2036503.28,-44.83
SM-36-P2,50,478362.19,2036503.28,-45.055
SM-36-P2,50,478362.19,2036503.28,-45.28
SM-36-P2,50,478362.19,2036503.28,-45.43
SM-36-P2,50,478362.19,2036503.28,-46.3
SM-36-P2,50,478362.19,2036503.28,-46.855
SM-36-P2,50,478362.19,2036503.28,-47.08
SM-36-P2,50,478362.19,2036503.28,-47.305
SM-36-P2,50,478362.19,2036503.28,-47.53
SM-36-P2,50,478362.19,2036503.28,-47.755
SM-10-B2,50,480515.3,2036275.1,-16.205
SM-10-B2,50,480515.3,2036275.1,-22.055
SM-10-B2,50,480515.3,2036275.1,-24.305
SM-10-B2,50,480515.3,2036275.1,-24.53
SM-10-B2,50,480515.3,2036275.1,-24.755
SM-10-B2,50,480515.3,2036275.1,-26.105
SM-10-B2,50,480515.3,2036275.1,-26.33
SM-10-B2,50,480515.3,2036275.1,-26.555
SM-10-B2,50,480515.3,2036275.1,-26.78
SM-10-B2,50,480515.3,2036275.1,-27.005
SM-10-B2,50,480515.3,2036275.1,-33.305
SM-10-B2,50,480515.3,2036275.1,-35.555
SM-10-B2,50,480515.3,2036275.1,-35.78
SM-10-B2,50,480515.3,2036275.1,-36.005
SM-10-B2,50,480515.3,2036275.1,-36.905
SM-10-B2,50,480515.3,2036275.1,-38.705
SM-10-B2,50,480515.3,2036275.1,-40.055
SM-10-B2,50,480515.3,2036275.1,-40.28
SM-10-B2,50,480515.3,2036275.1,-40.505
SM-10-B2,50,480515.3,2036275.1,-40.73
SM-10-B2,50,480515.3,2036275.1,-40.955
SM-10-B2,50,480515.3,2036275.1,-42.305
SM-07-B1,50,477905.7673,2036203.22,-19.3914
SM-07-B1,50,477905.7673,2036203.22,-19.6164
SM-07-B1,50,477905.7673,2036203.22,-19.8414
SM-07-B1,50,477905.7673,2036203.22,-20.0664
SM-07-B1,50,477905.7673,2036203.22,-20.2914
SM-07-B1,50,477905.7673,2036203.22,-21.6414
SM-07-B1,50,477905.7673,2036203.22,-24.3414
SM-07-B1,50,477905.7673,2036203.22,-24.5664
SM-07-B1,50,477905.7673,2036203.22,-24.7914
SM-07-B1,50,477905.7673,2036203.22,-25.0164
SM-07-B1,50,477905.7673,2036203.22,-25.2414
SM-07-B1,50,477905.7673,2036203.22,-25.4664
SM-07-B1,50,477905.7673,2036203.22,-25.6914
SM-07-B1,50,477905.7673,2036203.22,-27.0414
SM-55-P2,50,479329.18,2037687.79,-14.665
SM-55-P2,50,479329.18,2037687.79,-30.415
SM-55-P2,50,479329.18,2037687.79,-34.015
SM-55-P2,50,479329.18,2037687.79,-34.24
SM-55-P2,50,479329.18,2037687.79,-34.465
SM-55-P2,50,479329.18,2037687.79,-35.815
SM-55-P2,50,479329.18,2037687.79,-40.315
SM-55-P2,50,479329.18,2037687.79,-41.215
SM-55-P2,50,479329.18,2037687.79,-42.565
SM-55-P2,50,479329.18,2037687.79,-42.79
SM-55-P2,50,479329.18,2037687.79,-43.015
SM-55-P2,50,479329.18,2037687.79,-43.24
SM-55-P2,50,479329.18,2037687.79,-43.465
SM-55-P2,50,479329.18,2037687.79,-47.515
SM-55-P2,50,479329.18,2037687.79,-47.74
SM-55-P2,50,479329.18,2037687.79,-47.965
SM-55-P2,50,479329.18,2037687.79,-48.19
SM-55-P2,50,479329.18,2037687.79,-48.415
SM-55-P2,50,479329.18,2037687.79,-48.64
SM-55-P2,50,479329.18,2037687.79,-48.865
SM-55-P2,50,479329.18,2037687.79,-49.09
SM-55-P2,50,479329.18,2037687.79,-49.315
SM-55-P2,50,479329.18,2037687.79,-49.54
SM-55-P2,50,479329.18,2037687.79,-49.765
SM-25-P2,50,479793.28,2037531.65,-13.775
SM-25-P2,50,479793.28,2037531.65,-14.675
SM-25-P2,50,479793.28,2037531.65,-22.775
SM-25-P2,50,479793.28,2037531.65,-23.675
SM-25-P2,50,479793.28,2037531.65,-24.575
SM-25-P2,50,479793.28,2037531.65,-24.8
SM-25-P2,50,479793.28,2037531.65,-25.025
SM-25-P2,50,479793.28,2037531.65,-25.25
SM-25-P2,50,479793.28,2037531.65,-25.475
SM-25-P2,50,479793.28,2037531.65,-25.7
SM-25-P2,50,479793.28,2037531.65,-25.925
SM-25-P2,50,479793.28,2037531.65,-26.15
SM-25-P2,50,479793.28,2037531.65,-26.375
SM-25-P2,50,479793.28,2037531.65,-26.6
SM-25-P2,50,479793.28,2037531.65,-26.825
SM-25-P2,50,479793.28,2037531.65,-27.05
SM-25-P2,50,479793.28,2037531.65,-27.275
SM-25-P2,50,479793.28,2037531.65,-27.5
SM-25-P2,50,479793.28,2037531.65,-27.725
SM-25-P2,50,479793.28,2037531.65,-27.95
SM-25-P2,50,479793.28,2037531.65,-28.175
SM-25-P2,50,479793.28,2037531.65,-28.4
SM-25-P2,50,479793.28,2037531.65,-28.625
SM-25-P2,50,479793.28,2037531.65,-28.85
SM-25-P2,50,479793.28,2037531.65,-29.075
SM-25-P2,50,479793.28,2037531.65,-29.3
SM-25-P2,50,479793.28,2037531.65,-29.525
SM-25-P2,50,479793.28,2037531.65,-29.75
SM-25-P2,50,479793.28,2037531.65,-29.975
SM-25-P2,50,479793.28,2037531.65,-30.875
SM-25-P2,50,479793.28,2037531.65,-31.1
SM-25-P2,50,479793.28,2037531.65,-31.325
SM-25-P2,50,479793.28,2037531.65,-33.575
SM-25-P2,50,479793.28,2037531.65,-35.825
SM-25-P2,50,479793.28,2037531.65,-37.625
SM-25-P2,50,479793.28,2037531.65,-37.85
SM-25-P2,50,479793.28,2037531.65,-38.075
SM-25-P2,50,479793.28,2037531.65,-38.3
SM-25-P2,50,479793.28,2037531.65,-38.525
SM-25-P2,50,479793.28,2037531.65,-38.75
SM-25-P2,50,479793.28,2037531.65,-38.975
SM-25-P2,50,479793.28,2037531.65,-39.2
SM-25-P2,50,479793.28,2037531.65,-39.425
SM-25-P2,50,479793.28,2037531.65,-40.325
SM-25-P2,50,479793.28,2037531.65,-40.55
SM-25-P2,50,479793.28,2037531.65,-40.775
SM-25-P2,50,479793.28,2037531.65,-41
SM-25-P2,50,479793.28,2037531.65,-41.225
SM-25-P2,50,479793.28,2037531.65,-41.45
SM-25-P2,50,479793.28,2037531.65,-41.675
SM-25-P2,50,479793.28,2037531.65,-42.575
SM-25-P2,50,479793.28,2037531.65,-42.8
SM-25-P2,50,479793.28,2037531.65,-43.025
SM-25-P2,50,479793.28,2037531.65,-43.25
SM-25-P2,50,479793.28,2037531.65,-43.475
SM-25-P2,50,479793.28,2037531.65,-43.7
SM-25-P2,50,479793.28,2037531.65,-43.925
SM-25-P2,50,479793.28,2037531.65,-44.15
SM-25-P2,50,479793.28,2037531.65,-44.375
SM-25-P2,50,479793.28,2037531.65,-44.6
SM-25-P2,50,479793.28,2037531.65,-44.825
SM-25-P2,50,479793.28,2037531.65,-45.05
SM-25-P2,50,479793.28,2037531.65,-45.275
SM-25-P2,50,479793.28,2037531.65,-45.5
SM-25-P2,50,479793.28,2037531.65,-45.725
SM-25-P2,50,479793.28,2037531.65,-45.95
SM-25-P2,50,479793.28,2037531.65,-46.1
SM-25-P2,50,479793.28,2037531.65,-46.525
SM-25-P2,50,479793.28,2037531.65,-47.075
SM-25-P2,50,479793.28,2037531.65,-47.3
SM-25-P2,50,479793.28,2037531.65,-47.525
SM-25-P2,50,479793.28,2037531.65,-47.75
SM-25-P2,50,479793.28,2037531.65,-47.975
SM-25-P2,50,479793.28,2037531.65,-48.2
SM-25-P2,50,479793.28,2037531.65,-48.425
SM-25-P2,50,479793.28,2037531.65,-48.65
SM-25-P2,50,479793.28,2037531.65,-48.875
SM-06-B1,50,478330.36,2036080.3,-23.055
SM-06-B1,50,478330.36,2036080.3,-23.28
SM-06-B1,50,478330.36,2036080.3,-23.505
SM-66-P1,50,477629.99,2036277.02,-23.865
SM-66-P1,50,477629.99,2036277.02,-28.815
SM-66-P1,50,477629.99,2036277.02,-29.04
SM-66-P1,50,477629.99,2036277.02,-29.19
SM-66-P1,50,477629.99,2036277.02,-29.64
SM-66-P1,50,477629.99,2036277.02,-30.165
SM-66-P1,50,477629.99,2036277.02,-30.39
SM-66-P1,50,477629.99,2036277.02,-30.54
SM-66-P1,50,477629.99,2036277.02,-30.99
SM-66-P1,50,477629.99,2036277.02,-31.44
SM-66-P1,50,477629.99,2036277.02,-31.89
SM-66-P1,50,477629.99,2036277.02,-32.415
SM-66-P1,50,477629.99,2036277.02,-33.765
SM-66-P1,50,477629.99,2036277.02,-35.115
SM-66-P1,50,477629.99,2036277.02,-37.365
SM-66-P1,50,477629.99,2036277.02,-37.59
SM-66-P1,50,477629.99,2036277.02,-37.815
SM-66-P1,50,477629.99,2036277.02,-38.04
SM-66-P1,50,477629.99,2036277.02,-38.265
SM-66-P1,50,477629.99,2036277.02,-38.49
SM-66-P1,50,477629.99,2036277.02,-38.715
SM-66-P1,50,477629.99,2036277.02,-41.415
SM-66-P1,50,477629.99,2036277.02,-41.64
SM-66-P1,50,477629.99,2036277.02,-41.865
SM-66-P1,50,477629.99,2036277.02,-42.09
SM-66-P1,50,477629.99,2036277.02,-42.315
SM-66-P1,50,477629.99,2036277.02,-44.115
SM-66-P1,50,477629.99,2036277.02,-45.015
SM-66-P1,50,477629.99,2036277.02,-45.24
SM-66-P1,50,477629.99,2036277.02,-45.465
SM-66-P1,50,477629.99,2036277.02,-45.69
SM-66-P1,50,477629.99,2036277.02,-45.915
SM-52-P1,50,478098.81,2037573.26,-23.255
SM-52-P1,50,478098.81,2037573.26,-24.155
SM-52-P1,50,478098.81,2037573.26,-24.38
SM-52-P1,50,478098.81,2037573.26,-24.605
SM-52-P1,50,478098.81,2037573.26,-24.83
SM-52-P1,50,478098.81,2037573.26,-25.055
SM-52-P1,50,478098.81,2037573.26,-25.28
SM-52-P1,50,478098.81,2037573.26,-25.43
SM-52-P1,50,478098.81,2037573.26,-26.405
SM-52-P1,50,478098.81,2037573.26,-27.305
SM-52-P1,50,478098.81,2037573.26,-28.205
SM-52-P1,50,478098.81,2037573.26,-28.43
SM-52-P1,50,478098.81,2037573.26,-28.655
SM-52-P1,50,478098.81,2037573.26,-28.88
SM-52-P1,50,478098.81,2037573.26,-29.105
SM-52-P1,50,478098.81,2037573.26,-29.33
SM-52-P1,50,478098.81,2037573.26,-29.555
SM-52-P1,50,478098.81,2037573.26,-29.78
SM-52-P1,50,478098.81,2037573.26,-30.005
SM-52-P1,50,478098.81,2037573.26,-30.23
SM-52-P1,50,478098.81,2037573.26,-30.455
SM-52-P1,50,478098.81,2037573.26,-34.955
SM-52-P1,50,478098.81,2037573.26,-35.18
SM-52-P1,50,478098.81,2037573.26,-35.405
SM-52-P1,50,478098.81,2037573.26,-35.63
SM-52-P1,50,478098.81,2037573.26,-35.855
SM-52-P1,50,478098.81,2037573.26,-36.68
SM-52-P1,50,478098.81,2037573.26,-37.205
SM-52-P1,50,478098.81,2037573.26,-37.73
SM-52-P1,50,478098.81,2037573.26,-38.33
SM-52-P1,50,478098.81,2037573.26,-38.48
SM-52-P1,50,478098.81,2037573.26,-38.63
SM-52-P1,50,478098.81,2037573.26,-39.23
SM-52-P1,50,478098.81,2037573.26,-39.755
SM-52-P1,50,478098.81,2037573.26,-39.98
SM-52-P1,50,478098.81,2037573.26,-40.205
SM-52-P1,50,478098.81,2037573.26,-40.43
SM-52-P1,50,478098.81,2037573.26,-40.655
SM-52-P1,50,478098.81,2037573.26,-40.88
SM-52-P1,50,478098.81,2037573.26,-41.105
SM-52-P1,50,478098.81,2037573.26,-41.33
SM-52-P1,50,478098.81,2037573.26,-41.555
SM-52-P1,50,478098.81,2037573.26,-41.78
SM-52-P1,50,478098.81,2037573.26,-42.005
SM-52-P1,50,478098.81,2037573.26,-42.23
SM-52-P1,50,478098.81,2037573.26,-42.455
SM-52-P1,50,478098.81,2037573.26,-42.68
SM-52-P1,50,478098.81,2037573.26,-42.83
SM-52-P1,50,478098.81,2037573.26,-43.28
SM-52-P1,50,478098.81,2037573.26,-43.73
SM-52-P1,50,478098.81,2037573.26,-43.88
SM-52-P1,50,478098.81,2037573.26,-43.955
SM-52-P1,50,478098.81,2037573.26,-44.405
SM-52-P1,50,478098.81,2037573.26,-45.005
SM-52-P1,50,478098.81,2037573.26,-45.23
SM-52-P1,50,478098.81,2037573.26,-45.38
SM-52-P1,50,478098.81,2037573.26,-46.805
SM-52-P1,50,478098.81,2037573.26,-47.03
SM-52-P1,50,478098.81,2037573.26,-47.18
SM-10-B1,50,477226.3,2037121.54,-18.125
SM-10-B1,50,477226.3,2037121.54,-18.35
SM-10-B1,50,477226.3,2037121.54,-18.575
SM-10-B1,50,477226.3,2037121.54,-19.475
SM-10-B1,50,477226.3,2037121.54,-19.7
SM-10-B1,50,477226.3,2037121.54,-19.925
SM-10-B1,50,477226.3,2037121.54,-20.15
SM-10-B1,50,477226.3,2037121.54,-20.375
SM-10-B1,50,477226.3,2037121.54,-20.6
SM-10-B1,50,477226.3,2037121.54,-20.825
SM-10-B1,50,477226.3,2037121.54,-21.05
SM-10-B1,50,477226.3,2037121.54,-21.275
SM-10-B1,50,477226.3,2037121.54,-21.5
SM-10-B1,50,477226.3,2037121.54,-21.725
SM-10-B1,50,477226.3,2037121.54,-21.95
SM-10-B1,50,477226.3,2037121.54,-22.175
SM-53-P2,50,478414.1,2037512.4,-42.215
SM-53-P2,50,478414.1,2037512.4,-42.44
SM-53-P2,50,478414.1,2037512.4,-42.665
SM-53-P2,50,478414.1,2037512.4,-45.815
SM-53-P2,50,478414.1,2037512.4,-47.615
SM-53-P2,50,478414.1,2037512.4,-47.84
SM-53-P2,50,478414.1,2037512.4,-48.065
SM-53-P2,50,478414.1,2037512.4,-49.415
SM-53-P2,50,478414.1,2037512.4,-49.64
SM-53-P2,50,478414.1,2037512.4,-49.865
SM-53-P2,50,478414.1,2037512.4,-50.09
SM-53-P2,50,478414.1,2037512.4,-50.315
SM-53-P2,50,478414.1,2037512.4,-52.09
SM-53-P2,50,478414.1,2037512.4,-52.455
SM-53-P2,50,478414.1,2037512.4,-55.715
SM-53-P2,50,478414.1,2037512.4,-55.94
SM-53-P2,50,478414.1,2037512.4,-56.165
SM-53-P2,50,478414.1,2037512.4,-56.39
SM-53-P2,50,478414.1,2037512.4,-56.615
SM-53-P2,50,478414.1,2037512.4,-56.84
SM-53-P2,50,478414.1,2037512.4,-57.065
SM-53-P2,50,478414.1,2037512.4,-57.29
SM-53-P2,50,478414.1,2037512.4,-57.515
SM-53-P2,50,478414.1,2037512.4,-57.74
SM-53-P2,50,478414.1,2037512.4,-57.965
SM-53-P2,50,478414.1,2037512.4,-59.315
SM-14-P2,50,479685.63,2037378.89,-44.985
SM-14-P2,50,479685.63,2037378.89,-45.21
SM-14-P2,50,479685.63,2037378.89,-45.435
SM-14-P2,50,479685.63,2037378.89,-45.66
SM-14-P2,50,479685.63,2037378.89,-45.885
SM-14-P2,50,479685.63,2037378.89,-58.035
SM-14-P2,50,479685.63,2037378.89,-58.26
SM-14-P2,50,479685.63,2037378.89,-58.485
SM-14-P2,50,479685.63,2037378.89,-58.71
SM-14-P2,50,479685.63,2037378.89,-58.935
SM-14-P2,50,479685.63,2037378.89,-59.16
SM-14-P2,50,479685.63,2037378.89,-59.385
SM-14-P2,50,479685.63,2037378.89,-59.61
SM-14-P2,50,479685.63,2037378.89,-59.835
SM-14-P2,50,479685.63,2037378.89,-60.06
SM-14-P2,50,479685.63,2037378.89,-60.285
SM-14-P2,50,479685.63,2037378.89,-69.735
SM-14-P2,50,479685.63,2037378.89,-69.96
SM-14-P2,50,479685.63,2037378.89,-70.185
SM-14-P2,50,479685.63,2037378.89,-70.41
SM-14-P2,50,479685.63,2037378.89,-70.635
SM-14-P2,50,479685.63,2037378.89,-70.86
SM-14-P2,50,479685.63,2037378.89,-71.085
SM-14-P2,50,479685.63,2037378.89,-71.985
SM-14-P2,50,479685.63,2037378.89,-72.885
SM-14-P2,50,479685.63,2037378.89,-73.11
SM-14-P2,50,479685.63,2037378.89,-73.335
SM-14-P2,50,479685.63,2037378.89,-73.56
SM-14-P2,50,479685.63,2037378.89,-73.785
SM-14-P2,50,479685.63,2037378.89,-74.01
SM-14-P2,50,479685.63,2037378.89,-74.235
SM-14-P2,50,479685.63,2037378.89,-74.46
SM-14-P2,50,479685.63,2037378.89,-74.685
SM-14-P2,50,479685.63,2037378.89,-74.91
SM-14-P2,50,479685.63,2037378.89,-75.135
SM-14-P2,50,479685.63,2037378.89,-75.36
SM-14-P2,50,479685.63,2037378.89,-75.585
SM-14-P2,50,479685.63,2037378.89,-75.81
SM-14-P2,50,479685.63,2037378.89,-76.035
SM-14-P2,50,479685.63,2037378.89,-76.26
SM-14-P2,50,479685.63,2037378.89,-76.485
SM-14-P2,50,479685.63,2037378.89,-76.71
SM-14-P2,50,479685.63,2037378.89,-76.935
SM-14-P2,50,479685.63,2037378.89,-77.16
SM-14-P2,50,479685.63,2037378.89,-77.385
SM-14-P2,50,479685.63,2037378.89,-77.61
SM-14-P2,50,479685.63,2037378.89,-77.835
SM-14-P2,50,479685.63,2037378.89,-78.06
SM-14-P2,50,479685.63,2037378.89,-78.285
SM-14-P2,50,479685.63,2037378.89,-78.51
SM-14-P2,50,479685.63,2037378.89,-78.735
SM-14-P2,50,479685.63,2037378.89,-78.96
SM-14-P2,50,479685.63,2037378.89,-79.185
SM-14-P2,50,479685.63,2037378.89,-79.41
SM-14-P2,50,479685.63,2037378.89,-79.635
SM-14-P2,50,479685.63,2037378.89,-79.86
SM-14-P2,50,479685.63,2037378.89,-80.085
SM-14-P2,50,479685.63,2037378.89,-80.31
SM-14-P2,50,479685.63,2037378.89,-80.535
SM-14-P2,50,479685.63,2037378.89,-80.76
SM-14-P2,50,479685.63,2037378.89,-80.985
SM-14-P2,50,479685.63,2037378.89,-81.21
SM-14-P2,50,479685.63,2037378.89,-81.435
SM-14-P2,50,479685.63,2037378.89,-81.66
SM-14-P2,50,479685.63,2037378.89,-81.885
SM-14-P2,50,479685.63,2037378.89,-82.785
SM-14-P2,50,479685.63,2037378.89,-83.01
SM-14-P2,50,479685.63,2037378.89,-83.235
SM-14-P2,50,479685.63,2037378.89,-83.46
SM-14-P2,50,479685.63,2037378.89,-83.685
SM-37-P2,50,479213.08,2036499.92,-43.285
SM-44-P1,50,477193.08,2038327.98,-28.675
SM-44-P1,50,477189.844,2038327.449,-28.725
SM-44-P1,50,477193.08,2038327.98,-30.025
SM-44-P1,50,477189.844,2038327.449,-30.075
SM-44-P1,50,477193.08,2038327.98,-30.25
SM-44-P1,50,477189.844,2038327.449,-30.3
SM-44-P1,50,477193.08,2038327.98,-30.475
SM-44-P1,50,477189.844,2038327.449,-30.525
SM-44-P1,50,477193.08,2038327.98,-30.7
SM-44-P1,50,477189.844,2038327.449,-30.75
SM-44-P1,50,477193.08,2038327.98,-30.925
SM-44-P1,50,477189.844,2038327.449,-30.975
SM-44-P1,50,477193.08,2038327.98,-31.15
SM-44-P1,50,477189.844,2038327.449,-31.2
SM-44-P1,50,477193.08,2038327.98,-31.375
SM-44-P1,50,477189.844,2038327.449,-31.425
SM-44-P1,50,477193.08,2038327.98,-31.6
SM-44-P1,50,477189.844,2038327.449,-31.65
SM-44-P1,50,477193.08,2038327.98,-31.825
SM-44-P1,50,477189.844,2038327.449,-31.875
SM-44-P1,50,477193.08,2038327.98,-32.05
SM-44-P1,50,477189.844,2038327.449,-32.1
SM-44-P1,50,477193.08,2038327.98,-32.275
SM-44-P1,50,477189.844,2038327.449,-32.325
SM-44-P1,50,477193.08,2038327.98,-32.5
SM-44-P1,50,477189.844,2038327.449,-32.55
SM-44-P1,50,477193.08,2038327.98,-32.725
SM-44-P1,50,477189.844,2038327.449,-32.775
SM-44-P1,50,477193.08,2038327.98,-32.95
SM-44-P1,50,477189.844,2038327.449,-33
SM-44-P1,50,477193.08,2038327.98,-33.175
SM-44-P1,50,477189.844,2038327.449,-33.225
SM-44-P1,50,477193.08,2038327.98,-33.4
SM-44-P1,50,477189.844,2038327.449,-33.45
SM-44-P1,50,477193.08,2038327.98,-33.625
SM-44-P1,50,477189.844,2038327.449,-33.675
SM-44-P1,50,477193.08,2038327.98,-33.85
SM-44-P1,50,477189.844,2038327.449,-33.9
SM-44-P1,50,477193.08,2038327.98,-34.075
SM-44-P1,50,477189.844,2038327.449,-34.125
SM-44-P1,50,477193.08,2038327.98,-34.3
SM-44-P1,50,477189.844,2038327.449,-34.35
SM-44-P1,50,477193.08,2038327.98,-34.525
SM-44-P1,50,477189.844,2038327.449,-34.575
SM-44-P1,50,477193.08,2038327.98,-35.425
SM-44-P1,50,477189.844,2038327.449,-35.475
SM-44-P1,50,477193.08,2038327.98,-35.65
SM-44-P1,50,477189.844,2038327.449,-35.7
SM-44-P1,50,477193.08,2038327.98,-35.875
SM-44-P1,50,477189.844,2038327.449,-35.925
SM-44-P1,50,477193.08,2038327.98,-36.1
SM-44-P1,50,477189.844,2038327.449,-36.15
SM-44-P1,50,477193.08,2038327.98,-36.325
SM-44-P1,50,477189.844,2038327.449,-36.375
SM-44-P1,50,477193.08,2038327.98,-36.55
SM-44-P1,50,477189.844,2038327.449,-36.6
SM-44-P1,50,477193.08,2038327.98,-36.775
SM-44-P1,50,477189.844,2038327.449,-36.825
SM-44-P1,50,477193.08,2038327.98,-37
SM-44-P1,50,477189.844,2038327.449,-37.05
SM-44-P1,50,477193.08,2038327.98,-37.225
SM-44-P1,50,477189.844,2038327.449,-37.275
SM-44-P1,50,477193.08,2038327.98,-37.45
SM-44-P1,50,477189.844,2038327.449,-37.5
SM-44-P1,50,477193.08,2038327.98,-37.675
SM-44-P1,50,477189.844,2038327.449,-37.725
SM-44-P1,50,477193.08,2038327.98,-38.575
SM-44-P1,50,477189.844,2038327.449,-38.625
SM-44-P1,50,477193.08,2038327.98,-38.8
SM-44-P1,50,477189.844,2038327.449,-38.85
SM-44-P1,50,477193.08,2038327.98,-39.025
SM-44-P1,50,477189.844,2038327.449,-39.075
SM-44-P1,50,477193.08,2038327.98,-39.25
SM-44-P1,50,477189.844,2038327.449,-39.3
SM-44-P1,50,477193.08,2038327.98,-39.475
SM-44-P1,50,477189.844,2038327.449,-39.525
SM-44-P1,50,477193.08,2038327.98,-39.7
SM-44-P1,50,477189.844,2038327.449,-39.75
SM-44-P1,50,477193.08,2038327.98,-39.925
SM-44-P1,50,477189.844,2038327.449,-39.975
SM-44-P1,50,477193.08,2038327.98,-40.15
SM-44-P1,50,477189.844,2038327.449,-40.2
SM-44-P1,50,477193.08,2038327.98,-40.275
SM-44-P1,50,477189.844,2038327.449,-40.325
SM-44-P1,50,477193.08,2038327.98,-40.745
SM-44-P1,50,477189.844,2038327.449,-40.795
SM-44-P1,50,477193.08,2038327.98,-41.185
SM-44-P1,50,477189.844,2038327.449,-41.235
SM-44-P1,50,477193.08,2038327.98,-41.65
SM-44-P1,50,477189.844,2038327.449,-41.7
SM-44-P1,50,477193.08,2038327.98,-42.175
SM-44-P1,50,477189.844,2038327.449,-42.225
SM-44-P1,50,477193.08,2038327.98,-42.4
SM-44-P1,50,477189.844,2038327.449,-42.45
SM-44-P1,50,477193.08,2038327.98,-42.625
SM-44-P1,50,477189.844,2038327.449,-42.675
SM-44-P1,50,477193.08,2038327.98,-42.85
SM-44-P1,50,477189.844,2038327.449,-42.9
SM-44-P1,50,477193.08,2038327.98,-43.075
SM-44-P1,50,477189.844,2038327.449,-43.125
SM-44-P1,50,477193.08,2038327.98,-43.3
SM-44-P1,50,477189.844,2038327.449,-43.35
SM-44-P1,50,477193.08,2038327.98,-43.45
SM-44-P1,50,477189.844,2038327.449,-43.5
SM-44-P1,50,477193.08,2038327.98,-43.9
SM-44-P1,50,477189.844,2038327.449,-43.95
SM-44-P1,50,477193.08,2038327.98,-44.35
SM-44-P1,50,477189.844,2038327.449,-44.4
SM-44-P1,50,477193.08,2038327.98,-44.775
SM-44-P1,50,477189.844,2038327.449,-44.825
SM-44-P1,50,477193.08,2038327.98,-45.325
SM-44-P1,50,477189.844,2038327.449,-45.375
SM-44-P1,50,477193.08,2038327.98,-45.55
SM-44-P1,50,477189.844,2038327.449,-45.6
SM-44-P1,50,477193.08,2038327.98,-45.775
SM-44-P1,50,477189.844,2038327.449,-45.825
SM-44-P1,50,477193.08,2038327.98,-46
SM-44-P1,50,477189.844,2038327.449,-46.05
SM-44-P1,50,477193.08,2038327.98,-46.225
SM-44-P1,50,477189.844,2038327.449,-46.275
SM-44-P1,50,477193.08,2038327.98,-46.45
SM-44-P1,50,477189.844,2038327.449,-46.5
SM-44-P1,50,477193.08,2038327.98,-46.675
SM-44-P1,50,477189.844,2038327.449,-46.725
SM-44-P1,50,477193.08,2038327.98,-46.9
SM-44-P1,50,477189.844,2038327.449,-46.95
SM-44-P1,50,477193.08,2038327.98,-47.125
SM-44-P1,50,477189.844,2038327.449,-47.175
SM-44-P1,50,477193.08,2038327.98,-47.35
SM-44-P1,50,477189.844,2038327.449,-47.4
SM-44-P1,50,477193.08,2038327.98,-47.575
SM-44-P1,50,477189.844,2038327.449,-47.625
SM-70-P3,50,481498.09,2036695.19,1.845
SM-70-P3,50,481498.09,2036695.19,-4.455
SM-70-P3,50,481498.09,2036695.19,-17.505
SM-47-P1,50,478006.01,2038293.04,-6.77
SM-47-P1,50,478006.01,2038293.04,-7.295
SM-47-P1,50,478006.01,2038293.04,-7.52
SM-47-P1,50,478006.01,2038293.04,-7.745
SM-47-P1,50,478006.01,2038293.04,-7.97
SM-47-P1,50,478006.01,2038293.04,-8.195
SM-47-P1,50,478006.01,2038293.04,-8.42
SM-47-P1,50,478006.01,2038293.04,-8.645
SM-47-P1,50,478006.01,2038293.04,-8.87
SM-47-P1,50,478006.01,2038293.04,-9.095
SM-47-P1,50,478006.01,2038293.04,-9.32
SM-47-P1,50,478006.01,2038293.04,-9.545
SM-47-P1,50,478006.01,2038293.04,-9.77
SM-47-P1,50,478006.01,2038293.04,-9.995
SM-47-P1,50,478006.01,2038293.04,-10.22
SM-47-P1,50,478006.01,2038293.04,-10.445
SM-47-P1,50,478006.01,2038293.04,-20.795
SM-47-P1,50,478006.01,2038293.04,-21.02
SM-47-P1,50,478006.01,2038293.04,-21.245
SM-47-P1,50,478006.01,2038293.04,-21.47
SM-47-P1,50,478006.01,2038293.04,-21.695
SM-47-P1,50,478006.01,2038293.04,-21.92
SM-47-P1,50,478006.01,2038293.04,-22.145
SM-47-P1,50,478006.01,2038293.04,-22.37
SM-47-P1,50,478006.01,2038293.04,-22.595
SM-47-P1,50,478006.01,2038293.04,-22.82
SM-47-P1,50,478006.01,2038293.04,-23.045
SM-47-P1,50,478006.01,2038293.04,-23.945
SM-47-P1,50,478006.01,2038293.04,-24.17
SM-47-P1,50,478006.01,2038293.04,-24.395
SM-47-P1,50,478006.01,2038293.04,-25.295
SM-47-P1,50,478006.01,2038293.04,-25.52
SM-47-P1,50,478006.01,2038293.04,-25.745
SM-47-P1,50,478006.01,2038293.04,-25.97
SM-47-P1,50,478006.01,2038293.04,-26.195
SM-47-P1,50,478006.01,2038293.04,-28.445
SM-47-P1,50,478006.01,2038293.04,-28.67
SM-47-P1,50,478006.01,2038293.04,-28.895
SM-47-P1,50,478006.01,2038293.04,-29.12
SM-47-P1,50,478006.01,2038293.04,-29.345
SM-47-P1,50,478006.01,2038293.04,-29.57
SM-47-P1,50,478006.01,2038293.04,-29.795
SM-47-P1,50,478006.01,2038293.04,-30.02
SM-47-P1,50,478006.01,2038293.04,-30.245
SM-47-P1,50,478006.01,2038293.04,-30.47
SM-47-P1,50,478006.01,2038293.04,-30.695
SM-47-P1,50,478006.01,2038293.04,-30.92
SM-47-P1,50,478006.01,2038293.04,-31.145
SM-47-P1,50,478006.01,2038293.04,-32.945
SM-47-P1,50,478006.01,2038293.04,-33.17
SM-47-P1,50,478006.01,2038293.04,-33.395
SM-47-P1,50,478006.01,2038293.04,-33.62
SM-47-P1,50,478006.01,2038293.04,-33.845
SM-47-P1,50,478006.01,2038293.04,-34.07
SM-47-P1,50,478006.01,2038293.04,-34.295
SM-47-P1,50,478006.01,2038293.04,-34.52
SM-47-P1,50,478006.01,2038293.04,-34.745
SM-47-P1,50,478006.01,2038293.04,-34.97
SM-47-P1,50,478006.01,2038293.04,-35.195
SM-47-P1,50,478006.01,2038293.04,-35.42
SM-47-P1,50,478006.01,2038293.04,-35.645
SM-47-P1,50,478006.01,2038293.04,-37.445
SM-47-P1,50,478006.01,2038293.04,-37.67
SM-47-P1,50,478006.01,2038293.04,-37.895
SM-47-P1,50,478006.01,2038293.04,-38.12
SM-47-P1,50,478006.01,2038293.04,-38.345
SM-47-P1,50,478006.01,2038293.04,-38.57
SM-47-P1,50,478006.01,2038293.04,-38.795
SM-47-P1,50,478006.01,2038293.04,-39.02
SM-47-P1,50,478006.01,2038293.04,-39.245
SM-47-P1,50,478006.01,2038293.04,-39.47
SM-47-P1,50,478006.01,2038293.04,-39.57
SM-47-P1,50,478006.01,2038293.04,-40.07
SM-47-P1,50,478006.01,2038293.04,-40.485
SM-47-P1,50,478006.01,2038293.04,-41.045
SM-47-P1,50,478006.01,2038293.04,-41.27
SM-47-P1,50,478006.01,2038293.04,-41.495
SM-47-P1,50,478006.01,2038293.04,-41.72
SM-47-P1,50,478006.01,2038293.04,-41.945
SM-47-P1,50,478006.01,2038293.04,-42.17
SM-47-P1,50,478006.01,2038293.04,-42.395
SM-47-P1,50,478006.01,2038293.04,-42.62
SM-47-P1,50,478006.01,2038293.04,-42.845
SM-47-P1,50,478006.01,2038293.04,-43.645
SM-47-P1,50,478006.01,2038293.04,-44.045
SM-47-P1,50,478006.01,2038293.04,-44.645
SM-47-P1,50,478006.01,2038293.04,-44.87
SM-47-P1,50,478006.01,2038293.04,-45.095
SM-28 P2,50,,,-25.875
SM-28 P2,50,,,-26.1
SM-28 P2,50,,,-26.325
SM-28 P2,50,,,-26.55
SM-28 P2,50,,,-26.775
SM-28 P2,50,,,-34.875
SM-28 P2,50,,,-35.1
SM-28 P2,50,,,-35.325
SM-28 P2,50,,,-38.025
SM-28 P2,50,,,-38.25
SM-28 P2,50,,,-38.475
SM-28 P2,50,,,-38.7
SM-28 P2,50,,,-38.925
SM-28 P2,50,,,-39.15
SM-28 P2,50,,,-39.375
SM-28 P2,50,,,-43.875
SM-28 P2,50,,,-44.1
SM-28 P2,50,,,-44.325
SM-28 P2,50,,,-45.14
SM-28 P2,50,,,-47.025
SM-28 P2,50,,,-47.25
SM-28 P2,50,,,-47.475
SM-28 P2,50,,,-48.825
SM-28 P2,50,,,-49.05
SM-28 P2,50,,,-49.275
SM-28 P2,50,,,-49.5
SM-28 P2,50,,,-49.725
SM-28 P2,50,,,-49.95
SM-28 P2,50,,,-50.175
SM-07-B2,50,,,-15.975
SM-07-B2,50,,,-29.025
SM-07-B2,50,,,-29.25
SM-07-B2,50,,,-29.475
SM-01-B1,50,480286.37,2036030.34,-7.455
SM-01-B1,50,480286.37,2036030.34,-14.655
SM-01-B1,50,480286.37,2036030.34,-15.555
SM-01-B1,50,480286.37,2036030.34,-15.78
SM-01-B1,50,480286.37,2036030.34,-16.005
SM-01-B1,50,480286.37,2036030.34,-17.13
SM-01-B1,50,480286.37,2036030.34,-17.805
SM-01-B1,50,480286.37,2036030.34,-19.155
SM-01-B1,50,480286.37,2036030.34,-20.055
SM-01-B1,50,480286.37,2036030.34,-20.955
SM-01-B1,50,480286.37,2036030.34,-21.18
SM-01-B1,50,480286.37,2036030.34,-21.405
SM-01-B1,50,480286.37,2036030.34,-21.63
SM-01-B1,50,480286.37,2036030.34,-21.855
SM-01-B1,50,480286.37,2036030.34,-22.08
SM-01-B1,50,480286.37,2036030.34,-22.305
SM-01-B1,50,480286.37,2036030.34,-22.53
SM-01-B1,50,480286.37,2036030.34,-22.755
SM-01-B1,50,480286.37,2036030.34,-22.98
SM-01-B1,50,480286.37,2036030.34,-23.205
SM-01-B1,50,480286.37,2036030.34,-23.43
SM-01-B1,50,480286.37,2036030.34,-23.655
SM-20-P1,50,477576.5,2038152.22,-14.715
SM-20-P1,50,477574.978,2038153.565,-14.785
SM-20-P1,50,477576.5,2038152.22,-19.665
SM-20-P1,50,477574.978,2038153.565,-19.735
SM-20-P1,50,477576.5,2038152.22,-20.565
SM-20-P1,50,477574.978,2038153.565,-20.635
SM-20-P1,50,477576.5,2038152.22,-20.79
SM-20-P1,50,477574.978,2038153.565,-20.86
SM-20-P1,50,477576.5,2038152.22,-21.015
SM-20-P1,50,477574.978,2038153.565,-21.085
SM-20-P1,50,477576.5,2038152.22,-24.165
SM-20-P1,50,477574.978,2038153.565,-24.235
SM-20-P1,50,477576.5,2038152.22,-31.365
SM-20-P1,50,477574.978,2038153.565,-31.435
SM-20-P1,50,477576.5,2038152.22,-31.59
SM-20-P1,50,477574.978,2038153.565,-31.66
SM-20-P1,50,477576.5,2038152.22,-31.815
SM-20-P1,50,477574.978,2038153.565,-31.885
SM-20-P1,50,477576.5,2038152.22,-40.365
SM-20-P1,50,477574.978,2038153.565,-40.435
SM-20-P1,50,477576.5,2038152.22,-40.59
SM-20-P1,50,477574.978,2038153.565,-40.66
SM-20-P1,50,477576.5,2038152.22,-40.815
SM-20-P1,50,477574.978,2038153.565,-40.885
SM-20-P1,50,477576.5,2038152.22,-41.04
SM-20-P1,50,477574.978,2038153.565,-41.11
SM-20-P1,50,477576.5,2038152.22,-41.18
SM-20-P1,50,477574.978,2038153.565,-41.25
SM-20-P1,50,477576.5,2038152.22,-41.64
SM-20-P1,50,477574.978,2038153.565,-41.71
SM-20-P1,50,477576.5,2038152.22,-42.065
SM-20-P1,50,477574.978,2038153.565,-42.135
SM-20-P1,50,477576.5,2038152.22,-42.51
SM-20-P1,50,477574.978,2038153.565,-42.58
SM-20-P1,50,477576.5,2038152.22,-42.915
SM-20-P1,50,477574.978,2038153.565,-42.985
SM-20-P1,50,477576.5,2038152.22,-43.515
SM-20-P1,50,477574.978,2038153.565,-43.585
SM-20-P1,50,477576.5,2038152.22,-44.865
SM-20-P1,50,477574.978,2038153.565,-44.935
SM-20-P1,50,477576.5,2038152.22,-46.215
SM-20-P1,50,477574.978,2038153.565,-46.285
SM-20-P1,50,477576.5,2038152.22,-46.44
SM-20-P1,50,477574.978,2038153.565,-46.51
SM-20-P1,50,477576.5,2038152.22,-46.665
SM-20-P1,50,477574.978,2038153.565,-46.735
SM-20-P1,50,477576.5,2038152.22,-46.89
SM-20-P1,50,477574.978,2038153.565,-46.96
SM-20-P1,50,477576.5,2038152.22,-47.115
SM-20-P1,50,477574.978,2038153.565,-47.185
SM-20-P1,50,477576.5,2038152.22,-47.34
SM-20-P1,50,477574.978,2038153.565,-47.41
SM-20-P1,50,477576.5,2038152.22,-47.565
SM-20-P1,50,477574.978,2038153.565,-47.635
SM-20-P1,50,477576.5,2038152.22,-48.915
SM-20-P1,50,477574.978,2038153.565,-48.985
SM-20-P1,50,477576.5,2038152.22,-49.14
SM-20-P1,50,477574.978,2038153.565,-49.21
SM-20-P1,50,477576.5,2038152.22,-49.365
SM-20-P1,50,477574.978,2038153.565,-49.435
SM-20-P1,50,477576.5,2038152.22,-49.59
SM-20-P1,50,477574.978,2038153.565,-49.66
SM-20-P1,50,477576.5,2038152.22,-49.815
SM-20-P1,50,477574.978,2038153.565,-49.885
SM-20-P1,50,477576.5,2038152.22,-50.04
SM-20-P1,50,477574.978,2038153.565,-50.11
SM-20-P1,50,477576.5,2038152.22,-50.265
SM-20-P1,50,477574.978,2038153.565,-50.335
SM-20-P1,50,477576.5,2038152.22,-50.49
SM-20-P1,50,477574.978,2038153.565,-50.56
SM-20-P1,50,477576.5,2038152.22,-50.715
SM-20-P1,50,477574.978,2038153.565,-50.785
SM-20-P1,50,477576.5,2038152.22,-52.965
SM-20-P1,50,477574.978,2038153.565,-53.035
SM-20-P1,50,477576.5,2038152.22,-53.19
SM-20-P1,50,477574.978,2038153.565,-53.26
SM-20-P1,50,477576.5,2038152.22,-53.415
SM-20-P1,50,477574.978,2038153.565,-53.485
SM-20-P1,50,477576.5,2038152.22,-53.64
SM-20-P1,50,477574.978,2038153.565,-53.71
SM-20-P1,50,477576.5,2038152.22,-53.85
SM-20-P1,50,477574.978,2038153.565,-53.92
SM-20-P1,50,477576.5,2038152.22,-54.19
SM-20-P1,50,477574.978,2038153.565,-54.26
SM-20-P1,50,477576.5,2038152.22,-54.65
SM-20-P1,50,477574.978,2038153.565,-54.72
SM-20-P1,50,477576.5,2038152.22,-55.065
SM-20-P1,50,477574.978,2038153.565,-55.135
SM-20-P1,50,477576.5,2038152.22,-55.565
SM-20-P1,50,477574.978,2038153.565,-55.635
SM-20-P1,50,477576.5,2038152.22,-56.005
SM-20-P1,50,477574.978,2038153.565,-56.075
SM-20-P1,50,477576.5,2038152.22,-56.44
SM-20-P1,50,477574.978,2038153.565,-56.51
SM-20-P1,50,477576.5,2038152.22,-56.9
SM-20-P1,50,477574.978,2038153.565,-56.97
SM-20-P1,50,477576.5,2038152.22,-57.315
SM-20-P1,50,477574.978,2038153.565,-57.385
SM-20-P1,50,477576.5,2038152.22,-57.79
SM-20-P1,50,477574.978,2038153.565,-57.86
SM-20-P1,50,477576.5,2038152.22,-58.29
SM-20-P1,50,477574.978,2038153.565,-58.36
SM-20-P1,50,477576.5,2038152.22,-58.72
SM-20-P1,50,477574.978,2038153.565,-58.79
SM-20-P1,50,477576.5,2038152.22,-59.115
SM-20-P1,50,477574.978,2038153.565,-59.185
SM-20-P1,50,477576.5,2038152.22,-59.62
SM-20-P1,50,477574.978,2038153.565,-59.69
SM-20-P1,50,477576.5,2038152.22,-60.165
SM-20-P1,50,477574.978,2038153.565,-60.235
SM-20-P1,50,477576.5,2038152.22,-60.39
SM-20-P1,50,477574.978,2038153.565,-60.46
SM-20-P1,50,477576.5,2038152.22,-60.615
SM-20-P1,50,477574.978,2038153.565,-60.685
SM-20-P1,50,477576.5,2038152.22,-60.84
SM-20-P1,50,477574.978,2038153.565,-60.91
SM-20-P1,50,477576.5,2038152.22,-61.065
SM-20-P1,50,477574.978,2038153.565,-61.135
SM-20-P1,50,477576.5,2038152.22,-61.29
SM-20-P1,50,477574.978,2038153.565,-61.36
SM-20-P1,50,477576.5,2038152.22,-61.515
SM-20-P1,50,477574.978,2038153.565,-61.585
SM-20-P1,50,477576.5,2038152.22,-61.74
SM-20-P1,50,477574.978,2038153.565,-61.81
SM-20-P1,50,477576.5,2038152.22,-61.965
SM-20-P1,50,477574.978,2038153.565,-62.035
SM-20-P1,50,477576.5,2038152.22,-62.19
SM-20-P1,50,477574.978,2038153.565,-62.26
SM-20-P1,50,477576.5,2038152.22,-62.34
SM-20-P1,50,477574.978,2038153.565,-62.41
SM-20-P1,50,477576.5,2038152.22,-62.865
SM-20-P1,50,477574.978,2038153.565,-62.935
SM-20-P1,50,477576.5,2038152.22,-63.09
SM-20-P1,50,477574.978,2038153.565,-63.16
SM-20-P1,50,477576.5,2038152.22,-63.315
SM-20-P1,50,477574.978,2038153.565,-63.385
SM-20-P1,50,477576.5,2038152.22,-63.54
SM-20-P1,50,477574.978,2038153.565,-63.61
SM-20-P1,50,477576.5,2038152.22,-63.765
SM-20-P1,50,477574.978,2038153.565,-63.835
SM-20-P1,50,477576.5,2038152.22,-63.99
SM-20-P1,50,477574.978,2038153.565,-64.06
SM-20-P1,50,477576.5,2038152.22,-64.19
SM-20-P1,50,477574.978,2038153.565,-64.26
SM-20-P1,50,477576.5,2038152.22,-64.665
SM-20-P1,50,477574.978,2038153.565,-64.735
SM-20-P1,50,477576.5,2038152.22,-64.89
SM-20-P1,50,477574.978,2038153.565,-64.96
SM-20-P1,50,477576.5,2038152.22,-65.115
SM-20-P1,50,477574.978,2038153.565,-65.185
SM-20-P1,50,477576.5,2038152.22,-65.34
SM-20-P1,50,477574.978,2038153.565,-65.41
SM-20-P1,50,477576.5,2038152.22,-65.565
SM-20-P1,50,477574.978,2038153.565,-65.635
SM-20-P1,50,477576.5,2038152.22,-65.79
SM-20-P1,50,477574.978,2038153.565,-65.86
SM-20-P1,50,477576.5,2038152.22,-66.015
SM-20-P1,50,477574.978,2038153.565,-66.085
SM-20-P1,50,477576.5,2038152.22,-66.24
SM-20-P1,50,477574.978,2038153.565,-66.31
SM-20-P1,50,477576.5,2038152.22,-66.465
SM-20-P1,50,477574.978,2038153.565,-66.535
SM-20-P1,50,477576.5,2038152.22,-66.69
SM-20-P1,50,477574.978,2038153.565,-66.76
SM-20-P1,50,477576.5,2038152.22,-66.83
SM-20-P1,50,477574.978,2038153.565,-66.9
SM-20-P1,50,477576.5,2038152.22,-67.19
SM-20-P1,50,477574.978,2038153.565,-67.26
SM-20-P1,50,477576.5,2038152.22,-67.665
SM-20-P1,50,477574.978,2038153.565,-67.735
SM-20-P1,50,477576.5,2038152.22,-68.085
SM-20-P1,50,477574.978,2038153.565,-68.155
SM-20-P1,50,477576.5,2038152.22,-68.54
SM-20-P1,50,477574.978,2038153.565,-68.61
SM-20-P1,50,477576.5,2038152.22,-68.98
SM-20-P1,50,477574.978,2038153.565,-69.05
SM-20-P1,50,477576.5,2038152.22,-69.455
SM-20-P1,50,477574.978,2038153.565,-69.525
SM-20-P1,50,477576.5,2038152.22,-69.9
SM-20-P1,50,477574.978,2038153.565,-69.97
SM-20-P1,50,477576.5,2038152.22,-70.34
SM-20-P1,50,477574.978,2038153.565,-70.41
SM-20-P1,50,477576.5,2038152.22,-70.785
SM-20-P1,50,477574.978,2038153.565,-70.855
SM-20-P1,50,477576.5,2038152.22,-71.23
SM-20-P1,50,477574.978,2038153.565,-71.3
SM-20-P1,50,477576.5,2038152.22,-71.74
SM-20-P1,50,477574.978,2038153.565,-71.81
SM-20-P1,50,477576.5,2038152.22,-72.2
SM-20-P1,50,477574.978,2038153.565,-72.27
SM-20-P1,50,477576.5,2038152.22,-72.615
SM-20-P1,50,477574.978,2038153.565,-72.685
SM-20-P1,50,477576.5,2038152.22,-73.04
SM-20-P1,50,477574.978,2038153.565,-73.11
SM-20-P1,50,477576.5,2038152.22,-73.5
SM-20-P1,50,477574.978,2038153.565,-73.57
SM-20-P1,50,477576.5,2038152.22,-73.945
SM-20-P1,50,477574.978,2038153.565,-74.015
SM-20-P1,50,477576.5,2038152.22,-74.41
SM-20-P1,50,477574.978,2038153.565,-74.48
SM-20-P1,50,477576.5,2038152.22,-74.84
SM-20-P1,50,477574.978,2038153.565,-74.91
SM-20-P1,50,477576.5,2038152.22,-75.315
SM-20-P1,50,477574.978,2038153.565,-75.385
SM-20-P1,50,477576.5,2038152.22,-75.75
SM-20-P1,50,477574.978,2038153.565,-75.82
SM-20-P1,50,477576.5,2038152.22,-76.19
SM-20-P1,50,477574.978,2038153.565,-76.26
SM-20-P1,50,477576.5,2038152.22,-76.645
SM-20-P1,50,477574.978,2038153.565,-76.715
SM-20-P1,50,477576.5,2038152.22,-77.085
SM-20-P1,50,477574.978,2038153.565,-77.155
SM-20-P1,50,477576.5,2038152.22,-77.54
SM-20-P1,50,477574.978,2038153.565,-77.61
SM-20-P1,50,477576.5,2038152.22,-78
SM-20-P1,50,477574.978,2038153.565,-78.07
SM-20-P1,50,477576.5,2038152.22,-78.46
SM-20-P1,50,477574.978,2038153.565,-78.53
SM-20-P1,50,477576.5,2038152.22,-78.89
SM-20-P1,50,477574.978,2038153.565,-78.96
SM-20-P1,50,477576.5,2038152.22,-79.335
SM-20-P1,50,477574.978,2038153.565,-79.405
SM-20-P1,50,477576.5,2038152.22,-79.765
SM-20-P1,50,477574.978,2038153.565,-79.835
SM-20-P1,50,477576.5,2038152.22,-80.295
SM-20-P1,50,477574.978,2038153.565,-80.365
SM-20-P1,50,477576.5,2038152.22,-80.715
SM-20-P1,50,477574.978,2038153.565,-80.785
SM-20-P1,50,477576.5,2038152.22,-81.19
SM-20-P1,50,477574.978,2038153.565,-81.26
SM-20-P1,50,477576.5,2038152.22,-81.615
SM-20-P1,50,477574.978,2038153.565,-81.685
SM-69-P2,50,478614.71,2036398.52,-24.715
SM-69-P2,50,478614.71,2036398.52,-33.715
SM-69-P2,50,478614.71,2036398.52,-34.615
SM-69-P2,50,478614.71,2036398.52,-34.84
SM-69-P2,50,478614.71,2036398.52,-35.065
SM-69-P2,50,478614.71,2036398.52,-35.29
SM-69-P2,50,478614.71,2036398.52,-35.515
SM-69-P2,50,478614.71,2036398.52,-35.74
SM-69-P2,50,478614.71,2036398.52,-35.965
SM-69-P2,50,478614.71,2036398.52,-36.19
SM-69-P2,50,478614.71,2036398.52,-36.415
SM-69-P2,50,478614.71,2036398.52,-36.64
SM-69-P2,50,478614.71,2036398.52,-36.865
SM-69-P2,50,478614.71,2036398.52,-37.09
SM-69-P2,50,478614.71,2036398.52,-37.315
SM-69-P2,50,478614.71,2036398.52,-37.54
SM-69-P2,50,478614.71,2036398.52,-37.765
SM-69-P2,50,478614.71,2036398.52,-37.99
SM-69-P2,50,478614.71,2036398.52,-38.215
SM-69-P2,50,478614.71,2036398.52,-38.44
SM-69-P2,50,478614.71,2036398.52,-38.665
SM-69-P2,50,478614.71,2036398.52,-41.815
SM-69-P2,50,478614.71,2036398.52,-42.04
SM-69-P2,50,478614.71,2036398.52,-42.265
SM-69-P2,50,478614.71,2036398.52,-42.49
SM-69-P2,50,478614.71,2036398.52,-42.715
SM-69-P2,50,478614.71,2036398.52,-42.94
SM-69-P2,50,478614.71,2036398.52,-43.165
SM-69-P2,50,478614.71,2036398.52,-43.39
SM-69-P2,50,478614.71,2036398.52,-43.615
SM-69-P2,50,478614.71,2036398.52,-43.84
SM-69-P2,50,478614.71,2036398.52,-44.065
SM-69-P2,50,478614.71,2036398.52,-44.29
SM-69-P2,50,478614.71,2036398.52,-44.515
SM-69-P2,50,478614.71,2036398.52,-44.74
SM-69-P2,50,478614.71,2036398.52,-44.965
SM-69-P2,50,478614.71,2036398.52,-45.19
SM-69-P2,50,478614.71,2036398.52,-45.415
SM-69-P2,50,478614.71,2036398.52,-45.64
SM-69-P2,50,478614.71,2036398.52,-45.865
SM-69-P2,50,478614.71,2036398.52,-46.09
SM-69-P2,50,478614.71,2036398.52,-46.315
SM-69-P2,50,478614.71,2036398.52,-46.54
SM-69-P2,50,478614.71,2036398.52,-46.615
SM-69-P2,50,478614.71,2036398.52,-47.14
SM-69-P2,50,478614.71,2036398.52,-47.575
SM-69-P2,50,478614.71,2036398.52,-48.115
SM-69-P2,50,478614.71,2036398.52,-49.015
SM-69-P2,50,478614.71,2036398.52,-51.715
SM-57-P1,50,477640.14,2037208.59,-21.375
SM-57-P1,50,477640.14,2037208.59,-21.6
SM-57-P1,50,477640.14,2037208.59,-21.825
SM-57-P1,50,477640.14,2037208.59,-22.05
SM-57-P1,50,477640.14,2037208.59,-22.275
SM-57-P1,50,477640.14,2037208.59,-22.5
SM-57-P1,50,477640.14,2037208.59,-22.725
SM-57-P1,50,477640.14,2037208.59,-22.95
SM-57-P1,50,477640.14,2037208.59,-23.175
SM-57-P1,50,477640.14,2037208.59,-23.4
SM-57-P1,50,477640.14,2037208.59,-23.625
SM-57-P1,50,477640.14,2037208.59,-23.85
SM-57-P1,50,477640.14,2037208.59,-24.075
SM-57-P1,50,477640.14,2037208.59,-24.3
SM-57-P1,50,477640.14,2037208.59,-24.525
SM-57-P1,50,477640.14,2037208.59,-24.75
SM-57-P1,50,477640.14,2037208.59,-24.975
SM-57-P1,50,477640.14,2037208.59,-25.2
SM-57-P1,50,477640.14,2037208.59,-25.425
SM-57-P1,50,477640.14,2037208.59,-25.65
SM-57-P1,50,477640.14,2037208.59,-25.875
SM-57-P1,50,477640.14,2037208.59,-26.1
SM-57-P1,50,477640.14,2037208.59,-26.325
SM-57-P1,50,477640.14,2037208.59,-26.55
SM-57-P1,50,477640.14,2037208.59,-26.775
SM-57-P1,50,477640.14,2037208.59,-27.675
SM-57-P1,50,477640.14,2037208.59,-27.9
SM-57-P1,50,477640.14,2037208.59,-28.125
SM-57-P1,50,477640.14,2037208.59,-28.35
SM-57-P1,50,477640.14,2037208.59,-28.575
SM-57-P1,50,477640.14,2037208.59,-28.8
SM-57-P1,50,477640.14,2037208.59,-29.025
SM-57-P1,50,477640.14,2037208.59,-29.25
SM-57-P1,50,477640.14,2037208.59,-29.475
SM-57-P1,50,477640.14,2037208.59,-30.375
SM-57-P1,50,477640.14,2037208.59,-30.6
SM-57-P1,50,477640.14,2037208.59,-30.825
SM-57-P1,50,477640.14,2037208.59,-31.725
SM-57-P1,50,477640.14,2037208.59,-31.95
SM-57-P1,50,477640.14,2037208.59,-32.175
SM-57-P1,50,477640.14,2037208.59,-32.4
SM-57-P1,50,477640.14,2037208.59,-32.625
SM-57-P1,50,477640.14,2037208.59,-32.85
SM-57-P1,50,477640.14,2037208.59,-33.075
SM-57-P1,50,477640.14,2037208.59,-33.3
SM-57-P1,50,477640.14,2037208.59,-33.525
SM-57-P1,50,477640.14,2037208.59,-33.75
SM-57-P1,50,477640.14,2037208.59,-33.975
SM-57-P1,50,477640.14,2037208.59,-34.2
SM-57-P1,50,477640.14,2037208.59,-34.425
SM-57-P1,50,477640.14,2037208.59,-35.325
SM-57-P1,50,477640.14,2037208.59,-39.825
SM-57-P1,50,477640.14,2037208.59,-41.175
SM-57-P1,50,477640.14,2037208.59,-41.4
SM-57-P1,50,477640.14,2037208.59,-41.625
SM-57-P1,50,477640.14,2037208.59,-41.85
SM-57-P1,50,477640.14,2037208.59,-42.075
SM-57-P1,50,477640.14,2037208.59,-42.975
SM-57-P1,50,477640.14,2037208.59,-43.2
SM-57-P1,50,477640.14,2037208.59,-43.425
SM-57-P1,50,477640.14,2037208.59,-43.65
SM-57-P1,50,477640.14,2037208.59,-43.875
SM-57-P1,50,477640.14,2037208.59,-44.1
SM-57-P1,50,477640.14,2037208.59,-44.325
SM-57-P1,50,477640.14,2037208.59,-44.55
SM-57-P1,50,477640.14,2037208.59,-44.775
SM-57-P1,50,477640.14,2037208.59,-45
SM-57-P1,50,477640.14,2037208.59,-45.225
SM-57-P1,50,477640.14,2037208.59,-45.45
SM-57-P1,50,477640.14,2037208.59,-45.675
SM-57-P1,50,477640.14,2037208.59,-45.9
SM-57-P1,50,477640.14,2037208.59,-46.125
SM-57-P1,50,477640.14,2037208.59,-46.35
SM-57-P1,50,477640.14,2037208.59,-46.575
SM-57-P1,50,477640.14,2037208.59,-46.8
SM-57-P1,50,477640.14,2037208.59,-47.025
SM-57-P1,50,477640.14,2037208.59,-47.25
SM-57-P1,50,477640.14,2037208.59,-47.475
SM-57-P1,50,477640.14,2037208.59,-47.7
SM-57-P1,50,477640.14,2037208.59,-47.925
SM-57-P1,50,477640.14,2037208.59,-48.15
SM-57-P1,50,477640.14,2037208.59,-48.375
SM-57-P1,50,477640.14,2037208.59,-48.6
SM-57-P1,50,477640.14,2037208.59,-48.825
SM-74-P3,50,480593.73,2036997.8,-48.335
SM-42-P1,50,477982.94,2038550.48,-8.995
SM-42-P1,50,477982.94,2038550.48,-21.145
SM-42-P1,50,477982.94,2038550.48,-21.37
SM-42-P1,50,477982.94,2038550.48,-21.595
SM-42-P1,50,477982.94,2038550.48,-24.295
SM-42-P1,50,477982.94,2038550.48,-24.52
SM-42-P1,50,477982.94,2038550.48,-24.745
SM-42-P1,50,477982.94,2038550.48,-24.97
SM-42-P1,50,477982.94,2038550.48,-25.195
SM-42-P1,50,477982.94,2038550.48,-25.42
SM-42-P1,50,477982.94,2038550.48,-25.645
SM-42-P1,50,477982.94,2038550.48,-26.545
SM-42-P1,50,477982.94,2038550.48,-27.445
SM-42-P1,50,477982.94,2038550.48,-29.695
SM-42-P1,50,477982.94,2038550.48,-29.92
SM-42-P1,50,477982.94,2038550.48,-30.145
SM-42-P1,50,477982.94,2038550.48,-30.37
SM-42-P1,50,477982.94,2038550.48,-30.595
SM-42-P1,50,477982.94,2038550.48,-34.195
SM-42-P1,50,477982.94,2038550.48,-34.42
SM-42-P1,50,477982.94,2038550.48,-34.645
SM-42-P1,50,477982.94,2038550.48,-34.87
SM-42-P1,50,477982.94,2038550.48,-35.095
SM-42-P1,50,477982.94,2038550.48,-35.32
SM-42-P1,50,477982.94,2038550.48,-35.545
SM-42-P1,50,477982.94,2038550.48,-37.345
SM-42-P1,50,477982.94,2038550.48,-37.57
SM-42-P1,50,477982.94,2038550.48,-37.795
SM-42-P1,50,477982.94,2038550.48,-38.02
SM-42-P1,50,477982.94,2038550.48,-38.245
SM-42-P1,50,477982.94,2038550.48,-38.47
SM-42-P1,50,477982.94,2038550.48,-38.695
SM-42-P1,50,477982.94,2038550.48,-38.92
SM-42-P1,50,477982.94,2038550.48,-39.145
SM-42-P1,50,477982.94,2038550.48,-39.37
SM-42-P1,50,477982.94,2038550.48,-39.595
SM-42-P1,50,477982.94,2038550.48,-39.82
SM-42-P1,50,477982.94,2038550.48,-40.045
SM-42-P1,50,477982.94,2038550.48,-40.27
SM-42-P1,50,477982.94,2038550.48,-40.495
SM-42-P1,50,477982.94,2038550.48,-42.295
SM-42-P1,50,477982.94,2038550.48,-42.52
SM-42-P1,50,477982.94,2038550.48,-42.745
SM-42-P1,50,477982.94,2038550.48,-42.97
SM-42-P1,50,477982.94,2038550.48,-43.195
SM-42-P1,50,477982.94,2038550.48,-43.42
SM-42-P1,50,477982.94,2038550.48,-43.645
SM-42-P1,50,477982.94,2038550.48,-43.87
SM-42-P1,50,477982.94,2038550.48,-44.095
SM-42-P1,50,477982.94,2038550.48,-46.795
SM-42-P1,50,477982.94,2038550.48,-47.02
SM-42-P1,50,477982.94,2038550.48,-47.245
SM-42-P1,50,477982.94,2038550.48,-47.47
SM-42-P1,50,477982.94,2038550.48,-47.695
SM-42-P1,50,477982.94,2038550.48,-47.92
SM-42-P1,50,477982.94,2038550.48,-48.145
SM-42-P1,50,477982.94,2038550.48,-48.37
SM-42-P1,50,477982.94,2038550.48,-48.595
SM-42-P1,50,477982.94,2038550.48,-49.495
SM-42-P1,50,477982.94,2038550.48,-49.72
SM-42-P1,50,477982.94,2038550.48,-49.945
SM-42-P1,50,477982.94,2038550.48,-50.17
SM-42-P1,50,477982.94,2038550.48,-50.395
SM-38-P2,50,479622.12,2036497.16,-48.635
SM-38-P2,50,479622.12,2036497.16,-52.235
SM-38-P2,50,479622.12,2036497.16,-52.46
SM-38-P2,50,479622.12,2036497.16,-52.685
SM-63-P1,50,477393.97,2036611.25,-48.565
SM-63-P1,50,477393.97,2036611.25,-48.79
SM-63-P1,50,477393.97,2036611.25,-49.015
SM-63-P1,50,477393.97,2036611.25,-50.365
SM-63-P1,50,477393.97,2036611.25,-50.59
SM-63-P1,50,477393.97,2036611.25,-50.815
SM-75-P1,50,477626.74,2037421.93,-28.285
SM-75-P1,50,477626.74,2037421.93,-38.635
SM-75-P1,50,477626.74,2037421.93,-38.86
SM-75-P1,50,477626.74,2037421.93,-39.085
SM-75-P1,50,477626.74,2037421.93,-39.31
SM-75-P1,50,477626.74,2037421.93,-39.535
SM-75-P1,50,477626.74,2037421.93,-39.76
SM-75-P1,50,477626.74,2037421.93,-39.985
SM-75-P1,50,477626.74,2037421.93,-40.21
SM-75-P1,50,477626.74,2037421.93,-40.435
SM-75-P1,50,477626.74,2037421.93,-40.66
SM-75-P1,50,477626.74,2037421.93,-40.885
SM-75-P1,50,477626.74,2037421.93,-41.785
SM-75-P1,50,477626.74,2037421.93,-42.01
SM-75-P1,50,477626.74,2037421.93,-42.235
SM-75-P1,50,477626.74,2037421.93,-42.46
SM-75-P1,50,477626.74,2037421.93,-42.685
SM-75-P1,50,477626.74,2037421.93,-42.91
SM-75-P1,50,477626.74,2037421.93,-43.135
SM-75-P1,50,477626.74,2037421.93,-43.36
SM-75-P1,50,477626.74,2037421.93,-43.585
SM-75-P1,50,477626.74,2037421.93,-44.935
SM-75-P1,50,477626.74,2037421.93,-45.16
SM-75-P1,50,477626.74,2037421.93,-45.385
SM-75-P1,50,477626.74,2037421.93,-45.61
SM-75-P1,50,477626.74,2037421.93,-45.835
SM-75-P1,50,477626.74,2037421.93,-46.06
SM-75-P1,50,477626.74,2037421.93,-46.285
SM-75-P1,50,477626.74,2037421.93,-46.51
SM-75-P1,50,477626.74,2037421.93,-46.735
SM-75-P1,50,477626.74,2037421.93,-46.96
SM-75-P1,50,477626.74,2037421.93,-47.185
SM-75-P1,50,477626.74,2037421.93,-47.41
SM-75-P1,50,477626.74,2037421.93,-47.635
SM-75-P1,50,477626.74,2037421.93,-47.86
SM-75-P1,50,477626.74,2037421.93,-48.085
SM-75-P1,50,477626.74,2037421.93,-48.31
SM-75-P1,50,477626.74,2037421.93,-48.535
SM-75-P1,50,477626.74,2037421.93,-48.76
SM-75-P1,50,477626.74,2037421.93,-48.985
SM-09-B2,50,480263.7,2036758.9,-25.055
SM-09-B2,50,480263.7,2036758.9,-25.28
SM-09-B2,50,480263.7,2036758.9,-25.505
SM-09-B2,50,480263.7,2036758.9,-25.73
SM-09-B2,50,480263.7,2036758.9,-25.955
SM-09-B2,50,480263.7,2036758.9,-26.18
SM-09-B2,50,480263.7,2036758.9,-26.405
SM-09-B2,50,480263.7,2036758.9,-29.105
SM-09-B2,50,480263.7,2036758.9,-29.33
SM-09-B2,50,480263.7,2036758.9,-29.555
SM-09-B2,50,480263.7,2036758.9,-30.455
SM-09-B2,50,480263.7,2036758.9,-30.68
SM-09-B2,50,480263.7,2036758.9,-30.905
SM-09-B2,50,480263.7,2036758.9,-32.255
SM-09-B2,50,480263.7,2036758.9,-32.48
SM-09-B2,50,480263.7,2036758.9,-32.705
SM-09-B2,50,480263.7,2036758.9,-32.93
SM-09-B2,50,480263.7,2036758.9,-33.13
SM-09-B2,50,480263.7,2036758.9,-33.58
SM-76-P3,50,481243.38,2036665.86,-26.815
SM-76-P3,50,481243.38,2036665.86,-27.04
SM-76-P3,50,481243.38,2036665.86,-27.265
SM-76-P3,50,481243.38,2036665.86,-28.165
SM-76-P3,50,481243.38,2036665.86,-29.515
SM-76-P3,50,481243.38,2036665.86,-29.74
SM-76-P3,50,481243.38,2036665.86,-29.965
SM-76-P3,50,481243.38,2036665.86,-30.19
SM-76-P3,50,481243.38,2036665.86,-30.415
SM-76-P3,50,481243.38,2036665.86,-32.215
SM-76-P3,50,481243.38,2036665.86,-40.315
SM-29-P2,50,479601.03,2037189.73,-27.705
SM-29-P2,50,479601.03,2037189.73,-27.93
SM-29-P2,50,479601.03,2037189.73,-28.155
SM-29-P2,50,479601.03,2037189.73,-28.38
SM-29-P2,50,479601.03,2037189.73,-28.605
SM-29-P2,50,479601.03,2037189.73,-28.83
SM-29-P2,50,479601.03,2037189.73,-29.055
SM-29-P2,50,479601.03,2037189.73,-29.28
SM-29-P2,50,479601.03,2037189.73,-29.505
SM-29-P2,50,479601.03,2037189.73,-29.73
SM-29-P2,50,479601.03,2037189.73,-29.955
SM-29-P2,50,479601.03,2037189.73,-30.18
SM-29-P2,50,479601.03,2037189.73,-30.405
SM-29-P2,50,479601.03,2037189.73,-30.63
SM-29-P2,50,479601.03,2037189.73,-30.855
SM-29-P2,50,479601.03,2037189.73,-31.08
SM-29-P2,50,479601.03,2037189.73,-31.305
SM-29-P2,50,479601.03,2037189.73,-31.53
SM-29-P2,50,479601.03,2037189.73,-31.755
SM-29-P2,50,479601.03,2037189.73,-31.98
SM-29-P2,50,479601.03,2037189.73,-32.205
SM-29-P2,50,479601.03,2037189.73,-34.005
SM-29-P2,50,479601.03,2037189.73,-34.23
SM-29-P2,50,479601.03,2037189.73,-34.455
SM-29-P2,50,479601.03,2037189.73,-41.655
SM-29-P2,50,479601.03,2037189.73,-42.555
SM-29-P2,50,479601.03,2037189.73,-42.78
SM-29-P2,50,479601.03,2037189.73,-43.005
SM-29-P2,50,479601.03,2037189.73,-43.905
SM-29-P2,50,479601.03,2037189.73,-44.13
SM-29-P2,50,479601.03,2037189.73,-44.355
SM-29-P2,50,479601.03,2037189.73,-44.58
SM-29-P2,50,479601.03,2037189.73,-44.805
SM-29-P2,50,479601.03,2037189.73,-45.03
SM-29-P2,50,479601.03,2037189.73,-45.255
SM-29-P2,50,479601.03,2037189.73,-45.48
SM-29-P2,50,479601.03,2037189.73,-45.705
SM-29-P2,50,479601.03,2037189.73,-45.93
SM-29-P2,50,479601.03,2037189.73,-46.155
SM-29-P2,50,479601.03,2037189.73,-46.38
SM-29-P2,50,479601.03,2037189.73,-46.505
SM-29-P2,50,479601.03,2037189.73,-47.055
SM-29-P2,50,479601.03,2037189.73,-47.28
SM-29-P2,50,479601.03,2037189.73,-47.505
SM-29-P2,50,479601.03,2037189.73,-47.73
SM-29-P2,50,479601.03,2037189.73,-47.955
SM-29-P2,50,479601.03,2037189.73,-48.18
SM-29-P2,50,479601.03,2037189.73,-48.405
SM-22-P2,50,478599.1,2037541.17,-22.565
SM-22-P2,50,478599.1,2037541.17,-23.465
SM-22-P2,50,478599.1,2037541.17,-24.365
SM-22-P2,50,478599.1,2037541.17,-25.715
SM-22-P2,50,478599.1,2037541.17,-25.94
SM-22-P2,50,478599.1,2037541.17,-26.165
SM-22-P2,50,478599.1,2037541.17,-27.065
SM-22-P2,50,478599.1,2037541.17,-39.215
SM-22-P2,50,478599.1,2037541.17,-40.115
SM-22-P2,50,478599.1,2037541.17,-40.34
SM-22-P2,50,478599.1,2037541.17,-40.565
SM-22-P2,50,478599.1,2037541.17,-40.79
SM-22-P2,50,478599.1,2037541.17,-41.015
SM-22-P2,50,478599.1,2037541.17,-41.24
SM-22-P2,50,478599.1,2037541.17,-41.465
SM-22-P2,50,478599.1,2037541.17,-42.365
SM-22-P2,50,478599.1,2037541.17,-42.59
SM-22-P2,50,478599.1,2037541.17,-42.815
SM-22-P2,50,478599.1,2037541.17,-43.04
SM-22-P2,50,478599.1,2037541.17,-43.265
SM-22-P2,50,478599.1,2037541.17,-43.49
SM-22-P2,50,478599.1,2037541.17,-43.715
SM-22-P2,50,478599.1,2037541.17,-46.865
SM-22-P2,50,478599.1,2037541.17,-47.09
SM-22-P2,50,478599.1,2037541.17,-47.315
SM-22-P2,50,478599.1,2037541.17,-47.54
SM-22-P2,50,478599.1,2037541.17,-47.765
SM-15-P2,50,479132.63,2036864.69,-16.515
SM-15-P2,50,479132.63,2036864.69,-18.315
SM-15-P2,50,479132.63,2036864.69,-18.54
SM-15-P2,50,479132.63,2036864.69,-18.765
SM-15-P2,50,479132.63,2036864.69,-18.99
SM-15-P2,50,479132.63,2036864.69,-19.215
SM-15-P2,50,479132.63,2036864.69,-19.44
SM-15-P2,50,479132.63,2036864.69,-19.665
SM-15-P2,50,479132.63,2036864.69,-19.89
SM-15-P2,50,479132.63,2036864.69,-20.115
SM-15-P2,50,479132.63,2036864.69,-20.34
SM-15-P2,50,479132.63,2036864.69,-20.565
SM-15-P2,50,479132.63,2036864.69,-20.79
SM-15-P2,50,479132.63,2036864.69,-21.015
SM-15-P2,50,479132.63,2036864.69,-22.815
SM-15-P2,50,479132.63,2036864.69,-23.04
SM-15-P2,50,479132.63,2036864.69,-23.265
SM-15-P2,50,479132.63,2036864.69,-23.49
SM-15-P2,50,479132.63,2036864.69,-23.715
SM-15-P2,50,479132.63,2036864.69,-24.615
SM-12-B1,49.5,477096.67,2038479.67,-4.02
SM-12-B1,49.5,477096.67,2038479.67,-4.47
SM-43-P1,49.5,478112.67,2038510.48,-3.18
SM-43-P1,49.5,478109.666,2038510.974,-3.3
SM-40-P1,49.5,477608.176,2038623.913,-28.78
SM-40-P1,49.5,477608.176,2038623.913,-45.43
SM-73-P2,49.5,480177.03,2036206.51,-31
SM-73-P2,49.5,480177.03,2036206.51,-35.5
SM-68 P2,49.5,,,-35.55
SM-68 P2,49.5,,,-36
SM-58-P1,49.5,478010.84,2037201.06,-27
SM-58-P1,49.5,478010.84,2037201.06,-27.45
SM-16-P2,49.5,478795.23,2036506.72,-34.58
SM-54-P2,49.5,478894.52,2037846.9,-45.78
SM-54-P2,49.5,478894.52,2037846.9,-46.23
SM-61-P1,49.5,478033.23,2036869.83,-30.16
SM-61-P1,49.5,478033.23,2036869.83,-30.61
SM-61-P1,49.5,478033.23,2036869.83,-36.01
SM-24-P2,49.5,479387.3,2037585.89,-26
SM-27-P2,49.5,478831.45,2037198.64,-41.2
SM-27-P2,49.5,478831.45,2037198.64,-41.65
SM-59-P1,49.5,477834.91,2037045.31,-29.13
SM-23-P2,49.5,478975.93,2037540.89,-36.12
SM-105-P2,49.5,,,-51.3
SM-105-P2,49.5,,,-51.75
SM-105-P2,49.5,,,-100.8
SM-04-B1,49.5,479321.627,2036184.495,-21.3745
SM-17-P2,49.5,479997.31,2036524.08,-5.98
SM-17-P2,49.5,479997.31,2036524.08,-55.48
SM-17-P2,49.5,479997.31,2036524.08,-56.83
SM-09-B1,7,477265.19,2036624.23,-1.015
SM-09-B1,5.5,477265.19,2036624.23,-1.24
SM-35 P2,49.5,,,-39.15
SM-35 P2,49.5,,,-39.6
SM-35 P2,49.5,,,-40.5
SM-35 P2,49.5,,,-40.95
SM-35 P2,49.5,,,-48.15
SM-72-P2,49.5,479543.59,2036219.22,-27.61
SM-02-B1,49.5,479959.6533,2036162.012,-29.506
SM-02-B1,49.5,479959.6533,2036162.012,-32.206
SM-02-B1,49.5,479959.6533,2036162.012,-32.656
SM-19-P1,49.5,477471.6,2036261.55,-80.52
SM-36-P2,49.5,478362.19,2036503.28,-40.33
SM-36-P2,49.5,478362.19,2036503.28,-40.78
SM-10-B2,49.5,480515.3,2036275.1,-42.08
SM-25-P2,49.5,479793.28,2037531.65,-41.9
SM-25-P2,49.5,479793.28,2037531.65,-42.35
SM-10-B1,49.5,477226.3,2037121.54,-17.9
SM-53-P2,49.5,478414.1,2037512.4,-49.19
SM-53-P2,49.5,478414.1,2037512.4,-59.09
SM-44-P1,49.5,477193.08,2038327.98,-21.7
SM-44-P1,49.5,477189.844,2038327.449,-21.75
SM-44-P1,49.5,477193.08,2038327.98,-29.8
SM-44-P1,49.5,477189.844,2038327.449,-29.85
SM-44-P1,49.5,477193.08,2038327.98,-34.75
SM-44-P1,49.5,477189.844,2038327.449,-34.8
SM-44-P1,49.5,477193.08,2038327.98,-35.2
SM-44-P1,49.5,477189.844,2038327.449,-35.25
SM-47-P1,49.5,478006.01,2038293.04,-23.27
SM-47-P1,49.5,478006.01,2038293.04,-23.72
SM-47-P1,49.5,478006.01,2038293.04,-31.37
SM-47-P1,49.5,478006.01,2038293.04,-32.72
SM-47-P1,49.5,478006.01,2038293.04,-35.87
SM-01-B1,49.5,480286.37,2036030.34,-20.28
SM-01-B1,49.5,480286.37,2036030.34,-20.73
SM-38-P2,49.5,479622.12,2036497.16,-48.86
SM-22-P2,49.5,478599.1,2037541.17,-24.59
SM-22-P2,49.5,478599.1,2037541.17,-25.49
SM-21-P3,49,481503.78,2037018.87,-58.935
SM-21-P3,49,481503.78,2037018.87,-64.785
SM-21-P3,49,481503.78,2037018.87,-67.71
SM-21-P3,49,481503.78,2037018.87,-68.16
SM-26-P2,49,478399.31,2037192.67,-54.69
SM-12-B1,49,477096.67,2038479.67,-0.42
SM-12-B1,49,477096.67,2038479.67,-0.87
SM-12-B1,49,477096.67,2038479.67,-4.245
SM-12-B1,49,477096.67,2038479.67,-6.27
SM-12-B1,49,477096.67,2038479.67,-20.67
SM-43-P1,49,478112.67,2038510.48,-2.955
SM-43-P1,49,478109.666,2038510.974,-3.075
SM-43-P1,49,478112.67,2038510.48,-4.53
SM-43-P1,49,478109.666,2038510.974,-4.65
SM-40-P1,49,477608.176,2038623.913,-29.005
SM-40-P1,49,477608.176,2038623.913,-45.655
SM-11-B1,49,477167.57,2037681.46,-32.57
SM-41-P1,49,477763.79,2038599.78,-30.47
SM-41-P1,49,477763.79,2038599.78,-47.57
SM-41-P1,49,477763.79,2038599.78,-48.02
SM-41-P1,49,477763.79,2038599.78,-49.37
SM-32-P2,49,479000.45,2036846.64,-24.015
SM-32-P2,49,479000.45,2036846.64,-36.84
SM-32-P2,49,479000.45,2036846.64,-40.89
SM-32-P2,49,479000.45,2036846.64,-41.34
SM-65-P1,49,477374.93,2036265.02,-23.84
SM-48-P1,49,477235.12,2038040.99,-32.69
SM-48-P1,49,477235.12,2038040.99,-33.14
SM-48-P1,49,477235.12,2038040.99,-36.74
SM-30-P2,49,480015.16,2037202.47,-32.99
SM-30-P2,49,480015.16,2037202.47,-33.44
SM-68 P2,49,,,-33.525
SM-68 P2,49,,,-35.775
SM-58-P1,49,478010.84,2037201.06,-22.5
SM-58-P1,49,478010.84,2037201.06,-22.95
SM-58-P1,49,478010.84,2037201.06,-25.2
SM-58-P1,49,478010.84,2037201.06,-25.65
SM-58-P1,49,478010.84,2037201.06,-27.225
SM-58-P1,49,478010.84,2037201.06,-29.25
SM-58-P1,49,478010.84,2037201.06,-30.375
SM-58-P1,49,478010.84,2037201.06,-35.1
SM-39-P2,49,480204.54,2036551.45,-45.58
SM-06-B2,49,,,-24.525
SM-16-P2,49,478795.23,2036506.72,-22.88
SM-16-P2,49,478795.23,2036506.72,-24.68
SM-16-P2,49,478795.23,2036506.72,-34.355
SM-54-P2,49,478894.52,2037846.9,-28.905
SM-54-P2,49,478894.52,2037846.9,-46.005
SM-33-P2,49,479399.9,2036846.79,-40.41
SM-33-P2,49,479399.9,2036846.79,-40.86
SM-61-P1,49,478033.23,2036869.83,-30.385
SM-61-P1,49,478033.23,2036869.83,-36.235
SM-24-P2,49,479387.3,2037585.89,-25.325
SM-24-P2,49,479387.3,2037585.89,-25.55
SM-24-P2,49,479387.3,2037585.89,-25.775
SM-50-P1,49,477300,2037635,-1.99
SM-50-P1,49,477300,2037635,-26.29
SM-50-P1,49,477300,2037635,-26.74
SM-50-P1,49,477300,2037635,-29.89
SM-31-P2,49,478600.11,2036846.19,-27.12
SM-27-P2,49,478831.45,2037198.64,-25
SM-27-P2,49,478831.45,2037198.64,-31.3
SM-27-P2,49,478831.45,2037198.64,-41.425
SM-59-P1,49,477834.91,2037045.31,-21.705
SM-59-P1,49,477834.91,2037045.31,-23.28
SM-59-P1,49,477834.91,2037045.31,-29.355
SM-23-P2,49,478975.93,2037540.89,-36.345
SM-23-P2,49,478975.93,2037540.89,-37.245
SM-23-P2,49,478975.93,2037540.89,-38.145
SM-105-P2,49,,,-37.125
SM-105-P2,49,,,-51.525
SM-105-P2,49,,,-90.45
SM-105-P2,49,,,-92.7
SM-105-P2,49,,,-100.575
SM-105-P2,49,,,-117.45
SM-105-P2,49,,,-117.9
SM-49-P1,49,477572.34,2038055.4,-46.505
SM-17-P2,49,479997.31,2036524.08,-6.205
SM-17-P2,49,479997.31,2036524.08,-55.705
SM-17-P2,49,479997.31,2036524.08,-56.605
SM-17-P2,49,479997.31,2036524.08,-74.83
SM-18-P1,49,477502.42,2036933.38,-20.595
SM-18-P1,49,477502.42,2036933.38,-57.27
SM-09-B1,4,477265.19,2036624.23,-1.465
SM-09-B1,5.5,477265.19,2036624.23,-1.69
SM-05-B1,6,478828.2306,2036140.498,-1.343
SM-05-B1,5,478828.2306,2036140.498,-1.568
SM-35 P2,49,,,-39.375
SM-35 P2,49,,,-40.725
SM-35 P2,49,,,-43.2
SM-35 P2,49,,,-43.65
SM-35 P2,49,,,-47.025
SM-35 P2,49,,,-47.925
SM-35 P2,49,,,-55.8
SM-62 P2,49,,,-27.9
SM-72-P2,49,479543.59,2036219.22,-27.835
SM-02-B1,49,479959.6533,2036162.012,-29.281
SM-02-B1,49,479959.6533,2036162.012,-32.431
SM-19-P1,49,477471.6,2036261.55,-24.72
SM-19-P1,49,477471.6,2036261.55,-45.42
SM-19-P1,49,477471.6,2036261.55,-80.745
SM-51-P1,49,477639.95,2037631.92,-58.35
SM-36-P2,49,478362.19,2036503.28,-40.555
SM-10-B2,49,480515.3,2036275.1,-31.505
SM-10-B2,49,480515.3,2036275.1,-41.855
SM-25-P2,49,479793.28,2037531.65,-31.55
SM-25-P2,49,479793.28,2037531.65,-36.725
SM-25-P2,49,479793.28,2037531.65,-37.4
SM-25-P2,49,479793.28,2037531.65,-42.125
SM-66-P1,49,477629.99,2036277.02,-43.89
SM-52-P1,49,478098.81,2037573.26,-26.18
SM-10-B1,49,477226.3,2037121.54,-17.675
SM-53-P2,49,478414.1,2037512.4,-48.965
SM-53-P2,49,478414.1,2037512.4,-58.865
SM-14-P2,49,479685.63,2037378.89,-72.21
SM-14-P2,49,479685.63,2037378.89,-72.66
SM-37-P2,49,479213.08,2036499.92,-35.86
SM-37-P2,49,479213.08,2036499.92,-37.21
SM-37-P2,49,479213.08,2036499.92,-23.71
SM-44-P1,49,477193.08,2038327.98,-16.3
SM-44-P1,49,477189.844,2038327.449,-16.35
SM-44-P1,49,477193.08,2038327.98,-28.9
SM-44-P1,49,477189.844,2038327.449,-28.95
SM-44-P1,49,477193.08,2038327.98,-29.575
SM-44-P1,49,477189.844,2038327.449,-29.625
SM-44-P1,49,477193.08,2038327.98,-34.975
SM-44-P1,49,477189.844,2038327.449,-35.025
SM-44-P1,49,477193.08,2038327.98,-37.9
SM-44-P1,49,477189.844,2038327.449,-37.95
SM-44-P1,49,477193.08,2038327.98,-38.35
SM-44-P1,49,477189.844,2038327.449,-38.4
SM-47-P1,49,478006.01,2038293.04,-23.495
SM-47-P1,49,478006.01,2038293.04,-31.595
SM-47-P1,49,478006.01,2038293.04,-32.495
SM-47-P1,49,478006.01,2038293.04,-36.095
SM-28 P2,49,,,-27
SM-01-B1,49,480286.37,2036030.34,-16.23
SM-01-B1,49,480286.37,2036030.34,-19.38
SM-01-B1,49,480286.37,2036030.34,-19.83
SM-01-B1,49,480286.37,2036030.34,-20.505
SM-20-P1,49,477576.5,2038152.22,-19.89
SM-20-P1,49,477574.978,2038153.565,-19.96
SM-20-P1,49,477576.5,2038152.22,-20.34
SM-20-P1,49,477574.978,2038153.565,-20.41
SM-20-P1,49,477576.5,2038152.22,-32.04
SM-20-P1,49,477574.978,2038153.565,-32.11
SM-69-P2,49,478614.71,2036398.52,-40.915
SM-74-P3,49,480593.73,2036997.8,-48.11
SM-42-P1,49,477982.94,2038550.48,-9.895
SM-42-P1,49,477982.94,2038550.48,-15.745
SM-42-P1,49,477982.94,2038550.48,-33.295
SM-42-P1,49,477982.94,2038550.48,-37.12
SM-42-P1,49,477982.94,2038550.48,-41.395
SM-42-P1,49,477982.94,2038550.48,-45.445
SM-38-P2,49,479622.12,2036497.16,-49.085
SM-75-P1,49,477626.74,2037421.93,-30.535
SM-09-B2,49,480263.7,2036758.9,-23.255
SM-76-P3,49,481243.38,2036665.86,1.535
SM-76-P3,49,481243.38,2036665.86,-31.315
SM-22-P2,49,478599.1,2037541.17,-24.815
SM-22-P2,49,478599.1,2037541.17,-25.04
SM-22-P2,49,478599.1,2037541.17,-25.265
SM-22-P2,49,478599.1,2037541.17,-36.065
SM-22-P2,49,478599.1,2037541.17,-38.315
SM-15-P2,49,479132.63,2036864.69,-23.94
SM-15-P2,49,479132.63,2036864.69,-24.39
SM-15-P2,49,479132.63,2036864.69,-25.965
SM-26-P2,48.5,478399.31,2037192.67,-64.59
SM-34-P2,48.5,479861.49,2036907.43,-35.24
SM-12-B1,48.5,477096.67,2038479.67,-21.57
SM-40-P1,48.5,477608.176,2038623.913,-29.68
SM-11-B1,48.5,477167.57,2037681.46,-29.42
SM-41-P1,48.5,477763.79,2038599.78,-24.62
SM-41-P1,48.5,477763.79,2038599.78,-34.97
SM-68 P2,48.5,,,-45.9
SM-68 P2,48.5,,,-46.35
SM-16-P2,48.5,478795.23,2036506.72,-23.78
SM-16-P2,48.5,478795.23,2036506.72,-33.68
SM-54-P2,48.5,478894.52,2037846.9,-24.18
SM-33-P2,48.5,479399.9,2036846.79,-31.41
SM-33-P2,48.5,479399.9,2036846.79,-31.86
SM-33-P2,48.5,479399.9,2036846.79,-36.36
SM-33-P2,48.5,479399.9,2036846.79,-36.81
SM-24-P2,48.5,479387.3,2037585.89,-26.45
SM-24-P2,48.5,479387.3,2037585.89,-26.9
SM-27-P2,48.5,478831.45,2037198.64,-36.7
SM-27-P2,48.5,478831.45,2037198.64,-37.15
SM-59-P1,48.5,477834.91,2037045.31,-21.03
SM-23-P2,48.5,478975.93,2037540.89,-35.22
SM-23-P2,48.5,478975.93,2037540.89,-36.57
SM-23-P2,48.5,478975.93,2037540.89,-37.02
SM-23-P2,48.5,478975.93,2037540.89,-37.47
SM-23-P2,48.5,478975.93,2037540.89,-37.92
SM-105-P2,48.5,,,-37.35
SM-105-P2,48.5,,,-69.75
SM-105-P2,48.5,,,-97.65
SM-49-P1,48.5,477572.34,2038055.4,-44.48
SM-45-P1,48.5,477444.49,2038334.58,-22.21
SM-17-P2,48.5,479997.31,2036524.08,-37.03
SM-09-B1,7,477265.19,2036624.23,-1.915
SM-35 P2,48.5,,,-46.35
SM-62 P2,48.5,,,-49.05
SM-62 P2,48.5,,,-49.5
SM-72-P2,48.5,479543.59,2036219.22,-28.96
SM-19-P1,48.5,477471.6,2036261.55,-39.12
SM-19-P1,48.5,477471.6,2036261.55,-39.57
SM-19-P1,48.5,477471.6,2036261.55,-42.27
SM-19-P1,48.5,477471.6,2036261.55,-42.72
SM-19-P1,48.5,477471.6,2036261.55,-44.07
SM-19-P1,48.5,477471.6,2036261.55,-78.27
SM-51-P1,48.5,477639.95,2037631.92,-60.15
SM-51-P1,48.5,477639.95,2037631.92,-60.6
SM-36-P2,48.5,478362.19,2036503.28,-43.03
SM-36-P2,48.5,478362.19,2036503.28,-43.48
SM-55-P2,48.5,479329.18,2037687.79,-35.59
SM-25-P2,48.5,479793.28,2037531.65,-35.6
SM-25-P2,48.5,479793.28,2037531.65,-36.95
SM-52-P1,48.5,478098.81,2037573.26,-16.73
SM-53-P2,48.5,478414.1,2037512.4,-58.19
SM-14-P2,48.5,479685.63,2037378.89,-82.11
SM-14-P2,48.5,479685.63,2037378.89,-82.56
SM-37-P2,48.5,479213.08,2036499.92,-24.61
SM-44-P1,48.5,477193.08,2038327.98,-0.55
SM-44-P1,48.5,477189.844,2038327.449,-0.6
SM-44-P1,48.5,477193.08,2038327.98,-29.35
SM-44-P1,48.5,477189.844,2038327.449,-29.4
SM-47-P1,48.5,478006.01,2038293.04,-24.62
SM-47-P1,48.5,478006.01,2038293.04,-25.07
SM-28 P2,48.5,,,-34.65
SM-28 P2,48.5,,,-37.8
SM-28 P2,48.5,,,-44.55
SM-28 P2,48.5,,,-45
SM-57-P1,48.5,477640.14,2037208.59,-27
SM-57-P1,48.5,477640.14,2037208.59,-27.45
SM-42-P1,48.5,477982.94,2038550.48,-44.32
SM-15-P2,48.5,479132.63,2036864.69,-25.74
SM-21-P3,48,481503.78,2037018.87,-59.16
SM-21-P3,48,481503.78,2037018.87,-59.835
SM-21-P3,48,481503.78,2037018.87,-67.935
SM-21-P3,48,481503.78,2037018.87,-70.86
SM-21-P3,48,481503.78,2037018.87,-71.31
SM-26-P2,48,478399.31,2037192.67,-54.915
SM-26-P2,48,478399.31,2037192.67,-55.815
SM-34-P2,48,479861.49,2036907.43,-37.49
SM-34-P2,48,479861.49,2036907.43,-39.515
SM-12-B1,48,477096.67,2038479.67,-0.645
SM-12-B1,48,477096.67,2038479.67,-4.92
SM-12-B1,48,477096.67,2038479.67,-6.495
SM-12-B1,48,477096.67,2038479.67,-19.545
SM-43-P1,48,478112.67,2038510.48,1.095
SM-43-P1,48,478109.666,2038510.974,0.975
SM-43-P1,48,478112.67,2038510.48,-4.305
SM-43-P1,48,478109.666,2038510.974,-4.425
SM-43-P1,48,478112.67,2038510.48,-5.88
SM-43-P1,48,478109.666,2038510.974,-6
SM-43-P1,48,478112.67,2038510.48,-6.33
SM-43-P1,48,478109.666,2038510.974,-6.45
SM-40-P1,48,477608.176,2038623.913,-29.23
SM-40-P1,48,477608.176,2038623.913,-32.38
SM-40-P1,48,477608.176,2038623.913,-41.605
SM-40-P1,48,477608.176,2038623.913,-49.48
SM-40-P1,48,477608.176,2038623.913,-49.93
SM-03-B1,48,479599.92,2035977.75,-23.01
SM-11-B1,48,477167.57,2037681.46,-0.62
SM-11-B1,48,477167.57,2037681.46,-32.345
SM-41-P1,48,477763.79,2038599.78,-3.245
SM-41-P1,48,477763.79,2038599.78,-4.145
SM-41-P1,48,477763.79,2038599.78,-9.995
SM-41-P1,48,477763.79,2038599.78,-25.07
SM-41-P1,48,477763.79,2038599.78,-30.695
SM-41-P1,48,477763.79,2038599.78,-46.67
SM-41-P1,48,477763.79,2038599.78,-47.12
SM-41-P1,48,477763.79,2038599.78,-47.795
SM-41-P1,48,477763.79,2038599.78,-49.145
SM-32-P2,48,479000.45,2036846.64,-36.615
SM-32-P2,48,479000.45,2036846.64,-41.115
SM-32-P2,48,479000.45,2036846.64,-46.065
SM-65-P1,48,477374.93,2036265.02,-22.04
SM-65-P1,48,477374.93,2036265.02,-36.215
SM-48-P1,48,477235.12,2038040.99,-32.915
SM-48-P1,48,477235.12,2038040.99,-36.965
SM-30-P2,48,480015.16,2037202.47,-33.215
SM-30-P2,48,480015.16,2037202.47,-33.89
SM-30-P2,48,480015.16,2037202.47,-34.34
SM-73-P2,48,480177.03,2036206.51,-24.025
SM-73-P2,48,480177.03,2036206.51,-25.375
SM-73-P2,48,480177.03,2036206.51,-31.9
SM-58-P1,48,478010.84,2037201.06,-22.725
SM-58-P1,48,478010.84,2037201.06,-25.425
SM-58-P1,48,478010.84,2037201.06,-28.35
SM-58-P1,48,478010.84,2037201.06,-28.8
SM-58-P1,48,478010.84,2037201.06,-29.475
SM-58-P1,48,478010.84,2037201.06,-34.875
SM-39-P2,48,480204.54,2036551.45,-45.245
SM-39-P2,48,480204.54,2036551.45,-45.36
SM-39-P2,48,480204.54,2036551.45,-45.47
SM-16-P2,48,478795.23,2036506.72,-22.655
SM-16-P2,48,478795.23,2036506.72,-24.455
SM-16-P2,48,478795.23,2036506.72,-25.58
SM-16-P2,48,478795.23,2036506.72,-34.13
SM-54-P2,48,478894.52,2037846.9,-32.28
SM-54-P2,48,478894.52,2037846.9,-33.18
SM-54-P2,48,478894.52,2037846.9,-33.63
SM-33-P2,48,479399.9,2036846.79,-40.635
SM-61-P1,48,478033.23,2036869.83,-23.86
SM-05-B2,48,478555.9,2037889.6,-26.17
SM-24-P2,48,479387.3,2037585.89,-37.25
SM-04-B2,48,478139.21,2037614.8,-17.095
SM-04-B2,48,478139.21,2037614.8,-21.37
SM-04-B2,48,478139.21,2037614.8,-21.82
SM-50-P1,48,477300,2037635,-26.515
SM-50-P1,48,477300,2037635,-29.665
SM-50-P1,48,477300,2037635,-33.94
SM-50-P1,48,477300,2037635,-34.39
SM-31-P2,48,478600.11,2036846.19,-27.345
SM-31-P2,48,478600.11,2036846.19,-30.945
SM-31-P2,48,478600.11,2036846.19,-32.295
SM-27-P2,48,478831.45,2037198.64,-24.775
SM-27-P2,48,478831.45,2037198.64,-31.075
SM-27-P2,48,478831.45,2037198.64,-34
SM-59-P1,48,477834.91,2037045.31,-37.005
SM-23-P2,48,478975.93,2037540.89,-27.57
SM-23-P2,48,478975.93,2037540.89,-36.795
SM-23-P2,48,478975.93,2037540.89,-37.695
SM-23-P2,48,478975.93,2037540.89,-39.72
SM-105-P2,48,,,-37.575
SM-105-P2,48,,,-57.6
SM-105-P2,48,,,-81.9
SM-105-P2,48,,,-90.675
SM-105-P2,48,,,-92.475
SM-105-P2,48,,,-117.675
SM-17-P2,48,479997.31,2036524.08,-37.48
SM-17-P2,48,479997.31,2036524.08,-37.93
SM-17-P2,48,479997.31,2036524.08,-74.605
SM-08-B2,48,480108.48,2037238.9,-34.025
SM-08-B2,48,480108.48,2037238.9,-34.25
SM-08-B2,48,480108.48,2037238.9,-34.475
SM-60-P1,48,477583.84,2036816.3,3.095
SM-18-P1,48,477502.42,2036933.38,-21.72
SM-18-P1,48,477502.42,2036933.38,-57.045
SM-18-P1,48,477502.42,2036933.38,-66.72
SM-09-B1,8,477265.19,2036624.23,-2.14
SM-05-B1,4,478828.2306,2036140.498,-1.793
SM-35 P2,48,,,-29.025
SM-35 P2,48,,,-43.425
SM-35 P2,48,,,-46.8
SM-35 P2,48,,,-56.025
SM-62 P2,48,,,-26.1
SM-62 P2,48,,,-28.125
SM-62 P2,48,,,-34.65
SM-02-B1,48,479959.6533,2036162.012,-26.806
SM-02-B1,48,479959.6533,2036162.012,-33.106
SM-02-B1,48,479959.6533,2036162.012,-33.556
SM-19-P1,48,477471.6,2036261.55,-19.545
SM-19-P1,48,477471.6,2036261.55,-44.745
SM-19-P1,48,477471.6,2036261.55,-44.97
SM-19-P1,48,477471.6,2036261.55,-45.195
SM-51-P1,48,477639.95,2037631.92,-34.5
SM-51-P1,48,477639.95,2037631.92,-34.95
SM-51-P1,48,477639.95,2037631.92,-58.125
SM-36-P2,48,478362.19,2036503.28,-16.03
SM-36-P2,48,478362.19,2036503.28,-36.955
SM-36-P2,48,478362.19,2036503.28,-43.93
SM-36-P2,48,478362.19,2036503.28,-44.38
SM-10-B2,48,480515.3,2036275.1,-23.405
SM-10-B2,48,480515.3,2036275.1,-30.605
SM-55-P2,48,479329.18,2037687.79,-40.09
SM-25-P2,48,479793.28,2037531.65,-14.9
SM-25-P2,48,479793.28,2037531.65,-31.775
SM-25-P2,48,479793.28,2037531.65,-33.8
SM-25-P2,48,479793.28,2037531.65,-37.175
SM-06-B1,48,478330.36,2036080.3,-22.83
SM-66-P1,48,477629.99,2036277.02,-42.54
SM-66-P1,48,477629.99,2036277.02,-43.215
SM-66-P1,48,477629.99,2036277.02,-43.44
SM-66-P1,48,477629.99,2036277.02,-43.665
SM-66-P1,48,477629.99,2036277.02,-44.34
SM-66-P1,48,477629.99,2036277.02,-44.79
SM-52-P1,48,478098.81,2037573.26,-25.955
SM-53-P2,48,478414.1,2037512.4,-44.915
SM-53-P2,48,478414.1,2037512.4,-58.64
SM-14-P2,48,479685.63,2037378.89,-72.435
SM-37-P2,48,479213.08,2036499.92,-41.26
SM-44-P1,48,477193.08,2038327.98,-11.575
SM-44-P1,48,477189.844,2038327.449,-11.625
SM-44-P1,48,477193.08,2038327.98,-29.125
SM-44-P1,48,477189.844,2038327.449,-29.175
SM-44-P1,48,477193.08,2038327.98,-38.125
SM-44-P1,48,477189.844,2038327.449,-38.175
SM-70-P3,48,481498.09,2036695.19,-5.355
SM-47-P1,48,478006.01,2038293.04,-31.82
SM-47-P1,48,478006.01,2038293.04,-32.27
SM-28 P2,48,,,-27.225
SM-28 P2,48,,,-33.975
SM-01-B1,48,480286.37,2036030.34,-14.88
SM-01-B1,48,480286.37,2036030.34,-15.33
SM-01-B1,48,480286.37,2036030.34,-16.455
SM-01-B1,48,480286.37,2036030.34,-17.58
SM-01-B1,48,480286.37,2036030.34,-18.93
SM-01-B1,48,480286.37,2036030.34,-19.605
SM-20-P1,48,477576.5,2038152.22,-20.115
SM-20-P1,48,477574.978,2038153.565,-20.185
SM-20-P1,48,477576.5,2038152.22,-30.465
SM-20-P1,48,477574.978,2038153.565,-30.535
SM-20-P1,48,477576.5,2038152.22,-32.265
SM-20-P1,48,477574.978,2038153.565,-32.335
SM-69-P2,48,478614.71,2036398.52,-38.89
SM-69-P2,48,478614.71,2036398.52,-40.015
SM-57-P1,48,477640.14,2037208.59,-40.95
SM-74-P3,48,480593.73,2036997.8,-47.885
SM-42-P1,48,477982.94,2038550.48,-36.895
SM-75-P1,48,477626.74,2037421.93,-28.51
SM-75-P1,48,477626.74,2037421.93,-38.41
SM-09-B2,48,480263.7,2036758.9,-18.755
SM-09-B2,48,480263.7,2036758.9,-20.33
SM-29-P2,48,479601.03,2037189.73,-35.355
SM-29-P2,48,479601.03,2037189.73,-38.055
SM-22-P2,48,478599.1,2037541.17,-22.79
SM-22-P2,48,478599.1,2037541.17,-23.24
SM-22-P2,48,478599.1,2037541.17,-28.415
SM-22-P2,48,478599.1,2037541.17,-49.115
SM-22-P2,48,478599.1,2037541.17,-49.34
SM-22-P2,48,478599.1,2037541.17,-49.565
SM-15-P2,48,479132.63,2036864.69,-24.165
SM-15-P2,48,479132.63,2036864.69,-25.515
SM-21-P3,47.5,481503.78,2037018.87,-59.61
SM-21-P3,47.5,481503.78,2037018.87,-64.56
SM-21-P3,47.5,481503.78,2037018.87,-72.21
SM-21-P3,47.5,481503.78,2037018.87,-72.66
SM-12-B1,47.5,477096.67,2038479.67,-5.82
SM-12-B1,47.5,477096.67,2038479.67,-25.62
SM-11-B1,47.5,477167.57,2037681.46,-26.27
SM-32-P2,47.5,479000.45,2036846.64,-24.24
SM-32-P2,47.5,479000.45,2036846.64,-50.34
SM-65-P1,47.5,477374.93,2036265.02,-21.14
SM-48-P1,47.5,477235.12,2038040.99,-40.34
SM-48-P1,47.5,477235.12,2038040.99,-40.79
SM-30-P2,47.5,480015.16,2037202.47,-42.44
SM-30-P2,47.5,480015.16,2037202.47,-42.89
SM-30-P2,47.5,480015.16,2037202.47,-47.39
SM-73-P2,47.5,480177.03,2036206.51,-24.25
SM-16-P2,47.5,478795.23,2036506.72,-22.43
SM-16-P2,47.5,478795.23,2036506.72,-24.23
SM-16-P2,47.5,478795.23,2036506.72,-37.73
SM-16-P2,47.5,478795.23,2036506.72,-38.18
SM-54-P2,47.5,478894.52,2037846.9,-34.98
SM-54-P2,47.5,478894.52,2037846.9,-35.43
SM-54-P2,47.5,478894.52,2037846.9,-38.58
SM-33-P2,47.5,479399.9,2036846.79,-34.56
SM-33-P2,47.5,479399.9,2036846.79,-35.01
SM-61-P1,47.5,478033.23,2036869.83,-23.41
SM-31-P2,47.5,478600.11,2036846.19,-41.07
SM-23-P2,47.5,478975.93,2037540.89,-32.52
SM-105-P2,47.5,,,-43.65
SM-105-P2,47.5,,,-49.95
SM-105-P2,47.5,,,-59.4
SM-17-P2,47.5,479997.31,2036524.08,-81.13
SM-08-B2,47.5,480108.48,2037238.9,-38.75
SM-18-P1,47.5,477502.42,2036933.38,-48.72
SM-18-P1,47.5,477502.42,2036933.38,-49.17
SM-18-P1,47.5,477502.42,2036933.38,-57.72
SM-35 P2,47.5,,,-31.5
SM-19-P1,47.5,477471.6,2036261.55,-44.52
SM-19-P1,47.5,477471.6,2036261.55,-45.87
SM-19-P1,47.5,477471.6,2036261.55,-46.32
SM-51-P1,47.5,477639.95,2037631.92,-35.4
SM-36-P2,47.5,478362.19,2036503.28,-36.28
SM-10-B2,47.5,480515.3,2036275.1,-41.18
SM-52-P1,47.5,478098.81,2037573.26,-23.48
SM-52-P1,47.5,478098.81,2037573.26,-23.93
SM-14-P2,47.5,479685.63,2037378.89,-57.81
SM-14-P2,47.5,479685.63,2037378.89,-60.51
SM-28 P2,47.5,,,-34.2
SM-28 P2,47.5,,,-35.55
SM-57-P1,47.5,477640.14,2037208.59,-21.15
SM-42-P1,47.5,477982.94,2038550.48,-40.72
SM-42-P1,47.5,477982.94,2038550.48,-46.57
SM-75-P1,47.5,477626.74,2037421.93,-30.31
SM-29-P2,47.5,479601.03,2037189.73,-32.43
SM-22-P2,47.5,478599.1,2037541.17,-23.69
SM-22-P2,47.5,478599.1,2037541.17,-24.14
SM-22-P2,47.5,478599.1,2037541.17,-38.09
SM-21-P3,47,481503.78,2037018.87,-57.585
SM-21-P3,47,481503.78,2037018.87,-59.385
SM-26-P2,47,478399.31,2037192.67,-39.39
SM-26-P2,47,478399.31,2037192.67,-64.365
SM-34-P2,47,479861.49,2036907.43,-29.615
SM-34-P2,47,479861.49,2036907.43,-35.465
SM-12-B1,47,477096.67,2038479.67,-15.27
SM-12-B1,47,477096.67,2038479.67,-21.345
SM-40-P1,47,477608.176,2038623.913,-24.955
SM-40-P1,47,477608.176,2038623.913,-29.455
SM-40-P1,47,477608.176,2038623.913,-32.83
SM-40-P1,47,477608.176,2038623.913,-46.555
SM-40-P1,47,477608.176,2038623.913,-47.905
SM-03-B1,47,479599.92,2035977.75,-17.61
SM-03-B1,47,479599.92,2035977.75,-19.635
SM-11-B1,47,477167.57,2037681.46,3.205
SM-11-B1,47,477167.57,2037681.46,-23.345
SM-11-B1,47,477167.57,2037681.46,-27.395
SM-11-B1,47,477167.57,2037681.46,-29.195
SM-41-P1,47,477763.79,2038599.78,-24.17
SM-41-P1,47,477763.79,2038599.78,-27.995
SM-41-P1,47,477763.79,2038599.78,-37.445
SM-41-P1,47,477763.79,2038599.78,-38.345
SM-41-P1,47,477763.79,2038599.78,-44.42
SM-32-P2,47,479000.45,2036846.64,-27.84
SM-65-P1,47,477374.93,2036265.02,-38.465
SM-48-P1,47,477235.12,2038040.99,-34.94
SM-73-P2,47,480177.03,2036206.51,-23.125
SM-73-P2,47,480177.03,2036206.51,-24.475
SM-73-P2,47,480177.03,2036206.51,-36.625
SM-68 P2,47,,,-38.25
SM-68 P2,47,,,-38.7
SM-68 P2,47,,,-46.125
SM-58-P1,47,478010.84,2037201.06,-24.3
SM-58-P1,47,478010.84,2037201.06,-24.75
SM-58-P1,47,478010.84,2037201.06,-45
SM-58-P1,47,478010.84,2037201.06,-45.45
SM-39-P2,47,480204.54,2036551.45,-35.23
SM-39-P2,47,480204.54,2036551.45,-35.68
SM-39-P2,47,480204.54,2036551.45,-41.08
SM-16-P2,47,478795.23,2036506.72,-22.205
SM-16-P2,47,478795.23,2036506.72,-24.005
SM-16-P2,47,478795.23,2036506.72,-31.88
SM-16-P2,47,478795.23,2036506.72,-33.905
SM-54-P2,47,478894.52,2037846.9,-24.405
SM-33-P2,47,479399.9,2036846.79,-31.635
SM-33-P2,47,479399.9,2036846.79,-36.585
SM-61-P1,47,478033.23,2036869.83,-22.285
SM-61-P1,47,478033.23,2036869.83,-29.71
SM-61-P1,47,478033.23,2036869.83,-37.81
SM-24-P2,47,479387.3,2037585.89,-26.675
SM-24-P2,47,479387.3,2037585.89,-35.9
SM-04-B2,47,478139.21,2037614.8,-18.445
SM-04-B2,47,478139.21,2037614.8,-19.57
SM-27-P2,47,478831.45,2037198.64,-29.725
SM-27-P2,47,478831.45,2037198.64,-36.925
SM-59-P1,47,477834.91,2037045.31,-25.53
SM-59-P1,47,477834.91,2037045.31,-31.155
SM-23-P2,47,478975.93,2037540.89,-34.095
SM-23-P2,47,478975.93,2037540.89,-34.995
SM-23-P2,47,478975.93,2037540.89,-38.82
SM-105-P2,47,,,-69.975
SM-105-P2,47,,,-87.3
SM-105-P2,47,,,-87.75
SM-105-P2,47,,,-97.425
SM-49-P1,47,477572.34,2038055.4,-44.705
SM-49-P1,47,477572.34,2038055.4,-45.605
SM-45-P1,47,477444.49,2038334.58,-24.01
SM-45-P1,47,477444.49,2038334.58,-33.235
SM-17-P2,47,479997.31,2036524.08,-33.205
SM-17-P2,47,479997.31,2036524.08,-36.805
SM-17-P2,47,479997.31,2036524.08,-51.655
SM-17-P2,47,479997.31,2036524.08,-81.58
SM-08-B2,47,480108.48,2037238.9,-31.1
SM-18-P1,47,477502.42,2036933.38,-59.52
SM-18-P1,47,477502.42,2036933.38,-63.12
SM-18-P1,47,477502.42,2036933.38,-67.395
SM-09-B1,9,477265.19,2036624.23,-2.365
SM-05-B1,2.5,478828.2306,2036140.498,-2.018
SM-35 P2,47,,,-22.725
SM-35 P2,47,,,-46.575
SM-62 P2,47,,,-42.975
SM-62 P2,47,,,-49.275
SM-72-P2,47,479543.59,2036219.22,-23.56
SM-72-P2,47,479543.59,2036219.22,-28.735
SM-19-P1,47,477471.6,2036261.55,-39.345
SM-19-P1,47,477471.6,2036261.55,-42.495
SM-19-P1,47,477471.6,2036261.55,-44.295
SM-19-P1,47,477471.6,2036261.55,-78.045
SM-51-P1,47,477639.95,2037631.92,-55.425
SM-51-P1,47,477639.95,2037631.92,-60.375
SM-36-P2,47,478362.19,2036503.28,-22.555
SM-36-P2,47,478362.19,2036503.28,-35.83
SM-36-P2,47,478362.19,2036503.28,-41.23
SM-36-P2,47,478362.19,2036503.28,-41.68
SM-36-P2,47,478362.19,2036503.28,-43.255
SM-10-B2,47,480515.3,2036275.1,-21.83
SM-10-B2,47,480515.3,2036275.1,-41.63
SM-55-P2,47,479329.18,2037687.79,-17.365
SM-55-P2,47,479329.18,2037687.79,-28.165
SM-55-P2,47,479329.18,2037687.79,-28.39
SM-55-P2,47,479329.18,2037687.79,-28.615
SM-55-P2,47,479329.18,2037687.79,-35.365
SM-25-P2,47,479793.28,2037531.65,-33.35
SM-25-P2,47,479793.28,2037531.65,-35.375
SM-66-P1,47,477629.99,2036277.02,-42.99
SM-53-P2,47,478414.1,2037512.4,-41.99
SM-53-P2,47,478414.1,2037512.4,-48.29
SM-53-P2,47,478414.1,2037512.4,-58.415
SM-14-P2,47,479685.63,2037378.89,-31.935
SM-14-P2,47,479685.63,2037378.89,-61.185
SM-14-P2,47,479685.63,2037378.89,-82.335
SM-37-P2,47,479213.08,2036499.92,-17.635
SM-37-P2,47,479213.08,2036499.92,-34.285
SM-37-P2,47,479213.08,2036499.92,-38.785
SM-44-P1,47,477193.08,2038327.98,-9.325
SM-44-P1,47,477189.844,2038327.449,-9.375
SM-44-P1,47,477193.08,2038327.98,-11.35
SM-44-P1,47,477189.844,2038327.449,-11.4
SM-44-P1,47,477193.08,2038327.98,-21.925
SM-44-P1,47,477189.844,2038327.449,-21.975
SM-70-P3,47,481498.09,2036695.19,-17.28
SM-47-P1,47,478006.01,2038293.04,-1.67
SM-47-P1,47,478006.01,2038293.04,-24.845
SM-47-P1,47,478006.01,2038293.04,-32.045
SM-28 P2,47,,,-34.425
SM-28 P2,47,,,-37.125
SM-28 P2,47,,,-37.35
SM-28 P2,47,,,-37.575
SM-28 P2,47,,,-39.6
SM-28 P2,47,,,-44.775
SM-20-P1,47,477576.5,2038152.22,-27.765
SM-20-P1,47,477574.978,2038153.565,-27.835
SM-20-P1,47,477576.5,2038152.22,-31.14
SM-20-P1,47,477574.978,2038153.565,-31.21
SM-57-P1,47,477640.14,2037208.59,-27.225
SM-74-P3,47,480593.73,2036997.8,-46.985
SM-42-P1,47,477982.94,2038550.48,-25.87
SM-42-P1,47,477982.94,2038550.48,-26.32
SM-42-P1,47,477982.94,2038550.48,-41.17
SM-42-P1,47,477982.94,2038550.48,-44.545
SM-38-P2,47,479622.12,2036497.16,-45.485
SM-75-P1,47,477626.74,2037421.93,-29.185
SM-75-P1,47,477626.74,2037421.93,-34.135
SM-76-P3,47,481243.38,2036665.86,-29.29
SM-22-P2,47,478599.1,2037541.17,-41.69
SM-22-P2,47,478599.1,2037541.17,-42.14
SM-22-P2,47,478599.1,2037541.17,-46.64
SM-26-P2,46.5,478399.31,2037192.67,-55.14
SM-26-P2,46.5,478399.31,2037192.67,-55.59
SM-34-P2,46.5,479861.49,2036907.43,-48.29
SM-41-P1,46.5,477763.79,2038599.78,-25.97
SM-65-P1,46.5,477374.93,2036265.02,-35.54
SM-48-P1,46.5,477235.12,2038040.99,-37.19
SM-68 P2,46.5,,,-25.2
SM-68 P2,46.5,,,-25.65
SM-68 P2,46.5,,,-34.65
SM-58-P1,46.5,478010.84,2037201.06,-20.7
SM-58-P1,46.5,478010.84,2037201.06,-21.15
SM-58-P1,46.5,478010.84,2037201.06,-21.6
SM-39-P2,46.5,480204.54,2036551.45,-40.18
SM-16-P2,46.5,478795.23,2036506.72,-19.73
SM-16-P2,46.5,478795.23,2036506.72,-21.98
SM-04-B2,46.5,478139.21,2037614.8,-20.02
SM-04-B2,46.5,478139.21,2037614.8,-20.47
SM-50-P1,46.5,477300,2037635,-41.59
SM-31-P2,46.5,478600.11,2036846.19,-28.92
SM-59-P1,46.5,477834.91,2037045.31,-38.13
SM-23-P2,46.5,478975.93,2037540.89,-38.37
SM-105-P2,46.5,,,-64.8
SM-49-P1,46.5,477572.34,2038055.4,-44.93
SM-49-P1,46.5,477572.34,2038055.4,-45.38
SM-49-P1,46.5,477572.34,2038055.4,-46.28
SM-45-P1,46.5,477444.49,2038334.58,-33.91
SM-17-P2,46.5,479997.31,2036524.08,-33.43
SM-17-P2,46.5,479997.31,2036524.08,-68.98
SM-17-P2,46.5,479997.31,2036524.08,-79.33
SM-18-P1,46.5,477502.42,2036933.38,-23.52
SM-18-P1,46.5,477502.42,2036933.38,-67.17
SM-72-P2,46.5,479543.59,2036219.22,0.74
SM-02-B1,46.5,479959.6533,2036162.012,-25.906
SM-19-P1,46.5,477471.6,2036261.55,-29.67
SM-36-P2,46.5,478362.19,2036503.28,-36.73
SM-10-B2,46.5,480515.3,2036275.1,-37.13
SM-07-B1,46.5,477905.7673,2036203.22,-25.9164
SM-07-B1,46.5,477905.7673,2036203.22,-26.8164
SM-52-P1,46.5,478098.81,2037573.26,-34.73
SM-53-P2,46.5,478414.1,2037512.4,-45.59
SM-53-P2,46.5,478414.1,2037512.4,-48.74
SM-37-P2,46.5,479213.08,2036499.92,-38.56
SM-44-P1,46.5,477193.08,2038327.98,-11.8
SM-44-P1,46.5,477189.844,2038327.449,-11.85
SM-70-P3,46.5,481498.09,2036695.19,-0.63
SM-47-P1,46.5,478006.01,2038293.04,-26.42
SM-47-P1,46.5,478006.01,2038293.04,-36.32
SM-47-P1,46.5,478006.01,2038293.04,-37.22
SM-01-B1,46.5,480286.37,2036030.34,-14.43
SM-20-P1,46.5,477576.5,2038152.22,-43.74
SM-20-P1,46.5,477574.978,2038153.565,-43.81
SM-20-P1,46.5,477576.5,2038152.22,-44.64
SM-20-P1,46.5,477574.978,2038153.565,-44.71
SM-69-P2,46.5,478614.71,2036398.52,-33.94
SM-69-P2,46.5,478614.71,2036398.52,-34.39
SM-69-P2,46.5,478614.71,2036398.52,-49.24
SM-42-P1,46.5,477982.94,2038550.48,-9.22
SM-42-P1,46.5,477982.94,2038550.48,-10.12
SM-38-P2,46.5,479622.12,2036497.16,-45.26
SM-38-P2,46.5,479622.12,2036497.16,-48.41
SM-38-P2,46.5,479622.12,2036497.16,-49.31
SM-75-P1,46.5,477626.74,2037421.93,-28.96
SM-76-P3,46.5,481243.38,2036665.86,-40.09
SM-22-P2,46.5,478599.1,2037541.17,-38.99
SM-15-P2,46.5,479132.63,2036864.69,-21.24
SM-21-P3,46,481503.78,2037018.87,-53.985
SM-21-P3,46,481503.78,2037018.87,-57.81
SM-21-P3,46,481503.78,2037018.87,-64.335
SM-21-P3,46,481503.78,2037018.87,-71.085
SM-26-P2,46,478399.31,2037192.67,-14.415
SM-26-P2,46,478399.31,2037192.67,-54.24
SM-26-P2,46,478399.31,2037192.67,-64.14
SM-34-P2,46,479861.49,2036907.43,-37.265
SM-34-P2,46,479861.49,2036907.43,-44.465
SM-34-P2,46,479861.49,2036907.43,-45.365
SM-12-B1,46,477096.67,2038479.67,-1.32
SM-12-B1,46,477096.67,2038479.67,-5.145
SM-43-P1,46,478112.67,2038510.48,1.995
SM-43-P1,46,478109.666,2038510.974,1.875
SM-43-P1,46,478112.67,2038510.48,-6.105
SM-43-P1,46,478109.666,2038510.974,-6.225
SM-40-P1,46,477608.176,2038623.913,-25.18
SM-40-P1,46,477608.176,2038623.913,-32.155
SM-40-P1,46,477608.176,2038623.913,-49.705
SM-03-B1,46,479599.92,2035977.75,-23.235
SM-11-B1,46,477167.57,2037681.46,-0.395
SM-41-P1,46,477763.79,2038599.78,-24.845
SM-41-P1,46,477763.79,2038599.78,-27.095
SM-41-P1,46,477763.79,2038599.78,-28.22
SM-41-P1,46,477763.79,2038599.78,-29.57
SM-41-P1,46,477763.79,2038599.78,-30.02
SM-41-P1,46,477763.79,2038599.78,-46.895
SM-32-P2,46,479000.45,2036846.64,-24.465
SM-65-P1,46,477374.93,2036265.02,-24.965
SM-30-P2,46,480015.16,2037202.47,-23.765
SM-30-P2,46,480015.16,2037202.47,-23.99
SM-30-P2,46,480015.16,2037202.47,-24.215
SM-30-P2,46,480015.16,2037202.47,-34.115
SM-73-P2,46,480177.03,2036206.51,-31.675
SM-73-P2,46,480177.03,2036206.51,-34.825
SM-73-P2,46,480177.03,2036206.51,-37.3
SM-73-P2,46,480177.03,2036206.51,-39.1
SM-58-P1,46,478010.84,2037201.06,-28.575
SM-58-P1,46,478010.84,2037201.06,-45.9
SM-39-P2,46,480204.54,2036551.45,-33.43
SM-39-P2,46,480204.54,2036551.45,-33.88
SM-39-P2,46,480204.54,2036551.45,-45.13
SM-06-B2,46,,,-25.875
SM-16-P2,46,478795.23,2036506.72,-21.755
SM-16-P2,46,478795.23,2036506.72,-25.805
SM-16-P2,46,478795.23,2036506.72,-30.08
SM-54-P2,46,478894.52,2037846.9,-32.055
SM-54-P2,46,478894.52,2037846.9,-33.405
SM-33-P2,46,479399.9,2036846.79,-23.31
SM-61-P1,46,478033.23,2036869.83,-28.585
SM-05-B2,46,478555.9,2037889.6,-25.945
SM-24-P2,46,479387.3,2037585.89,-37.025
SM-04-B2,46,478139.21,2037614.8,-21.595
SM-50-P1,46,477300,2037635,-2.215
SM-50-P1,46,477300,2037635,-34.165
SM-31-P2,46,478600.11,2036846.19,-34.095
SM-27-P2,46,478831.45,2037198.64,-24.1
SM-27-P2,46,478831.45,2037198.64,-29.95
SM-27-P2,46,478831.45,2037198.64,-32.65
SM-27-P2,46,478831.45,2037198.64,-33.775
SM-27-P2,46,478831.45,2037198.64,-43
SM-27-P2,46,478831.45,2037198.64,-43.45
SM-59-P1,46,477834.91,2037045.31,-19.68
SM-59-P1,46,477834.91,2037045.31,-20.805
SM-59-P1,46,477834.91,2037045.31,-26.88
SM-59-P1,46,477834.91,2037045.31,-27.33
SM-23-P2,46,478975.93,2037540.89,-19.92
SM-23-P2,46,478975.93,2037540.89,-39.945
SM-105-P2,46,,,-49.275
SM-105-P2,46,,,-57.825
SM-105-P2,46,,,-82.125
SM-105-P2,46,,,-98.55
SM-105-P2,46,,,-99
SM-105-P2,46,,,-116.55
SM-105-P2,46,,,-118.8
SM-49-P1,46,477572.34,2038055.4,-43.355
SM-49-P1,46,477572.34,2038055.4,-45.155
SM-45-P1,46,477444.49,2038334.58,-8.935
SM-45-P1,46,477444.49,2038334.58,-20.86
SM-45-P1,46,477444.49,2038334.58,-22.885
SM-17-P2,46,479997.31,2036524.08,-33.655
SM-17-P2,46,479997.31,2036524.08,-37.705
SM-17-P2,46,479997.31,2036524.08,-79.78
SM-08-B2,46,480108.48,2037238.9,-29.525
SM-08-B2,46,480108.48,2037238.9,-30.65
SM-18-P1,46,477502.42,2036933.38,-21.495
SM-18-P1,46,477502.42,2036933.38,-62.22
SM-18-P1,46,477502.42,2036933.38,-66.945
SM-05-B1,1,478828.2306,2036140.498,-2.243
SM-05-B1,2,478828.2306,2036140.498,-2.468
SM-35 P2,46,,,-47.25
SM-35 P2,46,,,-47.7
SM-35 P2,46,,,-53.1
SM-35 P2,46,,,-56.7
SM-62 P2,46,,,-22.725
SM-62 P2,46,,,-25.875
SM-62 P2,46,,,-34.425
SM-62 P2,46,,,-35.775
SM-62 P2,46,,,-40.05
SM-62 P2,46,,,-45
SM-72-P2,46,479543.59,2036219.22,-37.96
SM-02-B1,46,479959.6533,2036162.012,-27.031
SM-02-B1,46,479959.6533,2036162.012,-30.406
SM-02-B1,46,479959.6533,2036162.012,-33.331
SM-19-P1,46,477471.6,2036261.55,2.955
SM-19-P1,46,477471.6,2036261.55,2.73
SM-19-P1,46,477471.6,2036261.55,2.505
SM-19-P1,46,477471.6,2036261.55,1.605
SM-19-P1,46,477471.6,2036261.55,-20.445
SM-19-P1,46,477471.6,2036261.55,-26.52
SM-19-P1,46,477471.6,2036261.55,-77.37
SM-51-P1,46,477639.95,2037631.92,-34.725
SM-36-P2,46,478362.19,2036503.28,-16.255
SM-36-P2,46,478362.19,2036503.28,-44.155
SM-10-B2,46,480515.3,2036275.1,-32.405
SM-55-P2,46,479329.18,2037687.79,-30.19
SM-55-P2,46,479329.18,2037687.79,-39.865
SM-25-P2,46,479793.28,2037531.65,-15.125
SM-25-P2,46,479793.28,2037531.65,-34.025
SM-06-B1,46,478330.36,2036080.3,-22.605
SM-66-P1,46,477629.99,2036277.02,-35.34
SM-66-P1,46,477629.99,2036277.02,-40.065
SM-66-P1,46,477629.99,2036277.02,-41.19
SM-66-P1,46,477629.99,2036277.02,-42.765
SM-66-P1,46,477629.99,2036277.02,-44.565
SM-52-P1,46,478098.81,2037573.26,-26.63
SM-52-P1,46,478098.81,2037573.26,-27.08
SM-52-P1,46,478098.81,2037573.26,-27.53
SM-52-P1,46,478098.81,2037573.26,-27.98
SM-52-P1,46,478098.81,2037573.26,-34.055
SM-52-P1,46,478098.81,2037573.26,-47.705
SM-10-B1,46,477226.3,2037121.54,-10.475
SM-14-P2,46,479685.63,2037378.89,-49.035
SM-14-P2,46,479685.63,2037378.89,-57.135
SM-14-P2,46,479685.63,2037378.89,-60.96
SM-37-P2,46,479213.08,2036499.92,-38.335
SM-44-P1,46,477193.08,2038327.98,-9.55
SM-44-P1,46,477189.844,2038327.449,-9.6
SM-44-P1,46,477193.08,2038327.98,-11.125
SM-44-P1,46,477189.844,2038327.449,-11.175
SM-44-P1,46,477193.08,2038327.98,-22.15
SM-44-P1,46,477189.844,2038327.449,-22.2
SM-70-P3,46,481498.09,2036695.19,-9.405
SM-28 P2,46,,,-33.75
SM-07-B2,46,,,-15.75
SM-01-B1,46,480286.37,2036030.34,-15.105
SM-01-B1,46,480286.37,2036030.34,-17.355
SM-01-B1,46,480286.37,2036030.34,-18.03
SM-01-B1,46,480286.37,2036030.34,-18.705
SM-20-P1,46,477576.5,2038152.22,-30.24
SM-20-P1,46,477574.978,2038153.565,-30.31
SM-20-P1,46,477576.5,2038152.22,-30.69
SM-20-P1,46,477574.978,2038153.565,-30.76
SM-69-P2,46,478614.71,2036398.52,-39.115
SM-69-P2,46,478614.71,2036398.52,-51.49
SM-57-P1,46,477640.14,2037208.59,-40.725
SM-74-P3,46,480593.73,2036997.8,-46.76
SM-42-P1,46,477982.94,2038550.48,-9.67
SM-42-P1,46,477982.94,2038550.48,-45.22
SM-38-P2,46,479622.12,2036497.16,-45.035
SM-38-P2,46,479622.12,2036497.16,-45.71
SM-75-P1,46,477626.74,2037421.93,-28.735
SM-75-P1,46,477626.74,2037421.93,-30.085
SM-75-P1,46,477626.74,2037421.93,-36.835
SM-75-P1,46,477626.74,2037421.93,-38.185
SM-09-B2,46,480263.7,2036758.9,-32.03
SM-76-P3,46,481243.38,2036665.86,2.435
SM-29-P2,46,479601.03,2037189.73,-41.88
SM-29-P2,46,479601.03,2037189.73,-42.33
SM-22-P2,46,478599.1,2037541.17,-23.015
SM-22-P2,46,478599.1,2037541.17,-37.865
SM-22-P2,46,478599.1,2037541.17,-38.54
SM-22-P2,46,478599.1,2037541.17,-43.94
SM-21-P3,45.5,481503.78,2037018.87,-64.11
SM-34-P2,45.5,479861.49,2036907.43,-33.44
SM-12-B1,45.5,477096.67,2038479.67,-5.37
SM-12-B1,45.5,477096.67,2038479.67,-11.22
SM-12-B1,45.5,477096.67,2038479.67,-21.12
SM-40-P1,45.5,477608.176,2038623.913,-31.03
SM-40-P1,45.5,477608.176,2038623.913,-47.68
SM-03-B1,45.5,479599.92,2035977.75,-18.96
SM-41-P1,45.5,477763.79,2038599.78,-40.82
SM-32-P2,45.5,479000.45,2036846.64,-17.94
SM-65-P1,45.5,477374.93,2036265.02,2.71
SM-65-P1,45.5,477374.93,2036265.02,-34.64
SM-48-P1,45.5,477235.12,2038040.99,-31.79
SM-48-P1,45.5,477235.12,2038040.99,-38.09
SM-73-P2,45.5,480177.03,2036206.51,-25.6
SM-73-P2,45.5,480177.03,2036206.51,-34.6
SM-58-P1,45.5,478010.84,2037201.06,-30.15
SM-06-B2,45.5,,,-25.65
SM-33-P2,45.5,479399.9,2036846.79,-47.61
SM-33-P2,45.5,479399.9,2036846.79,-48.06
SM-61-P1,45.5,478033.23,2036869.83,-22.51
SM-61-P1,45.5,478033.23,2036869.83,-35.56
SM-61-P1,45.5,478033.23,2036869.83,-47.26
SM-04-B2,45.5,478139.21,2037614.8,-17.32
SM-59-P1,45.5,477834.91,2037045.31,-37.23
SM-23-P2,45.5,478975.93,2037540.89,-21.72
SM-105-P2,45.5,,,-49.5
SM-105-P2,45.5,,,-54.9
SM-105-P2,45.5,,,-81.45
SM-49-P1,45.5,477572.34,2038055.4,-44.03
SM-49-P1,45.5,477572.34,2038055.4,-45.83
SM-45-P1,45.5,477444.49,2038334.58,-8.71
SM-45-P1,45.5,477444.49,2038334.58,-17.26
SM-45-P1,45.5,477444.49,2038334.58,-17.71
SM-17-P2,45.5,479997.31,2036524.08,-52.33
SM-18-P1,45.5,477502.42,2036933.38,-20.82
SM-18-P1,45.5,477502.42,2036933.38,-60.42
SM-18-P1,45.5,477502.42,2036933.38,-60.87
SM-09-B1,7.5,477265.19,2036624.23,-2.59
SM-35 P2,45.5,,,-20.7
SM-19-P1,45.5,477471.6,2036261.55,-57.57
SM-19-P1,45.5,477471.6,2036261.55,-58.02
SM-36-P2,45.5,478362.19,2036503.28,-38.98
SM-10-B2,45.5,480515.3,2036275.1,-33.53
SM-25-P2,45.5,479793.28,2037531.65,-32
SM-66-P1,45.5,477629.99,2036277.02,-38.94
SM-66-P1,45.5,477629.99,2036277.02,-39.84
SM-53-P2,45.5,478414.1,2037512.4,-45.14
SM-53-P2,45.5,478414.1,2037512.4,-51.89
SM-14-P2,45.5,479685.63,2037378.89,-57.36
SM-37-P2,45.5,479213.08,2036499.92,-30.01
SM-20-P1,45.5,477576.5,2038152.22,-23.94
SM-20-P1,45.5,477574.978,2038153.565,-24.01
SM-20-P1,45.5,477576.5,2038152.22,-24.39
SM-20-P1,45.5,477574.978,2038153.565,-24.46
SM-20-P1,45.5,477576.5,2038152.22,-45.99
SM-20-P1,45.5,477574.978,2038153.565,-46.06
SM-20-P1,45.5,477576.5,2038152.22,-48.69
SM-20-P1,45.5,477574.978,2038153.565,-48.76
SM-69-P2,45.5,478614.71,2036398.52,-41.59
SM-42-P1,45.5,477982.94,2038550.48,-15.97
SM-63-P1,45.5,477393.97,2036611.25,-50.14
SM-75-P1,45.5,477626.74,2037421.93,-29.41
SM-75-P1,45.5,477626.74,2037421.93,-41.11
SM-75-P1,45.5,477626.74,2037421.93,-41.56
SM-75-P1,45.5,477626.74,2037421.93,-44.71
SM-09-B2,45.5,480263.7,2036758.9,-20.78
SM-09-B2,45.5,480263.7,2036758.9,-29.78
SM-09-B2,45.5,480263.7,2036758.9,-30.23
SM-15-P2,45.5,479132.63,2036864.69,-22.59
SM-21-P3,45,481503.78,2037018.87,-53.76
SM-21-P3,45,481503.78,2037018.87,-58.035
SM-21-P3,45,481503.78,2037018.87,-63.885
SM-21-P3,45,481503.78,2037018.87,-72.435
SM-26-P2,45,478399.31,2037192.67,-40.065
SM-26-P2,45,478399.31,2037192.67,-55.365
SM-26-P2,45,478399.31,2037192.67,-57.615
SM-26-P2,45,478399.31,2037192.67,-63.915
SM-12-B1,45,477096.67,2038479.67,0.03
SM-12-B1,45,477096.67,2038479.67,-2.895
SM-12-B1,45,477096.67,2038479.67,-5.595
SM-12-B1,45,477096.67,2038479.67,-9.645
SM-12-B1,45,477096.67,2038479.67,-10.32
SM-12-B1,45,477096.67,2038479.67,-14.145
SM-12-B1,45,477096.67,2038479.67,-22.02
SM-12-B1,45,477096.67,2038479.67,-25.395
SM-12-B1,45,477096.67,2038479.67,-28.995
SM-43-P1,45,478112.67,2038510.48,-3.63
SM-43-P1,45,478109.666,2038510.974,-3.75
SM-40-P1,45,477608.176,2038623.913,-8.305
SM-40-P1,45,477608.176,2038623.913,-12.355
SM-40-P1,45,477608.176,2038623.913,-23.605
SM-40-P1,45,477608.176,2038623.913,-25.405
SM-40-P1,45,477608.176,2038623.913,-26.98
SM-40-P1,45,477608.176,2038623.913,-41.83
SM-40-P1,45,477608.176,2038623.913,-43.18
SM-03-B1,45,479599.92,2035977.75,-22.11
SM-03-B1,45,479599.92,2035977.75,-22.56
SM-11-B1,45,477167.57,2037681.46,-26.045
SM-11-B1,45,477167.57,2037681.46,-33.02
SM-11-B1,45,477167.57,2037681.46,-33.695
SM-41-P1,45,477763.79,2038599.78,-28.445
SM-32-P2,45,479000.45,2036846.64,-45.39
SM-32-P2,45,479000.45,2036846.64,-50.565
SM-65-P1,45,477374.93,2036265.02,-11.915
SM-48-P1,45,477235.12,2038040.99,-6.815
SM-48-P1,45,477235.12,2038040.99,-17.615
SM-48-P1,45,477235.12,2038040.99,-25.265
SM-48-P1,45,477235.12,2038040.99,-37.415
SM-48-P1,45,477235.12,2038040.99,-40.565
SM-30-P2,45,480015.16,2037202.47,-27.59
SM-30-P2,45,480015.16,2037202.47,-42.665
SM-30-P2,45,480015.16,2037202.47,-47.6
SM-73-P2,45,480177.03,2036206.51,-34.375
SM-58-P1,45,478010.84,2037201.06,-29.7
SM-06-B2,45,,,-25.425
SM-06-B2,45,,,-26.1
SM-16-P2,45,478795.23,2036506.72,-32.78
SM-16-P2,45,478795.23,2036506.72,-33.23
SM-16-P2,45,478795.23,2036506.72,-37.955
SM-16-P2,45,478795.23,2036506.72,-39.08
SM-54-P2,45,478894.52,2037846.9,-31.83
SM-54-P2,45,478894.52,2037846.9,-35.205
SM-54-P2,45,478894.52,2037846.9,-38.805
SM-33-P2,45,479399.9,2036846.79,-34.785
SM-24-P2,45,479387.3,2037585.89,-31.85
SM-24-P2,45,479387.3,2037585.89,-32.3
SM-04-B2,45,478139.21,2037614.8,-18.67
SM-50-P1,45,477300,2037635,-28.315
SM-50-P1,45,477300,2037635,-29.44
SM-31-P2,45,478600.11,2036846.19,-31.17
SM-31-P2,45,478600.11,2036846.19,-40.845
SM-27-P2,45,478831.45,2037198.64,-24.55
SM-27-P2,45,478831.45,2037198.64,-29.5
SM-27-P2,45,478831.45,2037198.64,-30.175
SM-27-P2,45,478831.45,2037198.64,-33.55
SM-27-P2,45,478831.45,2037198.64,-39.4
SM-27-P2,45,478831.45,2037198.64,-39.85
SM-59-P1,45,477834.91,2037045.31,-23.055
SM-59-P1,45,477834.91,2037045.31,-30.93
SM-23-P2,45,478975.93,2037540.89,-17.895
SM-23-P2,45,478975.93,2037540.89,-19.02
SM-23-P2,45,478975.93,2037540.89,-21.045
SM-23-P2,45,478975.93,2037540.89,-32.745
SM-23-P2,45,478975.93,2037540.89,-40.845
SM-23-P2,45,478975.93,2037540.89,-43.095
SM-105-P2,45,,,-27.675
SM-105-P2,45,,,-36.9
SM-105-P2,45,,,-43.425
SM-105-P2,45,,,-49.725
SM-105-P2,45,,,-59.175
SM-105-P2,45,,,-95.175
SM-45-P1,45,477444.49,2038334.58,-8.485
SM-45-P1,45,477444.49,2038334.58,-33.46
SM-17-P2,45,479997.31,2036524.08,-71.005
SM-17-P2,45,479997.31,2036524.08,-74.38
SM-17-P2,45,479997.31,2036524.08,-80.905
SM-08-B2,45,480108.48,2037238.9,-32.675
SM-08-B2,45,480108.48,2037238.9,-35.825
SM-18-P1,45,477502.42,2036933.38,-23.07
SM-18-P1,45,477502.42,2036933.38,-48.945
SM-18-P1,45,477502.42,2036933.38,-57.945
SM-09-B1,6,477265.19,2036624.23,-2.815
SM-67-P1,45,477857.4,2036377.24,-39.995
SM-35 P2,45,,,-21.15
SM-35 P2,45,,,-22.95
SM-35 P2,45,,,-31.275
SM-35 P2,45,,,-56.25
SM-62 P2,45,,,-39.375
SM-62 P2,45,,,-41.85
SM-72-P2,45,479543.59,2036219.22,-28.06
SM-02-B1,45,479959.6533,2036162.012,0.869
SM-02-B1,45,479959.6533,2036162.012,-29.056
SM-19-P1,45,477471.6,2036261.55,-22.92
SM-19-P1,45,477471.6,2036261.55,-40.695
SM-19-P1,45,477471.6,2036261.55,-46.095
SM-51-P1,45,477639.95,2037631.92,-24.825
SM-51-P1,45,477639.95,2037631.92,-35.625
SM-36-P2,45,478362.19,2036503.28,-34.255
SM-36-P2,45,478362.19,2036503.28,-36.505
SM-10-B2,45,480515.3,2036275.1,-37.805
SM-10-B2,45,480515.3,2036275.1,-38.48
SM-10-B2,45,480515.3,2036275.1,-41.405
SM-07-B1,45,477905.7673,2036203.22,-18.0414
SM-55-P2,45,479329.18,2037687.79,-28.84
SM-55-P2,45,479329.18,2037687.79,-30.64
SM-55-P2,45,479329.18,2037687.79,-40.54
SM-55-P2,45,479329.18,2037687.79,-40.99
SM-55-P2,45,479329.18,2037687.79,-47.29
SM-25-P2,45,479793.28,2037531.65,-23.9
SM-25-P2,45,479793.28,2037531.65,-24.35
SM-25-P2,45,479793.28,2037531.65,-36.05
SM-66-P1,45,477629.99,2036277.02,-26.565
SM-66-P1,45,477629.99,2036277.02,-39.615
SM-52-P1,45,478098.81,2037573.26,-16.955
SM-52-P1,45,478098.81,2037573.26,-23.705
SM-52-P1,45,478098.81,2037573.26,-46.58
SM-53-P2,45,478414.1,2037512.4,-44.69
SM-14-P2,45,479685.63,2037378.89,-44.76
SM-14-P2,45,479685.63,2037378.89,-57.585
SM-14-P2,45,479685.63,2037378.89,-60.735
SM-37-P2,45,479213.08,2036499.92,-36.535
SM-37-P2,45,479213.08,2036499.92,-36.76
SM-37-P2,45,479213.08,2036499.92,-36.985
SM-44-P1,45,477193.08,2038327.98,-0.775
SM-44-P1,45,477189.844,2038327.449,-0.825
SM-44-P1,45,477193.08,2038327.98,-9.775
SM-44-P1,45,477189.844,2038327.449,-9.825
SM-44-P1,45,477193.08,2038327.98,-10.9
SM-44-P1,45,477189.844,2038327.449,-10.95
SM-44-P1,45,477193.08,2038327.98,-12.025
SM-44-P1,45,477189.844,2038327.449,-12.075
SM-44-P1,45,477193.08,2038327.98,-16.075
SM-44-P1,45,477189.844,2038327.449,-16.125
SM-44-P1,45,477193.08,2038327.98,-22.375
SM-44-P1,45,477189.844,2038327.449,-22.425
SM-44-P1,45,477193.08,2038327.98,-22.6
SM-44-P1,45,477189.844,2038327.449,-22.65
SM-44-P1,45,477193.08,2038327.98,-22.825
SM-44-P1,45,477189.844,2038327.449,-22.875
SM-70-P3,45,481498.09,2036695.19,-4.68
SM-47-P1,45,478006.01,2038293.04,-28.22
SM-28 P2,45,,,-25.65
SM-28 P2,45,,,-35.775
SM-28 P2,45,,,-36
SM-28 P2,45,,,-36.225
SM-28 P2,45,,,-40.725
SM-20-P1,45,477576.5,2038152.22,-14.49
SM-20-P1,45,477574.978,2038153.565,-14.56
SM-20-P1,45,477576.5,2038152.22,-28.665
SM-20-P1,45,477574.978,2038153.565,-28.735
SM-20-P1,45,477576.5,2038152.22,-40.14
SM-20-P1,45,477574.978,2038153.565,-40.21
SM-20-P1,45,477576.5,2038152.22,-45.09
SM-20-P1,45,477574.978,2038153.565,-45.16
SM-20-P1,45,477576.5,2038152.22,-52.74
SM-20-P1,45,477574.978,2038153.565,-52.81
SM-69-P2,45,478614.71,2036398.52,-32.815
SM-69-P2,45,478614.71,2036398.52,-40.69
SM-69-P2,45,478614.71,2036398.52,-41.14
SM-69-P2,45,478614.71,2036398.52,-48.34
SM-69-P2,45,478614.71,2036398.52,-48.79
SM-57-P1,45,477640.14,2037208.59,-20.925
SM-74-P3,45,480593.73,2036997.8,-46.535
SM-42-P1,45,477982.94,2038550.48,-21.82
SM-42-P1,45,477982.94,2038550.48,-28.795
SM-42-P1,45,477982.94,2038550.48,-35.77
SM-42-P1,45,477982.94,2038550.48,-40.945
SM-42-P1,45,477982.94,2038550.48,-44.77
SM-42-P1,45,477982.94,2038550.48,-46.345
SM-38-P2,45,479622.12,2036497.16,-45.935
SM-38-P2,45,479622.12,2036497.16,-46.16
SM-38-P2,45,479622.12,2036497.16,-46.385
SM-75-P1,45,477626.74,2037421.93,-29.86
SM-75-P1,45,477626.74,2037421.93,-36.61
SM-76-P3,45,481243.38,2036665.86,-34.015
SM-29-P2,45,479601.03,2037189.73,-32.655
SM-22-P2,45,478599.1,2037541.17,-23.915
SM-15-P2,45,479132.63,2036864.69,-24.84
SM-21-P3,44.5,481503.78,2037018.87,-54.21
SM-21-P3,44.5,481503.78,2037018.87,-57.36
SM-26-P2,44.5,478399.31,2037192.67,-39.84
SM-12-B1,44.5,477096.67,2038479.67,-3.57
SM-12-B1,44.5,477096.67,2038479.67,-28.77
SM-40-P1,44.5,477608.176,2038623.913,-45.88
SM-40-P1,44.5,477608.176,2038623.913,-48.13
SM-03-B1,44.5,479599.92,2035977.75,-23.91
SM-41-P1,44.5,477763.79,2038599.78,-29.12
SM-41-P1,44.5,477763.79,2038599.78,-35.42
SM-41-P1,44.5,477763.79,2038599.78,-48.47
SM-32-P2,44.5,479000.45,2036846.64,-46.74
SM-73-P2,44.5,480177.03,2036206.51,-36.4
SM-73-P2,44.5,480177.03,2036206.51,-36.85
SM-68 P2,44.5,,,-47.25
SM-58-P1,44.5,478010.84,2037201.06,-36.9
SM-58-P1,44.5,478010.84,2037201.06,-37.35
SM-39-P2,44.5,480204.54,2036551.45,-32.08
SM-06-B2,44.5,,,-24.75
SM-50-P1,44.5,477300,2037635,-18.64
SM-50-P1,44.5,477300,2037635,-28.54
SM-50-P1,44.5,477300,2037635,-42.49
SM-23-P2,44.5,478975.93,2037540.89,-32.07
SM-23-P2,44.5,478975.93,2037540.89,-46.02
SM-23-P2,44.5,478975.93,2037540.89,-46.47
SM-105-P2,44.5,,,-57.15
SM-17-P2,44.5,479997.31,2036524.08,-45.58
SM-17-P2,44.5,479997.31,2036524.08,-73.03
SM-08-B2,44.5,480108.48,2037238.9,-35.15
SM-60-P1,44.5,477583.84,2036816.3,-17.83
SM-09-B1,6,477265.19,2036624.23,-3.04
SM-67-P1,44.5,477857.4,2036377.24,-42.02
SM-67-P1,44.5,477857.4,2036377.24,-46.97
SM-35 P2,44.5,,,-45.45
SM-35 P2,44.5,,,-49.05
SM-35 P2,44.5,,,-49.5
SM-62 P2,44.5,,,-40.5
SM-62 P2,44.5,,,-40.95
SM-02-B1,44.5,479959.6533,2036162.012,-25.006
SM-19-P1,44.5,477471.6,2036261.55,-19.77
SM-19-P1,44.5,477471.6,2036261.55,-40.92
SM-19-P1,44.5,477471.6,2036261.55,-77.82
SM-19-P1,44.5,477471.6,2036261.55,-80.07
SM-25-P2,44.5,479793.28,2037531.65,-35.15
SM-25-P2,44.5,479793.28,2037531.65,-36.5
SM-52-P1,44.5,478098.81,2037573.26,-34.28
SM-14-P2,44.5,479685.63,2037378.89,-56.91
SM-20-P1,44.5,477576.5,2038152.22,-47.79
SM-20-P1,44.5,477574.978,2038153.565,-47.86
SM-69-P2,44.5,478614.71,2036398.52,-40.24
SM-57-P1,44.5,477640.14,2037208.59,-40.05
SM-42-P1,44.5,477982.94,2038550.48,-45.67
SM-63-P1,44.5,477393.97,2036611.25,-48.34
SM-75-P1,44.5,477626.74,2037421.93,-24.01
SM-09-B2,44.5,480263.7,2036758.9,-23.48
SM-76-P3,44.5,481243.38,2036665.86,-28.39
SM-76-P3,44.5,481243.38,2036665.86,-32.44
SM-22-P2,44.5,478599.1,2037541.17,-47.99
SM-22-P2,44.5,478599.1,2037541.17,-48.89
SM-21-P3,44,481503.78,2037018.87,-51.285
SM-21-P3,44,481503.78,2037018.87,-53.535
SM-26-P2,44,478399.31,2037192.67,-39.615
SM-26-P2,44,478399.31,2037192.67,-62.115
SM-12-B1,44,477096.67,2038479.67,-1.995
SM-12-B1,44,477096.67,2038479.67,-14.37
SM-12-B1,44,477096.67,2038479.67,-15.045
SM-12-B1,44,477096.67,2038479.67,-20.895
SM-12-B1,44,477096.67,2038479.67,-24.045
SM-12-B1,44,477096.67,2038479.67,-28.545
SM-43-P1,44,478112.67,2038510.48,-0.93
SM-43-P1,44,478109.666,2038510.974,-1.05
SM-43-P1,44,478112.67,2038510.48,-1.38
SM-43-P1,44,478109.666,2038510.974,-1.5
SM-43-P1,44,478112.67,2038510.48,-4.08
SM-43-P1,44,478109.666,2038510.974,-4.2
SM-40-P1,44,477608.176,2038623.913,-33.055
SM-40-P1,44,477608.176,2038623.913,-47.455
SM-03-B1,44,479599.92,2035977.75,-15.585
SM-03-B1,44,479599.92,2035977.75,-17.385
SM-03-B1,44,479599.92,2035977.75,-19.41
SM-11-B1,44,477167.57,2037681.46,-24.47
SM-41-P1,44,477763.79,2038599.78,-37.22
SM-41-P1,44,477763.79,2038599.78,-41.27
SM-41-P1,44,477763.79,2038599.78,-44.195
SM-41-P1,44,477763.79,2038599.78,-45.32
SM-41-P1,44,477763.79,2038599.78,-45.77
SM-32-P2,44,479000.45,2036846.64,-27.615
SM-32-P2,44,479000.45,2036846.64,-45.84
SM-65-P1,44,477374.93,2036265.02,-25.19
SM-48-P1,44,477235.12,2038040.99,-5.015
SM-48-P1,44,477235.12,2038040.99,-23.915
SM-48-P1,44,477235.12,2038040.99,-26.615
SM-48-P1,44,477235.12,2038040.99,-34.715
SM-68 P2,44,,,-37.35
SM-68 P2,44,,,-37.8
SM-68 P2,44,,,-38.475
SM-58-P1,44,478010.84,2037201.06,-24.525
SM-58-P1,44,478010.84,2037201.06,-45.225
SM-39-P2,44,480204.54,2036551.45,-35.455
SM-39-P2,44,480204.54,2036551.45,-40.855
SM-39-P2,44,480204.54,2036551.45,-44.905
SM-06-B2,44,,,-26.325
SM-16-P2,44,478795.23,2036506.72,-26.93
SM-16-P2,44,478795.23,2036506.72,-31.655
SM-54-P2,44,478894.52,2037846.9,-23.73
SM-54-P2,44,478894.52,2037846.9,-31.605
SM-33-P2,44,479399.9,2036846.79,-32.31
SM-33-P2,44,479399.9,2036846.79,-38.16
SM-33-P2,44,479399.9,2036846.79,-38.61
SM-33-P2,44,479399.9,2036846.79,-43.11
SM-33-P2,44,479399.9,2036846.79,-43.56
SM-61-P1,44,478033.23,2036869.83,-22.735
SM-61-P1,44,478033.23,2036869.83,-29.485
SM-61-P1,44,478033.23,2036869.83,-37.585
SM-24-P2,44,479387.3,2037585.89,-24.65
SM-24-P2,44,479387.3,2037585.89,-32.75
SM-24-P2,44,479387.3,2037585.89,-33.2
SM-24-P2,44,479387.3,2037585.89,-36.125
SM-04-B2,44,478139.21,2037614.8,-19.345
SM-50-P1,44,477300,2037635,-28.765
SM-27-P2,44,478831.45,2037198.64,-28.375
SM-27-P2,44,478831.45,2037198.64,-33.325
SM-59-P1,44,477834.91,2037045.31,-25.305
SM-23-P2,44,478975.93,2037540.89,-23.07
SM-23-P2,44,478975.93,2037540.89,-38.595
SM-23-P2,44,478975.93,2037540.89,-40.17
SM-23-P2,44,478975.93,2037540.89,-42.195
SM-105-P2,44,,,-27.45
SM-105-P2,44,,,-67.05
SM-105-P2,44,,,-68.85
SM-105-P2,44,,,-82.8
SM-105-P2,44,,,-87.525
SM-49-P1,44,477572.34,2038055.4,-46.055
SM-17-P2,44,479997.31,2036524.08,-50.53
SM-17-P2,44,479997.31,2036524.08,-51.88
SM-17-P2,44,479997.31,2036524.08,-65.38
SM-17-P2,44,479997.31,2036524.08,-69.655
SM-17-P2,44,479997.31,2036524.08,-81.805
SM-08-B2,44,480108.48,2037238.9,-29.3
SM-08-B2,44,480108.48,2037238.9,-31.325
SM-18-P1,44,477502.42,2036933.38,-21.27
SM-18-P1,44,477502.42,2036933.38,-52.32
SM-18-P1,44,477502.42,2036933.38,-58.17
SM-18-P1,44,477502.42,2036933.38,-59.295
SM-18-P1,44,477502.42,2036933.38,-62.895
SM-05-B1,3,478828.2306,2036140.498,-2.693
SM-05-B1,4,478828.2306,2036140.498,-2.918
SM-05-B1,5,478828.2306,2036140.498,-3.143
SM-35 P2,44,,,-22.5
SM-35 P2,44,,,-38.25
SM-35 P2,44,,,-38.7
SM-62 P2,44,,,-23.625
SM-62 P2,44,,,-33.75
SM-62 P2,44,,,-36
SM-72-P2,44,479543.59,2036219.22,-6.685
SM-72-P2,44,479543.59,2036219.22,-22.885
SM-72-P2,44,479543.59,2036219.22,-23.11
SM-72-P2,44,479543.59,2036219.22,-23.335
SM-72-P2,44,479543.59,2036219.22,-28.51
SM-19-P1,44,477471.6,2036261.55,-18.645
SM-19-P1,44,477471.6,2036261.55,-20.67
SM-19-P1,44,477471.6,2036261.55,-41.145
SM-19-P1,44,477471.6,2036261.55,-79.17
SM-51-P1,44,477639.95,2037631.92,-26.175
SM-36-P2,44,478362.19,2036503.28,-35.605
SM-36-P2,44,478362.19,2036503.28,-41.455
SM-10-B2,44,480515.3,2036275.1,-21.605
SM-10-B2,44,480515.3,2036275.1,-37.58
SM-25-P2,44,479793.28,2037531.65,-23
SM-25-P2,44,479793.28,2037531.65,-23.45
SM-25-P2,44,479793.28,2037531.65,-33.125
SM-66-P1,44,477629.99,2036277.02,-27.465
SM-66-P1,44,477629.99,2036277.02,-28.59
SM-66-P1,44,477629.99,2036277.02,-33.54
SM-52-P1,44,478098.81,2037573.26,-14.705
SM-52-P1,44,478098.81,2037573.26,-14.93
SM-52-P1,44,478098.81,2037573.26,-15.155
SM-52-P1,44,478098.81,2037573.26,-16.28
SM-53-P2,44,478414.1,2037512.4,-41.765
SM-53-P2,44,478414.1,2037512.4,-48.515
SM-14-P2,44,479685.63,2037378.89,-46.11
SM-14-P2,44,479685.63,2037378.89,-48.81
SM-14-P2,44,479685.63,2037378.89,-49.935
SM-14-P2,44,479685.63,2037378.89,-55.335
SM-37-P2,44,479213.08,2036499.92,-30.91
SM-44-P1,44,477193.08,2038327.98,-10.675
SM-44-P1,44,477189.844,2038327.449,-10.725
SM-70-P3,44,481498.09,2036695.19,-5.13
SM-70-P3,44,481498.09,2036695.19,-17.055
SM-47-P1,44,478006.01,2038293.04,-27.095
SM-47-P1,44,478006.01,2038293.04,-36.545
SM-28 P2,44,,,-28.575
SM-28 P2,44,,,-33.525
SM-28 P2,44,,,-39.825
SM-28 P2,44,,,-46.8
SM-01-B1,44,480286.37,2036030.34,-18.48
SM-20-P1,44,477576.5,2038152.22,-21.24
SM-20-P1,44,477574.978,2038153.565,-21.31
SM-20-P1,44,477576.5,2038152.22,-30.015
SM-20-P1,44,477574.978,2038153.565,-30.085
SM-20-P1,44,477576.5,2038152.22,-30.915
SM-20-P1,44,477574.978,2038153.565,-30.985
SM-69-P2,44,478614.71,2036398.52,-24.49
SM-42-P1,44,477982.94,2038550.48,-10.345
SM-42-P1,44,477982.94,2038550.48,-26.095
SM-42-P1,44,477982.94,2038550.48,-33.97
SM-42-P1,44,477982.94,2038550.48,-36.67
SM-38-P2,44,479622.12,2036497.16,-46.61
SM-38-P2,44,479622.12,2036497.16,-49.535
SM-75-P1,44,477626.74,2037421.93,-29.635
SM-75-P1,44,477626.74,2037421.93,-36.385
SM-09-B2,44,480263.7,2036758.9,-24.155
SM-09-B2,44,480263.7,2036758.9,-24.83
SM-76-P3,44,481243.38,2036665.86,-29.065
SM-76-P3,44,481243.38,2036665.86,-31.99
SM-29-P2,44,479601.03,2037189.73,-41.43
SM-22-P2,44,478599.1,2037541.17,-28.19
SM-22-P2,44,478599.1,2037541.17,-41.915
SM-22-P2,44,478599.1,2037541.17,-46.415
SM-15-P2,44,479132.63,2036864.69,-21.915
SM-15-P2,44,479132.63,2036864.69,-25.29
SM-21-P3,43.5,481503.78,2037018.87,-47.46
SM-21-P3,43.5,481503.78,2037018.87,-63.66
SM-26-P2,43.5,478399.31,2037192.67,-40.29
SM-34-P2,43.5,479861.49,2036907.43,-39.29
SM-12-B1,43.5,477096.67,2038479.67,-14.82
SM-43-P1,43.5,478112.67,2038510.48,2.22
SM-43-P1,43.5,478109.666,2038510.974,2.1
SM-40-P1,43.5,477608.176,2038623.913,-25.63
SM-40-P1,43.5,477608.176,2038623.913,-46.33
SM-41-P1,43.5,477763.79,2038599.78,-9.77
SM-41-P1,43.5,477763.79,2038599.78,-48.92
SM-32-P2,43.5,479000.45,2036846.64,-46.29
SM-65-P1,43.5,477374.93,2036265.02,-21.365
SM-48-P1,43.5,477235.12,2038040.99,-17.39
SM-48-P1,43.5,477235.12,2038040.99,-25.04
SM-48-P1,43.5,477235.12,2038040.99,-25.49
SM-73-P2,43.5,480177.03,2036206.51,-27.85
SM-68 P2,43.5,,,-48.15
SM-39-P2,43.5,480204.54,2036551.45,-40.63
SM-16-P2,43.5,478795.23,2036506.72,-17.48
SM-61-P1,43.5,478033.23,2036869.83,-28.36
SM-61-P1,43.5,478033.23,2036869.83,-36.46
SM-05-B2,43.5,478555.9,2037889.6,-25.72
SM-24-P2,43.5,479387.3,2037585.89,-23.3
SM-24-P2,43.5,479387.3,2037585.89,-25.1
SM-24-P2,43.5,479387.3,2037585.89,-36.8
SM-04-B2,43.5,478139.21,2037614.8,-19.12
SM-27-P2,43.5,478831.45,2037198.64,-30.85
SM-59-P1,43.5,477834.91,2037045.31,-22.83
SM-59-P1,43.5,477834.91,2037045.31,-24.18
SM-59-P1,43.5,477834.91,2037045.31,-25.08
SM-23-P2,43.5,478975.93,2037540.89,-17.67
SM-23-P2,43.5,478975.93,2037540.89,-40.62
SM-105-P2,43.5,,,-27.9
SM-49-P1,43.5,477572.34,2038055.4,-43.13
SM-49-P1,43.5,477572.34,2038055.4,-43.58
SM-45-P1,43.5,477444.49,2038334.58,-19.51
SM-45-P1,43.5,477444.49,2038334.58,-33.01
SM-17-P2,43.5,479997.31,2036524.08,-43.33
SM-17-P2,43.5,479997.31,2036524.08,-69.43
SM-08-B2,43.5,480108.48,2037238.9,-36.05
SM-18-P1,43.5,477502.42,2036933.38,-68.52
SM-35 P2,43.5,,,-31.95
SM-35 P2,43.5,,,-32.4
SM-62 P2,43.5,,,-39.6
SM-62 P2,43.5,,,-42.75
SM-19-P1,43.5,477471.6,2036261.55,-20.22
SM-36-P2,43.5,478362.19,2036503.28,-23.68
SM-10-B2,43.5,480515.3,2036275.1,-22.28
SM-10-B2,43.5,480515.3,2036275.1,-24.08
SM-10-B2,43.5,480515.3,2036275.1,-35.33
SM-10-B2,43.5,480515.3,2036275.1,-36.23
SM-10-B2,43.5,480515.3,2036275.1,-36.68
SM-10-B2,43.5,480515.3,2036275.1,-39.83
SM-55-P2,43.5,479329.18,2037687.79,-43.69
SM-25-P2,43.5,479793.28,2037531.65,-39.65
SM-25-P2,43.5,479793.28,2037531.65,-40.1
SM-52-P1,43.5,478098.81,2037573.26,-33.83
SM-37-P2,43.5,479213.08,2036499.92,-33.61
SM-44-P1,43.5,477193.08,2038327.98,-15.85
SM-44-P1,43.5,477189.844,2038327.449,-15.9
SM-44-P1,43.5,477193.08,2038327.98,-23.05
SM-44-P1,43.5,477189.844,2038327.449,-23.1
SM-47-P1,43.5,478006.01,2038293.04,-20.57
SM-47-P1,43.5,478006.01,2038293.04,-26.87
SM-47-P1,43.5,478006.01,2038293.04,-27.32
SM-47-P1,43.5,478006.01,2038293.04,-36.77
SM-28 P2,43.5,,,-40.95
SM-01-B1,43.5,480286.37,2036030.34,-7.23
SM-42-P1,43.5,477982.94,2038550.48,-28.57
SM-42-P1,43.5,477982.94,2038550.48,-29.47
SM-42-P1,43.5,477982.94,2038550.48,-30.82
SM-42-P1,43.5,477982.94,2038550.48,-33.07
SM-42-P1,43.5,477982.94,2038550.48,-33.52
SM-42-P1,43.5,477982.94,2038550.48,-42.07
SM-38-P2,43.5,479622.12,2036497.16,-52.01
SM-09-B2,43.5,480263.7,2036758.9,-18.53
SM-09-B2,43.5,480263.7,2036758.9,-28.88
SM-76-P3,43.5,481243.38,2036665.86,-31.54
SM-29-P2,43.5,479601.03,2037189.73,-37.83
SM-22-P2,43.5,478599.1,2037541.17,-28.64
SM-15-P2,43.5,479132.63,2036864.69,-21.69
SM-21-P3,43,481503.78,2037018.87,-54.435
SM-21-P3,43,481503.78,2037018.87,-55.335
SM-34-P2,43,479861.49,2036907.43,-30.74
SM-34-P2,43,479861.49,2036907.43,-32.99
SM-34-P2,43,479861.49,2036907.43,-36.365
SM-34-P2,43,479861.49,2036907.43,-37.04
SM-34-P2,43,479861.49,2036907.43,-39.74
SM-34-P2,43,479861.49,2036907.43,-47.165
SM-34-P2,43,479861.49,2036907.43,-48.065
SM-12-B1,43,477096.67,2038479.67,-1.77
SM-12-B1,43,477096.67,2038479.67,-14.595
SM-43-P1,43,478112.67,2038510.48,-0.03
SM-43-P1,43,478109.666,2038510.974,-0.15
SM-40-P1,43,477608.176,2038623.913,-26.305
SM-11-B1,43,477167.57,2037681.46,0.28
SM-11-B1,43,477167.57,2037681.46,-27.62
SM-41-P1,43,477763.79,2038599.78,-23.945
SM-41-P1,43,477763.79,2038599.78,-26.195
SM-41-P1,43,477763.79,2038599.78,-27.77
SM-41-P1,43,477763.79,2038599.78,-30.92
SM-41-P1,43,477763.79,2038599.78,-37.67
SM-41-P1,43,477763.79,2038599.78,-38.12
SM-41-P1,43,477763.79,2038599.78,-42.395
SM-32-P2,43,479000.45,2036846.64,-21.315
SM-32-P2,43,479000.45,2036846.64,-22.215
SM-32-P2,43,479000.45,2036846.64,-33.015
SM-65-P1,43,477374.93,2036265.02,-16.415
SM-48-P1,43,477235.12,2038040.99,-16.715
SM-48-P1,43,477235.12,2038040.99,-27.515
SM-48-P1,43,477235.12,2038040.99,-31.115
SM-48-P1,43,477235.12,2038040.99,-37.64
SM-73-P2,43,480177.03,2036206.51,-25.825
SM-73-P2,43,480177.03,2036206.51,-31.45
SM-73-P2,43,480177.03,2036206.51,-35.05
SM-68 P2,43,,,-25.425
SM-68 P2,43,,,-26.55
SM-68 P2,43,,,-27
SM-68 P2,43,,,-34.425
SM-58-P1,43,478010.84,2037201.06,-20.475
SM-58-P1,43,478010.84,2037201.06,-21.375
SM-58-P1,43,478010.84,2037201.06,-34.2
SM-58-P1,43,478010.84,2037201.06,-47.475
SM-39-P2,43,480204.54,2036551.45,-27.805
SM-39-P2,43,480204.54,2036551.45,-30.505
SM-39-P2,43,480204.54,2036551.45,-40.405
SM-39-P2,43,480204.54,2036551.45,-44.005
SM-06-B2,43,,,-24.3
SM-16-P2,43,478795.23,2036506.72,-19.505
SM-16-P2,43,478795.23,2036506.72,-21.08
SM-16-P2,43,478795.23,2036506.72,-30.755
SM-16-P2,43,478795.23,2036506.72,-31.43
SM-33-P2,43,479399.9,2036846.79,-12.735
SM-33-P2,43,479399.9,2036846.79,-25.335
SM-33-P2,43,479399.9,2036846.79,-25.56
SM-33-P2,43,479399.9,2036846.79,-25.785
SM-33-P2,43,479399.9,2036846.79,-33.21
SM-61-P1,43,478033.23,2036869.83,-18.685
SM-61-P1,43,478033.23,2036869.83,-41.185
SM-24-P2,43,479387.3,2037585.89,-14.75
SM-24-P2,43,479387.3,2037585.89,-23.75
SM-24-P2,43,479387.3,2037585.89,-24.2
SM-04-B2,43,478139.21,2037614.8,-17.545
SM-04-B2,43,478139.21,2037614.8,-18.895
SM-04-B2,43,478139.21,2037614.8,-20.245
SM-50-P1,43,477300,2037635,-28.99
SM-50-P1,43,477300,2037635,-30.79
SM-50-P1,43,477300,2037635,-41.815
SM-31-P2,43,478600.11,2036846.19,-17.445
SM-31-P2,43,478600.11,2036846.19,-29.145
SM-27-P2,43,478831.45,2037198.64,-29.275
SM-27-P2,43,478831.45,2037198.64,-33.1
SM-27-P2,43,478831.45,2037198.64,-34.45
SM-27-P2,43,478831.45,2037198.64,-34.9
SM-59-P1,43,477834.91,2037045.31,-24.855
SM-59-P1,43,477834.91,2037045.31,-30.705
SM-59-P1,43,477834.91,2037045.31,-36.78
SM-59-P1,43,477834.91,2037045.31,-37.455
SM-59-P1,43,477834.91,2037045.31,-37.68
SM-59-P1,43,477834.91,2037045.31,-37.905
SM-23-P2,43,478975.93,2037540.89,-18.12
SM-23-P2,43,478975.93,2037540.89,-21.27
SM-23-P2,43,478975.93,2037540.89,-23.52
SM-23-P2,43,478975.93,2037540.89,-43.77
SM-105-P2,43,,,-27.225
SM-105-P2,43,,,-35.775
SM-105-P2,43,,,-41.625
SM-105-P2,43,,,-49.05
SM-105-P2,43,,,-64.125
SM-105-P2,43,,,-64.35
SM-105-P2,43,,,-64.575
SM-105-P2,43,,,-104.85
SM-45-P1,43,477444.49,2038334.58,-9.835
SM-45-P1,43,477444.49,2038334.58,-23.11
SM-45-P1,43,477444.49,2038334.58,-33.685
SM-17-P2,43,479997.31,2036524.08,-50.08
SM-17-P2,43,479997.31,2036524.08,-62.68
SM-17-P2,43,479997.31,2036524.08,-64.705
SM-17-P2,43,479997.31,2036524.08,-69.205
SM-17-P2,43,479997.31,2036524.08,-79.105
SM-17-P2,43,479997.31,2036524.08,-82.03
SM-08-B2,43,480108.48,2037238.9,-28.175
SM-18-P1,43,477502.42,2036933.38,-54.12
SM-18-P1,43,477502.42,2036933.38,-58.395
SM-18-P1,43,477502.42,2036933.38,-62.67
SM-05-B1,6,478828.2306,2036140.498,-3.368
SM-05-B1,7,478828.2306,2036140.498,-3.593
SM-05-B1,6.5,478828.2306,2036140.498,-3.818
SM-35 P2,43,,,-23.175
SM-35 P2,43,,,-47.475
SM-62 P2,43,,,-32.175
SM-62 P2,43,,,-32.85
SM-62 P2,43,,,-35.1
SM-72-P2,43,479543.59,2036219.22,0.515
SM-02-B1,43,479959.6533,2036162.012,-25.681
SM-19-P1,43,477471.6,2036261.55,-29.895
SM-51-P1,43,477639.95,2037631.92,-25.05
SM-51-P1,43,477639.95,2037631.92,-32.25
SM-51-P1,43,477639.95,2037631.92,-57.9
SM-36-P2,43,478362.19,2036503.28,-22.78
SM-36-P2,43,478362.19,2036503.28,-35.38
SM-36-P2,43,478362.19,2036503.28,-37.18
SM-10-B2,43,480515.3,2036275.1,-8.555
SM-10-B2,43,480515.3,2036275.1,-30.38
SM-10-B2,43,480515.3,2036275.1,-37.355
SM-07-B1,43,477905.7673,2036203.22,-26.1414
SM-07-B1,43,477905.7673,2036203.22,-26.3664
SM-07-B1,43,477905.7673,2036203.22,-26.5914
SM-55-P2,43,479329.18,2037687.79,-27.94
SM-55-P2,43,479329.18,2037687.79,-29.065
SM-25-P2,43,479793.28,2037531.65,-32.225
SM-66-P1,43,477629.99,2036277.02,-39.39
SM-52-P1,43,478098.81,2037573.26,-34.505
SM-10-B1,43,477226.3,2037121.54,-16.775
SM-10-B1,43,477226.3,2037121.54,-18.8
SM-10-B1,43,477226.3,2037121.54,-19.25
SM-53-P2,43,478414.1,2037512.4,-45.365
SM-53-P2,43,478414.1,2037512.4,-50.54
SM-14-P2,43,479685.63,2037378.89,-50.16
SM-14-P2,43,479685.63,2037378.89,-50.835
SM-14-P2,43,479685.63,2037378.89,-55.56
SM-14-P2,43,479685.63,2037378.89,-56.235
SM-14-P2,43,479685.63,2037378.89,-56.46
SM-14-P2,43,479685.63,2037378.89,-56.685
SM-37-P2,43,479213.08,2036499.92,-32.485
SM-70-P3,43,481498.09,2036695.19,2.52
SM-70-P3,43,481498.09,2036695.19,-4.23
SM-70-P3,43,481498.09,2036695.19,-5.58
SM-70-P3,43,481498.09,2036695.19,-16.83
SM-47-P1,43,478006.01,2038293.04,-26.645
SM-47-P1,43,478006.01,2038293.04,-27.545
SM-47-P1,43,478006.01,2038293.04,-36.995
SM-28 P2,43,,,-24.975
SM-28 P2,43,,,-45.675
SM-07-B2,43,,,-23.175
SM-01-B1,43,480286.37,2036030.34,-14.205
SM-20-P1,43,477576.5,2038152.22,-25.965
SM-20-P1,43,477574.978,2038153.565,-26.035
SM-20-P1,43,477576.5,2038152.22,-43.965
SM-20-P1,43,477574.978,2038153.565,-44.035
SM-20-P1,43,477576.5,2038152.22,-44.19
SM-20-P1,43,477574.978,2038153.565,-44.26
SM-20-P1,43,477576.5,2038152.22,-44.415
SM-20-P1,43,477574.978,2038153.565,-44.485
SM-69-P2,43,478614.71,2036398.52,-34.165
SM-69-P2,43,478614.71,2036398.52,-49.465
SM-69-P2,43,478614.71,2036398.52,-50.365
SM-74-P3,43,480593.73,2036997.8,-35.735
SM-74-P3,43,480593.73,2036997.8,-46.31
SM-42-P1,43,477982.94,2038550.48,-6.97
SM-42-P1,43,477982.94,2038550.48,-9.445
SM-42-P1,43,477982.94,2038550.48,-24.07
SM-42-P1,43,477982.94,2038550.48,-31.495
SM-42-P1,43,477982.94,2038550.48,-41.62
SM-42-P1,43,477982.94,2038550.48,-44.995
SM-42-P1,43,477982.94,2038550.48,-48.82
SM-42-P1,43,477982.94,2038550.48,-49.27
SM-38-P2,43,479622.12,2036497.16,-44.81
SM-38-P2,43,479622.12,2036497.16,-46.835
SM-38-P2,43,479622.12,2036497.16,-48.185
SM-38-P2,43,479622.12,2036497.16,-49.76
SM-09-B2,43,480263.7,2036758.9,-20.105
SM-09-B2,43,480263.7,2036758.9,-23.03
SM-09-B2,43,480263.7,2036758.9,-31.13
SM-76-P3,43,481243.38,2036665.86,-39.865
SM-22-P2,43,478599.1,2037541.17,-26.39
SM-22-P2,43,478599.1,2037541.17,-26.84
SM-22-P2,43,478599.1,2037541.17,-27.29
SM-22-P2,43,478599.1,2037541.17,-38.765
SM-15-P2,43,479132.63,2036864.69,-21.465
SM-21-P3,42.5,481503.78,2037018.87,-50.61
SM-26-P2,42.5,478399.31,2037192.67,-51.09
SM-34-P2,42.5,479861.49,2036907.43,-35.69
SM-34-P2,42.5,479861.49,2036907.43,-44.69
SM-34-P2,42.5,479861.49,2036907.43,-45.14
SM-34-P2,42.5,479861.49,2036907.43,-46.94
SM-12-B1,42.5,477096.67,2038479.67,-9.87
SM-40-P1,42.5,477608.176,2038623.913,-13.03
SM-40-P1,42.5,477608.176,2038623.913,-24.73
SM-40-P1,42.5,477608.176,2038623.913,-26.08
SM-40-P1,42.5,477608.176,2038623.913,-49.03
SM-03-B1,42.5,479599.92,2035977.75,-23.46
SM-11-B1,42.5,477167.57,2037681.46,-26.72
SM-11-B1,42.5,477167.57,2037681.46,-33.47
SM-41-P1,42.5,477763.79,2038599.78,-26.87
SM-41-P1,42.5,477763.79,2038599.78,-27.32
SM-32-P2,42.5,479000.45,2036846.64,-23.79
SM-32-P2,42.5,479000.45,2036846.64,-36.39
SM-65-P1,42.5,477374.93,2036265.02,2.26
SM-65-P1,42.5,477374.93,2036265.02,-35.99
SM-48-P1,42.5,477235.12,2038040.99,-16.94
SM-48-P1,42.5,477235.12,2038040.99,-26.39
SM-48-P1,42.5,477235.12,2038040.99,-26.84
SM-48-P1,42.5,477235.12,2038040.99,-34.04
SM-68 P2,42.5,,,-27.9
SM-58-P1,42.5,478010.84,2037201.06,-18.9
SM-58-P1,42.5,478010.84,2037201.06,-47.25
SM-39-P2,42.5,480204.54,2036551.45,-42.43
SM-39-P2,42.5,480204.54,2036551.45,-48.73
SM-06-B2,42.5,,,-25.2
SM-16-P2,42.5,478795.23,2036506.72,-30.53
SM-16-P2,42.5,478795.23,2036506.72,-30.98
SM-16-P2,42.5,478795.23,2036506.72,-40.43
SM-54-P2,42.5,478894.52,2037846.9,-24.63
SM-33-P2,42.5,479399.9,2036846.79,-35.46
SM-33-P2,42.5,479399.9,2036846.79,-35.91
SM-33-P2,42.5,479399.9,2036846.79,-39.06
SM-61-P1,42.5,478033.23,2036869.83,-38.71
SM-61-P1,42.5,478033.23,2036869.83,-42.76
SM-24-P2,42.5,479387.3,2037585.89,-36.35
SM-31-P2,42.5,478600.11,2036846.19,-32.07
SM-23-P2,42.5,478975.93,2037540.89,-41.07
SM-105-P2,42.5,,,-41.4
SM-105-P2,42.5,,,-41.85
SM-105-P2,42.5,,,-94.95
SM-04-B1,42.5,479321.627,2036184.495,-21.8245
SM-08-B2,42.5,480108.48,2037238.9,-28.4
SM-08-B2,42.5,480108.48,2037238.9,-32.9
SM-18-P1,42.5,477502.42,2036933.38,-59.07
SM-62 P2,42.5,,,-31.95
SM-62 P2,42.5,,,-39.15
SM-02-B1,42.5,479959.6533,2036162.012,-31.306
SM-10-B2,42.5,480515.3,2036275.1,-23.63
SM-10-B2,42.5,480515.3,2036275.1,-38.03
SM-66-P1,42.5,477629.99,2036277.02,-27.69
SM-66-P1,42.5,477629.99,2036277.02,-40.29
SM-52-P1,42.5,478098.81,2037573.26,-30.68
SM-14-P2,42.5,479685.63,2037378.89,-31.71
SM-14-P2,42.5,479685.63,2037378.89,-49.26
SM-14-P2,42.5,479685.63,2037378.89,-50.61
SM-14-P2,42.5,479685.63,2037378.89,-56.01
SM-70-P3,42.5,481498.09,2036695.19,-1.08
SM-28 P2,42.5,,,-33.3
SM-28 P2,42.5,,,-40.5
SM-20-P1,42.5,477576.5,2038152.22,-27.99
SM-20-P1,42.5,477574.978,2038153.565,-28.06
SM-69-P2,42.5,478614.71,2036398.52,-33.49
SM-69-P2,42.5,478614.71,2036398.52,-50.59
SM-57-P1,42.5,477640.14,2037208.59,-40.5
SM-74-P3,42.5,480593.73,2036997.8,-35.51
SM-74-P3,42.5,480593.73,2036997.8,-35.96
SM-42-P1,42.5,477982.94,2038550.48,-46.12
SM-15-P2,42.5,479132.63,2036864.69,-22.14
SM-21-P3,42,481503.78,2037018.87,-54.66
SM-21-P3,42,481503.78,2037018.87,-55.11
SM-21-P3,42,481503.78,2037018.87,-55.56
SM-21-P3,42,481503.78,2037018.87,-57.135
SM-21-P3,42,481503.78,2037018.87,-62.985
SM-21-P3,42,481503.78,2037018.87,-63.21
SM-21-P3,42,481503.78,2037018.87,-63.435
SM-26-P2,42,478399.31,2037192.67,-40.515
SM-26-P2,42,478399.31,2037192.67,-54.015
SM-26-P2,42,478399.31,2037192.67,-56.04
SM-26-P2,42,478399.31,2037192.67,-57.39
SM-26-P2,42,478399.31,2037192.67,-57.84
SM-34-P2,42,479861.49,2036907.43,-26.915
SM-34-P2,42,479861.49,2036907.43,-46.715
SM-34-P2,42,479861.49,2036907.43,-47.39
SM-34-P2,42,479861.49,2036907.43,-47.84
SM-12-B1,42,477096.67,2038479.67,-1.545
SM-12-B1,42,477096.67,2038479.67,-2.67
SM-12-B1,42,477096.67,2038479.67,-3.12
SM-40-P1,42,477608.176,2038623.913,-5.605
SM-40-P1,42,477608.176,2038623.913,-23.38
SM-40-P1,42,477608.176,2038623.913,-23.83
SM-40-P1,42,477608.176,2038623.913,-25.855
SM-40-P1,42,477608.176,2038623.913,-33.28
SM-40-P1,42,477608.176,2038623.913,-42.055
SM-40-P1,42,477608.176,2038623.913,-48.355
SM-03-B1,42,479599.92,2035977.75,-17.16
SM-11-B1,42,477167.57,2037681.46,-22.445
SM-41-P1,42,477763.79,2038599.78,-28.67
SM-41-P1,42,477763.79,2038599.78,-29.795
SM-41-P1,42,477763.79,2038599.78,-32.045
SM-41-P1,42,477763.79,2038599.78,-36.095
SM-41-P1,42,477763.79,2038599.78,-43.97
SM-32-P2,42,479000.45,2036846.64,-37.74
SM-65-P1,42,477374.93,2036265.02,-16.19
SM-65-P1,42,477374.93,2036265.02,-25.415
SM-48-P1,42,477235.12,2038040.99,-17.165
SM-48-P1,42,477235.12,2038040.99,-17.84
SM-48-P1,42,477235.12,2038040.99,-23.69
SM-48-P1,42,477235.12,2038040.99,-24.14
SM-48-P1,42,477235.12,2038040.99,-24.815
SM-48-P1,42,477235.12,2038040.99,-25.715
SM-48-P1,42,477235.12,2038040.99,-27.29
SM-48-P1,42,477235.12,2038040.99,-31.34
SM-73-P2,42,480177.03,2036206.51,-36.175
SM-73-P2,42,480177.03,2036206.51,-37.075
SM-73-P2,42,480177.03,2036206.51,-38.875
SM-68 P2,42,,,-43.65
SM-68 P2,42,,,-44.1
SM-58-P1,42,478010.84,2037201.06,-29.925
SM-58-P1,42,478010.84,2037201.06,-34.65
SM-58-P1,42,478010.84,2037201.06,-46.125
SM-58-P1,42,478010.84,2037201.06,-47.025
SM-39-P2,42,480204.54,2036551.45,-30.73
SM-39-P2,42,480204.54,2036551.45,-33.655
SM-39-P2,42,480204.54,2036551.45,-43.78
SM-16-P2,42,478795.23,2036506.72,-30.305
SM-16-P2,42,478795.23,2036506.72,-31.205
SM-16-P2,42,478795.23,2036506.72,-39.755
SM-54-P2,42,478894.52,2037846.9,-36.78
SM-54-P2,42,478894.52,2037846.9,-38.13
SM-33-P2,42,479399.9,2036846.79,-22.185
SM-33-P2,42,479399.9,2036846.79,-39.96
SM-61-P1,42,478033.23,2036869.83,-21.385
SM-61-P1,42,478033.23,2036869.83,-31.06
SM-05-B2,42,478555.9,2037889.6,-24.145
SM-05-B2,42,478555.9,2037889.6,-24.37
SM-05-B2,42,478555.9,2037889.6,-24.595
SM-24-P2,42,479387.3,2037585.89,-22.175
SM-24-P2,42,479387.3,2037585.89,-29.6
SM-04-B2,42,478139.21,2037614.8,-16.87
SM-50-P1,42,477300,2037635,-0.64
SM-50-P1,42,477300,2037635,-29.215
SM-31-P2,42,478600.11,2036846.19,-16.545
SM-31-P2,42,478600.11,2036846.19,-28.47
SM-31-P2,42,478600.11,2036846.19,-31.395
SM-31-P2,42,478600.11,2036846.19,-35.895
SM-31-P2,42,478600.11,2036846.19,-41.52
SM-27-P2,42,478831.45,2037198.64,-24.325
SM-27-P2,42,478831.45,2037198.64,-26.35
SM-27-P2,42,478831.45,2037198.64,-30.4
SM-27-P2,42,478831.45,2037198.64,-32.875
SM-27-P2,42,478831.45,2037198.64,-43.225
SM-59-P1,42,477834.91,2037045.31,2.595
SM-59-P1,42,477834.91,2037045.31,-21.93
SM-59-P1,42,477834.91,2037045.31,-22.605
SM-59-P1,42,477834.91,2037045.31,-27.105
SM-59-P1,42,477834.91,2037045.31,-30.48
SM-23-P2,42,478975.93,2037540.89,-17.445
SM-23-P2,42,478975.93,2037540.89,-20.145
SM-23-P2,42,478975.93,2037540.89,-26.67
SM-23-P2,42,478975.93,2037540.89,-32.97
SM-23-P2,42,478975.93,2037540.89,-33.87
SM-23-P2,42,478975.93,2037540.89,-40.395
SM-105-P2,42,,,-28.125
SM-105-P2,42,,,-41.175
SM-105-P2,42,,,-42.075
SM-105-P2,42,,,-82.35
SM-105-P2,42,,,-92.25
SM-105-P2,42,,,-98.775
SM-105-P2,42,,,-116.325
SM-105-P2,42,,,-119.025
SM-105-P2,42,,,-119.925
SM-45-P1,42,477444.49,2038334.58,-22.66
SM-45-P1,42,477444.49,2038334.58,-26.26
SM-45-P1,42,477444.49,2038334.58,-26.935
SM-45-P1,42,477444.49,2038334.58,-27.16
SM-45-P1,42,477444.49,2038334.58,-27.385
SM-45-P1,42,477444.49,2038334.58,-28.735
SM-17-P2,42,479997.31,2036524.08,-34.555
SM-17-P2,42,479997.31,2036524.08,-50.98
SM-17-P2,42,479997.31,2036524.08,-60.43
SM-17-P2,42,479997.31,2036524.08,-74.155
SM-17-P2,42,479997.31,2036524.08,-80.005
SM-17-P2,42,479997.31,2036524.08,-80.68
SM-17-P2,42,479997.31,2036524.08,-82.255
SM-08-B2,42,480108.48,2037238.9,-28.625
SM-08-B2,42,480108.48,2037238.9,-28.85
SM-08-B2,42,480108.48,2037238.9,-29.075
SM-08-B2,42,480108.48,2037238.9,-30.425
SM-08-B2,42,480108.48,2037238.9,-36.275
SM-08-B2,42,480108.48,2037238.9,-37.175
SM-60-P1,42,477583.84,2036816.3,-20.53
SM-18-P1,42,477502.42,2036933.38,-21.045
SM-18-P1,42,477502.42,2036933.38,-24.195
SM-18-P1,42,477502.42,2036933.38,-58.62
SM-18-P1,42,477502.42,2036933.38,-62.445
SM-05-B1,6,478828.2306,2036140.498,-4.043
SM-05-B1,8,478828.2306,2036140.498,-4.268
SM-35 P2,42,,,-53.325
SM-35 P2,42,,,-54.45
SM-35 P2,42,,,-56.475
SM-62 P2,42,,,-31.725
SM-62 P2,42,,,-34.2
SM-62 P2,42,,,-36.225
SM-62 P2,42,,,-39.825
SM-62 P2,42,,,-44.775
SM-72-P2,42,479543.59,2036219.22,-37.735
SM-02-B1,42,479959.6533,2036162.012,-30.631
SM-19-P1,42,477471.6,2036261.55,-20.895
SM-19-P1,42,477471.6,2036261.55,-26.295
SM-19-P1,42,477471.6,2036261.55,-41.37
SM-19-P1,42,477471.6,2036261.55,-77.595
SM-51-P1,42,477639.95,2037631.92,-23.025
SM-36-P2,42,478362.19,2036503.28,-34.48
SM-36-P2,42,478362.19,2036503.28,-35.155
SM-10-B2,42,480515.3,2036275.1,-16.43
SM-55-P2,42,479329.18,2037687.79,-29.965
SM-55-P2,42,479329.18,2037687.79,-39.64
SM-13-P2,42,478456.28,2037422.21,-20.435
SM-25-P2,42,479793.28,2037531.65,-30.2
SM-25-P2,42,479793.28,2037531.65,-30.65
SM-25-P2,42,479793.28,2037531.65,-34.925
SM-66-P1,42,477629.99,2036277.02,-35.565
SM-66-P1,42,477629.99,2036277.02,-40.965
SM-52-P1,42,478098.81,2037573.26,-26.855
SM-52-P1,42,478098.81,2037573.26,-27.755
SM-10-B1,42,477226.3,2037121.54,-17.45
SM-53-P2,42,478414.1,2037512.4,-44.465
SM-53-P2,42,478414.1,2037512.4,-46.04
SM-14-P2,42,479685.63,2037378.89,-47.235
SM-14-P2,42,479685.63,2037378.89,-48.585
SM-14-P2,42,479685.63,2037378.89,-50.385
SM-14-P2,42,479685.63,2037378.89,-55.785
SM-37-P2,42,479213.08,2036499.92,-31.585
SM-44-P1,42,477193.08,2038327.98,-15.625
SM-44-P1,42,477189.844,2038327.449,-15.675
SM-44-P1,42,477193.08,2038327.98,-23.275
SM-44-P1,42,477189.844,2038327.449,-23.325
SM-44-P1,42,477193.08,2038327.98,-26.425
SM-44-P1,42,477189.844,2038327.449,-26.475
SM-70-P3,42,481498.09,2036695.19,2.07
SM-70-P3,42,481498.09,2036695.19,-16.605
SM-28 P2,42,,,-40.05
SM-28 P2,42,,,-41.175
SM-28 P2,42,,,-48.6
SM-07-B2,42,,,-15.525
SM-01-B1,42,480286.37,2036030.34,-12.855
SM-01-B1,42,480286.37,2036030.34,-13.98
SM-01-B1,42,480286.37,2036030.34,-18.255
SM-20-P1,42,477576.5,2038152.22,-29.79
SM-20-P1,42,477574.978,2038153.565,-29.86
SM-69-P2,42,478614.71,2036398.52,-18.865
SM-69-P2,42,478614.71,2036398.52,-50.815
SM-69-P2,42,478614.71,2036398.52,-51.04
SM-69-P2,42,478614.71,2036398.52,-51.265
SM-74-P3,42,480593.73,2036997.8,-35.285
SM-74-P3,42,480593.73,2036997.8,-36.185
SM-74-P3,42,480593.73,2036997.8,-38.435
SM-42-P1,42,477982.94,2038550.48,-10.57
SM-42-P1,42,477982.94,2038550.48,-16.195
SM-42-P1,42,477982.94,2038550.48,-26.77
SM-42-P1,42,477982.94,2038550.48,-27.22
SM-42-P1,42,477982.94,2038550.48,-27.67
SM-42-P1,42,477982.94,2038550.48,-28.345
SM-38-P2,42,479622.12,2036497.16,-28.385
SM-38-P2,42,479622.12,2036497.16,-49.985
SM-75-P1,42,477626.74,2037421.93,-37.96
SM-09-B2,42,480263.7,2036758.9,-17.405
SM-09-B2,42,480263.7,2036758.9,-17.63
SM-09-B2,42,480263.7,2036758.9,-17.855
SM-09-B2,42,480263.7,2036758.9,-23.93
SM-09-B2,42,480263.7,2036758.9,-31.805
SM-29-P2,42,479601.03,2037189.73,-42.105
SM-22-P2,42,478599.1,2037541.17,-37.64
SM-22-P2,42,478599.1,2037541.17,-44.165
SM-22-P2,42,478599.1,2037541.17,-46.19
SM-26-P2,41.5,478399.31,2037192.67,-63.69
SM-34-P2,41.5,479861.49,2036907.43,-36.59
SM-12-B1,41.5,477096.67,2038479.67,-2.22
SM-12-B1,41.5,477096.67,2038479.67,-28.32
SM-40-P1,41.5,477608.176,2038623.913,-12.13
SM-40-P1,41.5,477608.176,2038623.913,-26.53
SM-11-B1,41.5,477167.57,2037681.46,-23.57
SM-11-B1,41.5,477167.57,2037681.46,-33.92
SM-32-P2,41.5,479000.45,2036846.64,-21.54
SM-32-P2,41.5,479000.45,2036846.64,-21.99
SM-32-P2,41.5,479000.45,2036846.64,-24.69
SM-32-P2,41.5,479000.45,2036846.64,-43.59
SM-32-P2,41.5,479000.45,2036846.64,-44.04
SM-48-P1,41.5,477235.12,2038040.99,-6.59
SM-48-P1,41.5,477235.12,2038040.99,-25.94
SM-48-P1,41.5,477235.12,2038040.99,-30.89
SM-68 P2,41.5,,,-39.15
SM-68 P2,41.5,,,-39.6
SM-58-P1,41.5,478010.84,2037201.06,-19.8
SM-58-P1,41.5,478010.84,2037201.06,-31.05
SM-39-P2,41.5,480204.54,2036551.45,-27.58
SM-06-B2,41.5,,,-18.9
SM-16-P2,41.5,478795.23,2036506.72,-16.58
SM-61-P1,41.5,478033.23,2036869.83,-22.06
SM-61-P1,41.5,478033.23,2036869.83,-28.81
SM-31-P2,41.5,478600.11,2036846.19,-43.32
SM-31-P2,41.5,478600.11,2036846.19,-43.77
SM-105-P2,41.5,,,-63.9
SM-17-P2,41.5,479997.31,2036524.08,-44.68
SM-17-P2,41.5,479997.31,2036524.08,-62.23
SM-17-P2,41.5,479997.31,2036524.08,-78.88
SM-18-P1,41.5,477502.42,2036933.38,-56.37
SM-05-B1,10,478828.2306,2036140.498,-4.493
SM-05-B1,11,478828.2306,2036140.498,-4.718
SM-19-P1,41.5,477471.6,2036261.55,-46.77
SM-19-P1,41.5,477471.6,2036261.55,-47.22
SM-51-P1,41.5,477639.95,2037631.92,-30.9
SM-55-P2,41.5,479329.18,2037687.79,-34.69
SM-55-P2,41.5,479329.18,2037687.79,-42.34
SM-66-P1,41.5,477629.99,2036277.02,-26.79
SM-66-P1,41.5,477629.99,2036277.02,-35.79
SM-52-P1,41.5,478098.81,2037573.26,-15.38
SM-52-P1,41.5,478098.81,2037573.26,-23.03
SM-14-P2,41.5,479685.63,2037378.89,-49.71
SM-44-P1,41.5,477193.08,2038327.98,-0.1
SM-44-P1,41.5,477189.844,2038327.449,-0.15
SM-44-P1,41.5,477193.08,2038327.98,-12.25
SM-44-P1,41.5,477189.844,2038327.449,-12.3
SM-44-P1,41.5,477193.08,2038327.98,-26.2
SM-44-P1,41.5,477189.844,2038327.449,-26.25
SM-47-P1,41.5,478006.01,2038293.04,-10.67
SM-47-P1,41.5,478006.01,2038293.04,-27.77
SM-28 P2,41.5,,,-25.2
SM-28 P2,41.5,,,-28.35
SM-20-P1,41.5,477576.5,2038152.22,-28.44
SM-20-P1,41.5,477574.978,2038153.565,-28.51
SM-69-P2,41.5,478614.71,2036398.52,-32.59
SM-57-P1,41.5,477640.14,2037208.59,-20.7
SM-38-P2,41.5,479622.12,2036497.16,-47.96
SM-76-P3,41.5,481243.38,2036665.86,-28.84
SM-15-P2,41.5,479132.63,2036864.69,-16.74
SM-21-P3,41,481503.78,2037018.87,-44.535
SM-21-P3,41,481503.78,2037018.87,-54.885
SM-21-P3,41,481503.78,2037018.87,-55.785
SM-21-P3,41,481503.78,2037018.87,-56.91
SM-21-P3,41,481503.78,2037018.87,-62.76
SM-21-P3,41,481503.78,2037018.87,-66.135
SM-26-P2,41,478399.31,2037192.67,-50.64
SM-34-P2,41,479861.49,2036907.43,-33.665
SM-34-P2,41,479861.49,2036907.43,-34.79
SM-34-P2,41,479861.49,2036907.43,-47.615
SM-12-B1,41,477096.67,2038479.67,-26.07
SM-43-P1,41,478112.67,2038510.48,2.445
SM-43-P1,41,478109.666,2038510.974,2.325
SM-40-P1,41,477608.176,2038623.913,-31.255
SM-40-P1,41,477608.176,2038623.913,-42.28
SM-03-B1,41,479599.92,2035977.75,-19.185
SM-11-B1,41,477167.57,2037681.46,2.53
SM-11-B1,41,477167.57,2037681.46,-0.17
SM-11-B1,41,477167.57,2037681.46,-27.17
SM-11-B1,41,477167.57,2037681.46,-28.295
SM-41-P1,41,477763.79,2038599.78,0.355
SM-41-P1,41,477763.79,2038599.78,-4.37
SM-41-P1,41,477763.79,2038599.78,-26.42
SM-41-P1,41,477763.79,2038599.78,-36.995
SM-41-P1,41,477763.79,2038599.78,-40.145
SM-41-P1,41,477763.79,2038599.78,-40.37
SM-41-P1,41,477763.79,2038599.78,-40.595
SM-41-P1,41,477763.79,2038599.78,-42.62
SM-32-P2,41,479000.45,2036846.64,-18.165
SM-32-P2,41,479000.45,2036846.64,-19.74
SM-65-P1,41,477374.93,2036265.02,-15.965
SM-48-P1,41,477235.12,2038040.99,-23.015
SM-48-P1,41,477235.12,2038040.99,-24.59
SM-48-P1,41,477235.12,2038040.99,-26.165
SM-48-P1,41,477235.12,2038040.99,-27.065
SM-48-P1,41,477235.12,2038040.99,-31.565
SM-48-P1,41,477235.12,2038040.99,-37.865
SM-30-P2,41,480015.16,2037202.47,-36.14
SM-30-P2,41,480015.16,2037202.47,-36.59
SM-73-P2,41,480177.03,2036206.51,-21.325
SM-73-P2,41,480177.03,2036206.51,-32.35
SM-73-P2,41,480177.03,2036206.51,-34.15
SM-68 P2,41,,,-22.725
SM-58-P1,41,478010.84,2037201.06,-30.6
SM-39-P2,41,480204.54,2036551.45,-30.28
SM-39-P2,41,480204.54,2036551.45,-30.955
SM-39-P2,41,480204.54,2036551.45,-43.555
SM-16-P2,41,478795.23,2036506.72,-18.155
SM-16-P2,41,478795.23,2036506.72,-21.53
SM-16-P2,41,478795.23,2036506.72,-39.53
SM-33-P2,41,479399.9,2036846.79,-47.835
SM-61-P1,41,478033.23,2036869.83,-28.135
SM-61-P1,41,478033.23,2036869.83,-31.735
SM-61-P1,41,478033.23,2036869.83,-35.335
SM-61-P1,41,478033.23,2036869.83,-47.485
SM-05-B2,41,478555.9,2037889.6,-25.495
SM-24-P2,41,479387.3,2037585.89,-36.575
SM-04-B2,41,478139.21,2037614.8,-18.22
SM-50-P1,41,477300,2037635,-42.04
SM-31-P2,41,478600.11,2036846.19,-8.895
SM-31-P2,41,478600.11,2036846.19,-30.045
SM-31-P2,41,478600.11,2036846.19,-44.22
SM-31-P2,41,478600.11,2036846.19,-44.67
SM-27-P2,41,478831.45,2037198.64,-21.85
SM-59-P1,41,477834.91,2037045.31,-30.255
SM-23-P2,41,478975.93,2037540.89,-18.345
SM-23-P2,41,478975.93,2037540.89,-21.495
SM-105-P2,41,,,-36.675
SM-105-P2,41,,,-55.125
SM-105-P2,41,,,-81.225
SM-105-P2,41,,,-114.3
SM-49-P1,41,477572.34,2038055.4,-41.105
SM-49-P1,41,477572.34,2038055.4,-42.905
SM-49-P1,41,477572.34,2038055.4,-43.805
SM-04-B1,41,479321.627,2036184.495,-20.6995
SM-45-P1,41,477444.49,2038334.58,-29.86
SM-45-P1,41,477444.49,2038334.58,-39.76
SM-17-P2,41,479997.31,2036524.08,-35.905
SM-17-P2,41,479997.31,2036524.08,-52.105
SM-08-B2,41,480108.48,2037238.9,-38.525
SM-18-P1,41,477502.42,2036933.38,-58.845
SM-18-P1,41,477502.42,2036933.38,-60.645
SM-09-B1,6,477265.19,2036624.23,-3.265
SM-05-B1,12,478828.2306,2036140.498,-4.943
SM-05-B1,13.5,478828.2306,2036140.498,-5.168
SM-35 P2,41,,,-20.475
SM-35 P2,41,,,-22.275
SM-35 P2,41,,,-26.325
SM-35 P2,41,,,-33.525
SM-35 P2,41,,,-53.55
SM-62 P2,41,,,-29.025
SM-62 P2,41,,,-35.55
SM-62 P2,41,,,-43.2
SM-72-P2,41,479543.59,2036219.22,-15.235
SM-72-P2,41,479543.59,2036219.22,-22.66
SM-72-P2,41,479543.59,2036219.22,-28.285
SM-72-P2,41,479543.59,2036219.22,-35.26
SM-72-P2,41,479543.59,2036219.22,-35.71
SM-02-B1,41,479959.6533,2036162.012,-25.456
SM-02-B1,41,479959.6533,2036162.012,-28.831
SM-19-P1,41,477471.6,2036261.55,-19.995
SM-19-P1,41,477471.6,2036261.55,-24.945
SM-19-P1,41,477471.6,2036261.55,-57.795
SM-51-P1,41,477639.95,2037631.92,-16.275
SM-51-P1,41,477639.95,2037631.92,-25.275
SM-51-P1,41,477639.95,2037631.92,-25.95
SM-36-P2,41,478362.19,2036503.28,-38.755
SM-10-B2,41,480515.3,2036275.1,-33.755
SM-07-B1,41,477905.7673,2036203.22,-21.4164
SM-55-P2,41,479329.18,2037687.79,-45.715
SM-25-P2,41,479793.28,2037531.65,-22.55
SM-66-P1,41,477629.99,2036277.02,-23.64
SM-66-P1,41,477629.99,2036277.02,-27.24
SM-66-P1,41,477629.99,2036277.02,-27.915
SM-66-P1,41,477629.99,2036277.02,-34.89
SM-66-P1,41,477629.99,2036277.02,-36.015
SM-66-P1,41,477629.99,2036277.02,-37.14
SM-66-P1,41,477629.99,2036277.02,-39.165
SM-52-P1,41,478098.81,2037573.26,-33.605
SM-10-B1,41,477226.3,2037121.54,-10.25
SM-53-P2,41,478414.1,2037512.4,-42.89
SM-53-P2,41,478414.1,2037512.4,-51.665
SM-53-P2,41,478414.1,2037512.4,-55.49
SM-14-P2,41,479685.63,2037378.89,-32.16
SM-14-P2,41,479685.63,2037378.89,-52.185
SM-14-P2,41,479685.63,2037378.89,-53.535
SM-14-P2,41,479685.63,2037378.89,-55.11
SM-14-P2,41,479685.63,2037378.89,-61.41
SM-37-P2,41,479213.08,2036499.92,-24.835
SM-37-P2,41,479213.08,2036499.92,-32.26
SM-37-P2,41,479213.08,2036499.92,-36.31
SM-44-P1,41,477193.08,2038327.98,-25.975
SM-44-P1,41,477189.844,2038327.449,-26.025
SM-28 P2,41,,,-21.375
SM-28 P2,41,,,-21.6
SM-28 P2,41,,,-21.825
SM-28 P2,41,,,-33.075
SM-28 P2,41,,,-42.525
SM-28 P2,41,,,-47.7
SM-07-B2,41,,,-28.8
SM-01-B1,41,480286.37,2036030.34,-13.755
SM-20-P1,41,477576.5,2038152.22,-10.665
SM-20-P1,41,477574.978,2038153.565,-10.735
SM-20-P1,41,477576.5,2038152.22,-21.915
SM-20-P1,41,477574.978,2038153.565,-21.985
SM-20-P1,41,477576.5,2038152.22,-23.715
SM-20-P1,41,477574.978,2038153.565,-23.785
SM-20-P1,41,477576.5,2038152.22,-24.615
SM-20-P1,41,477574.978,2038153.565,-24.685
SM-20-P1,41,477576.5,2038152.22,-45.765
SM-20-P1,41,477574.978,2038153.565,-45.835
SM-20-P1,41,477576.5,2038152.22,-48.465
SM-20-P1,41,477574.978,2038153.565,-48.535
SM-69-P2,41,478614.71,2036398.52,-24.94
SM-69-P2,41,478614.71,2036398.52,-40.465
SM-69-P2,41,478614.71,2036398.52,-41.365
SM-74-P3,41,480593.73,2036997.8,-46.085
SM-42-P1,41,477982.94,2038550.48,-20.92
SM-42-P1,41,477982.94,2038550.48,-29.02
SM-42-P1,41,477982.94,2038550.48,-31.72
SM-38-P2,41,479622.12,2036497.16,-42.785
SM-38-P2,41,479622.12,2036497.16,-43.685
SM-38-P2,41,479622.12,2036497.16,-47.06
SM-38-P2,41,479622.12,2036497.16,-50.21
SM-63-P1,41,477393.97,2036611.25,-49.915
SM-75-P1,41,477626.74,2037421.93,-41.335
SM-75-P1,41,477626.74,2037421.93,-43.81
SM-75-P1,41,477626.74,2037421.93,-44.485
SM-09-B2,41,480263.7,2036758.9,-24.38
SM-09-B2,41,480263.7,2036758.9,-30.005
SM-29-P2,41,479601.03,2037189.73,-32.88
SM-22-P2,41,478599.1,2037541.17,-44.39
SM-22-P2,41,478599.1,2037541.17,-48.665
SM-15-P2,41,479132.63,2036864.69,-22.365
SM-21-P3,40.5,481503.78,2037018.87,-51.51
SM-21-P3,40.5,481503.78,2037018.87,-53.31
SM-21-P3,40.5,481503.78,2037018.87,-56.01
SM-21-P3,40.5,481503.78,2037018.87,-60.06
SM-21-P3,40.5,481503.78,2037018.87,-67.26
SM-34-P2,40.5,479861.49,2036907.43,-29.39
SM-34-P2,40.5,479861.49,2036907.43,-36.14
SM-12-B1,40.5,477096.67,2038479.67,-24.27
SM-40-P1,40.5,477608.176,2038623.913,-46.78
SM-11-B1,40.5,477167.57,2037681.46,1.18
SM-32-P2,40.5,479000.45,2036846.64,-33.24
SM-48-P1,40.5,477235.12,2038040.99,-23.24
SM-73-P2,40.5,480177.03,2036206.51,-23.8
SM-68 P2,40.5,,,-24.75
SM-54-P2,40.5,478894.52,2037846.9,-31.38
SM-61-P1,40.5,478033.23,2036869.83,-29.26
SM-23-P2,40.5,478975.93,2037540.89,-18.57
SM-23-P2,40.5,478975.93,2037540.89,-43.32
SM-17-P2,40.5,479997.31,2036524.08,-23.53
SM-17-P2,40.5,479997.31,2036524.08,-38.38
SM-17-P2,40.5,479997.31,2036524.08,-38.83
SM-17-P2,40.5,479997.31,2036524.08,-64.48
SM-17-P2,40.5,479997.31,2036524.08,-64.93
SM-17-P2,40.5,479997.31,2036524.08,-80.23
SM-18-P1,40.5,477502.42,2036933.38,-56.82
SM-05-B1,15,478828.2306,2036140.498,-5.393
SM-05-B1,16.5,478828.2306,2036140.498,-5.618
SM-05-B1,18,478828.2306,2036140.498,-5.843
SM-62 P2,40.5,,,-44.55
SM-72-P2,40.5,479543.59,2036219.22,-6.91
SM-72-P2,40.5,479543.59,2036219.22,-15.46
SM-72-P2,40.5,479543.59,2036219.22,-19.06
SM-19-P1,40.5,477471.6,2036261.55,3.18
SM-19-P1,40.5,477471.6,2036261.55,-40.47
SM-36-P2,40.5,478362.19,2036503.28,-34.93
SM-36-P2,40.5,478362.19,2036503.28,-38.53
SM-10-B2,40.5,480515.3,2036275.1,-31.73
SM-55-P2,40.5,479329.18,2037687.79,-33.79
SM-66-P1,40.5,477629.99,2036277.02,-32.64
SM-66-P1,40.5,477629.99,2036277.02,-40.74
SM-53-P2,40.5,478414.1,2037512.4,-44.24
SM-14-P2,40.5,479685.63,2037378.89,-48.36
SM-14-P2,40.5,479685.63,2037378.89,-53.76
SM-37-P2,40.5,479213.08,2036499.92,-31.81
SM-70-P3,40.5,481498.09,2036695.19,-16.38
SM-28 P2,40.5,,,-36.9
SM-28 P2,40.5,,,-43.65
SM-28 P2,40.5,,,-45.9
SM-07-B2,40.5,,,-22.95
SM-20-P1,40.5,477576.5,2038152.22,-25.74
SM-20-P1,40.5,477574.978,2038153.565,-25.81
SM-20-P1,40.5,477576.5,2038152.22,-45.54
SM-20-P1,40.5,477574.978,2038153.565,-45.61
SM-20-P1,40.5,477576.5,2038152.22,-50.94
SM-20-P1,40.5,477574.978,2038153.565,-51.01
SM-74-P3,40.5,480593.73,2036997.8,-35.06
SM-09-B2,40.5,480263.7,2036758.9,-17.18
SM-09-B2,40.5,480263.7,2036758.9,-18.08
SM-21-P3,40,481503.78,2037018.87,-46.785
SM-21-P3,40,481503.78,2037018.87,-56.235
SM-21-P3,40,481503.78,2037018.87,-56.46
SM-21-P3,40,481503.78,2037018.87,-56.685
SM-21-P3,40,481503.78,2037018.87,-62.535
SM-21-P3,40,481503.78,2037018.87,-65.91
SM-21-P3,40,481503.78,2037018.87,-66.36
SM-26-P2,40,478399.31,2037192.67,-53.79
SM-26-P2,40,478399.31,2037192.67,-61.89
SM-34-P2,40,479861.49,2036907.43,-28.265
SM-34-P2,40,479861.49,2036907.43,-36.815
SM-12-B1,40,477096.67,2038479.67,0.255
SM-12-B1,40,477096.67,2038479.67,-10.095
SM-12-B1,40,477096.67,2038479.67,-22.245
SM-43-P1,40,478112.67,2038510.48,-3.855
SM-43-P1,40,478109.666,2038510.974,-3.975
SM-40-P1,40,477608.176,2038623.913,-12.58
SM-40-P1,40,477608.176,2038623.913,-22.705
SM-40-P1,40,477608.176,2038623.913,-26.755
SM-40-P1,40,477608.176,2038623.913,-33.505
SM-40-P1,40,477608.176,2038623.913,-42.505
SM-40-P1,40,477608.176,2038623.913,-42.73
SM-40-P1,40,477608.176,2038623.913,-42.955
SM-40-P1,40,477608.176,2038623.913,-46.105
SM-03-B1,40,479599.92,2035977.75,-16.935
SM-03-B1,40,479599.92,2035977.75,-22.335
SM-11-B1,40,477167.57,2037681.46,-28.07
SM-11-B1,40,477167.57,2037681.46,-32.12
SM-11-B1,40,477167.57,2037681.46,-33.245
SM-41-P1,40,477763.79,2038599.78,-5.945
SM-41-P1,40,477763.79,2038599.78,-34.745
SM-41-P1,40,477763.79,2038599.78,-39.92
SM-41-P1,40,477763.79,2038599.78,-43.745
SM-32-P2,40,479000.45,2036846.64,-21.765
SM-32-P2,40,479000.45,2036846.64,-45.615
SM-65-P1,40,477374.93,2036265.02,-23.615
SM-48-P1,40,477235.12,2038040.99,-23.465
SM-48-P1,40,477235.12,2038040.99,-24.365
SM-48-P1,40,477235.12,2038040.99,-27.74
SM-48-P1,40,477235.12,2038040.99,-30.665
SM-30-P2,40,480015.16,2037202.47,-26.915
SM-30-P2,40,480015.16,2037202.47,-27.14
SM-30-P2,40,480015.16,2037202.47,-27.365
SM-30-P2,40,480015.16,2037202.47,-34.79
SM-30-P2,40,480015.16,2037202.47,-35.24
SM-73-P2,40,480177.03,2036206.51,-20.425
SM-73-P2,40,480177.03,2036206.51,-21.1
SM-73-P2,40,480177.03,2036206.51,-23.35
SM-73-P2,40,480177.03,2036206.51,-25.15
SM-73-P2,40,480177.03,2036206.51,-31.225
SM-73-P2,40,480177.03,2036206.51,-35.275
SM-39-P2,40,480204.54,2036551.45,-27.355
SM-39-P2,40,480204.54,2036551.45,-43.33
SM-06-B2,40,,,-24.975
SM-16-P2,40,478795.23,2036506.72,-33.005
SM-16-P2,40,478795.23,2036506.72,-39.305
SM-61-P1,40,478033.23,2036869.83,-27.235
SM-61-P1,40,478033.23,2036869.83,-27.91
SM-61-P1,40,478033.23,2036869.83,-31.96
SM-61-P1,40,478033.23,2036869.83,-34.21
SM-61-P1,40,478033.23,2036869.83,-40.96
SM-24-P2,40,479387.3,2037585.89,-32.075
SM-31-P2,40,478600.11,2036846.19,-29.37
SM-27-P2,40,478831.45,2037198.64,-39.625
SM-23-P2,40,478975.93,2037540.89,-18.795
SM-23-P2,40,478975.93,2037540.89,-20.82
SM-23-P2,40,478975.93,2037540.89,-41.295
SM-23-P2,40,478975.93,2037540.89,-41.97
SM-105-P2,40,,,-48.825
SM-105-P2,40,,,-63.675
SM-105-P2,40,,,-81
SM-105-P2,40,,,-94.725
SM-105-P2,40,,,-96.075
SM-45-P1,40,477444.49,2038334.58,-0.385
SM-45-P1,40,477444.49,2038334.58,-1.285
SM-45-P1,40,477444.49,2038334.58,-19.96
SM-45-P1,40,477444.49,2038334.58,-23.335
SM-45-P1,40,477444.49,2038334.58,-32.785
SM-17-P2,40,479997.31,2036524.08,-6.43
SM-17-P2,40,479997.31,2036524.08,-41.755
SM-17-P2,40,479997.31,2036524.08,-63.805
SM-17-P2,40,479997.31,2036524.08,-78.655
SM-08-B2,40,480108.48,2037238.9,-33.125
SM-08-B2,40,480108.48,2037238.9,-34.7
SM-18-P1,40,477502.42,2036933.38,-46.92
SM-18-P1,40,477502.42,2036933.38,-67.62
SM-05-B1,16,478828.2306,2036140.498,-6.068
SM-05-B1,14,478828.2306,2036140.498,-6.293
SM-35 P2,40,,,-17.775
SM-35 P2,40,,,-18.675
SM-35 P2,40,,,-21.375
SM-35 P2,40,,,-24.525
SM-35 P2,40,,,-31.05
SM-35 P2,40,,,-44.775
SM-35 P2,40,,,-53.775
SM-62 P2,40,,,-37.575
SM-62 P2,40,,,-38.925
SM-62 P2,40,,,-42.075
SM-62 P2,40,,,-42.3
SM-62 P2,40,,,-42.525
SM-72-P2,40,479543.59,2036219.22,-6.46
SM-72-P2,40,479543.59,2036219.22,-8.035
SM-72-P2,40,479543.59,2036219.22,-15.685
SM-72-P2,40,479543.59,2036219.22,-19.96
SM-19-P1,40,477471.6,2036261.55,-41.58
SM-51-P1,40,477639.95,2037631.92,-22.125
SM-51-P1,40,477639.95,2037631.92,-22.8
SM-51-P1,40,477639.95,2037631.92,-23.925
SM-36-P2,40,478362.19,2036503.28,-38.305
SM-10-B2,40,480515.3,2036275.1,-21.38
SM-10-B2,40,480515.3,2036275.1,-38.255
SM-07-B1,40,477905.7673,2036203.22,-22.9914
SM-07-B1,40,477905.7673,2036203.22,-24.1164
SM-55-P2,40,479329.18,2037687.79,-27.265
SM-55-P2,40,479329.18,2037687.79,-30.865
SM-55-P2,40,479329.18,2037687.79,-35.14
SM-55-P2,40,479329.18,2037687.79,-37.615
SM-55-P2,40,479329.18,2037687.79,-40.765
SM-55-P2,40,479329.18,2037687.79,-47.065
SM-25-P2,40,479793.28,2037531.65,-24.125
SM-25-P2,40,479793.28,2037531.65,-32.9
SM-25-P2,40,479793.28,2037531.65,-36.275
SM-06-B1,40,478330.36,2036080.3,-22.38
SM-66-P1,40,477629.99,2036277.02,-26.34
SM-52-P1,40,478098.81,2037573.26,-20.555
SM-52-P1,40,478098.81,2037573.26,-46.355
SM-10-B1,40,477226.3,2037121.54,-16.55
SM-53-P2,40,478414.1,2037512.4,-25.115
SM-53-P2,40,478414.1,2037512.4,-40.415
SM-53-P2,40,478414.1,2037512.4,-43.565
SM-14-P2,40,479685.63,2037378.89,-37.335
SM-14-P2,40,479685.63,2037378.89,-44.535
SM-14-P2,40,479685.63,2037378.89,-53.985
SM-14-P2,40,479685.63,2037378.89,-54.21
SM-14-P2,40,479685.63,2037378.89,-54.435
SM-14-P2,40,479685.63,2037378.89,-65.235
SM-37-P2,40,479213.08,2036499.92,-16.735
SM-37-P2,40,479213.08,2036499.92,-34.06
SM-44-P1,40,477193.08,2038327.98,-15.4
SM-44-P1,40,477189.844,2038327.449,-15.45
SM-44-P1,40,477193.08,2038327.98,-28.45
SM-44-P1,40,477189.844,2038327.449,-28.5
SM-70-P3,40,481498.09,2036695.19,4.995
SM-70-P3,40,481498.09,2036695.19,-4.905
SM-47-P1,40,478006.01,2038293.04,-27.995
SM-28 P2,40,,,-15.975
SM-28 P2,40,,,-21.15
SM-28 P2,40,,,-22.725
SM-28 P2,40,,,-25.425
SM-28 P2,40,,,-27.45
SM-28 P2,40,,,-40.275
SM-20-P1,40,477576.5,2038152.22,-8.415
SM-20-P1,40,477574.978,2038153.565,-8.485
SM-20-P1,40,477576.5,2038152.22,-14.265
SM-20-P1,40,477574.978,2038153.565,-14.335
SM-20-P1,40,477576.5,2038152.22,-28.89
SM-20-P1,40,477574.978,2038153.565,-28.96
SM-20-P1,40,477576.5,2038152.22,-29.565
SM-20-P1,40,477574.978,2038153.565,-29.635
SM-20-P1,40,477576.5,2038152.22,-39.915
SM-20-P1,40,477574.978,2038153.565,-39.985
SM-20-P1,40,477576.5,2038152.22,-45.315
SM-20-P1,40,477574.978,2038153.565,-45.385
SM-20-P1,40,477576.5,2038152.22,-48.24
SM-20-P1,40,477574.978,2038153.565,-48.31
SM-20-P1,40,477576.5,2038152.22,-52.065
SM-20-P1,40,477574.978,2038153.565,-52.135
SM-20-P1,40,477576.5,2038152.22,-52.29
SM-20-P1,40,477574.978,2038153.565,-52.36
SM-20-P1,40,477576.5,2038152.22,-52.515
SM-20-P1,40,477574.978,2038153.565,-52.585
SM-69-P2,40,478614.71,2036398.52,-28.765
SM-69-P2,40,478614.71,2036398.52,-33.04
SM-69-P2,40,478614.71,2036398.52,-48.565
SM-57-P1,40,477640.14,2037208.59,-29.7
SM-57-P1,40,477640.14,2037208.59,-30.15
SM-57-P1,40,477640.14,2037208.59,-31.05
SM-57-P1,40,477640.14,2037208.59,-31.5
SM-57-P1,40,477640.14,2037208.59,-35.55
SM-74-P3,40,480593.73,2036997.8,-38.21
SM-42-P1,40,477982.94,2038550.48,-10.795
SM-42-P1,40,477982.94,2038550.48,-11.02
SM-42-P1,40,477982.94,2038550.48,-11.245
SM-42-P1,40,477982.94,2038550.48,-22.045
SM-42-P1,40,477982.94,2038550.48,-31.27
SM-42-P1,40,477982.94,2038550.48,-35.995
SM-42-P1,40,477982.94,2038550.48,-36.22
SM-42-P1,40,477982.94,2038550.48,-36.445
SM-42-P1,40,477982.94,2038550.48,-45.895
SM-38-P2,40,479622.12,2036497.16,-43.91
SM-38-P2,40,479622.12,2036497.16,-44.585
SM-38-P2,40,479622.12,2036497.16,-47.735
SM-38-P2,40,479622.12,2036497.16,-50.435
SM-09-B2,40,480263.7,2036758.9,-23.705
SM-76-P3,40,481243.38,2036665.86,-27.49
SM-76-P3,40,481243.38,2036665.86,-27.94
SM-22-P2,40,478599.1,2037541.17,-20.765
SM-22-P2,40,478599.1,2037541.17,-22.34
SM-22-P2,40,478599.1,2037541.17,-27.965
SM-22-P2,40,478599.1,2037541.17,-44.615
SM-22-P2,40,478599.1,2037541.17,-45.965
SM-22-P2,40,478599.1,2037541.17,-48.44
SM-15-P2,40,479132.63,2036864.69,-25.065
SM-21-P3,39.5,481503.78,2037018.87,-51.06
SM-21-P3,39.5,481503.78,2037018.87,-65.01
SM-34-P2,39.5,479861.49,2036907.43,-31.19
SM-40-P1,39.5,477608.176,2038623.913,-22.93
SM-40-P1,39.5,477608.176,2038623.913,-41.38
SM-11-B1,39.5,477167.57,2037681.46,2.98
SM-11-B1,39.5,477167.57,2037681.46,2.08
SM-11-B1,39.5,477167.57,2037681.46,-23.12
SM-41-P1,39.5,477763.79,2038599.78,-5.72
SM-41-P1,39.5,477763.79,2038599.78,-10.22
SM-48-P1,39.5,477235.12,2038040.99,-7.04
SM-48-P1,39.5,477235.12,2038040.99,-34.49
SM-73-P2,39.5,480177.03,2036206.51,-20.65
SM-73-P2,39.5,480177.03,2036206.51,-22.9
SM-73-P2,39.5,480177.03,2036206.51,-24.7
SM-16-P2,39.5,478795.23,2036506.72,-41.78
SM-16-P2,39.5,478795.23,2036506.72,-42.23
SM-54-P2,39.5,478894.52,2037846.9,-16.08
SM-61-P1,39.5,478033.23,2036869.83,-27.46
SM-24-P2,39.5,479387.3,2037585.89,-21.95
SM-24-P2,39.5,479387.3,2037585.89,-28.25
SM-31-P2,39.5,478600.11,2036846.19,-31.62
SM-59-P1,39.5,477834.91,2037045.31,-18.78
SM-59-P1,39.5,477834.91,2037045.31,-19.23
SM-23-P2,39.5,478975.93,2037540.89,-30.27
SM-23-P2,39.5,478975.93,2037540.89,-42.87
SM-105-P2,39.5,,,-71.1
SM-49-P1,39.5,477572.34,2038055.4,-42.68
SM-45-P1,39.5,477444.49,2038334.58,-9.16
SM-45-P1,39.5,477444.49,2038334.58,-23.56
SM-45-P1,39.5,477444.49,2038334.58,-28.96
SM-17-P2,39.5,479997.31,2036524.08,-51.43
SM-08-B2,39.5,480108.48,2037238.9,-38.3
SM-05-B1,11,478828.2306,2036140.498,-6.518
SM-35 P2,39.5,,,-45
SM-62 P2,39.5,,,-32.4
SM-62 P2,39.5,,,-38.7
SM-19-P1,39.5,477471.6,2036261.55,2.28
SM-19-P1,39.5,477471.6,2036261.55,1.83
SM-19-P1,39.5,477471.6,2036261.55,-21.12
SM-19-P1,39.5,477471.6,2036261.55,-25.17
SM-51-P1,39.5,477639.95,2037631.92,-25.5
SM-51-P1,39.5,477639.95,2037631.92,-26.4
SM-07-B1,39.5,477905.7673,2036203.22,-20.5164
SM-07-B1,39.5,477905.7673,2036203.22,-22.7664
SM-55-P2,39.5,479329.18,2037687.79,-27.04
SM-55-P2,39.5,479329.18,2037687.79,-27.49
SM-55-P2,39.5,479329.18,2037687.79,-36.04
SM-25-P2,39.5,479793.28,2037531.65,-32.45
SM-66-P1,39.5,477629.99,2036277.02,-28.14
SM-53-P2,39.5,478414.1,2037512.4,-43.79
SM-14-P2,39.5,479685.63,2037378.89,-47.01
SM-14-P2,39.5,479685.63,2037378.89,-52.41
SM-28 P2,39.5,,,-36.45
SM-28 P2,39.5,,,-42.3
SM-01-B1,39.5,480286.37,2036030.34,-13.08
SM-20-P1,39.5,477576.5,2038152.22,-21.69
SM-20-P1,39.5,477574.978,2038153.565,-21.76
SM-20-P1,39.5,477576.5,2038152.22,-24.84
SM-20-P1,39.5,477574.978,2038153.565,-24.91
SM-74-P3,39.5,480593.73,2036997.8,-38.66
SM-38-P2,39.5,479622.12,2036497.16,-28.16
SM-38-P2,39.5,479622.12,2036497.16,-28.61
SM-38-P2,39.5,479622.12,2036497.16,-44.36
SM-38-P2,39.5,479622.12,2036497.16,-47.51
SM-76-P3,39.5,481243.38,2036665.86,2.66
SM-29-P2,39.5,479601.03,2037189.73,-33.78
SM-29-P2,39.5,479601.03,2037189.73,-38.28
SM-21-P3,39,481503.78,2037018.87,-41.835
SM-21-P3,39,481503.78,2037018.87,-45.885
SM-21-P3,39,481503.78,2037018.87,-65.685
SM-21-P3,39,481503.78,2037018.87,-66.585
SM-26-P2,39,478399.31,2037192.67,-30.165
SM-26-P2,39,478399.31,2037192.67,-40.74
SM-26-P2,39,478399.31,2037192.67,-57.165
SM-26-P2,39,478399.31,2037192.67,-58.065
SM-26-P2,39,478399.31,2037192.67,-62.34
SM-34-P2,39,479861.49,2036907.43,-29.84
SM-34-P2,39,479861.49,2036907.43,-39.065
SM-34-P2,39,479861.49,2036907.43,-41.09
SM-34-P2,39,479861.49,2036907.43,-44.915
SM-12-B1,39,477096.67,2038479.67,-2.445
SM-12-B1,39,477096.67,2038479.67,-3.345
SM-12-B1,39,477096.67,2038479.67,-28.095
SM-12-B1,39,477096.67,2038479.67,-29.22
SM-43-P1,39,478112.67,2038510.48,2.67
SM-43-P1,39,478109.666,2038510.974,2.55
SM-40-P1,39,477608.176,2038623.913,-5.38
SM-40-P1,39,477608.176,2038623.913,-23.155
SM-40-P1,39,477608.176,2038623.913,-24.055
SM-40-P1,39,477608.176,2038623.913,-47.23
SM-03-B1,39,479599.92,2035977.75,-20.76
SM-03-B1,39,479599.92,2035977.75,-21.21
SM-03-B1,39,479599.92,2035977.75,-23.685
SM-11-B1,39,477167.57,2037681.46,-27.845
SM-41-P1,39,477763.79,2038599.78,0.13
SM-41-P1,39,477763.79,2038599.78,-5.495
SM-41-P1,39,477763.79,2038599.78,-9.545
SM-41-P1,39,477763.79,2038599.78,-26.645
SM-41-P1,39,477763.79,2038599.78,-27.545
SM-41-P1,39,477763.79,2038599.78,-28.895
SM-41-P1,39,477763.79,2038599.78,-37.895
SM-41-P1,39,477763.79,2038599.78,-38.57
SM-41-P1,39,477763.79,2038599.78,-39.695
SM-41-P1,39,477763.79,2038599.78,-42.845
SM-41-P1,39,477763.79,2038599.78,-48.695
SM-32-P2,39,479000.45,2036846.64,-46.515
SM-48-P1,39,477235.12,2038040.99,-0.515
SM-48-P1,39,477235.12,2038040.99,-18.065
SM-73-P2,39,480177.03,2036206.51,-20.875
SM-68 P2,39,,,-47.475
SM-58-P1,39,478010.84,2037201.06,-37.125
SM-58-P1,39,478010.84,2037201.06,-47.7
SM-39-P2,39,480204.54,2036551.45,-27.13
SM-39-P2,39,480204.54,2036551.45,-29.605
SM-39-P2,39,480204.54,2036551.45,-29.83
SM-39-P2,39,480204.54,2036551.45,-30.055
SM-39-P2,39,480204.54,2036551.45,-31.855
SM-39-P2,39,480204.54,2036551.45,-43.105
SM-16-P2,39,478795.23,2036506.72,-17.93
SM-54-P2,39,478894.52,2037846.9,-23.055
SM-54-P2,39,478894.52,2037846.9,-37.455
SM-33-P2,39,479399.9,2036846.79,-12.96
SM-33-P2,39,479399.9,2036846.79,-23.085
SM-33-P2,39,479399.9,2036846.79,-25.11
SM-61-P1,39,478033.23,2036869.83,-21.61
SM-61-P1,39,478033.23,2036869.83,-22.96
SM-61-P1,39,478033.23,2036869.83,-27.685
SM-61-P1,39,478033.23,2036869.83,-32.185
SM-61-P1,39,478033.23,2036869.83,-37.36
SM-24-P2,39,479387.3,2037585.89,-15.425
SM-04-B2,39,478139.21,2037614.8,-17.77
SM-50-P1,39,477300,2037635,-18.415
SM-50-P1,39,477300,2037635,-33.04
SM-50-P1,39,477300,2037635,-42.265
SM-31-P2,39,478600.11,2036846.19,-9.12
SM-31-P2,39,478600.11,2036846.19,-19.695
SM-31-P2,39,478600.11,2036846.19,-23.295
SM-31-P2,39,478600.11,2036846.19,-29.82
SM-27-P2,39,478831.45,2037198.64,-30.625
SM-23-P2,39,478975.93,2037540.89,-27.345
SM-23-P2,39,478975.93,2037540.89,-31.845
SM-23-P2,39,478975.93,2037540.89,-33.195
SM-23-P2,39,478975.93,2037540.89,-42.42
SM-23-P2,39,478975.93,2037540.89,-46.245
SM-105-P2,39,,,-56.925
SM-105-P2,39,,,-67.95
SM-105-P2,39,,,-80.775
SM-105-P2,39,,,-97.2
SM-105-P2,39,,,-106.65
SM-105-P2,39,,,-110.925
SM-04-B1,39,479321.627,2036184.495,-20.9245
SM-45-P1,39,477444.49,2038334.58,-3.085
SM-45-P1,39,477444.49,2038334.58,-20.635
SM-45-P1,39,477444.49,2038334.58,-23.785
SM-17-P2,39,479997.31,2036524.08,-23.98
SM-17-P2,39,479997.31,2036524.08,-24.43
SM-17-P2,39,479997.31,2036524.08,-45.355
SM-17-P2,39,479997.31,2036524.08,-64.03
SM-17-P2,39,479997.31,2036524.08,-72.805
SM-17-P2,39,479997.31,2036524.08,-80.455
SM-08-B2,39,480108.48,2037238.9,-31.55
SM-08-B2,39,480108.48,2037238.9,-33.8
SM-60-P1,39,477583.84,2036816.3,-17.605
SM-18-P1,39,477502.42,2036933.38,-23.97
SM-09-B1,6.5,477265.19,2036624.23,-3.49
SM-67-P1,39,477857.4,2036377.24,-41.795
SM-67-P1,39,477857.4,2036377.24,-46.295
SM-67-P1,39,477857.4,2036377.24,-46.52
SM-67-P1,39,477857.4,2036377.24,-46.745
SM-05-B1,8,478828.2306,2036140.498,-6.743
SM-05-B1,13,478828.2306,2036140.498,-6.968
SM-35 P2,39,,,-26.1
SM-35 P2,39,,,-45.225
SM-35 P2,39,,,-49.275
SM-62 P2,39,,,-38.475
SM-62 P2,39,,,-40.725
SM-62 P2,39,,,-43.875
SM-62 P2,39,,,-44.1
SM-62 P2,39,,,-44.325
SM-72-P2,39,479543.59,2036219.22,-21.985
SM-02-B1,39,479959.6533,2036162.012,-25.231
SM-19-P1,39,477471.6,2036261.55,-79.845
SM-51-P1,39,477639.95,2037631.92,-22.35
SM-51-P1,39,477639.95,2037631.92,-23.25
SM-36-P2,39,478362.19,2036503.28,-23.005
SM-36-P2,39,478362.19,2036503.28,-34.705
SM-10-B2,39,480515.3,2036275.1,-32.18
SM-07-B1,39,477905.7673,2036203.22,-22.5414
SM-55-P2,39,479329.18,2037687.79,-24.565
SM-55-P2,39,479329.18,2037687.79,-26.815
SM-55-P2,39,479329.18,2037687.79,-27.715
SM-55-P2,39,479329.18,2037687.79,-45.49
SM-66-P1,39,477629.99,2036277.02,-40.515
SM-52-P1,39,478098.81,2037573.26,-15.605
SM-52-P1,39,478098.81,2037573.26,-33.38
SM-10-B1,39,477226.3,2037121.54,-17
SM-53-P2,39,478414.1,2037512.4,-27.815
SM-53-P2,39,478414.1,2037512.4,-35.465
SM-53-P2,39,478414.1,2037512.4,-44.015
SM-53-P2,39,478414.1,2037512.4,-47.39
SM-14-P2,39,479685.63,2037378.89,-37.11
SM-14-P2,39,479685.63,2037378.89,-47.46
SM-14-P2,39,479685.63,2037378.89,-48.135
SM-14-P2,39,479685.63,2037378.89,-49.485
SM-14-P2,39,479685.63,2037378.89,-51.96
SM-14-P2,39,479685.63,2037378.89,-54.66
SM-14-P2,39,479685.63,2037378.89,-71.31
SM-14-P2,39,479685.63,2037378.89,-71.76
SM-37-P2,39,479213.08,2036499.92,-17.86
SM-37-P2,39,479213.08,2036499.92,-31.36
SM-37-P2,39,479213.08,2036499.92,-32.035
SM-37-P2,39,479213.08,2036499.92,-40.585
SM-44-P1,39,477193.08,2038327.98,-10
SM-44-P1,39,477189.844,2038327.449,-10.05
SM-70-P3,39,481498.09,2036695.19,-16.155
SM-47-P1,39,478006.01,2038293.04,6.655
SM-47-P1,39,478006.01,2038293.04,-0.545
SM-28 P2,39,,,-20.925
SM-28 P2,39,,,-22.95
SM-28 P2,39,,,-28.125
SM-28 P2,39,,,-28.8
SM-01-B1,39,480286.37,2036030.34,-13.53
SM-20-P1,39,477576.5,2038152.22,-27.54
SM-20-P1,39,477574.978,2038153.565,-27.61
SM-20-P1,39,477576.5,2038152.22,-48.015
SM-20-P1,39,477574.978,2038153.565,-48.085
SM-69-P2,39,478614.71,2036398.52,-28.54
SM-69-P2,39,478614.71,2036398.52,-30.565
SM-57-P1,39,477640.14,2037208.59,-40.275
SM-74-P3,39,480593.73,2036997.8,-34.835
SM-74-P3,39,480593.73,2036997.8,-36.41
SM-74-P3,39,480593.73,2036997.8,-47.66
SM-42-P1,39,477982.94,2038550.48,-31.945
SM-38-P2,39,479622.12,2036497.16,-29.285
SM-38-P2,39,479622.12,2036497.16,-44.135
SM-38-P2,39,479622.12,2036497.16,-47.285
SM-63-P1,39,477393.97,2036611.25,-26.515
SM-63-P1,39,477393.97,2036611.25,-48.115
SM-09-B2,39,480263.7,2036758.9,-16.955
SM-09-B2,39,480263.7,2036758.9,-18.305
SM-09-B2,39,480263.7,2036758.9,-27.305
SM-09-B2,39,480263.7,2036758.9,-31.58
SM-76-P3,39,481243.38,2036665.86,-28.615
SM-76-P3,39,481243.38,2036665.86,-32.665
SM-29-P2,39,479601.03,2037189.73,-37.605
SM-22-P2,39,478599.1,2037541.17,-28.865
SM-22-P2,39,478599.1,2037541.17,-48.215
SM-21-P3,38.5,481503.78,2037018.87,-44.31
SM-21-P3,38.5,481503.78,2037018.87,-46.56
SM-21-P3,38.5,481503.78,2037018.87,-47.01
SM-21-P3,38.5,481503.78,2037018.87,-58.71
SM-21-P3,38.5,481503.78,2037018.87,-62.31
SM-12-B1,38.5,477096.67,2038479.67,-9.42
SM-12-B1,38.5,477096.67,2038479.67,-23.82
SM-40-P1,38.5,477608.176,2038623.913,-8.53
SM-40-P1,38.5,477608.176,2038623.913,-24.28
SM-40-P1,38.5,477608.176,2038623.913,-31.93
SM-40-P1,38.5,477608.176,2038623.913,-48.58
SM-03-B1,38.5,479599.92,2035977.75,-16.71
SM-41-P1,38.5,477763.79,2038599.78,0.58
SM-32-P2,38.5,479000.45,2036846.64,-19.29
SM-32-P2,38.5,479000.45,2036846.64,-21.09
SM-32-P2,38.5,479000.45,2036846.64,-22.44
SM-48-P1,38.5,477235.12,2038040.99,-4.79
SM-16-P2,38.5,478795.23,2036506.72,-19.28
SM-16-P2,38.5,478795.23,2036506.72,-39.98
SM-54-P2,38.5,478894.52,2037846.9,-23.28
SM-54-P2,38.5,478894.52,2037846.9,-29.13
SM-33-P2,38.5,479399.9,2036846.79,-23.76
SM-61-P1,38.5,478033.23,2036869.83,-18.91
SM-50-P1,38.5,477300,2037635,-27.64
SM-31-P2,38.5,478600.11,2036846.19,-30.72
SM-59-P1,38.5,477834.91,2037045.31,2.37
SM-59-P1,38.5,477834.91,2037045.31,-22.38
SM-59-P1,38.5,477834.91,2037045.31,-29.58
SM-23-P2,38.5,478975.93,2037540.89,-20.37
SM-105-P2,38.5,,,-66.15
SM-105-P2,38.5,,,-95.4
SM-49-P1,38.5,477572.34,2038055.4,-40.88
SM-08-B2,38.5,480108.48,2037238.9,-32.45
SM-05-B1,18,478828.2306,2036140.498,-7.193
SM-35 P2,38.5,,,-44.1
SM-62 P2,38.5,,,-36.45
SM-72-P2,38.5,479543.59,2036219.22,-22.21
SM-02-B1,38.5,479959.6533,2036162.012,-24.106
SM-02-B1,38.5,479959.6533,2036162.012,-30.856
SM-19-P1,38.5,477471.6,2036261.55,-79.62
SM-51-P1,38.5,477639.95,2037631.92,-24.6
SM-36-P2,38.5,478362.19,2036503.28,-15.58
SM-10-B2,38.5,480515.3,2036275.1,-15.98
SM-10-B2,38.5,480515.3,2036275.1,-33.08
SM-10-B2,38.5,480515.3,2036275.1,-38.93
SM-55-P2,38.5,479329.18,2037687.79,-46.84
SM-52-P1,38.5,478098.81,2037573.26,-46.13
SM-14-P2,38.5,479685.63,2037378.89,-51.06
SM-44-P1,38.5,477193.08,2038327.98,-1
SM-44-P1,38.5,477189.844,2038327.449,-1.05
SM-44-P1,38.5,477193.08,2038327.98,-10.45
SM-44-P1,38.5,477189.844,2038327.449,-10.5
SM-44-P1,38.5,477193.08,2038327.98,-25.75
SM-44-P1,38.5,477189.844,2038327.449,-25.8
SM-20-P1,38.5,477576.5,2038152.22,-51.84
SM-20-P1,38.5,477574.978,2038153.565,-51.91
SM-74-P3,38.5,480593.73,2036997.8,-47.21
SM-38-P2,38.5,479622.12,2036497.16,-50.66
SM-09-B2,38.5,480263.7,2036758.9,-18.98
SM-15-P2,38.5,479132.63,2036864.69,-16.29
SM-21-P3,38,481503.78,2037018.87,-46.11
SM-26-P2,38,478399.31,2037192.67,-43.665
SM-26-P2,38,478399.31,2037192.67,-53.565
SM-26-P2,38,478399.31,2037192.67,-63.465
SM-34-P2,38,479861.49,2036907.43,-32.315
SM-34-P2,38,479861.49,2036907.43,-35.915
SM-34-P2,38,479861.49,2036907.43,-39.965
SM-34-P2,38,479861.49,2036907.43,-45.59
SM-12-B1,38,477096.67,2038479.67,-25.17
SM-43-P1,38,478112.67,2038510.48,-1.155
SM-43-P1,38,478109.666,2038510.974,-1.275
SM-40-P1,38,477608.176,2038623.913,-8.08
SM-40-P1,38,477608.176,2038623.913,-11.905
SM-40-P1,38,477608.176,2038623.913,-24.505
SM-11-B1,38,477167.57,2037681.46,-22.22
SM-11-B1,38,477167.57,2037681.46,-24.245
SM-11-B1,38,477167.57,2037681.46,-34.145
SM-41-P1,38,477763.79,2038599.78,-31.145
SM-41-P1,38,477763.79,2038599.78,-31.82
SM-41-P1,38,477763.79,2038599.78,-36.32
SM-41-P1,38,477763.79,2038599.78,-41.495
SM-41-P1,38,477763.79,2038599.78,-45.545
SM-32-P2,38,479000.45,2036846.64,-18.39
SM-32-P2,38,479000.45,2036846.64,-23.115
SM-32-P2,38,479000.45,2036846.64,-33.465
SM-65-P1,38,477374.93,2036265.02,-22.265
SM-48-P1,38,477235.12,2038040.99,-6.365
SM-30-P2,38,480015.16,2037202.47,-21.065
SM-73-P2,38,480177.03,2036206.51,-22.225
SM-73-P2,38,480177.03,2036206.51,-33.475
SM-68 P2,38,,,-33.75
SM-68 P2,38,,,-37.575
SM-68 P2,38,,,-47.7
SM-58-P1,38,478010.84,2037201.06,-20.25
SM-58-P1,38,478010.84,2037201.06,-46.35
SM-58-P1,38,478010.84,2037201.06,-46.8
SM-39-P2,38,480204.54,2036551.45,-19.705
SM-39-P2,38,480204.54,2036551.45,-21.505
SM-39-P2,38,480204.54,2036551.45,-26.905
SM-16-P2,38,478795.23,2036506.72,-26.705
SM-54-P2,38,478894.52,2037846.9,-23.505
SM-54-P2,38,478894.52,2037846.9,-24.855
SM-33-P2,38,479399.9,2036846.79,-30.96
SM-33-P2,38,479399.9,2036846.79,-32.535
SM-33-P2,38,479399.9,2036846.79,-38.385
SM-33-P2,38,479399.9,2036846.79,-43.335
SM-61-P1,38,478033.23,2036869.83,-27.01
SM-61-P1,38,478033.23,2036869.83,-32.41
SM-61-P1,38,478033.23,2036869.83,-36.685
SM-24-P2,38,479387.3,2037585.89,-24.875
SM-24-P2,38,479387.3,2037585.89,-28.925
SM-24-P2,38,479387.3,2037585.89,-32.975
SM-27-P2,38,478831.45,2037198.64,-18.925
SM-59-P1,38,477834.91,2037045.31,-24.63
SM-59-P1,38,477834.91,2037045.31,-36.555
SM-23-P2,38,478975.93,2037540.89,-33.42
SM-23-P2,38,478975.93,2037540.89,-41.52
SM-105-P2,38,,,-35.55
SM-105-P2,38,,,-40.275
SM-105-P2,38,,,-53.1
SM-105-P2,38,,,-66.825
SM-105-P2,38,,,-68.625
SM-105-P2,38,,,-82.575
SM-49-P1,38,477572.34,2038055.4,-42.455
SM-45-P1,38,477444.49,2038334.58,-9.61
SM-45-P1,38,477444.49,2038334.58,-15.685
SM-45-P1,38,477444.49,2038334.58,-22.435
SM-45-P1,38,477444.49,2038334.58,-34.36
SM-17-P2,38,479997.31,2036524.08,-22.855
SM-17-P2,38,479997.31,2036524.08,-32.98
SM-17-P2,38,479997.31,2036524.08,-64.255
SM-17-P2,38,479997.31,2036524.08,-65.155
SM-08-B2,38,480108.48,2037238.9,-38.075
SM-18-P1,38,477502.42,2036933.38,-22.17
SM-18-P1,38,477502.42,2036933.38,-41.295
SM-18-P1,38,477502.42,2036933.38,-52.545
SM-09-B1,7,477265.19,2036624.23,-3.715
SM-09-B1,8.5,477265.19,2036624.23,-3.94
SM-35 P2,38,,,-15.075
SM-35 P2,38,,,-27.9
SM-35 P2,38,,,-38.475
SM-62 P2,38,,,-33.975
SM-62 P2,38,,,-37.35
SM-72-P2,38,479543.59,2036219.22,-17.035
SM-72-P2,38,479543.59,2036219.22,-22.435
SM-19-P1,38,477471.6,2036261.55,-25.395
SM-19-P1,38,477471.6,2036261.55,-79.395
SM-51-P1,38,477639.95,2037631.92,-22.575
SM-51-P1,38,477639.95,2037631.92,-23.7
SM-51-P1,38,477639.95,2037631.92,-25.725
SM-51-P1,38,477639.95,2037631.92,-57.675
SM-36-P2,38,478362.19,2036503.28,-32.905
SM-36-P2,38,478362.19,2036503.28,-37.405
SM-10-B2,38,480515.3,2036275.1,-30.155
SM-55-P2,38,479329.18,2037687.79,-37.39
SM-55-P2,38,479329.18,2037687.79,-38.515
SM-55-P2,38,479329.18,2037687.79,-39.415
SM-55-P2,38,479329.18,2037687.79,-44.365
SM-25-P2,38,479793.28,2037531.65,-20.975
SM-25-P2,38,479793.28,2037531.65,-23.225
SM-06-B1,38,478330.36,2036080.3,-19.005
SM-06-B1,38,478330.36,2036080.3,-19.23
SM-06-B1,38,478330.36,2036080.3,-19.455
SM-66-P1,38,477629.99,2036277.02,-27.015
SM-66-P1,38,477629.99,2036277.02,-28.365
SM-66-P1,38,477629.99,2036277.02,-33.315
SM-53-P2,38,478414.1,2037512.4,-21.065
SM-53-P2,38,478414.1,2037512.4,-38.615
SM-53-P2,38,478414.1,2037512.4,-53.465
SM-14-P2,38,479685.63,2037378.89,-31.485
SM-14-P2,38,479685.63,2037378.89,-36.885
SM-14-P2,38,479685.63,2037378.89,-46.335
SM-14-P2,38,479685.63,2037378.89,-52.635
SM-14-P2,38,479685.63,2037378.89,-53.31
SM-14-P2,38,479685.63,2037378.89,-54.885
SM-44-P1,38,477193.08,2038327.98,-6.625
SM-44-P1,38,477189.844,2038327.449,-6.675
SM-44-P1,38,477193.08,2038327.98,-12.475
SM-44-P1,38,477189.844,2038327.449,-12.525
SM-44-P1,38,477193.08,2038327.98,-14.725
SM-44-P1,38,477189.844,2038327.449,-14.775
SM-44-P1,38,477193.08,2038327.98,-14.95
SM-44-P1,38,477189.844,2038327.449,-15
SM-44-P1,38,477193.08,2038327.98,-15.175
SM-44-P1,38,477189.844,2038327.449,-15.225
SM-70-P3,38,481498.09,2036695.19,-5.805
SM-70-P3,38,481498.09,2036695.19,-15.93
SM-28 P2,38,,,-23.175
SM-28 P2,38,,,-24.075
SM-28 P2,38,,,-32.175
SM-28 P2,38,,,-42.075
SM-28 P2,38,,,-46.125
SM-28 P2,38,,,-46.35
SM-28 P2,38,,,-46.575
SM-07-B2,38,,,-22.725
SM-07-B2,38,,,-23.4
SM-07-B2,38,,,-27.675
SM-07-B2,38,,,-27.9
SM-07-B2,38,,,-28.125
SM-20-P1,38,477576.5,2038152.22,-8.19
SM-20-P1,38,477574.978,2038153.565,-8.26
SM-20-P1,38,477576.5,2038152.22,-21.465
SM-20-P1,38,477574.978,2038153.565,-21.535
SM-20-P1,38,477576.5,2038152.22,-25.065
SM-20-P1,38,477574.978,2038153.565,-25.135
SM-20-P1,38,477576.5,2038152.22,-25.29
SM-20-P1,38,477574.978,2038153.565,-25.36
SM-20-P1,38,477576.5,2038152.22,-25.515
SM-20-P1,38,477574.978,2038153.565,-25.585
SM-20-P1,38,477576.5,2038152.22,-26.19
SM-20-P1,38,477574.978,2038153.565,-26.26
SM-20-P1,38,477576.5,2038152.22,-28.215
SM-20-P1,38,477574.978,2038153.565,-28.285
SM-20-P1,38,477576.5,2038152.22,-32.49
SM-20-P1,38,477574.978,2038153.565,-32.56
SM-69-P2,38,478614.71,2036398.52,-24.265
SM-69-P2,38,478614.71,2036398.52,-28.315
SM-69-P2,38,478614.71,2036398.52,-32.365
SM-57-P1,38,477640.14,2037208.59,-17.775
SM-57-P1,38,477640.14,2037208.59,-20.475
SM-74-P3,38,480593.73,2036997.8,-37.085
SM-74-P3,38,480593.73,2036997.8,-37.985
SM-42-P1,38,477982.94,2038550.48,-28.12
SM-42-P1,38,477982.94,2038550.48,-32.845
SM-42-P1,38,477982.94,2038550.48,-33.745
SM-38-P2,38,479622.12,2036497.16,-29.06
SM-38-P2,38,479622.12,2036497.16,-43.01
SM-38-P2,38,479622.12,2036497.16,-43.46
SM-75-P1,38,477626.74,2037421.93,-22.435
SM-75-P1,38,477626.74,2037421.93,-37.735
SM-09-B2,38,480263.7,2036758.9,-21.005
SM-09-B2,38,480263.7,2036758.9,-24.605
SM-76-P3,38,481243.38,2036665.86,-31.765
SM-29-P2,38,479601.03,2037189.73,-38.955
SM-29-P2,38,479601.03,2037189.73,-41.205
SM-22-P2,38,478599.1,2037541.17,-27.74
SM-22-P2,38,478599.1,2037541.17,-37.415
SM-26-P2,37.5,478399.31,2037192.67,-58.29
SM-34-P2,37.5,479861.49,2036907.43,-28.49
SM-34-P2,37.5,479861.49,2036907.43,-46.49
SM-12-B1,37.5,477096.67,2038479.67,-13.92
SM-40-P1,37.5,477608.176,2038623.913,-11.68
SM-11-B1,37.5,477167.57,2037681.46,3.43
SM-41-P1,37.5,477763.79,2038599.78,-36.77
SM-32-P2,37.5,479000.45,2036846.64,-17.49
SM-32-P2,37.5,479000.45,2036846.64,-32.79
SM-73-P2,37.5,480177.03,2036206.51,-33.7
SM-39-P2,37.5,480204.54,2036551.45,-19.93
SM-39-P2,37.5,480204.54,2036551.45,-28.03
SM-06-B2,37.5,,,-18.45
SM-16-P2,37.5,478795.23,2036506.72,-18.38
SM-61-P1,37.5,478033.23,2036869.83,-31.51
SM-31-P2,37.5,478600.11,2036846.19,-19.47
SM-31-P2,37.5,478600.11,2036846.19,-26.67
SM-105-P2,37.5,,,-63.45
SM-105-P2,37.5,,,-116.1
SM-49-P1,37.5,477572.34,2038055.4,-41.33
SM-49-P1,37.5,477572.34,2038055.4,-42.23
SM-62 P2,37.5,,,-22.5
SM-36-P2,37.5,478362.19,2036503.28,-38.08
SM-10-B2,37.5,480515.3,2036275.1,-31.28
SM-55-P2,37.5,479329.18,2037687.79,-29.29
SM-55-P2,37.5,479329.18,2037687.79,-44.14
SM-55-P2,37.5,479329.18,2037687.79,-45.94
SM-52-P1,37.5,478098.81,2037573.26,-14.48
SM-52-P1,37.5,478098.81,2037573.26,-15.83
SM-53-P2,37.5,478414.1,2037512.4,-40.64
SM-14-P2,37.5,479685.63,2037378.89,-46.56
SM-14-P2,37.5,479685.63,2037378.89,-47.91
SM-14-P2,37.5,479685.63,2037378.89,-65.46
SM-44-P1,37.5,477193.08,2038327.98,-14.5
SM-44-P1,37.5,477189.844,2038327.449,-14.55
SM-44-P1,37.5,477193.08,2038327.98,-23.5
SM-44-P1,37.5,477189.844,2038327.449,-23.55
SM-20-P1,37.5,477576.5,2038152.22,-10.44
SM-20-P1,37.5,477574.978,2038153.565,-10.51
SM-20-P1,37.5,477576.5,2038152.22,-23.49
SM-20-P1,37.5,477574.978,2038153.565,-23.56
SM-20-P1,37.5,477576.5,2038152.22,-29.34
SM-20-P1,37.5,477574.978,2038153.565,-29.41
SM-69-P2,37.5,478614.71,2036398.52,-18.64
SM-57-P1,37.5,477640.14,2037208.59,-20.25
SM-42-P1,37.5,477982.94,2038550.48,-15.52
SM-63-P1,37.5,477393.97,2036611.25,-49.24
SM-75-P1,37.5,477626.74,2037421.93,-22.21
SM-09-B2,37.5,480263.7,2036758.9,-21.23
SM-76-P3,37.5,481243.38,2036665.86,-32.89
SM-21-P3,37,481503.78,2037018.87,-33.285
SM-21-P3,37,481503.78,2037018.87,-43.185
SM-21-P3,37,481503.78,2037018.87,-46.335
SM-21-P3,37,481503.78,2037018.87,-47.235
SM-21-P3,37,481503.78,2037018.87,-51.735
SM-21-P3,37,481503.78,2037018.87,-53.085
SM-21-P3,37,481503.78,2037018.87,-60.735
SM-21-P3,37,481503.78,2037018.87,-60.96
SM-21-P3,37,481503.78,2037018.87,-61.185
SM-21-P3,37,481503.78,2037018.87,-61.41
SM-21-P3,37,481503.78,2037018.87,-61.635
SM-21-P3,37,481503.78,2037018.87,-61.86
SM-21-P3,37,481503.78,2037018.87,-62.085
SM-26-P2,37,478399.31,2037192.67,-43.89
SM-26-P2,37,478399.31,2037192.67,-49.965
SM-34-P2,37,479861.49,2036907.43,-32.54
SM-34-P2,37,479861.49,2036907.43,-37.94
SM-34-P2,37,479861.49,2036907.43,-41.765
SM-12-B1,37,477096.67,2038479.67,-8.295
SM-12-B1,37,477096.67,2038479.67,-11.445
SM-12-B1,37,477096.67,2038479.67,-13.245
SM-12-B1,37,477096.67,2038479.67,-18.87
SM-12-B1,37,477096.67,2038479.67,-24.495
SM-43-P1,37,478112.67,2038510.48,2.895
SM-43-P1,37,478109.666,2038510.974,2.775
SM-40-P1,37,477608.176,2038623.913,-5.83
SM-40-P1,37,477608.176,2038623.913,-11.455
SM-40-P1,37,477608.176,2038623.913,-22.48
SM-03-B1,37,479599.92,2035977.75,-16.485
SM-11-B1,37,477167.57,2037681.46,-22.67
SM-11-B1,37,477167.57,2037681.46,-24.02
SM-41-P1,37,477763.79,2038599.78,-0.095
SM-41-P1,37,477763.79,2038599.78,-9.32
SM-41-P1,37,477763.79,2038599.78,-35.87
SM-41-P1,37,477763.79,2038599.78,-42.17
SM-41-P1,37,477763.79,2038599.78,-43.52
SM-32-P2,37,479000.45,2036846.64,-23.34
SM-32-P2,37,479000.45,2036846.64,-24.915
SM-32-P2,37,479000.45,2036846.64,-28.29
SM-32-P2,37,479000.45,2036846.64,-30.765
SM-32-P2,37,479000.45,2036846.64,-36.165
SM-65-P1,37,477374.93,2036265.02,1.585
SM-65-P1,37,477374.93,2036265.02,-15.74
SM-65-P1,37,477374.93,2036265.02,-35.765
SM-48-P1,37,477235.12,2038040.99,-2.315
SM-48-P1,37,477235.12,2038040.99,-6.14
SM-48-P1,37,477235.12,2038040.99,-27.965
SM-30-P2,37,480015.16,2037202.47,-26.015
SM-73-P2,37,480177.03,2036206.51,-33.925
SM-68 P2,37,,,-22.5
SM-68 P2,37,,,-22.95
SM-68 P2,37,,,-47.925
SM-39-P2,37,480204.54,2036551.45,-19.48
SM-39-P2,37,480204.54,2036551.45,-20.155
SM-39-P2,37,480204.54,2036551.45,-20.38
SM-39-P2,37,480204.54,2036551.45,-20.605
SM-39-P2,37,480204.54,2036551.45,-42.88
SM-39-P2,37,480204.54,2036551.45,-44.68
SM-06-B2,37,,,-24.075
SM-16-P2,37,478795.23,2036506.72,-17.705
SM-16-P2,37,478795.23,2036506.72,-26.03
SM-54-P2,37,478894.52,2037846.9,-28.68
SM-54-P2,37,478894.52,2037846.9,-31.155
SM-33-P2,37,479399.9,2036846.79,-22.41
SM-33-P2,37,479399.9,2036846.79,-28.935
SM-33-P2,37,479399.9,2036846.79,-32.76
SM-61-P1,37,478033.23,2036869.83,-29.035
SM-61-P1,37,478033.23,2036869.83,-32.635
SM-61-P1,37,478033.23,2036869.83,-33.31
SM-61-P1,37,478033.23,2036869.83,-40.735
SM-24-P2,37,479387.3,2037585.89,-19.925
SM-24-P2,37,479387.3,2037585.89,-21.725
SM-24-P2,37,479387.3,2037585.89,-23.075
SM-04-B2,37,478139.21,2037614.8,-14.845
SM-31-P2,37,478600.11,2036846.19,-9.345
SM-31-P2,37,478600.11,2036846.19,-18.345
SM-31-P2,37,478600.11,2036846.19,-29.595
SM-31-P2,37,478600.11,2036846.19,-31.845
SM-31-P2,37,478600.11,2036846.19,-34.32
SM-59-P1,37,477834.91,2037045.31,-36.33
SM-23-P2,37,478975.93,2037540.89,-33.645
SM-105-P2,37,,,-91.575
SM-105-P2,37,,,-94.5
SM-105-P2,37,,,-102.825
SM-49-P1,37,477572.34,2038055.4,-42.005
SM-04-B1,37,479321.627,2036184.495,-21.1495
SM-04-B1,37,479321.627,2036184.495,-22.9495
SM-45-P1,37,477444.49,2038334.58,-5.785
SM-45-P1,37,477444.49,2038334.58,-19.285
SM-45-P1,37,477444.49,2038334.58,-29.185
SM-45-P1,37,477444.49,2038334.58,-31.66
SM-17-P2,37,479997.31,2036524.08,-43.105
SM-17-P2,37,479997.31,2036524.08,-66.505
SM-18-P1,37,477502.42,2036933.38,-25.095
SM-18-P1,37,477502.42,2036933.38,-68.295
SM-67-P1,37,477857.4,2036377.24,-30.095
SM-67-P1,37,477857.4,2036377.24,-33.245
SM-05-B1,18.5,478828.2306,2036140.498,-7.418
SM-05-B1,19,478828.2306,2036140.498,-7.643
SM-05-B1,20,478828.2306,2036140.498,-7.868
SM-05-B1,21,478828.2306,2036140.498,-8.093
SM-05-B1,22,478828.2306,2036140.498,-8.318
SM-35 P2,37,,,-25.875
SM-35 P2,37,,,-32.175
SM-35 P2,37,,,-32.85
SM-35 P2,37,,,-54
SM-62 P2,37,,,-43.65
SM-72-P2,37,479543.59,2036219.22,0.29
SM-72-P2,37,479543.59,2036219.22,-7.135
SM-02-B1,37,479959.6533,2036162.012,-23.431
SM-19-P1,37,477471.6,2036261.55,-21.345
SM-51-P1,37,477639.95,2037631.92,-15.6
SM-36-P2,37,478362.19,2036503.28,-16.48
SM-36-P2,37,478362.19,2036503.28,-22.33
SM-36-P2,37,478362.19,2036503.28,-32.005
SM-36-P2,37,478362.19,2036503.28,-32.68
SM-10-B2,37,480515.3,2036275.1,-17.105
SM-10-B2,37,480515.3,2036275.1,-22.505
SM-10-B2,37,480515.3,2036275.1,-23.855
SM-10-B2,37,480515.3,2036275.1,-30.83
SM-10-B2,37,480515.3,2036275.1,-35.105
SM-10-B2,37,480515.3,2036275.1,-36.455
SM-10-B2,37,480515.3,2036275.1,-39.605
SM-55-P2,37,479329.18,2037687.79,-29.74
SM-55-P2,37,479329.18,2037687.79,-43.915
SM-55-P2,37,479329.18,2037687.79,-45.265
SM-55-P2,37,479329.18,2037687.79,-46.615
SM-25-P2,37,479793.28,2037531.65,-21.875
SM-25-P2,37,479793.28,2037531.65,-39.875
SM-06-B1,37,478330.36,2036080.3,-21.705
SM-66-P1,37,477629.99,2036277.02,-25.665
SM-66-P1,37,477629.99,2036277.02,-36.24
SM-52-P1,37,478098.81,2037573.26,-33.155
SM-52-P1,37,478098.81,2037573.26,-45.905
SM-10-B1,37,477226.3,2037121.54,-10.7
SM-10-B1,37,477226.3,2037121.54,-16.325
SM-53-P2,37,478414.1,2037512.4,-24.89
SM-14-P2,37,479685.63,2037378.89,-46.785
SM-14-P2,37,479685.63,2037378.89,-51.735
SM-37-P2,37,479213.08,2036499.92,-36.085
SM-44-P1,37,477193.08,2038327.98,-5.275
SM-44-P1,37,477189.844,2038327.449,-5.325
SM-44-P1,37,477193.08,2038327.98,-14.275
SM-44-P1,37,477189.844,2038327.449,-14.325
SM-44-P1,37,477193.08,2038327.98,-24.175
SM-44-P1,37,477189.844,2038327.449,-24.225
SM-70-P3,37,481498.09,2036695.19,-15.705
SM-47-P1,37,478006.01,2038293.04,-0.77
SM-47-P1,37,478006.01,2038293.04,-20.345
SM-28 P2,37,,,-20.7
SM-28 P2,37,,,-32.85
SM-01-B1,37,480286.37,2036030.34,-7.005
SM-01-B1,37,480286.37,2036030.34,-13.305
SM-20-P1,37,477576.5,2038152.22,-51.615
SM-20-P1,37,477574.978,2038153.565,-51.685
SM-69-P2,37,478614.71,2036398.52,-20.215
SM-69-P2,37,478614.71,2036398.52,-26.515
SM-69-P2,37,478614.71,2036398.52,-26.74
SM-69-P2,37,478614.71,2036398.52,-26.965
SM-57-P1,37,477640.14,2037208.59,-20.025
SM-74-P3,37,480593.73,2036997.8,-36.86
SM-74-P3,37,480593.73,2036997.8,-37.31
SM-74-P3,37,480593.73,2036997.8,-37.76
SM-74-P3,37,480593.73,2036997.8,-38.885
SM-42-P1,37,477982.94,2038550.48,-29.245
SM-42-P1,37,477982.94,2038550.48,-31.045
SM-42-P1,37,477982.94,2038550.48,-32.17
SM-42-P1,37,477982.94,2038550.48,-41.845
SM-38-P2,37,479622.12,2036497.16,-27.935
SM-38-P2,37,479622.12,2036497.16,-28.835
SM-38-P2,37,479622.12,2036497.16,-50.885
SM-38-P2,37,479622.12,2036497.16,-51.785
SM-63-P1,37,477393.97,2036611.25,-14.59
SM-63-P1,37,477393.97,2036611.25,-21.115
SM-63-P1,37,477393.97,2036611.25,-21.34
SM-63-P1,37,477393.97,2036611.25,-21.565
SM-75-P1,37,477626.74,2037421.93,-21.985
SM-75-P1,37,477626.74,2037421.93,-37.06
SM-09-B2,37,480263.7,2036758.9,-21.455
SM-09-B2,37,480263.7,2036758.9,-22.805
SM-09-B2,37,480263.7,2036758.9,-28.655
SM-76-P3,37,481243.38,2036665.86,4.235
SM-76-P3,37,481243.38,2036665.86,3.335
SM-76-P3,37,481243.38,2036665.86,-30.64
SM-29-P2,37,479601.03,2037189.73,-27.48
SM-29-P2,37,479601.03,2037189.73,-33.105
SM-21-P3,36.5,481503.78,2037018.87,-42.96
SM-21-P3,36.5,481503.78,2037018.87,-51.96
SM-21-P3,36.5,481503.78,2037018.87,-58.26
SM-26-P2,36.5,478399.31,2037192.67,-56.94
SM-34-P2,36.5,479861.49,2036907.43,-28.04
SM-03-B1,36.5,479599.92,2035977.75,-15.36
SM-41-P1,36.5,477763.79,2038599.78,-0.32
SM-41-P1,36.5,477763.79,2038599.78,-6.17
SM-41-P1,36.5,477763.79,2038599.78,-23.72
SM-41-P1,36.5,477763.79,2038599.78,-34.52
SM-41-P1,36.5,477763.79,2038599.78,-43.07
SM-65-P1,36.5,477374.93,2036265.02,-23.39
SM-39-P2,36.5,480204.54,2036551.45,-44.23
SM-54-P2,36.5,478894.52,2037846.9,-37.23
SM-54-P2,36.5,478894.52,2037846.9,-37.68
SM-33-P2,36.5,479399.9,2036846.79,-28.71
SM-23-P2,36.5,478975.93,2037540.89,-27.12
SM-23-P2,36.5,478975.93,2037540.89,-34.32
SM-23-P2,36.5,478975.93,2037540.89,-34.77
SM-105-P2,36.5,,,-54.45
SM-105-P2,36.5,,,-70.2
SM-105-P2,36.5,,,-91.8
SM-04-B1,36.5,479321.627,2036184.495,-16.4245
SM-45-P1,36.5,477444.49,2038334.58,-10.06
SM-45-P1,36.5,477444.49,2038334.58,-27.61
SM-45-P1,36.5,477444.49,2038334.58,-28.51
SM-45-P1,36.5,477444.49,2038334.58,-30.76
SM-45-P1,36.5,477444.49,2038334.58,-31.21
SM-17-P2,36.5,479997.31,2036524.08,-70.78
SM-08-B2,36.5,480108.48,2037238.9,-29.75
SM-18-P1,36.5,477502.42,2036933.38,-20.37
SM-18-P1,36.5,477502.42,2036933.38,-41.07
SM-72-P2,36.5,479543.59,2036219.22,-15.01
SM-72-P2,36.5,479543.59,2036219.22,-21.76
SM-02-B1,36.5,479959.6533,2036162.012,-28.606
SM-19-P1,36.5,477471.6,2036261.55,-19.32
SM-19-P1,36.5,477471.6,2036261.55,-51.27
SM-51-P1,36.5,477639.95,2037631.92,-55.2
SM-36-P2,36.5,478362.19,2036503.28,-32.23
SM-36-P2,36.5,478362.19,2036503.28,-37.63
SM-10-B2,36.5,480515.3,2036275.1,-32.63
SM-55-P2,36.5,479329.18,2037687.79,-17.14
SM-52-P1,36.5,478098.81,2037573.26,-17.18
SM-14-P2,36.5,479685.63,2037378.89,-31.26
SM-14-P2,36.5,479685.63,2037378.89,-52.86
SM-14-P2,36.5,479685.63,2037378.89,-65.01
SM-37-P2,36.5,479213.08,2036499.92,-17.41
SM-37-P2,36.5,479213.08,2036499.92,-40.36
SM-37-P2,36.5,479213.08,2036499.92,-40.81
SM-44-P1,36.5,477193.08,2038327.98,-6.4
SM-44-P1,36.5,477189.844,2038327.449,-6.45
SM-44-P1,36.5,477193.08,2038327.98,-9.1
SM-44-P1,36.5,477189.844,2038327.449,-9.15
SM-70-P3,36.5,481498.09,2036695.19,-15.48
SM-69-P2,36.5,478614.71,2036398.52,-30.34
SM-69-P2,36.5,478614.71,2036398.52,-49.69
SM-69-P2,36.5,478614.71,2036398.52,-50.14
SM-74-P3,36.5,480593.73,2036997.8,-34.61
SM-42-P1,36.5,477982.94,2038550.48,-32.62
SM-75-P1,36.5,477626.74,2037421.93,-44.26
SM-09-B2,36.5,480263.7,2036758.9,-28.43
SM-76-P3,36.5,481243.38,2036665.86,-31.09
SM-29-P2,36.5,479601.03,2037189.73,-35.58
SM-22-P2,36.5,478599.1,2037541.17,-39.44
SM-22-P2,36.5,478599.1,2037541.17,-39.89
SM-22-P2,36.5,478599.1,2037541.17,-45.74
SM-21-P3,36,481503.78,2037018.87,-42.735
SM-21-P3,36,481503.78,2037018.87,-44.085
SM-21-P3,36,481503.78,2037018.87,-52.185
SM-26-P2,36,478399.31,2037192.67,-31.065
SM-26-P2,36,478399.31,2037192.67,-40.965
SM-26-P2,36,478399.31,2037192.67,-44.115
SM-26-P2,36,478399.31,2037192.67,-56.265
SM-26-P2,36,478399.31,2037192.67,-58.515
SM-26-P2,36,478399.31,2037192.67,-61.665
SM-34-P2,36,479861.49,2036907.43,-30.515
SM-34-P2,36,479861.49,2036907.43,-32.765
SM-12-B1,36,477096.67,2038479.67,-19.32
SM-12-B1,36,477096.67,2038479.67,-29.895
SM-43-P1,36,478112.67,2038510.48,0.87
SM-43-P1,36,478109.666,2038510.974,0.75
SM-43-P1,36,478112.67,2038510.48,0.195
SM-43-P1,36,478109.666,2038510.974,0.075
SM-40-P1,36,477608.176,2038623.913,0.245
SM-40-P1,36,477608.176,2038623.913,-0.655
SM-40-P1,36,477608.176,2038623.913,-4.705
SM-40-P1,36,477608.176,2038623.913,-4.93
SM-40-P1,36,477608.176,2038623.913,-5.155
SM-40-P1,36,477608.176,2038623.913,-31.48
SM-11-B1,36,477167.57,2037681.46,0.055
SM-11-B1,36,477167.57,2037681.46,-23.795
SM-11-B1,36,477167.57,2037681.46,-30.545
SM-41-P1,36,477763.79,2038599.78,0.805
SM-41-P1,36,477763.79,2038599.78,-0.545
SM-41-P1,36,477763.79,2038599.78,-3.02
SM-41-P1,36,477763.79,2038599.78,-3.47
SM-41-P1,36,477763.79,2038599.78,-3.92
SM-41-P1,36,477763.79,2038599.78,-8.195
SM-41-P1,36,477763.79,2038599.78,-31.37
SM-32-P2,36,479000.45,2036846.64,-16.365
SM-32-P2,36,479000.45,2036846.64,-22.89
SM-32-P2,36,479000.45,2036846.64,-23.565
SM-32-P2,36,479000.45,2036846.64,-29.865
SM-32-P2,36,479000.45,2036846.64,-33.69
SM-32-P2,36,479000.45,2036846.64,-34.365
SM-32-P2,36,479000.45,2036846.64,-39.99
SM-65-P1,36,477374.93,2036265.02,-20.915
SM-65-P1,36,477374.93,2036265.02,-33.065
SM-48-P1,36,477235.12,2038040.99,1.735
SM-48-P1,36,477235.12,2038040.99,-3.215
SM-48-P1,36,477235.12,2038040.99,-5.915
SM-48-P1,36,477235.12,2038040.99,-9.065
SM-48-P1,36,477235.12,2038040.99,-18.29
SM-30-P2,36,480015.16,2037202.47,-26.69
SM-73-P2,36,480177.03,2036206.51,-33.25
SM-68 P2,36,,,-26.775
SM-58-P1,36,478010.84,2037201.06,-18.225
SM-58-P1,36,478010.84,2037201.06,-34.425
SM-39-P2,36,480204.54,2036551.45,-19.255
SM-39-P2,36,480204.54,2036551.45,-21.28
SM-06-B2,36,,,-23.175
SM-16-P2,36,478795.23,2036506.72,-21.305
SM-33-P2,36,479399.9,2036846.79,-28.485
SM-33-P2,36,479399.9,2036846.79,-32.985
SM-61-P1,36,478033.23,2036869.83,-21.835
SM-61-P1,36,478033.23,2036869.83,-26.785
SM-61-P1,36,478033.23,2036869.83,-36.91
SM-05-B2,36,478555.9,2037889.6,-23.92
SM-24-P2,36,479387.3,2037585.89,-23.975
SM-24-P2,36,479387.3,2037585.89,-29.15
SM-04-B2,36,478139.21,2037614.8,-16.645
SM-50-P1,36,477300,2037635,-28.09
SM-50-P1,36,477300,2037635,-31.015
SM-31-P2,36,478600.11,2036846.19,-4.17
SM-31-P2,36,478600.11,2036846.19,-17.22
SM-31-P2,36,478600.11,2036846.19,-19.245
SM-31-P2,36,478600.11,2036846.19,-32.97
SM-31-P2,36,478600.11,2036846.19,-36.12
SM-31-P2,36,478600.11,2036846.19,-42.87
SM-27-P2,36,478831.45,2037198.64,-34.675
SM-59-P1,36,477834.91,2037045.31,-36.105
SM-23-P2,36,478975.93,2037540.89,-23.295
SM-23-P2,36,478975.93,2037540.89,-23.97
SM-23-P2,36,478975.93,2037540.89,-41.745
SM-23-P2,36,478975.93,2037540.89,-43.435
SM-23-P2,36,478975.93,2037540.89,-43.55
SM-23-P2,36,478975.93,2037540.89,-43.66
SM-105-P2,36,,,-43.2
SM-105-P2,36,,,-92.025
SM-105-P2,36,,,-95.85
SM-105-P2,36,,,-104.625
SM-105-P2,36,,,-107.775
SM-49-P1,36,477572.34,2038055.4,-40.655
SM-04-B1,36,479321.627,2036184.495,-19.7995
SM-45-P1,36,477444.49,2038334.58,-1.51
SM-45-P1,36,477444.49,2038334.58,-3.985
SM-45-P1,36,477444.49,2038334.58,-39.085
SM-17-P2,36,479997.31,2036524.08,-34.78
SM-17-P2,36,479997.31,2036524.08,-45.13
SM-17-P2,36,479997.31,2036524.08,-50.305
SM-17-P2,36,479997.31,2036524.08,-62.905
SM-17-P2,36,479997.31,2036524.08,-63.58
SM-08-B2,36,480108.48,2037238.9,-27.95
SM-60-P1,36,477583.84,2036816.3,2.87
SM-18-P1,36,477502.42,2036933.38,-17.895
SM-18-P1,36,477502.42,2036933.38,-23.745
SM-18-P1,36,477502.42,2036933.38,-53.895
SM-67-P1,36,477857.4,2036377.24,-39.77
SM-67-P1,36,477857.4,2036377.24,-40.22
SM-67-P1,36,477857.4,2036377.24,-40.895
SM-67-P1,36,477857.4,2036377.24,-42.92
SM-67-P1,36,477857.4,2036377.24,-44.495
SM-05-B1,23,478828.2306,2036140.498,-8.543
SM-05-B1,16.5,478828.2306,2036140.498,-8.768
SM-05-B1,10,478828.2306,2036140.498,-8.993
SM-35 P2,36,,,-20.25
SM-35 P2,36,,,-28.35
SM-62 P2,36,,,-32.625
SM-62 P2,36,,,-35.325
SM-62 P2,36,,,-37.125
SM-72-P2,36,479543.59,2036219.22,-6.235
SM-72-P2,36,479543.59,2036219.22,-12.985
SM-72-P2,36,479543.59,2036219.22,-16.81
SM-02-B1,36,479959.6533,2036162.012,-21.631
SM-19-P1,36,477471.6,2036261.55,-40.245
SM-51-P1,36,477639.95,2037631.92,-23.475
SM-51-P1,36,477639.95,2037631.92,-24.15
SM-51-P1,36,477639.95,2037631.92,-32.475
SM-36-P2,36,478362.19,2036503.28,-32.455
SM-10-B2,36,480515.3,2036275.1,-21.155
SM-07-B1,36,477905.7673,2036203.22,-6.7914
SM-55-P2,36,479329.18,2037687.79,-26.59
SM-55-P2,36,479329.18,2037687.79,-37.165
SM-25-P2,36,479793.28,2037531.65,-20.075
SM-25-P2,36,479793.28,2037531.65,-32.675
SM-06-B1,36,478330.36,2036080.3,-20.355
SM-06-B1,36,478330.36,2036080.3,-21.48
SM-66-P1,36,477629.99,2036277.02,-22.965
SM-66-P1,36,477629.99,2036277.02,-25.89
SM-52-P1,36,478098.81,2037573.26,-12.905
SM-52-P1,36,478098.81,2037573.26,-16.055
SM-10-B1,36,477226.3,2037121.54,-10.025
SM-10-B1,36,477226.3,2037121.54,-16.1
SM-10-B1,36,477226.3,2037121.54,-19.025
SM-53-P2,36,478414.1,2037512.4,-37.715
SM-53-P2,36,478414.1,2037512.4,-43.34
SM-53-P2,36,478414.1,2037512.4,-46.715
SM-53-P2,36,478414.1,2037512.4,-50.765
SM-14-P2,36,479685.63,2037378.89,-37.56
SM-14-P2,36,479685.63,2037378.89,-47.685
SM-14-P2,36,479685.63,2037378.89,-63.435
SM-37-P2,36,479213.08,2036499.92,-28.885
SM-37-P2,36,479213.08,2036499.92,-31.135
SM-44-P1,36,477193.08,2038327.98,-3.925
SM-44-P1,36,477189.844,2038327.449,-3.975
SM-44-P1,36,477193.08,2038327.98,-25.525
SM-44-P1,36,477189.844,2038327.449,-25.575
SM-44-P1,36,477193.08,2038327.98,-26.65
SM-44-P1,36,477189.844,2038327.449,-26.7
SM-70-P3,36,481498.09,2036695.19,-4.005
SM-70-P3,36,481498.09,2036695.19,-15.255
SM-28 P2,36,,,-30.825
SM-07-B2,36,,,-27.45
SM-20-P1,36,477576.5,2038152.22,3.285
SM-20-P1,36,477574.978,2038153.565,3.215
SM-20-P1,36,477576.5,2038152.22,-7.965
SM-20-P1,36,477574.978,2038153.565,-8.035
SM-20-P1,36,477576.5,2038152.22,-14.04
SM-20-P1,36,477574.978,2038153.565,-14.11
SM-69-P2,36,478614.71,2036398.52,-28.99
SM-69-P2,36,478614.71,2036398.52,-39.79
SM-74-P3,36,480593.73,2036997.8,-36.635
SM-74-P3,36,480593.73,2036997.8,-37.535
SM-42-P1,36,477982.94,2038550.48,-23.845
SM-42-P1,36,477982.94,2038550.48,-49.045
SM-38-P2,36,479622.12,2036497.16,-27.71
SM-09-B2,36,480263.7,2036758.9,-26.63
SM-09-B2,36,480263.7,2036758.9,-28.205
SM-09-B2,36,480263.7,2036758.9,-31.355
SM-76-P3,36,481243.38,2036665.86,-33.115
SM-22-P2,36,478599.1,2037541.17,-21.665
SM-22-P2,36,478599.1,2037541.17,-26.615
SM-22-P2,36,478599.1,2037541.17,-27.515
SM-22-P2,36,478599.1,2037541.17,-44.84
SM-21-P3,35.5,481503.78,2037018.87,-52.86
SM-26-P2,35.5,478399.31,2037192.67,-38.94
SM-26-P2,35.5,478399.31,2037192.67,-61.44
SM-43-P1,35.5,478112.67,2038510.48,-2.28
SM-43-P1,35.5,478109.666,2038510.974,-2.4
SM-41-P1,35.5,477763.79,2038599.78,-5.27
SM-30-P2,35.5,480015.16,2037202.47,-20.84
SM-30-P2,35.5,480015.16,2037202.47,-24.44
SM-73-P2,35.5,480177.03,2036206.51,-26.05
SM-58-P1,35.5,478010.84,2037201.06,-18.45
SM-39-P2,35.5,480204.54,2036551.45,-20.83
SM-39-P2,35.5,480204.54,2036551.45,-26.68
SM-39-P2,35.5,480204.54,2036551.45,-29.38
SM-39-P2,35.5,480204.54,2036551.45,-31.18
SM-33-P2,35.5,479399.9,2036846.79,-22.86
SM-33-P2,35.5,479399.9,2036846.79,-26.01
SM-61-P1,35.5,478033.23,2036869.83,-26.56
SM-61-P1,35.5,478033.23,2036869.83,-40.51
SM-31-P2,35.5,478600.11,2036846.19,-16.77
SM-31-P2,35.5,478600.11,2036846.19,-33.42
SM-105-P2,35.5,,,-36
SM-105-P2,35.5,,,-37.8
SM-105-P2,35.5,,,-42.3
SM-105-P2,35.5,,,-48.6
SM-105-P2,35.5,,,-56.7
SM-49-P1,35.5,477572.34,2038055.4,-41.78
SM-45-P1,35.5,477444.49,2038334.58,-2.86
SM-45-P1,35.5,477444.49,2038334.58,-3.31
SM-45-P1,35.5,477444.49,2038334.58,-15.46
SM-45-P1,35.5,477444.49,2038334.58,-38.86
SM-17-P2,35.5,479997.31,2036524.08,-33.88
SM-17-P2,35.5,479997.31,2036524.08,-69.88
SM-17-P2,35.5,479997.31,2036524.08,-72.58
SM-08-B2,35.5,480108.48,2037238.9,-37.4
SM-18-P1,35.5,477502.42,2036933.38,-41.52
SM-18-P1,35.5,477502.42,2036933.38,-53.67
SM-09-B1,10,477265.19,2036624.23,-4.165
SM-05-B1,5,478828.2306,2036140.498,-9.218
SM-35 P2,35.5,,,-26.55
SM-62 P2,35.5,,,-31.5
SM-62 P2,35.5,,,-36.9
SM-02-B1,35.5,479959.6533,2036162.012,-27.256
SM-19-P1,35.5,477471.6,2036261.55,-21.57
SM-51-P1,35.5,477639.95,2037631.92,-32.7
SM-51-P1,35.5,477639.95,2037631.92,-33.6
SM-10-B2,35.5,480515.3,2036275.1,-16.88
SM-10-B2,35.5,480515.3,2036275.1,-33.98
SM-55-P2,35.5,479329.18,2037687.79,-46.39
SM-06-B1,35.5,478330.36,2036080.3,-20.58
SM-06-B1,35.5,478330.36,2036080.3,-21.93
SM-66-P1,35.5,477629.99,2036277.02,-33.99
SM-52-P1,35.5,478098.81,2037573.26,-20.33
SM-53-P2,35.5,478414.1,2037512.4,-21.29
SM-53-P2,35.5,478414.1,2037512.4,-40.19
SM-53-P2,35.5,478414.1,2037512.4,-41.54
SM-14-P2,35.5,479685.63,2037378.89,-51.51
SM-37-P2,35.5,479213.08,2036499.92,-25.06
SM-44-P1,35.5,477193.08,2038327.98,-6.85
SM-44-P1,35.5,477189.844,2038327.449,-6.9
SM-44-P1,35.5,477193.08,2038327.98,-24.4
SM-44-P1,35.5,477189.844,2038327.449,-24.45
SM-44-P1,35.5,477193.08,2038327.98,-25.3
SM-44-P1,35.5,477189.844,2038327.449,-25.35
SM-47-P1,35.5,478006.01,2038293.04,6.88
SM-47-P1,35.5,478006.01,2038293.04,-0.32
SM-47-P1,35.5,478006.01,2038293.04,-20.12
SM-28 P2,35.5,,,-24.75
SM-28 P2,35.5,,,-27.9
SM-28 P2,35.5,,,-32.4
SM-69-P2,35.5,478614.71,2036398.52,-19.99
SM-69-P2,35.5,478614.71,2036398.52,-32.14
SM-57-P1,35.5,477640.14,2037208.59,-39.6
SM-29-P2,35.5,479601.03,2037189.73,-39.18
SM-21-P3,35,481503.78,2037018.87,-33.51
SM-21-P3,35,481503.78,2037018.87,-35.085
SM-21-P3,35,481503.78,2037018.87,-42.06
SM-21-P3,35,481503.78,2037018.87,-50.835
SM-21-P3,35,481503.78,2037018.87,-52.41
SM-21-P3,35,481503.78,2037018.87,-60.51
SM-21-P3,35,481503.78,2037018.87,-66.81
SM-26-P2,35,478399.31,2037192.67,-31.29
SM-26-P2,35,478399.31,2037192.67,-35.565
SM-26-P2,35,478399.31,2037192.67,-45.465
SM-26-P2,35,478399.31,2037192.67,-49.065
SM-26-P2,35,478399.31,2037192.67,-51.315
SM-26-P2,35,478399.31,2037192.67,-53.34
SM-26-P2,35,478399.31,2037192.67,-56.49
SM-26-P2,35,478399.31,2037192.67,-59.865
SM-26-P2,35,478399.31,2037192.67,-61.215
SM-34-P2,35,479861.49,2036907.43,-28.715
SM-34-P2,35,479861.49,2036907.43,-38.84
SM-43-P1,35,478112.67,2038510.48,-2.73
SM-43-P1,35,478109.666,2038510.974,-2.85
SM-40-P1,35,477608.176,2038623.913,0.02
SM-40-P1,35,477608.176,2038623.913,-0.43
SM-40-P1,35,477608.176,2038623.913,-12.805
SM-40-P1,35,477608.176,2038623.913,-48.805
SM-11-B1,35,477167.57,2037681.46,-26.945
SM-41-P1,35,477763.79,2038599.78,-9.095
SM-41-P1,35,477763.79,2038599.78,-32.27
SM-32-P2,35,479000.45,2036846.64,-16.14
SM-32-P2,35,479000.45,2036846.64,-18.615
SM-32-P2,35,479000.45,2036846.64,-30.54
SM-32-P2,35,479000.45,2036846.64,-34.14
SM-32-P2,35,479000.45,2036846.64,-35.265
SM-32-P2,35,479000.45,2036846.64,-35.94
SM-65-P1,35,477374.93,2036265.02,-20.015
SM-65-P1,35,477374.93,2036265.02,-33.965
SM-65-P1,35,477374.93,2036265.02,-34.19
SM-65-P1,35,477374.93,2036265.02,-34.415
SM-48-P1,35,477235.12,2038040.99,-20.765
SM-48-P1,35,477235.12,2038040.99,-22.79
SM-48-P1,35,477235.12,2038040.99,-28.19
SM-48-P1,35,477235.12,2038040.99,-34.265
SM-30-P2,35,480015.16,2037202.47,-23.54
SM-30-P2,35,480015.16,2037202.47,-25.79
SM-73-P2,35,480177.03,2036206.51,-17.725
SM-73-P2,35,480177.03,2036206.51,-22.45
SM-73-P2,35,480177.03,2036206.51,-27.625
SM-68 P2,35,,,-28.125
SM-68 P2,35,,,-34.2
SM-58-P1,35,478010.84,2037201.06,-18.675
SM-58-P1,35,478010.84,2037201.06,-47.925
SM-39-P2,35,480204.54,2036551.45,-22.405
SM-39-P2,35,480204.54,2036551.45,-28.705
SM-39-P2,35,480204.54,2036551.45,-42.655
SM-39-P2,35,480204.54,2036551.45,-48.955
SM-16-P2,35,478795.23,2036506.72,-40.205
SM-54-P2,35,478894.52,2037846.9,-39.48
SM-33-P2,35,479399.9,2036846.79,-13.185
SM-33-P2,35,479399.9,2036846.79,-19.035
SM-33-P2,35,479399.9,2036846.79,-21.96
SM-33-P2,35,479399.9,2036846.79,-24.435
SM-33-P2,35,479399.9,2036846.79,-24.66
SM-33-P2,35,479399.9,2036846.79,-24.885
SM-33-P2,35,479399.9,2036846.79,-35.685
SM-33-P2,35,479399.9,2036846.79,-39.285
SM-61-P1,35,478033.23,2036869.83,-24.085
SM-61-P1,35,478033.23,2036869.83,-24.985
SM-61-P1,35,478033.23,2036869.83,-26.335
SM-61-P1,35,478033.23,2036869.83,-35.11
SM-61-P1,35,478033.23,2036869.83,-38.935
SM-61-P1,35,478033.23,2036869.83,-42.535
SM-24-P2,35,479387.3,2037585.89,-15.65
SM-04-B2,35,478139.21,2037614.8,-17.995
SM-31-P2,35,478600.11,2036846.19,-18.57
SM-31-P2,35,478600.11,2036846.19,-23.07
SM-31-P2,35,478600.11,2036846.19,-30.27
SM-31-P2,35,478600.11,2036846.19,-32.52
SM-27-P2,35,478831.45,2037198.64,-20.725
SM-27-P2,35,478831.45,2037198.64,-28.15
SM-27-P2,35,478831.45,2037198.64,-28.6
SM-59-P1,35,477834.91,2037045.31,2.145
SM-59-P1,35,477834.91,2037045.31,-8.205
SM-59-P1,35,477834.91,2037045.31,-22.155
SM-23-P2,35,478975.93,2037540.89,-20.595
SM-105-P2,35,,,-29.475
SM-105-P2,35,,,-33.975
SM-105-P2,35,,,-40.95
SM-105-P2,35,,,-63.225
SM-105-P2,35,,,-80.55
SM-105-P2,35,,,-110.7
SM-105-P2,35,,,-119.25
SM-105-P2,35,,,-119.7
SM-04-B1,35,479321.627,2036184.495,-16.8745
SM-45-P1,35,477444.49,2038334.58,-0.61
SM-45-P1,35,477444.49,2038334.58,-1.06
SM-45-P1,35,477444.49,2038334.58,-2.185
SM-45-P1,35,477444.49,2038334.58,-38.635
SM-08-B2,35,480108.48,2037238.9,-26.825
SM-08-B2,35,480108.48,2037238.9,-33.35
SM-18-P1,35,477502.42,2036933.38,-27.795
SM-18-P1,35,477502.42,2036933.38,-40.845
SM-18-P1,35,477502.42,2036933.38,-42.645
SM-18-P1,35,477502.42,2036933.38,-53.445
SM-18-P1,35,477502.42,2036933.38,-68.07
SM-67-P1,35,477857.4,2036377.24,3.205
SM-67-P1,35,477857.4,2036377.24,-35.495
SM-67-P1,35,477857.4,2036377.24,-36.395
SM-05-B1,0,478828.2306,2036140.498,-9.443
SM-05-B1,0,478828.2306,2036140.498,-9.668
SM-35 P2,35,,,-25.65
SM-35 P2,35,,,-28.8
SM-35 P2,35,,,-30.825
SM-35 P2,35,,,-36.9
SM-62 P2,35,,,-23.85
SM-62 P2,35,,,-36.675
SM-62 P2,35,,,-43.425
SM-72-P2,35,479543.59,2036219.22,-6.01
SM-02-B1,35,479959.6533,2036162.012,0.644
SM-02-B1,35,479959.6533,2036162.012,-17.581
SM-02-B1,35,479959.6533,2036162.012,-18.931
SM-02-B1,35,479959.6533,2036162.012,-31.081
SM-19-P1,35,477471.6,2036261.55,3.405
SM-51-P1,35,477639.95,2037631.92,-21.9
SM-51-P1,35,477639.95,2037631.92,-26.625
SM-51-P1,35,477639.95,2037631.92,-32.925
SM-36-P2,35,478362.19,2036503.28,1.745
SM-36-P2,35,478362.19,2036503.28,-37.855
SM-10-B2,35,480515.3,2036275.1,-18.455
SM-10-B2,35,480515.3,2036275.1,-18.68
SM-10-B2,35,480515.3,2036275.1,-18.905
SM-10-B2,35,480515.3,2036275.1,-23.18
SM-07-B1,35,477905.7673,2036203.22,-21.8664
SM-55-P2,35,479329.18,2037687.79,-16.465
SM-06-B1,35,478330.36,2036080.3,-20.805
SM-06-B1,35,478330.36,2036080.3,-21.03
SM-06-B1,35,478330.36,2036080.3,-21.255
SM-66-P1,35,477629.99,2036277.02,-19.815
SM-66-P1,35,477629.99,2036277.02,-24.09
SM-66-P1,35,477629.99,2036277.02,-26.115
SM-52-P1,35,478098.81,2037573.26,-30.905
SM-52-P1,35,478098.81,2037573.26,-32.93
SM-10-B1,35,477226.3,2037121.54,-15.875
SM-10-B1,35,477226.3,2037121.54,-17.225
SM-53-P2,35,478414.1,2037512.4,-29.165
SM-53-P2,35,478414.1,2037512.4,-30.065
SM-53-P2,35,478414.1,2037512.4,-40.865
SM-53-P2,35,478414.1,2037512.4,-46.49
SM-14-P2,35,479685.63,2037378.89,-31.035
SM-14-P2,35,479685.63,2037378.89,-32.385
SM-14-P2,35,479685.63,2037378.89,-53.085
SM-14-P2,35,479685.63,2037378.89,-61.635
SM-14-P2,35,479685.63,2037378.89,-63.21
SM-14-P2,35,479685.63,2037378.89,-65.685
SM-37-P2,35,479213.08,2036499.92,-19.435
SM-44-P1,35,477193.08,2038327.98,-6.175
SM-44-P1,35,477189.844,2038327.449,-6.225
SM-44-P1,35,477193.08,2038327.98,-23.95
SM-44-P1,35,477189.844,2038327.449,-24
SM-44-P1,35,477193.08,2038327.98,-25.075
SM-44-P1,35,477189.844,2038327.449,-25.125
SM-47-P1,35,478006.01,2038293.04,-0.995
SM-28 P2,35,,,-20.475
SM-07-B2,35,,,-28.35
SM-20-P1,35,477576.5,2038152.22,-29.115
SM-20-P1,35,477574.978,2038153.565,-29.185
SM-69-P2,35,478614.71,2036398.52,-19.09
SM-69-P2,35,478614.71,2036398.52,-33.265
SM-69-P2,35,478614.71,2036398.52,-39.34
SM-74-P3,35,480593.73,2036997.8,-32.585
SM-74-P3,35,480593.73,2036997.8,-45.86
SM-42-P1,35,477982.94,2038550.48,-32.395
SM-38-P2,35,479622.12,2036497.16,-27.485
SM-38-P2,35,479622.12,2036497.16,-29.51
SM-38-P2,35,479622.12,2036497.16,-43.235
SM-09-B2,35,480263.7,2036758.9,-16.73
SM-09-B2,35,480263.7,2036758.9,-19.88
SM-09-B2,35,480263.7,2036758.9,-21.68
SM-76-P3,35,481243.38,2036665.86,3.11
SM-22-P2,35,478599.1,2037541.17,-36.29
SM-21-P3,34.5,481503.78,2037018.87,-45.66
SM-21-P3,34.5,481503.78,2037018.87,-65.46
SM-26-P2,34.5,478399.31,2037192.67,-29.94
SM-26-P2,34.5,478399.31,2037192.67,-50.19
SM-26-P2,34.5,478399.31,2037192.67,-51.54
SM-26-P2,34.5,478399.31,2037192.67,-63.24
SM-34-P2,34.5,479861.49,2036907.43,-28.94
SM-12-B1,34.5,477096.67,2038479.67,-27.87
SM-12-B1,34.5,477096.67,2038479.67,-29.67
SM-41-P1,34.5,477763.79,2038599.78,-39.47
SM-41-P1,34.5,477763.79,2038599.78,-41.72
SM-32-P2,34.5,479000.45,2036846.64,-16.59
SM-32-P2,34.5,479000.45,2036846.64,-30.09
SM-48-P1,34.5,477235.12,2038040.99,-0.74
SM-48-P1,34.5,477235.12,2038040.99,-8.84
SM-48-P1,34.5,477235.12,2038040.99,-30.44
SM-30-P2,34.5,480015.16,2037202.47,-26.24
SM-39-P2,34.5,480204.54,2036551.45,-31.63
SM-33-P2,34.5,479399.9,2036846.79,-39.51
SM-61-P1,34.5,478033.23,2036869.83,-24.31
SM-61-P1,34.5,478033.23,2036869.83,-24.76
SM-04-B2,34.5,478139.21,2037614.8,-15.07
SM-31-P2,34.5,478600.11,2036846.19,-19.02
SM-31-P2,34.5,478600.11,2036846.19,-23.52
SM-27-P2,34.5,478831.45,2037198.64,-18.7
SM-27-P2,34.5,478831.45,2037198.64,-19.15
SM-27-P2,34.5,478831.45,2037198.64,-29.05
SM-59-P1,34.5,477834.91,2037045.31,-8.43
SM-59-P1,34.5,477834.91,2037045.31,-30.03
SM-105-P2,34.5,,,-36.45
SM-105-P2,34.5,,,-96.3
SM-49-P1,34.5,477572.34,2038055.4,-40.43
SM-04-B1,34.5,479321.627,2036184.495,-20.4745
SM-04-B1,34.5,479321.627,2036184.495,-23.1745
SM-45-P1,34.5,477444.49,2038334.58,-4.21
SM-45-P1,34.5,477444.49,2038334.58,-20.41
SM-45-P1,34.5,477444.49,2038334.58,-26.71
SM-45-P1,34.5,477444.49,2038334.58,-29.41
SM-45-P1,34.5,477444.49,2038334.58,-32.56
SM-17-P2,34.5,479997.31,2036524.08,-23.08
SM-08-B2,34.5,480108.48,2037238.9,-30.2
SM-18-P1,34.5,477502.42,2036933.38,-42.87
SM-05-B1,0,478828.2306,2036140.498,-9.893
SM-35 P2,34.5,,,-18.9
SM-62 P2,34.5,,,-25.65
SM-19-P1,34.5,477471.6,2036261.55,-18.87
SM-51-P1,34.5,477639.95,2037631.92,-55.65
SM-51-P1,34.5,477639.95,2037631.92,-57.45
SM-07-B1,34.5,477905.7673,2036203.22,-19.1664
SM-55-P2,34.5,479329.18,2037687.79,-17.59
SM-55-P2,34.5,479329.18,2037687.79,-37.84
SM-55-P2,34.5,479329.18,2037687.79,-41.44
SM-25-P2,34.5,479793.28,2037531.65,-22.1
SM-66-P1,34.5,477629.99,2036277.02,-19.59
SM-66-P1,34.5,477629.99,2036277.02,-33.09
SM-53-P2,34.5,478414.1,2037512.4,-25.34
SM-53-P2,34.5,478414.1,2037512.4,-38.39
SM-53-P2,34.5,478414.1,2037512.4,-51.44
SM-37-P2,34.5,479213.08,2036499.92,-28.66
SM-44-P1,34.5,477193.08,2038327.98,-24.85
SM-44-P1,34.5,477189.844,2038327.449,-24.9
SM-70-P3,34.5,481498.09,2036695.19,-15.03
SM-47-P1,34.5,478006.01,2038293.04,-1.22
SM-28 P2,34.5,,,-23.4
SM-28 P2,34.5,,,-23.85
SM-28 P2,34.5,,,-30.6
SM-28 P2,34.5,,,-42.75
SM-57-P1,34.5,477640.14,2037208.59,-42.3
SM-57-P1,34.5,477640.14,2037208.59,-42.75
SM-63-P1,34.5,477393.97,2036611.25,-21.79
SM-76-P3,34.5,481243.38,2036665.86,4.01
SM-76-P3,34.5,481243.38,2036665.86,3.56
SM-76-P3,34.5,481243.38,2036665.86,-26.59
SM-29-P2,34.5,479601.03,2037189.73,-38.73
SM-29-P2,34.5,479601.03,2037189.73,-43.23
SM-29-P2,34.5,479601.03,2037189.73,-43.68
SM-22-P2,34.5,478599.1,2037541.17,-37.19
SM-21-P3,34,481503.78,2037018.87,-37.335
SM-21-P3,34,481503.78,2037018.87,-44.76
SM-21-P3,34,481503.78,2037018.87,-52.635
SM-26-P2,34,478399.31,2037192.67,-31.515
SM-26-P2,34,478399.31,2037192.67,-46.365
SM-26-P2,34,478399.31,2037192.67,-51.765
SM-26-P2,34,478399.31,2037192.67,-56.715
SM-26-P2,34,478399.31,2037192.67,-60.09
SM-26-P2,34,478399.31,2037192.67,-62.565
SM-34-P2,34,479861.49,2036907.43,-29.165
SM-12-B1,34,477096.67,2038479.67,-24.72
SM-12-B1,34,477096.67,2038479.67,-26.745
SM-40-P1,34,477608.176,2038623.913,-0.205
SM-40-P1,34,477608.176,2038623.913,-10.555
SM-40-P1,34,477608.176,2038623.913,-21.355
SM-40-P1,34,477608.176,2038623.913,-22.255
SM-40-P1,34,477608.176,2038623.913,-33.73
SM-40-P1,34,477608.176,2038623.913,-47.005
SM-11-B1,34,477167.57,2037681.46,-21.995
SM-11-B1,34,477167.57,2037681.46,-28.97
SM-41-P1,34,477763.79,2038599.78,-1.445
SM-41-P1,34,477763.79,2038599.78,-2.345
SM-41-P1,34,477763.79,2038599.78,-4.595
SM-41-P1,34,477763.79,2038599.78,-31.595
SM-41-P1,34,477763.79,2038599.78,-36.545
SM-41-P1,34,477763.79,2038599.78,-43.295
SM-32-P2,34,479000.45,2036846.64,-15.915
SM-32-P2,34,479000.45,2036846.64,-20.865
SM-32-P2,34,479000.45,2036846.64,-22.665
SM-32-P2,34,479000.45,2036846.64,-25.14
SM-32-P2,34,479000.45,2036846.64,-33.915
SM-32-P2,34,479000.45,2036846.64,-35.49
SM-32-P2,34,479000.45,2036846.64,-37.965
SM-65-P1,34,477374.93,2036265.02,-16.64
SM-65-P1,34,477374.93,2036265.02,-18.665
SM-48-P1,34,477235.12,2038040.99,-7.265
SM-48-P1,34,477235.12,2038040.99,-16.49
SM-48-P1,34,477235.12,2038040.99,-19.415
SM-73-P2,34,480177.03,2036206.51,-33.025
SM-68 P2,34,,,-21.375
SM-68 P2,34,,,-33.3
SM-68 P2,34,,,-43.875
SM-58-P1,34,478010.84,2037201.06,-46.575
SM-39-P2,34,480204.54,2036551.45,-19.03
SM-39-P2,34,480204.54,2036551.45,-21.055
SM-39-P2,34,480204.54,2036551.45,-21.73
SM-16-P2,34,478795.23,2036506.72,-18.605
SM-16-P2,34,478795.23,2036506.72,-18.83
SM-16-P2,34,478795.23,2036506.72,-19.055
SM-54-P2,34,478894.52,2037846.9,-37.005
SM-54-P2,34,478894.52,2037846.9,-37.905
SM-33-P2,34,479399.9,2036846.79,-14.535
SM-33-P2,34,479399.9,2036846.79,-21.285
SM-33-P2,34,479399.9,2036846.79,-39.735
SM-61-P1,34,478033.23,2036869.83,-18.46
SM-61-P1,34,478033.23,2036869.83,-19.135
SM-61-P1,34,478033.23,2036869.83,-23.185
SM-61-P1,34,478033.23,2036869.83,-24.535
SM-61-P1,34,478033.23,2036869.83,-31.285
SM-61-P1,34,478033.23,2036869.83,-37.135
SM-61-P1,34,478033.23,2036869.83,-39.835
SM-61-P1,34,478033.23,2036869.83,-40.06
SM-61-P1,34,478033.23,2036869.83,-40.285
SM-05-B2,34,478555.9,2037889.6,1.505
SM-24-P2,34,479387.3,2037585.89,-29.375
SM-50-P1,34,477300,2037635,-12.565
SM-31-P2,34,478600.11,2036846.19,-28.245
SM-31-P2,34,478600.11,2036846.19,-35.67
SM-31-P2,34,478600.11,2036846.19,-40.62
SM-31-P2,34,478600.11,2036846.19,-41.745
SM-27-P2,34,478831.45,2037198.64,-26.575
SM-59-P1,34,477834.91,2037045.31,2.82
SM-59-P1,34,477834.91,2037045.31,-5.505
SM-59-P1,34,477834.91,2037045.31,-8.655
SM-23-P2,34,478975.93,2037540.89,-24.645
SM-23-P2,34,478975.93,2037540.89,-26.895
SM-23-P2,34,478975.93,2037540.89,-42.645
SM-105-P2,34,,,-38.925
SM-105-P2,34,,,-53.775
SM-105-P2,34,,,-62.55
SM-105-P2,34,,,-94.275
SM-105-P2,34,,,-104.4
SM-49-P1,34,477572.34,2038055.4,-41.555
SM-45-P1,34,477444.49,2038334.58,-3.76
SM-45-P1,34,477444.49,2038334.58,-17.035
SM-45-P1,34,477444.49,2038334.58,-17.935
SM-45-P1,34,477444.49,2038334.58,-39.31
SM-17-P2,34,479997.31,2036524.08,-60.655
SM-17-P2,34,479997.31,2036524.08,-60.88
SM-17-P2,34,479997.31,2036524.08,-61.105
SM-17-P2,34,479997.31,2036524.08,-63.13
SM-08-B2,34,480108.48,2037238.9,-31.775
SM-60-P1,34,477583.84,2036816.3,-20.755
SM-60-P1,34,477583.84,2036816.3,-23.905
SM-18-P1,34,477502.42,2036933.38,-27.57
SM-18-P1,34,477502.42,2036933.38,-43.095
SM-35 P2,34,,,-34.425
SM-35 P2,34,,,-54.225
SM-62 P2,34,,,-29.25
SM-62 P2,34,,,-37.8
SM-72-P2,34,479543.59,2036219.22,-5.785
SM-72-P2,34,479543.59,2036219.22,-16.585
SM-72-P2,34,479543.59,2036219.22,-17.26
SM-72-P2,34,479543.59,2036219.22,-21.535
SM-19-P1,34,477471.6,2036261.55,-17.295
SM-19-P1,34,477471.6,2036261.55,-21.795
SM-19-P1,34,477471.6,2036261.55,-37.32
SM-19-P1,34,477471.6,2036261.55,-37.77
SM-51-P1,34,477639.95,2037631.92,-27.525
SM-36-P2,34,478362.19,2036503.28,-20.305
SM-10-B2,34,480515.3,2036275.1,-16.655
SM-07-B1,34,477905.7673,2036203.22,-8.5914
SM-55-P2,34,479329.18,2037687.79,-22.315
SM-55-P2,34,479329.18,2037687.79,-24.34
SM-55-P2,34,479329.18,2037687.79,-25.915
SM-55-P2,34,479329.18,2037687.79,-46.165
SM-13-P2,34,478456.28,2037422.21,-19.535
SM-13-P2,34,478456.28,2037422.21,-20.21
SM-25-P2,34,479793.28,2037531.65,-13.55
SM-25-P2,34,479793.28,2037531.65,-30.425
SM-25-P2,34,479793.28,2037531.65,-34.25
SM-06-B1,34,478330.36,2036080.3,-22.155
SM-66-P1,34,477629.99,2036277.02,-19.365
SM-66-P1,34,477629.99,2036277.02,-21.615
SM-66-P1,34,477629.99,2036277.02,-22.74
SM-66-P1,34,477629.99,2036277.02,-23.19
SM-52-P1,34,478098.81,2037573.26,-13.13
SM-10-B1,34,477226.3,2037121.54,-6.875
SM-53-P2,34,478414.1,2037512.4,-24.665
SM-53-P2,34,478414.1,2037512.4,-26.465
SM-53-P2,34,478414.1,2037512.4,-27.59
SM-53-P2,34,478414.1,2037512.4,-46.265
SM-14-P2,34,479685.63,2037378.89,-30.81
SM-14-P2,34,479685.63,2037378.89,-51.285
SM-14-P2,34,479685.63,2037378.89,-62.985
SM-14-P2,34,479685.63,2037378.89,-65.91
SM-37-P2,34,479213.08,2036499.92,-21.235
SM-37-P2,34,479213.08,2036499.92,-27.085
SM-37-P2,34,479213.08,2036499.92,-40.135
SM-37-P2,34,479213.08,2036499.92,-41.035
SM-44-P1,34,477193.08,2038327.98,-2.125
SM-44-P1,34,477189.844,2038327.449,-2.175
SM-44-P1,34,477193.08,2038327.98,-5.05
SM-44-P1,34,477189.844,2038327.449,-5.1
SM-44-P1,34,477193.08,2038327.98,-5.5
SM-44-P1,34,477189.844,2038327.449,-5.55
SM-44-P1,34,477193.08,2038327.98,-14.05
SM-44-P1,34,477189.844,2038327.449,-14.1
SM-44-P1,34,477193.08,2038327.98,-24.625
SM-44-P1,34,477189.844,2038327.449,-24.675
SM-70-P3,34,481498.09,2036695.19,2.295
SM-70-P3,34,481498.09,2036695.19,-7.155
SM-70-P3,34,481498.09,2036695.19,-8.055
SM-47-P1,34,478006.01,2038293.04,-1.445
SM-47-P1,34,478006.01,2038293.04,-19.895
SM-28 P2,34,,,-29.025
SM-28 P2,34,,,-36.675
SM-28 P2,34,,,-48.375
SM-07-B2,34,,,-26.775
SM-07-B2,34,,,-27
SM-07-B2,34,,,-27.225
SM-01-B1,34,480286.37,2036030.34,-7.68
SM-20-P1,34,477576.5,2038152.22,-4.365
SM-20-P1,34,477574.978,2038153.565,-4.435
SM-20-P1,34,477576.5,2038152.22,-10.215
SM-20-P1,34,477574.978,2038153.565,-10.285
SM-20-P1,34,477576.5,2038152.22,-17.415
SM-20-P1,34,477574.978,2038153.565,-17.485
SM-20-P1,34,477576.5,2038152.22,-17.64
SM-20-P1,34,477574.978,2038153.565,-17.71
SM-20-P1,34,477576.5,2038152.22,-17.865
SM-20-P1,34,477574.978,2038153.565,-17.935
SM-20-P1,34,477576.5,2038152.22,-23.265
SM-20-P1,34,477574.978,2038153.565,-23.335
SM-20-P1,34,477576.5,2038152.22,-51.39
SM-20-P1,34,477574.978,2038153.565,-51.46
SM-69-P2,34,478614.71,2036398.52,-19.765
SM-69-P2,34,478614.71,2036398.52,-29.665
SM-69-P2,34,478614.71,2036398.52,-29.89
SM-69-P2,34,478614.71,2036398.52,-30.115
SM-69-P2,34,478614.71,2036398.52,-30.79
SM-57-P1,34,477640.14,2037208.59,-17.55
SM-74-P3,34,480593.73,2036997.8,-32.36
SM-74-P3,34,480593.73,2036997.8,-34.385
SM-42-P1,34,477982.94,2038550.48,-26.995
SM-42-P1,34,477982.94,2038550.48,-27.895
SM-38-P2,34,479622.12,2036497.16,-51.11
SM-38-P2,34,479622.12,2036497.16,-51.56
SM-63-P1,34,477393.97,2036611.25,-22.465
SM-29-P2,34,479601.03,2037189.73,-36.255
SM-29-P2,34,479601.03,2037189.73,-40.305
SM-21-P3,33.5,481503.78,2037018.87,-42.51
SM-21-P3,33.5,481503.78,2037018.87,-43.41
SM-26-P2,33.5,478399.31,2037192.67,-30.39
SM-26-P2,33.5,478399.31,2037192.67,-43.44
SM-26-P2,33.5,478399.31,2037192.67,-45.69
SM-26-P2,33.5,478399.31,2037192.67,-46.59
SM-26-P2,33.5,478399.31,2037192.67,-49.74
SM-34-P2,33.5,479861.49,2036907.43,-30.29
SM-34-P2,33.5,479861.49,2036907.43,-32.09
SM-12-B1,33.5,477096.67,2038479.67,-8.07
SM-12-B1,33.5,477096.67,2038479.67,-13.47
SM-43-P1,33.5,478112.67,2038510.48,3.12
SM-43-P1,33.5,478109.666,2038510.974,3
SM-40-P1,33.5,477608.176,2038623.913,-43.63
SM-40-P1,33.5,477608.176,2038623.913,-44.08
SM-48-P1,33.5,477235.12,2038040.99,-0.29
SM-48-P1,33.5,477235.12,2038040.99,-3.44
SM-48-P1,33.5,477235.12,2038040.99,-19.64
SM-39-P2,33.5,480204.54,2036551.45,-22.63
SM-39-P2,33.5,480204.54,2036551.45,-28.48
SM-39-P2,33.5,480204.54,2036551.45,-28.93
SM-54-P2,33.5,478894.52,2037846.9,-22.83
SM-61-P1,33.5,478033.23,2036869.83,-21.16
SM-05-B2,33.5,478555.9,2037889.6,-24.82
SM-24-P2,33.5,479387.3,2037585.89,-28.7
SM-04-B2,33.5,478139.21,2037614.8,-16.42
SM-31-P2,33.5,478600.11,2036846.19,-33.87
SM-105-P2,33.5,,,-33.75
SM-105-P2,33.5,,,-44.1
SM-105-P2,33.5,,,-90.9
SM-105-P2,33.5,,,-102.6
SM-45-P1,33.5,477444.49,2038334.58,-1.96
SM-45-P1,33.5,477444.49,2038334.58,-2.41
SM-17-P2,33.5,479997.31,2036524.08,-34.33
SM-17-P2,33.5,479997.31,2036524.08,-41.98
SM-08-B2,33.5,480108.48,2037238.9,-37.85
SM-35 P2,33.5,,,-44.55
SM-62 P2,33.5,,,-38.25
SM-72-P2,33.5,479543.59,2036219.22,-21.31
SM-02-B1,33.5,479959.6533,2036162.012,-17.356
SM-51-P1,33.5,477639.95,2037631.92,-35.85
SM-36-P2,33.5,478362.19,2036503.28,-31.78
SM-10-B2,33.5,480515.3,2036275.1,-8.78
SM-10-B2,33.5,480515.3,2036275.1,-20.93
SM-07-B1,33.5,477905.7673,2036203.22,-17.8164
SM-07-B1,33.5,477905.7673,2036203.22,-23.2164
SM-55-P2,33.5,479329.18,2037687.79,-26.14
SM-55-P2,33.5,479329.18,2037687.79,-38.29
SM-55-P2,33.5,479329.18,2037687.79,-44.59
SM-25-P2,33.5,479793.28,2037531.65,-19.85
SM-53-P2,33.5,478414.1,2037512.4,-26.24
SM-53-P2,33.5,478414.1,2037512.4,-37.94
SM-14-P2,33.5,479685.63,2037378.89,-32.61
SM-37-P2,33.5,479213.08,2036499.92,-39.91
SM-44-P1,33.5,477193.08,2038327.98,-2.35
SM-44-P1,33.5,477189.844,2038327.449,-2.4
SM-20-P1,33.5,477576.5,2038152.22,-14.94
SM-20-P1,33.5,477574.978,2038153.565,-15.01
SM-20-P1,33.5,477576.5,2038152.22,-23.04
SM-20-P1,33.5,477574.978,2038153.565,-23.11
SM-69-P2,33.5,478614.71,2036398.52,-24.04
SM-69-P2,33.5,478614.71,2036398.52,-28.09
SM-75-P1,33.5,477626.74,2037421.93,-21.76
SM-09-B2,33.5,480263.7,2036758.9,-22.58
SM-22-P2,33.5,478599.1,2037541.17,-35.84
SM-21-P3,33,481503.78,2037018.87,-33.735
SM-21-P3,33,481503.78,2037018.87,-41.61
SM-21-P3,33,481503.78,2037018.87,-43.86
SM-21-P3,33,481503.78,2037018.87,-60.285
SM-26-P2,33,478399.31,2037192.67,-46.14
SM-26-P2,33,478399.31,2037192.67,-46.815
SM-26-P2,33,478399.31,2037192.67,-47.04
SM-26-P2,33,478399.31,2037192.67,-47.265
SM-26-P2,33,478399.31,2037192.67,-47.49
SM-26-P2,33,478399.31,2037192.67,-47.715
SM-26-P2,33,478399.31,2037192.67,-60.315
SM-34-P2,33,479861.49,2036907.43,-27.815
SM-34-P2,33,479861.49,2036907.43,-40.64
SM-34-P2,33,479861.49,2036907.43,-44.24
SM-34-P2,33,479861.49,2036907.43,-46.265
SM-12-B1,33,477096.67,2038479.67,-22.47
SM-12-B1,33,477096.67,2038479.67,-23.595
SM-12-B1,33,477096.67,2038479.67,-26.52
SM-12-B1,33,477096.67,2038479.67,-29.445
SM-40-P1,33,477608.176,2038623.913,-10.33
SM-40-P1,33,477608.176,2038623.913,-11.23
SM-11-B1,33,477167.57,2037681.46,-30.77
SM-41-P1,33,477763.79,2038599.78,-4.82
SM-41-P1,33,477763.79,2038599.78,-6.395
SM-41-P1,33,477763.79,2038599.78,-23.045
SM-41-P1,33,477763.79,2038599.78,-34.295
SM-32-P2,33,479000.45,2036846.64,-16.815
SM-32-P2,33,479000.45,2036846.64,-27.39
SM-32-P2,33,479000.45,2036846.64,-30.315
SM-32-P2,33,479000.45,2036846.64,-35.715
SM-32-P2,33,479000.45,2036846.64,-38.19
SM-32-P2,33,479000.45,2036846.64,-43.815
SM-65-P1,33,477374.93,2036265.02,2.935
SM-65-P1,33,477374.93,2036265.02,-12.815
SM-65-P1,33,477374.93,2036265.02,-15.515
SM-65-P1,33,477374.93,2036265.02,-18.89
SM-65-P1,33,477374.93,2036265.02,-23.165
SM-65-P1,33,477374.93,2036265.02,-25.64
SM-48-P1,33,477235.12,2038040.99,-4.565
SM-48-P1,33,477235.12,2038040.99,-8.615
SM-48-P1,33,477235.12,2038040.99,-18.515
SM-48-P1,33,477235.12,2038040.99,-19.865
SM-48-P1,33,477235.12,2038040.99,-28.415
SM-30-P2,33,480015.16,2037202.47,-20.615
SM-30-P2,33,480015.16,2037202.47,-25.565
SM-73-P2,33,480177.03,2036206.51,-20.2
SM-73-P2,33,480177.03,2036206.51,-23.575
SM-73-P2,33,480177.03,2036206.51,-32.8
SM-68 P2,33,,,-22.275
SM-68 P2,33,,,-23.175
SM-68 P2,33,,,-39.375
SM-58-P1,33,478010.84,2037201.06,-20.025
SM-58-P1,33,478010.84,2037201.06,-30.825
SM-39-P2,33,480204.54,2036551.45,-26.455
SM-06-B2,33,,,-19.125
SM-16-P2,33,478795.23,2036506.72,-16.355
SM-16-P2,33,478795.23,2036506.72,-26.48
SM-33-P2,33,479399.9,2036846.79,-18.81
SM-33-P2,33,479399.9,2036846.79,-19.26
SM-33-P2,33,479399.9,2036846.79,-28.26
SM-61-P1,33,478033.23,2036869.83,-4.735
SM-61-P1,33,478033.23,2036869.83,-20.035
SM-05-B2,33,478555.9,2037889.6,-25.27
SM-24-P2,33,479387.3,2037585.89,-20.15
SM-31-P2,33,478600.11,2036846.19,-16.32
SM-31-P2,33,478600.11,2036846.19,-18.795
SM-31-P2,33,478600.11,2036846.19,-19.92
SM-31-P2,33,478600.11,2036846.19,-43.545
SM-27-P2,33,478831.45,2037198.64,-20.5
SM-59-P1,33,477834.91,2037045.31,-24.405
SM-23-P2,33,478975.93,2037540.89,-26.22
SM-105-P2,33,,,-35.325
SM-105-P2,33,,,-40.5
SM-105-P2,33,,,-68.4
SM-105-P2,33,,,-93.15
SM-105-P2,33,,,-115.875
SM-49-P1,33,477572.34,2038055.4,-18.155
SM-49-P1,33,477572.34,2038055.4,-19.055
SM-49-P1,33,477572.34,2038055.4,-40.205
SM-45-P1,33,477444.49,2038334.58,-4.435
SM-45-P1,33,477444.49,2038334.58,-9.385
SM-45-P1,33,477444.49,2038334.58,-15.235
SM-17-P2,33,479997.31,2036524.08,-31.855
SM-17-P2,33,479997.31,2036524.08,-32.08
SM-17-P2,33,479997.31,2036524.08,-32.305
SM-17-P2,33,479997.31,2036524.08,-44.905
SM-17-P2,33,479997.31,2036524.08,-62.005
SM-17-P2,33,479997.31,2036524.08,-68.53
SM-08-B2,33,480108.48,2037238.9,-19.625
SM-08-B2,33,480108.48,2037238.9,-20.525
SM-08-B2,33,480108.48,2037238.9,-32
SM-18-P1,33,477502.42,2036933.38,-18.795
SM-18-P1,33,477502.42,2036933.38,-22.845
SM-18-P1,33,477502.42,2036933.38,-25.32
SM-18-P1,33,477502.42,2036933.38,-25.995
SM-18-P1,33,477502.42,2036933.38,-27.345
SM-18-P1,33,477502.42,2036933.38,-41.745
SM-18-P1,33,477502.42,2036933.38,-56.595
SM-18-P1,33,477502.42,2036933.38,-67.845
SM-67-P1,33,477857.4,2036377.24,-23.345
SM-67-P1,33,477857.4,2036377.24,-33.47
SM-67-P1,33,477857.4,2036377.24,-35.27
SM-67-P1,33,477857.4,2036377.24,-46.07
SM-05-B1,0,478828.2306,2036140.498,-10.118
SM-05-B1,0,478828.2306,2036140.498,-10.343
SM-35 P2,33,,,-18
SM-35 P2,33,,,-18.45
SM-35 P2,33,,,-25.425
SM-72-P2,33,479543.59,2036219.22,-15.91
SM-72-P2,33,479543.59,2036219.22,-21.085
SM-02-B1,33,479959.6533,2036162.012,-19.831
SM-19-P1,33,477471.6,2036261.55,3.63
SM-19-P1,33,477471.6,2036261.55,2.055
SM-19-P1,33,477471.6,2036261.55,-22.695
SM-19-P1,33,477471.6,2036261.55,-46.995
SM-51-P1,33,477639.95,2037631.92,-28.425
SM-51-P1,33,477639.95,2037631.92,-30.675
SM-10-B2,33,480515.3,2036275.1,-27.23
SM-10-B2,33,480515.3,2036275.1,-28.805
SM-55-P2,33,479329.18,2037687.79,-26.365
SM-55-P2,33,479329.18,2037687.79,-34.915
SM-55-P2,33,479329.18,2037687.79,-42.115
SM-55-P2,33,479329.18,2037687.79,-45.04
SM-25-P2,33,479793.28,2037531.65,0.625
SM-06-B1,33,478330.36,2036080.3,-18.78
SM-66-P1,33,477629.99,2036277.02,-19.14
SM-66-P1,33,477629.99,2036277.02,-36.465
SM-52-P1,33,478098.81,2037573.26,-22.355
SM-52-P1,33,478098.81,2037573.26,-22.58
SM-52-P1,33,478098.81,2037573.26,-22.805
SM-52-P1,33,478098.81,2037573.26,-32.705
SM-53-P2,33,478414.1,2037512.4,-21.515
SM-53-P2,33,478414.1,2037512.4,-26.015
SM-53-P2,33,478414.1,2037512.4,-28.04
SM-53-P2,33,478414.1,2037512.4,-34.565
SM-14-P2,33,479685.63,2037378.89,-30.585
SM-14-P2,33,479685.63,2037378.89,-62.76
SM-14-P2,33,479685.63,2037378.89,-64.785
SM-14-P2,33,479685.63,2037378.89,-66.135
SM-14-P2,33,479685.63,2037378.89,-66.36
SM-14-P2,33,479685.63,2037378.89,-66.585
SM-37-P2,33,479213.08,2036499.92,-15.835
SM-37-P2,33,479213.08,2036499.92,-16.96
SM-37-P2,33,479213.08,2036499.92,-28.435
SM-37-P2,33,479213.08,2036499.92,-33.835
SM-37-P2,33,479213.08,2036499.92,-39.685
SM-44-P1,33,477193.08,2038327.98,-2.575
SM-44-P1,33,477189.844,2038327.449,-2.625
SM-44-P1,33,477193.08,2038327.98,-2.8
SM-44-P1,33,477189.844,2038327.449,-2.85
SM-44-P1,33,477193.08,2038327.98,-3.025
SM-44-P1,33,477189.844,2038327.449,-3.075
SM-44-P1,33,477193.08,2038327.98,-4.15
SM-44-P1,33,477189.844,2038327.449,-4.2
SM-44-P1,33,477193.08,2038327.98,-5.95
SM-44-P1,33,477189.844,2038327.449,-6
SM-44-P1,33,477193.08,2038327.98,-7.075
SM-44-P1,33,477189.844,2038327.449,-7.125
SM-44-P1,33,477193.08,2038327.98,-10.225
SM-44-P1,33,477189.844,2038327.449,-10.275
SM-44-P1,33,477193.08,2038327.98,-23.725
SM-44-P1,33,477189.844,2038327.449,-23.775
SM-70-P3,33,481498.09,2036695.19,-9.18
SM-70-P3,33,481498.09,2036695.19,-14.355
SM-70-P3,33,481498.09,2036695.19,-14.58
SM-70-P3,33,481498.09,2036695.19,-14.805
SM-47-P1,33,478006.01,2038293.04,-10.895
SM-28 P2,33,,,-24.3
SM-28 P2,33,,,-30.375
SM-28 P2,33,,,-32.625
SM-28 P2,33,,,-48.15
SM-07-B2,33,,,-23.625
SM-01-B1,33,480286.37,2036030.34,-12.63
SM-20-P1,33,477576.5,2038152.22,-4.14
SM-20-P1,33,477574.978,2038153.565,-4.21
SM-20-P1,33,477576.5,2038152.22,-7.74
SM-20-P1,33,477574.978,2038153.565,-7.81
SM-20-P1,33,477576.5,2038152.22,-19.44
SM-20-P1,33,477574.978,2038153.565,-19.51
SM-20-P1,33,477576.5,2038152.22,-22.815
SM-20-P1,33,477574.978,2038153.565,-22.885
SM-20-P1,33,477576.5,2038152.22,-26.415
SM-20-P1,33,477574.978,2038153.565,-26.485
SM-20-P1,33,477576.5,2038152.22,-26.64
SM-20-P1,33,477574.978,2038153.565,-26.71
SM-20-P1,33,477576.5,2038152.22,-26.865
SM-20-P1,33,477574.978,2038153.565,-26.935
SM-69-P2,33,478614.71,2036398.52,-18.415
SM-69-P2,33,478614.71,2036398.52,-29.44
SM-69-P2,33,478614.71,2036398.52,-31.915
SM-74-P3,33,480593.73,2036997.8,-32.135
SM-74-P3,33,480593.73,2036997.8,-39.785
SM-63-P1,33,477393.97,2036611.25,-22.24
SM-63-P1,33,477393.97,2036611.25,-44.965
SM-63-P1,33,477393.97,2036611.25,-49.69
SM-75-P1,33,477626.74,2037421.93,-22.66
SM-75-P1,33,477626.74,2037421.93,-37.51
SM-09-B2,33,480263.7,2036758.9,-21.905
SM-76-P3,33,481243.38,2036665.86,2.885
SM-76-P3,33,481243.38,2036665.86,-38.965
SM-29-P2,33,479601.03,2037189.73,-33.33
SM-29-P2,33,479601.03,2037189.73,-36.48
SM-29-P2,33,479601.03,2037189.73,-39.405
SM-29-P2,33,479601.03,2037189.73,-40.98
SM-22-P2,33,478599.1,2037541.17,-20.99
SM-22-P2,33,478599.1,2037541.17,-21.89
SM-22-P2,33,478599.1,2037541.17,-45.515
SM-15-P2,33,479132.63,2036864.69,-15.165
SM-15-P2,33,479132.63,2036864.69,-16.965
SM-15-P2,33,479132.63,2036864.69,-18.09
SM-21-P3,32.5,481503.78,2037018.87,-33.06
SM-21-P3,32.5,481503.78,2037018.87,-34.86
SM-21-P3,32.5,481503.78,2037018.87,-35.31
SM-21-P3,32.5,481503.78,2037018.87,-37.11
SM-21-P3,32.5,481503.78,2037018.87,-37.56
SM-26-P2,32.5,478399.31,2037192.67,-49.29
SM-26-P2,32.5,478399.31,2037192.67,-60.99
SM-26-P2,32.5,478399.31,2037192.67,-62.79
SM-34-P2,32.5,479861.49,2036907.43,-41.54
SM-40-P1,32.5,477608.176,2038623.913,-0.88
SM-03-B1,32.5,479599.92,2035977.75,-20.31
SM-11-B1,32.5,477167.57,2037681.46,-30.32
SM-41-P1,32.5,477763.79,2038599.78,-8.42
SM-65-P1,32.5,477374.93,2036265.02,-18.44
SM-48-P1,32.5,477235.12,2038040.99,-19.19
SM-39-P2,32.5,480204.54,2036551.45,-22.18
SM-54-P2,32.5,478894.52,2037846.9,-39.03
SM-31-P2,32.5,478600.11,2036846.19,-27.57
SM-105-P2,32.5,,,-29.7
SM-105-P2,32.5,,,-40.05
SM-105-P2,32.5,,,-66.6
SM-105-P2,32.5,,,-115.2
SM-49-P1,32.5,477572.34,2038055.4,-39.98
SM-04-B1,32.5,479321.627,2036184.495,-19.5745
SM-45-P1,32.5,477444.49,2038334.58,-4.66
SM-45-P1,32.5,477444.49,2038334.58,-6.01
SM-45-P1,32.5,477444.49,2038334.58,-38.41
SM-17-P2,32.5,479997.31,2036524.08,-5.53
SM-17-P2,32.5,479997.31,2036524.08,-82.48
SM-67-P1,32.5,477857.4,2036377.24,-33.02
SM-67-P1,32.5,477857.4,2036377.24,-35.72
SM-67-P1,32.5,477857.4,2036377.24,-36.17
SM-67-P1,32.5,477857.4,2036377.24,-41.57
SM-67-P1,32.5,477857.4,2036377.24,-44.27
SM-35 P2,32.5,,,-23.4
SM-35 P2,32.5,,,-33.3
SM-72-P2,32.5,479543.59,2036219.22,-12.76
SM-02-B1,32.5,479959.6533,2036162.012,-21.856
SM-19-P1,32.5,477471.6,2036261.55,-26.07
SM-10-B2,32.5,480515.3,2036275.1,-19.13
SM-10-B2,32.5,480515.3,2036275.1,-29.93
SM-06-B1,32.5,478330.36,2036080.3,-11.13
SM-66-P1,32.5,477629.99,2036277.02,-36.69
SM-14-P2,32.5,479685.63,2037378.89,-69.51
SM-37-P2,32.5,479213.08,2036499.92,-16.51
SM-37-P2,32.5,479213.08,2036499.92,-23.71
SM-07-B2,32.5,,,-16.2
SM-20-P1,32.5,477576.5,2038152.22,-4.59
SM-20-P1,32.5,477574.978,2038153.565,-4.66
SM-42-P1,32.5,477982.94,2038550.48,-22.27
SM-38-P2,32.5,479622.12,2036497.16,-42.56
SM-63-P1,32.5,477393.97,2036611.25,-47.89
SM-22-P2,32.5,478599.1,2037541.17,-45.29
SM-26-P2,32,478399.31,2037192.67,-30.84
SM-26-P2,32,478399.31,2037192.67,-32.415
SM-26-P2,32,478399.31,2037192.67,-41.19
SM-26-P2,32,478399.31,2037192.67,-45.915
SM-26-P2,32,478399.31,2037192.67,-50.415
SM-26-P2,32,478399.31,2037192.67,-53.115
SM-34-P2,32,479861.49,2036907.43,-34.565
SM-34-P2,32,479861.49,2036907.43,-43.565
SM-12-B1,32,477096.67,2038479.67,-9.195
SM-12-B1,32,477096.67,2038479.67,-26.295
SM-43-P1,32,478112.67,2038510.48,1.32
SM-43-P1,32,478109.666,2038510.974,1.2
SM-40-P1,32,477608.176,2038623.913,-2.005
SM-40-P1,32,477608.176,2038623.913,-6.055
SM-40-P1,32,477608.176,2038623.913,-8.755
SM-40-P1,32,477608.176,2038623.913,-10.105
SM-40-P1,32,477608.176,2038623.913,-21.13
SM-40-P1,32,477608.176,2038623.913,-21.58
SM-40-P1,32,477608.176,2038623.913,-22.03
SM-11-B1,32,477167.57,2037681.46,2.755
SM-11-B1,32,477167.57,2037681.46,-22.895
SM-11-B1,32,477167.57,2037681.46,-31.895
SM-41-P1,32,477763.79,2038599.78,-0.77
SM-41-P1,32,477763.79,2038599.78,-5.045
SM-41-P1,32,477763.79,2038599.78,-8.87
SM-41-P1,32,477763.79,2038599.78,-35.645
SM-32-P2,32,479000.45,2036846.64,-19.965
SM-32-P2,32,479000.45,2036846.64,-25.815
SM-32-P2,32,479000.45,2036846.64,-30.99
SM-32-P2,32,479000.45,2036846.64,-32.565
SM-32-P2,32,479000.45,2036846.64,-38.415
SM-65-P1,32,477374.93,2036265.02,1.81
SM-65-P1,32,477374.93,2036265.02,-5.165
SM-65-P1,32,477374.93,2036265.02,-19.115
SM-65-P1,32,477374.93,2036265.02,-33.29
SM-48-P1,32,477235.12,2038040.99,1.96
SM-48-P1,32,477235.12,2038040.99,1.51
SM-48-P1,32,477235.12,2038040.99,-2.09
SM-48-P1,32,477235.12,2038040.99,-8.39
SM-48-P1,32,477235.12,2038040.99,-18.74
SM-48-P1,32,477235.12,2038040.99,-20.54
SM-30-P2,32,480015.16,2037202.47,-26.465
SM-30-P2,32,480015.16,2037202.47,-36.365
SM-73-P2,32,480177.03,2036206.51,-22.675
SM-73-P2,32,480177.03,2036206.51,-24.925
SM-73-P2,32,480177.03,2036206.51,-32.575
SM-68 P2,32,,,-28.35
SM-68 P2,32,,,-29.475
SM-58-P1,32,478010.84,2037201.06,-18
SM-39-P2,32,480204.54,2036551.45,-17.905
SM-39-P2,32,480204.54,2036551.45,-18.805
SM-39-P2,32,480204.54,2036551.45,-22.855
SM-39-P2,32,480204.54,2036551.45,-28.255
SM-39-P2,32,480204.54,2036551.45,-29.155
SM-54-P2,32,478894.52,2037846.9,-7.755
SM-54-P2,32,478894.52,2037846.9,-25.755
SM-54-P2,32,478894.52,2037846.9,-26.655
SM-33-P2,32,479399.9,2036846.79,-20.385
SM-33-P2,32,479399.9,2036846.79,-22.635
SM-04-B2,32,478139.21,2037614.8,-15.295
SM-50-P1,32,477300,2037635,-0.415
SM-31-P2,32,478600.11,2036846.19,-21.945
SM-31-P2,32,478600.11,2036846.19,-24.195
SM-31-P2,32,478600.11,2036846.19,-44.445
SM-27-P2,32,478831.45,2037198.64,-20.95
SM-27-P2,32,478831.45,2037198.64,-21.625
SM-23-P2,32,478975.93,2037540.89,-31.62
SM-105-P2,32,,,-25.425
SM-105-P2,32,,,-32.175
SM-105-P2,32,,,-33.525
SM-105-P2,32,,,-39.15
SM-105-P2,32,,,-56.475
SM-105-P2,32,,,-95.625
SM-105-P2,32,,,-103.725
SM-105-P2,32,,,-103.95
SM-105-P2,32,,,-104.175
SM-105-P2,32,,,-108
SM-105-P2,32,,,-110.025
SM-105-P2,32,,,-114.075
SM-49-P1,32,477572.34,2038055.4,-18.38
SM-49-P1,32,477572.34,2038055.4,-18.83
SM-49-P1,32,477572.34,2038055.4,-39.755
SM-04-B1,32,479321.627,2036184.495,-20.0245
SM-04-B1,32,479321.627,2036184.495,-22.7245
SM-04-B1,32,479321.627,2036184.495,-23.3995
SM-45-P1,32,477444.49,2038334.58,3.215
SM-45-P1,32,477444.49,2038334.58,-1.735
SM-45-P1,32,477444.49,2038334.58,-2.635
SM-45-P1,32,477444.49,2038334.58,-3.535
SM-45-P1,32,477444.49,2038334.58,-4.885
SM-45-P1,32,477444.49,2038334.58,-7.585
SM-45-P1,32,477444.49,2038334.58,-16.81
SM-45-P1,32,477444.49,2038334.58,-29.635
SM-45-P1,32,477444.49,2038334.58,-37.285
SM-45-P1,32,477444.49,2038334.58,-39.535
SM-17-P2,32,479997.31,2036524.08,-25.105
SM-17-P2,32,479997.31,2036524.08,-35.68
SM-17-P2,32,479997.31,2036524.08,-51.205
SM-17-P2,32,479997.31,2036524.08,-58.18
SM-17-P2,32,479997.31,2036524.08,-63.355
SM-17-P2,32,479997.31,2036524.08,-72.355
SM-08-B2,32,480108.48,2037238.9,-19.4
SM-08-B2,32,480108.48,2037238.9,-27.05
SM-08-B2,32,480108.48,2037238.9,-32.225
SM-08-B2,32,480108.48,2037238.9,-34.925
SM-18-P1,32,477502.42,2036933.38,-28.695
SM-09-B1,11.5,477265.19,2036624.23,-4.39
SM-67-P1,32,477857.4,2036377.24,3.43
SM-35 P2,32,,,-29.25
SM-62 P2,32,,,-20.475
SM-72-P2,32,479543.59,2036219.22,-14.785
SM-72-P2,32,479543.59,2036219.22,-35.485
SM-02-B1,32,479959.6533,2036162.012,-17.131
SM-02-B1,32,479959.6533,2036162.012,-23.656
SM-02-B1,32,479959.6533,2036162.012,-28.381
SM-51-P1,32,477639.95,2037631.92,-24.375
SM-51-P1,32,477639.95,2037631.92,-56.325
SM-36-P2,32,478362.19,2036503.28,1.97
SM-36-P2,32,478362.19,2036503.28,-24.355
SM-10-B2,32,480515.3,2036275.1,-18.23
SM-10-B2,32,480515.3,2036275.1,-31.955
SM-10-B2,32,480515.3,2036275.1,-39.38
SM-07-B1,32,477905.7673,2036203.22,-21.1914
SM-55-P2,32,479329.18,2037687.79,-19.615
SM-55-P2,32,479329.18,2037687.79,-23.215
SM-55-P2,32,479329.18,2037687.79,-29.515
SM-25-P2,32,479793.28,2037531.65,-22.325
SM-25-P2,32,479793.28,2037531.65,-34.7
SM-66-P1,32,477629.99,2036277.02,-18.915
SM-66-P1,32,477629.99,2036277.02,-21.84
SM-66-P1,32,477629.99,2036277.02,-22.515
SM-66-P1,32,477629.99,2036277.02,-23.415
SM-66-P1,32,477629.99,2036277.02,-34.665
SM-66-P1,32,477629.99,2036277.02,-36.915
SM-52-P1,32,478098.81,2037573.26,-13.355
SM-53-P2,32,478414.1,2037512.4,-9.365
SM-53-P2,32,478414.1,2037512.4,-20.84
SM-53-P2,32,478414.1,2037512.4,-35.24
SM-53-P2,32,478414.1,2037512.4,-36.365
SM-53-P2,32,478414.1,2037512.4,-43.115
SM-53-P2,32,478414.1,2037512.4,-46.94
SM-53-P2,32,478414.1,2037512.4,-50.99
SM-53-P2,32,478414.1,2037512.4,-53.24
SM-53-P2,32,478414.1,2037512.4,-53.69
SM-53-P2,32,478414.1,2037512.4,-55.265
SM-14-P2,32,479685.63,2037378.89,-29.685
SM-14-P2,32,479685.63,2037378.89,-32.835
SM-14-P2,32,479685.63,2037378.89,-37.785
SM-14-P2,32,479685.63,2037378.89,-62.535
SM-14-P2,32,479685.63,2037378.89,-64.56
SM-37-P2,32,479213.08,2036499.92,-26.86
SM-37-P2,32,479213.08,2036499.92,-41.71
SM-44-P1,32,477193.08,2038327.98,-1.225
SM-44-P1,32,477189.844,2038327.449,-1.275
SM-44-P1,32,477193.08,2038327.98,-1.9
SM-44-P1,32,477189.844,2038327.449,-1.95
SM-70-P3,32,481498.09,2036695.19,-3.78
SM-70-P3,32,481498.09,2036695.19,-7.38
SM-70-P3,32,481498.09,2036695.19,-7.83
SM-47-P1,32,478006.01,2038293.04,7.105
SM-47-P1,32,478006.01,2038293.04,-0.095
SM-28 P2,32,,,-27.675
SM-28 P2,32,,,-47.925
SM-07-B2,32,,,-22.5
SM-07-B2,32,,,-25.425
SM-07-B2,32,,,-28.575
SM-20-P1,32,477576.5,2038152.22,0.135
SM-20-P1,32,477574.978,2038153.565,0.065
SM-20-P1,32,477576.5,2038152.22,-0.09
SM-20-P1,32,477574.978,2038153.565,-0.16
SM-20-P1,32,477576.5,2038152.22,-0.315
SM-20-P1,32,477574.978,2038153.565,-0.385
SM-20-P1,32,477576.5,2038152.22,-1.665
SM-20-P1,32,477574.978,2038153.565,-1.735
SM-20-P1,32,477576.5,2038152.22,-3.915
SM-20-P1,32,477574.978,2038153.565,-3.985
SM-20-P1,32,477576.5,2038152.22,-6.165
SM-20-P1,32,477574.978,2038153.565,-6.235
SM-20-P1,32,477576.5,2038152.22,-6.39
SM-20-P1,32,477574.978,2038153.565,-6.46
SM-20-P1,32,477576.5,2038152.22,-6.615
SM-20-P1,32,477574.978,2038153.565,-6.685
SM-20-P1,32,477576.5,2038152.22,-13.815
SM-20-P1,32,477574.978,2038153.565,-13.885
SM-20-P1,32,477576.5,2038152.22,-27.09
SM-20-P1,32,477574.978,2038153.565,-27.16
SM-69-P2,32,478614.71,2036398.52,-17.065
SM-69-P2,32,478614.71,2036398.52,-20.44
SM-69-P2,32,478614.71,2036398.52,-25.165
SM-69-P2,32,478614.71,2036398.52,-29.215
SM-57-P1,32,477640.14,2037208.59,2.475
SM-74-P3,32,480593.73,2036997.8,-39.11
SM-42-P1,32,477982.94,2038550.48,-11.47
SM-42-P1,32,477982.94,2038550.48,-20.695
SM-63-P1,32,477393.97,2036611.25,-22.015
SM-63-P1,32,477393.97,2036611.25,-40.015
SM-75-P1,32,477626.74,2037421.93,-44.035
SM-76-P3,32,481243.38,2036665.86,3.785
SM-76-P3,32,481243.38,2036665.86,-39.64
SM-29-P2,32,479601.03,2037189.73,-34.68
SM-29-P2,32,479601.03,2037189.73,-36.705
SM-22-P2,32,478599.1,2037541.17,-45.065
SM-15-P2,32,479132.63,2036864.69,-15.39
SM-26-P2,31.5,478399.31,2037192.67,-44.34
SM-26-P2,31.5,478399.31,2037192.67,-47.94
SM-26-P2,31.5,478399.31,2037192.67,-48.84
SM-26-P2,31.5,478399.31,2037192.67,-60.54
SM-34-P2,31.5,479861.49,2036907.43,-22.64
SM-34-P2,31.5,479861.49,2036907.43,-46.04
SM-40-P1,31.5,477608.176,2038623.913,-10.78
SM-11-B1,31.5,477167.57,2037681.46,-31.67
SM-41-P1,31.5,477763.79,2038599.78,-23.27
SM-32-P2,31.5,479000.45,2036846.64,-25.59
SM-32-P2,31.5,479000.45,2036846.64,-29.64
SM-65-P1,31.5,477374.93,2036265.02,-33.74
SM-48-P1,31.5,477235.12,2038040.99,-4.34
SM-48-P1,31.5,477235.12,2038040.99,-28.64
SM-30-P2,31.5,480015.16,2037202.47,-21.29
SM-68 P2,31.5,,,-23.4
SM-105-P2,31.5,,,-110.25
SM-45-P1,31.5,477444.49,2038334.58,-0.16
SM-45-P1,31.5,477444.49,2038334.58,-5.56
SM-45-P1,31.5,477444.49,2038334.58,-37.06
SM-45-P1,31.5,477444.49,2038334.58,-37.51
SM-17-P2,31.5,479997.31,2036524.08,-71.23
SM-18-P1,31.5,477502.42,2036933.38,-17.67
SM-18-P1,31.5,477502.42,2036933.38,-43.32
SM-09-B1,13,477265.19,2036624.23,-4.615
SM-67-P1,31.5,477857.4,2036377.24,-40.67
SM-05-B1,0,478828.2306,2036140.498,-10.568
SM-35 P2,31.5,,,-17.55
SM-02-B1,31.5,479959.6533,2036162.012,-16.906
SM-51-P1,31.5,477639.95,2037631.92,-27.75
SM-55-P2,31.5,479329.18,2037687.79,-38.74
SM-55-P2,31.5,479329.18,2037687.79,-39.19
SM-10-B1,31.5,477226.3,2037121.54,-7.1
SM-53-P2,31.5,478414.1,2037512.4,-24.44
SM-53-P2,31.5,478414.1,2037512.4,-38.84
SM-14-P2,31.5,479685.63,2037378.89,-29.46
SM-14-P2,31.5,479685.63,2037378.89,-30.36
SM-70-P3,31.5,481498.09,2036695.19,-14.13
SM-28 P2,31.5,,,-20.25
SM-07-B2,31.5,,,-25.2
SM-20-P1,31.5,477576.5,2038152.22,-1.44
SM-20-P1,31.5,477574.978,2038153.565,-1.51
SM-20-P1,31.5,477576.5,2038152.22,-5.94
SM-20-P1,31.5,477574.978,2038153.565,-6.01
SM-20-P1,31.5,477576.5,2038152.22,-39.69
SM-20-P1,31.5,477574.978,2038153.565,-39.76
SM-69-P2,31.5,478614.71,2036398.52,-26.29
SM-63-P1,31.5,477393.97,2036611.25,-20.89
SM-63-P1,31.5,477393.97,2036611.25,-26.29
SM-63-P1,31.5,477393.97,2036611.25,-40.24
SM-09-B2,31.5,480263.7,2036758.9,-22.13
SM-09-B2,31.5,480263.7,2036758.9,-27.53
SM-15-P2,31.5,479132.63,2036864.69,-14.94
SM-21-P3,31,481503.78,2037018.87,-36.435
SM-21-P3,31,481503.78,2037018.87,-36.66
SM-21-P3,31,481503.78,2037018.87,-36.885
SM-21-P3,31,481503.78,2037018.87,-37.785
SM-21-P3,31,481503.78,2037018.87,-42.285
SM-21-P3,31,481503.78,2037018.87,-67.035
SM-26-P2,31,478399.31,2037192.67,-14.64
SM-26-P2,31,478399.31,2037192.67,-31.74
SM-26-P2,31,478399.31,2037192.67,-35.79
SM-26-P2,31,478399.31,2037192.67,-63.015
SM-34-P2,31,479861.49,2036907.43,-27.14
SM-34-P2,31,479861.49,2036907.43,-30.065
SM-34-P2,31,479861.49,2036907.43,-33.89
SM-34-P2,31,479861.49,2036907.43,-38.615
SM-12-B1,31,477096.67,2038479.67,-23.37
SM-12-B1,31,477096.67,2038479.67,-24.945
SM-43-P1,31,478112.67,2038510.48,1.77
SM-43-P1,31,478109.666,2038510.974,1.65
SM-40-P1,31,477608.176,2038623.913,-3.805
SM-40-P1,31,477608.176,2038623.913,-7.855
SM-40-P1,31,477608.176,2038623.913,-31.705
SM-40-P1,31,477608.176,2038623.913,-41.155
SM-03-B1,31,479599.92,2035977.75,-12.435
SM-03-B1,31,479599.92,2035977.75,-19.86
SM-11-B1,31,477167.57,2037681.46,1.405
SM-11-B1,31,477167.57,2037681.46,-28.52
SM-11-B1,31,477167.57,2037681.46,-31.445
SM-41-P1,31,477763.79,2038599.78,-1.22
SM-41-P1,31,477763.79,2038599.78,-10.445
SM-41-P1,31,477763.79,2038599.78,-34.07
SM-41-P1,31,477763.79,2038599.78,-38.795
SM-41-P1,31,477763.79,2038599.78,-41.945
SM-32-P2,31,479000.45,2036846.64,-18.84
SM-32-P2,31,479000.45,2036846.64,-25.365
SM-65-P1,31,477374.93,2036265.02,-17.315
SM-65-P1,31,477374.93,2036265.02,-18.215
SM-65-P1,31,477374.93,2036265.02,-32.84
SM-48-P1,31,477235.12,2038040.99,-1.415
SM-48-P1,31,477235.12,2038040.99,-3.665
SM-48-P1,31,477235.12,2038040.99,-5.24
SM-48-P1,31,477235.12,2038040.99,-8.165
SM-48-P1,31,477235.12,2038040.99,-18.965
SM-48-P1,31,477235.12,2038040.99,-20.09
SM-68 P2,31,,,-21.6
SM-68 P2,31,,,-24.525
SM-39-P2,31,480204.54,2036551.45,-26.23
SM-54-P2,31,478894.52,2037846.9,-27.555
SM-33-P2,31,479399.9,2036846.79,-18.585
SM-33-P2,31,479399.9,2036846.79,-19.485
SM-33-P2,31,479399.9,2036846.79,-21.51
SM-24-P2,31,479387.3,2037585.89,-15.875
SM-24-P2,31,479387.3,2037585.89,-17.225
SM-24-P2,31,479387.3,2037585.89,-19.7
SM-24-P2,31,479387.3,2037585.89,-22.4
SM-04-B2,31,478139.21,2037614.8,-16.195
SM-31-P2,31,478600.11,2036846.19,-22.845
SM-31-P2,31,478600.11,2036846.19,-23.97
SM-31-P2,31,478600.11,2036846.19,-37.695
SM-27-P2,31,478831.45,2037198.64,-17.575
SM-27-P2,31,478831.45,2037198.64,-18.475
SM-27-P2,31,478831.45,2037198.64,-19.375
SM-27-P2,31,478831.45,2037198.64,-20.275
SM-27-P2,31,478831.45,2037198.64,-26.8
SM-105-P2,31,,,-48.375
SM-105-P2,31,,,-80.325
SM-105-P2,31,,,-96.975
SM-105-P2,31,,,-101.25
SM-105-P2,31,,,-103.05
SM-105-P2,31,,,-110.475
SM-49-P1,31,477572.34,2038055.4,-18.605
SM-45-P1,31,477444.49,2038334.58,-15.01
SM-45-P1,31,477444.49,2038334.58,-27.835
SM-45-P1,31,477444.49,2038334.58,-28.06
SM-45-P1,31,477444.49,2038334.58,-28.285
SM-45-P1,31,477444.49,2038334.58,-36.835
SM-45-P1,31,477444.49,2038334.58,-37.735
SM-17-P2,31,479997.31,2036524.08,-6.655
SM-17-P2,31,479997.31,2036524.08,-15.205
SM-17-P2,31,479997.31,2036524.08,-23.305
SM-17-P2,31,479997.31,2036524.08,-31.63
SM-17-P2,31,479997.31,2036524.08,-32.53
SM-17-P2,31,479997.31,2036524.08,-36.58
SM-17-P2,31,479997.31,2036524.08,-38.605
SM-08-B2,31,480108.48,2037238.9,-19.175
SM-60-P1,31,477583.84,2036816.3,-20.98
SM-18-P1,31,477502.42,2036933.38,-25.77
SM-18-P1,31,477502.42,2036933.38,-44.445
SM-09-B1,11,477265.19,2036624.23,-4.84
SM-09-B1,9,477265.19,2036624.23,-5.065
SM-09-B1,10,477265.19,2036624.23,-5.29
SM-67-P1,31,477857.4,2036377.24,-35.045
SM-67-P1,31,477857.4,2036377.24,-41.12
SM-05-B1,0,478828.2306,2036140.498,-10.793
SM-35 P2,31,,,-20.025
SM-72-P2,31,479543.59,2036219.22,0.065
SM-72-P2,31,479543.59,2036219.22,-12.085
SM-72-P2,31,479543.59,2036219.22,-18.835
SM-02-B1,31,479959.6533,2036162.012,-16.681
SM-02-B1,31,479959.6533,2036162.012,-17.806
SM-02-B1,31,479959.6533,2036162.012,-19.156
SM-02-B1,31,479959.6533,2036162.012,-21.406
SM-19-P1,31,477471.6,2036261.55,3.855
SM-19-P1,31,477471.6,2036261.55,1.38
SM-51-P1,31,477639.95,2037631.92,-0.975
SM-51-P1,31,477639.95,2037631.92,-28.2
SM-51-P1,31,477639.95,2037631.92,-45.525
SM-51-P1,31,477639.95,2037631.92,-46.425
SM-51-P1,31,477639.95,2037631.92,-57.225
SM-36-P2,31,478362.19,2036503.28,-18.505
SM-36-P2,31,478362.19,2036503.28,-20.53
SM-36-P2,31,478362.19,2036503.28,-26.605
SM-10-B2,31,480515.3,2036275.1,-19.805
SM-10-B2,31,480515.3,2036275.1,-20.03
SM-10-B2,31,480515.3,2036275.1,-20.255
SM-10-B2,31,480515.3,2036275.1,-20.48
SM-10-B2,31,480515.3,2036275.1,-20.705
SM-10-B2,31,480515.3,2036275.1,-34.88
SM-55-P2,31,479329.18,2037687.79,-14.44
SM-55-P2,31,479329.18,2037687.79,-18.265
SM-55-P2,31,479329.18,2037687.79,-33.115
SM-55-P2,31,479329.18,2037687.79,-33.34
SM-55-P2,31,479329.18,2037687.79,-33.565
SM-25-P2,31,479793.28,2037531.65,-19.625
SM-66-P1,31,477629.99,2036277.02,-22.29
SM-66-P1,31,477629.99,2036277.02,-32.865
SM-52-P1,31,478098.81,2037573.26,-14.255
SM-52-P1,31,478098.81,2037573.26,-20.105
SM-53-P2,31,478414.1,2037512.4,-22.865
SM-53-P2,31,478414.1,2037512.4,-25.79
SM-53-P2,31,478414.1,2037512.4,-30.965
SM-53-P2,31,478414.1,2037512.4,-33.215
SM-53-P2,31,478414.1,2037512.4,-33.44
SM-53-P2,31,478414.1,2037512.4,-33.665
SM-53-P2,31,478414.1,2037512.4,-38.165
SM-53-P2,31,478414.1,2037512.4,-39.965
SM-53-P2,31,478414.1,2037512.4,-41.09
SM-14-P2,31,479685.63,2037378.89,-28.785
SM-14-P2,31,479685.63,2037378.89,-29.01
SM-14-P2,31,479685.63,2037378.89,-29.235
SM-14-P2,31,479685.63,2037378.89,-29.91
SM-14-P2,31,479685.63,2037378.89,-33.06
SM-14-P2,31,479685.63,2037378.89,-33.735
SM-14-P2,31,479685.63,2037378.89,-36.66
SM-14-P2,31,479685.63,2037378.89,-64.335
SM-37-P2,31,479213.08,2036499.92,-18.085
SM-37-P2,31,479213.08,2036499.92,-19.21
SM-37-P2,31,479213.08,2036499.92,-26.185
SM-44-P1,31,477193.08,2038327.98,0.125
SM-44-P1,31,477189.844,2038327.449,0.075
SM-44-P1,31,477193.08,2038327.98,-1.45
SM-44-P1,31,477189.844,2038327.449,-1.5
SM-44-P1,31,477193.08,2038327.98,-3.7
SM-44-P1,31,477189.844,2038327.449,-3.75
SM-44-P1,31,477193.08,2038327.98,-4.825
SM-44-P1,31,477189.844,2038327.449,-4.875
SM-44-P1,31,477193.08,2038327.98,-5.725
SM-44-P1,31,477189.844,2038327.449,-5.775
SM-44-P1,31,477193.08,2038327.98,-13.825
SM-44-P1,31,477189.844,2038327.449,-13.875
SM-47-P1,31,478006.01,2038293.04,8.455
SM-28 P2,31,,,-23.625
SM-28 P2,31,,,-31.95
SM-28 P2,31,,,-41.4
SM-28 P2,31,,,-43.425
SM-07-B2,31,,,-24.975
SM-20-P1,31,477576.5,2038152.22,-1.215
SM-20-P1,31,477574.978,2038153.565,-1.285
SM-20-P1,31,477576.5,2038152.22,-3.69
SM-20-P1,31,477574.978,2038153.565,-3.76
SM-20-P1,31,477576.5,2038152.22,-4.815
SM-20-P1,31,477574.978,2038153.565,-4.885
SM-20-P1,31,477576.5,2038152.22,-5.715
SM-20-P1,31,477574.978,2038153.565,-5.785
SM-20-P1,31,477576.5,2038152.22,-15.615
SM-20-P1,31,477574.978,2038153.565,-15.685
SM-20-P1,31,477576.5,2038152.22,-22.14
SM-20-P1,31,477574.978,2038153.565,-22.21
SM-20-P1,31,477576.5,2038152.22,-27.315
SM-20-P1,31,477574.978,2038153.565,-27.385
SM-20-P1,31,477576.5,2038152.22,-51.165
SM-20-P1,31,477574.978,2038153.565,-51.235
SM-69-P2,31,478614.71,2036398.52,-19.54
SM-74-P3,31,480593.73,2036997.8,-43.385
SM-42-P1,31,477982.94,2038550.48,-12.595
SM-42-P1,31,477982.94,2038550.48,-13.495
SM-38-P2,31,479622.12,2036497.16,-27.26
SM-38-P2,31,479622.12,2036497.16,-29.735
SM-38-P2,31,479622.12,2036497.16,-51.335
SM-63-P1,31,477393.97,2036611.25,-35.965
SM-63-P1,31,477393.97,2036611.25,-40.465
SM-09-B2,31,480263.7,2036758.9,-16.505
SM-76-P3,31,481243.38,2036665.86,4.46
SM-29-P2,31,479601.03,2037189.73,-35.13
SM-29-P2,31,479601.03,2037189.73,-38.505
SM-29-P2,31,479601.03,2037189.73,-40.53
SM-22-P2,31,478599.1,2037541.17,-21.44
SM-22-P2,31,478599.1,2037541.17,-29.09
SM-22-P2,31,478599.1,2037541.17,-36.965
SM-15-P2,31,479132.63,2036864.69,-15.615
SM-21-P3,30.5,481503.78,2037018.87,-36.21
SM-26-P2,30.5,478399.31,2037192.67,-35.34
SM-40-P1,30.5,477608.176,2038623.913,-1.78
SM-40-P1,30.5,477608.176,2038623.913,-3.58
SM-40-P1,30.5,477608.176,2038623.913,-6.28
SM-11-B1,30.5,477167.57,2037681.46,-31.22
SM-41-P1,30.5,477763.79,2038599.78,-39.02
SM-65-P1,30.5,477374.93,2036265.02,-4.94
SM-65-P1,30.5,477374.93,2036265.02,-20.69
SM-48-P1,30.5,477235.12,2038040.99,-1.19
SM-48-P1,30.5,477235.12,2038040.99,-3.89
SM-68 P2,30.5,,,-22.05
SM-68 P2,30.5,,,-24.3
SM-06-B2,30.5,,,-23.85
SM-54-P2,30.5,478894.52,2037846.9,-30.93
SM-33-P2,30.5,479399.9,2036846.79,-21.06
SM-33-P2,30.5,479399.9,2036846.79,-29.16
SM-61-P1,30.5,478033.23,2036869.83,-25.21
SM-61-P1,30.5,478033.23,2036869.83,-32.86
SM-31-P2,30.5,478600.11,2036846.19,-17.67
SM-27-P2,30.5,478831.45,2037198.64,-21.4
SM-59-P1,30.5,477834.91,2037045.31,-7.98
SM-23-P2,30.5,478975.93,2037540.89,-24.87
SM-105-P2,30.5,,,-55.35
SM-45-P1,30.5,477444.49,2038334.58,-37.96
SM-17-P2,30.5,479997.31,2036524.08,-22.63
SM-18-P1,30.5,477502.42,2036933.38,-18.12
SM-18-P1,30.5,477502.42,2036933.38,-19.02
SM-18-P1,30.5,477502.42,2036933.38,-26.22
SM-18-P1,30.5,477502.42,2036933.38,-27.12
SM-18-P1,30.5,477502.42,2036933.38,-42.42
SM-18-P1,30.5,477502.42,2036933.38,-44.22
SM-09-B1,11,477265.19,2036624.23,-5.515
SM-67-P1,30.5,477857.4,2036377.24,-29.87
SM-35 P2,30.5,,,-30.6
SM-62 P2,30.5,,,-20.7
SM-02-B1,30.5,479959.6533,2036162.012,-20.056
SM-19-P1,30.5,477471.6,2036261.55,-25.62
SM-19-P1,30.5,477471.6,2036261.55,-30.12
SM-51-P1,30.5,477639.95,2037631.92,-1.2
SM-51-P1,30.5,477639.95,2037631.92,-15.15
SM-51-P1,30.5,477639.95,2037631.92,-28.65
SM-10-B2,30.5,480515.3,2036275.1,-19.58
SM-07-B1,30.5,477905.7673,2036203.22,-20.9664
SM-55-P2,30.5,479329.18,2037687.79,-16.69
SM-55-P2,30.5,479329.18,2037687.79,-23.44
SM-55-P2,30.5,479329.18,2037687.79,-32.89
SM-25-P2,30.5,479793.28,2037531.65,-15.35
SM-25-P2,30.5,479793.28,2037531.65,-20.75
SM-66-P1,30.5,477629.99,2036277.02,-21.39
SM-53-P2,30.5,478414.1,2037512.4,-21.74
SM-53-P2,30.5,478414.1,2037512.4,-29.39
SM-53-P2,30.5,478414.1,2037512.4,-29.84
SM-14-P2,30.5,479685.63,2037378.89,-33.51
SM-14-P2,30.5,479685.63,2037378.89,-38.01
SM-14-P2,30.5,479685.63,2037378.89,-63.66
SM-37-P2,30.5,479213.08,2036499.92,-26.41
SM-44-P1,30.5,477193.08,2038327.98,-4.6
SM-44-P1,30.5,477189.844,2038327.449,-4.65
SM-69-P2,30.5,478614.71,2036398.52,-31.69
SM-74-P3,30.5,480593.73,2036997.8,-43.16
SM-42-P1,30.5,477982.94,2038550.48,-12.37
SM-63-P1,30.5,477393.97,2036611.25,-35.74
SM-09-B2,30.5,480263.7,2036758.9,-27.08
SM-76-P3,30.5,481243.38,2036665.86,1.31
SM-76-P3,30.5,481243.38,2036665.86,-33.79
SM-29-P2,30.5,479601.03,2037189.73,-40.08
SM-15-P2,30.5,479132.63,2036864.69,-17.19
SM-21-P3,30,481503.78,2037018.87,-33.96
SM-21-P3,30,481503.78,2037018.87,-34.635
SM-21-P3,30,481503.78,2037018.87,-35.535
SM-21-P3,30,481503.78,2037018.87,-35.76
SM-21-P3,30,481503.78,2037018.87,-35.985
SM-21-P3,30,481503.78,2037018.87,-43.635
SM-21-P3,30,481503.78,2037018.87,-45.435
SM-21-P3,30,481503.78,2037018.87,-65.235
SM-26-P2,30,478399.31,2037192.67,-29.715
SM-26-P2,30,478399.31,2037192.67,-32.19
SM-26-P2,30,478399.31,2037192.67,-34.215
SM-26-P2,30,478399.31,2037192.67,-48.165
SM-26-P2,30,478399.31,2037192.67,-49.515
SM-26-P2,30,478399.31,2037192.67,-60.765
SM-34-P2,30,479861.49,2036907.43,-26.69
SM-34-P2,30,479861.49,2036907.43,-45.815
SM-12-B1,30,477096.67,2038479.67,0.48
SM-12-B1,30,477096.67,2038479.67,-7.845
SM-12-B1,30,477096.67,2038479.67,-13.695
SM-12-B1,30,477096.67,2038479.67,-27.645
SM-43-P1,30,478112.67,2038510.48,6.495
SM-43-P1,30,478109.666,2038510.974,6.375
SM-43-P1,30,478112.67,2038510.48,3.345
SM-43-P1,30,478109.666,2038510.974,3.225
SM-43-P1,30,478112.67,2038510.48,0.42
SM-43-P1,30,478109.666,2038510.974,0.3
SM-40-P1,30,477608.176,2038623.913,-3.355
SM-40-P1,30,477608.176,2038623.913,-8.98
SM-40-P1,30,477608.176,2038623.913,-20.905
SM-40-P1,30,477608.176,2038623.913,-21.805
SM-11-B1,30,477167.57,2037681.46,1.63
SM-11-B1,30,477167.57,2037681.46,-30.995
SM-41-P1,30,477763.79,2038599.78,-1.67
SM-41-P1,30,477763.79,2038599.78,-2.12
SM-41-P1,30,477763.79,2038599.78,-23.495
SM-41-P1,30,477763.79,2038599.78,-39.245
SM-32-P2,30,479000.45,2036846.64,-20.64
SM-65-P1,30,477374.93,2036265.02,-19.79
SM-65-P1,30,477374.93,2036265.02,-20.24
SM-65-P1,30,477374.93,2036265.02,-22.49
SM-48-P1,30,477235.12,2038040.99,-0.965
SM-48-P1,30,477235.12,2038040.99,-4.115
SM-48-P1,30,477235.12,2038040.99,-22.115
SM-48-P1,30,477235.12,2038040.99,-28.865
SM-30-P2,30,480015.16,2037202.47,-35.015
SM-68 P2,30,,,-23.625
SM-68 P2,30,,,-23.85
SM-68 P2,30,,,-24.075
SM-68 P2,30,,,-29.25
SM-39-P2,30,480204.54,2036551.45,-17.68
SM-39-P2,30,480204.54,2036551.45,-21.955
SM-39-P2,30,480204.54,2036551.45,-31.405
SM-39-P2,30,480204.54,2036551.45,-44.455
SM-06-B2,30,,,-22.95
SM-06-B2,30,,,-23.4
SM-54-P2,30,478894.52,2037846.9,-25.98
SM-54-P2,30,478894.52,2037846.9,-26.43
SM-54-P2,30,478894.52,2037846.9,-27.78
SM-33-P2,30,479399.9,2036846.79,-15.885
SM-33-P2,30,479399.9,2036846.79,-17.235
SM-33-P2,30,479399.9,2036846.79,-28.035
SM-33-P2,30,479399.9,2036846.79,-29.835
SM-61-P1,30,478033.23,2036869.83,-34.435
SM-61-P1,30,478033.23,2036869.83,-39.16
SM-05-B2,30,478555.9,2037889.6,-23.695
SM-04-B2,30,478139.21,2037614.8,-15.52
SM-31-P2,30,478600.11,2036846.19,-8.67
SM-31-P2,30,478600.11,2036846.19,-23.745
SM-31-P2,30,478600.11,2036846.19,-36.345
SM-31-P2,30,478600.11,2036846.19,-37.92
SM-31-P2,30,478600.11,2036846.19,-38.595
SM-27-P2,30,478831.45,2037198.64,-16.225
SM-59-P1,30,477834.91,2037045.31,-17.655
SM-105-P2,30,,,-25.2
SM-105-P2,30,,,-29.925
SM-105-P2,30,,,-35.1
SM-105-P2,30,,,-39.375
SM-105-P2,30,,,-53.55
SM-105-P2,30,,,-96.75
SM-105-P2,30,,,-102.375
SM-49-P1,30,477572.34,2038055.4,-20.405
SM-04-B1,30,479321.627,2036184.495,-17.5495
SM-45-P1,30,477444.49,2038334.58,-0.835
SM-45-P1,30,477444.49,2038334.58,-10.285
SM-45-P1,30,477444.49,2038334.58,-12.085
SM-45-P1,30,477444.49,2038334.58,-16.585
SM-45-P1,30,477444.49,2038334.58,-20.185
SM-45-P1,30,477444.49,2038334.58,-35.035
SM-45-P1,30,477444.49,2038334.58,-38.185
SM-17-P2,30,479997.31,2036524.08,-35.005
SM-17-P2,30,479997.31,2036524.08,-42.88
SM-08-B2,30,480108.48,2037238.9,-23.675
SM-08-B2,30,480108.48,2037238.9,-33.575
SM-60-P1,30,477583.84,2036816.3,-16.705
SM-60-P1,30,477583.84,2036816.3,-17.38
SM-60-P1,30,477583.84,2036816.3,-23.68
SM-18-P1,30,477502.42,2036933.38,-43.995
SM-18-P1,30,477502.42,2036933.38,-45.345
SM-18-P1,30,477502.42,2036933.38,-46.695
SM-18-P1,30,477502.42,2036933.38,-52.77
SM-09-B1,10,477265.19,2036624.23,-5.74
SM-67-P1,30,477857.4,2036377.24,-34.145
SM-67-P1,30,477857.4,2036377.24,-35.945
SM-35 P2,30,,,-26.775
SM-62 P2,30,,,-24.975
SM-72-P2,30,479543.59,2036219.22,-12.31
SM-72-P2,30,479543.59,2036219.22,-13.21
SM-72-P2,30,479543.59,2036219.22,-16.36
SM-72-P2,30,479543.59,2036219.22,-17.485
SM-72-P2,30,479543.59,2036219.22,-20.185
SM-72-P2,30,479543.59,2036219.22,-20.86
SM-02-B1,30,479959.6533,2036162.012,-19.606
SM-51-P1,30,477639.95,2037631.92,-1.425
SM-51-P1,30,477639.95,2037631.92,-21.675
SM-51-P1,30,477639.95,2037631.92,-45.75
SM-51-P1,30,477639.95,2037631.92,-46.2
SM-51-P1,30,477639.95,2037631.92,-48.225
SM-51-P1,30,477639.95,2037631.92,-50.475
SM-51-P1,30,477639.95,2037631.92,-54.075
SM-36-P2,30,478362.19,2036503.28,1.52
SM-36-P2,30,478362.19,2036503.28,-31.555
SM-10-B2,30,480515.3,2036275.1,-19.355
SM-10-B2,30,480515.3,2036275.1,-34.205
SM-07-B1,30,477905.7673,2036203.22,-23.8914
SM-55-P2,30,479329.18,2037687.79,-14.89
SM-55-P2,30,479329.18,2037687.79,-22.54
SM-55-P2,30,479329.18,2037687.79,-32.665
SM-13-P2,30,478456.28,2037422.21,-19.76
SM-25-P2,30,479793.28,2037531.65,-16.475
SM-66-P1,30,477629.99,2036277.02,-22.065
SM-52-P1,30,478098.81,2037573.26,-22.13
SM-52-P1,30,478098.81,2037573.26,-32.48
SM-10-B1,30,477226.3,2037121.54,-8.225
SM-53-P2,30,478414.1,2037512.4,-22.64
SM-53-P2,30,478414.1,2037512.4,-28.94
SM-53-P2,30,478414.1,2037512.4,-34.34
SM-14-P2,30,479685.63,2037378.89,-30.135
SM-14-P2,30,479685.63,2037378.89,-33.285
SM-14-P2,30,479685.63,2037378.89,-61.86
SM-37-P2,30,479213.08,2036499.92,1.265
SM-37-P2,30,479213.08,2036499.92,-25.285
SM-37-P2,30,479213.08,2036499.92,-26.635
SM-44-P1,30,477193.08,2038327.98,-1.675
SM-44-P1,30,477189.844,2038327.449,-1.725
SM-44-P1,30,477193.08,2038327.98,-4.375
SM-44-P1,30,477189.844,2038327.449,-4.425
SM-44-P1,30,477193.08,2038327.98,-8.425
SM-44-P1,30,477189.844,2038327.449,-8.475
SM-44-P1,30,477193.08,2038327.98,-13.6
SM-44-P1,30,477189.844,2038327.449,-13.65
SM-44-P1,30,477193.08,2038327.98,-26.875
SM-44-P1,30,477189.844,2038327.449,-26.925
SM-44-P1,30,477193.08,2038327.98,-28.225
SM-44-P1,30,477189.844,2038327.449,-28.275
SM-70-P3,30,481498.09,2036695.19,5.22
SM-70-P3,30,481498.09,2036695.19,-7.605
SM-70-P3,30,481498.09,2036695.19,-13.455
SM-70-P3,30,481498.09,2036695.19,-13.68
SM-70-P3,30,481498.09,2036695.19,-13.905
SM-47-P1,30,478006.01,2038293.04,5.755
SM-47-P1,30,478006.01,2038293.04,-11.12
SM-28 P2,30,,,-9.675
SM-28 P2,30,,,-22.05
SM-07-B2,30,,,-21.825
SM-07-B2,30,,,-25.65
SM-20-P1,30,477576.5,2038152.22,-0.54
SM-20-P1,30,477574.978,2038153.565,-0.61
SM-20-P1,30,477576.5,2038152.22,-3.465
SM-20-P1,30,477574.978,2038153.565,-3.535
SM-20-P1,30,477576.5,2038152.22,-6.84
SM-20-P1,30,477574.978,2038153.565,-6.91
SM-20-P1,30,477576.5,2038152.22,-7.515
SM-20-P1,30,477574.978,2038153.565,-7.585
SM-20-P1,30,477576.5,2038152.22,-16.515
SM-20-P1,30,477574.978,2038153.565,-16.585
SM-69-P2,30,478614.71,2036398.52,-21.115
SM-69-P2,30,478614.71,2036398.52,-49.915
SM-57-P1,30,477640.14,2037208.59,-17.325
SM-57-P1,30,477640.14,2037208.59,-29.925
SM-57-P1,30,477640.14,2037208.59,-31.275
SM-57-P1,30,477640.14,2037208.59,-34.65
SM-57-P1,30,477640.14,2037208.59,-35.1
SM-57-P1,30,477640.14,2037208.59,-35.775
SM-57-P1,30,477640.14,2037208.59,-36
SM-57-P1,30,477640.14,2037208.59,-36.225
SM-74-P3,30,480593.73,2036997.8,-32.81
SM-74-P3,30,480593.73,2036997.8,-34.16
SM-74-P3,30,480593.73,2036997.8,-39.56
SM-74-P3,30,480593.73,2036997.8,-42.935
SM-74-P3,30,480593.73,2036997.8,-47.435
SM-42-P1,30,477982.94,2038550.48,-2.695
SM-42-P1,30,477982.94,2038550.48,-5.395
SM-42-P1,30,477982.94,2038550.48,-6.745
SM-42-P1,30,477982.94,2038550.48,-12.145
SM-42-P1,30,477982.94,2038550.48,-12.82
SM-42-P1,30,477982.94,2038550.48,-13.27
SM-42-P1,30,477982.94,2038550.48,-16.42
SM-38-P2,30,479622.12,2036497.16,-29.96
SM-63-P1,30,477393.97,2036611.25,-26.74
SM-63-P1,30,477393.97,2036611.25,-35.515
SM-63-P1,30,477393.97,2036611.25,-37.315
SM-75-P1,30,477626.74,2037421.93,-21.535
SM-09-B2,30,480263.7,2036758.9,-13.355
SM-09-B2,30,480263.7,2036758.9,-22.355
SM-09-B2,30,480263.7,2036758.9,-27.98
SM-76-P3,30,481243.38,2036665.86,-27.715
SM-29-P2,30,479601.03,2037189.73,-22.305
SM-29-P2,30,479601.03,2037189.73,-39.63
SM-22-P2,30,478599.1,2037541.17,-20.54
SM-22-P2,30,478599.1,2037541.17,-22.115
SM-22-P2,30,478599.1,2037541.17,-31.115
SM-15-P2,30,479132.63,2036864.69,-14.715
SM-40-P1,29.5,477608.176,2038623.913,-7.63
SM-40-P1,29.5,477608.176,2038623.913,-9.88
SM-40-P1,29.5,477608.176,2038623.913,-20.68
SM-32-P2,29.5,479000.45,2036846.64,-32.34
SM-32-P2,29.5,479000.45,2036846.64,-34.59
SM-48-P1,29.5,477235.12,2038040.99,-2.54
SM-48-P1,29.5,477235.12,2038040.99,-7.49
SM-48-P1,29.5,477235.12,2038040.99,-20.99
SM-48-P1,29.5,477235.12,2038040.99,-21.89
SM-48-P1,29.5,477235.12,2038040.99,-22.34
SM-73-P2,29.5,480177.03,2036206.51,-30.1
SM-33-P2,29.5,479399.9,2036846.79,-17.01
SM-33-P2,29.5,479399.9,2036846.79,-18.36
SM-33-P2,29.5,479399.9,2036846.79,-20.61
SM-33-P2,29.5,479399.9,2036846.79,-24.21
SM-61-P1,29.5,478033.23,2036869.83,-34.66
SM-61-P1,29.5,478033.23,2036869.83,-39.61
SM-24-P2,29.5,479387.3,2037585.89,-17
SM-04-B2,29.5,478139.21,2037614.8,-15.97
SM-31-P2,29.5,478600.11,2036846.19,-38.37
SM-31-P2,29.5,478600.11,2036846.19,-38.82
SM-59-P1,29.5,477834.91,2037045.31,-17.88
SM-105-P2,29.5,,,-33.3
SM-105-P2,29.5,,,-38.7
SM-105-P2,29.5,,,-113.85
SM-45-P1,29.5,477444.49,2038334.58,-8.26
SM-45-P1,29.5,477444.49,2038334.58,-35.26
SM-45-P1,29.5,477444.49,2038334.58,-36.61
SM-17-P2,29.5,479997.31,2036524.08,-6.88
SM-18-P1,29.5,477502.42,2036933.38,-22.62
SM-18-P1,29.5,477502.42,2036933.38,-28.92
SM-18-P1,29.5,477502.42,2036933.38,-41.97
SM-18-P1,29.5,477502.42,2036933.38,-43.77
SM-67-P1,29.5,477857.4,2036377.24,-33.92
SM-62 P2,29.5,,,-22.95
SM-72-P2,29.5,479543.59,2036219.22,-5.56
SM-72-P2,29.5,479543.59,2036219.22,-17.71
SM-02-B1,29.5,479959.6533,2036162.012,1.094
SM-51-P1,29.5,477639.95,2037631.92,-16.05
SM-51-P1,29.5,477639.95,2037631.92,-48.45
SM-36-P2,29.5,478362.19,2036503.28,-18.73
SM-36-P2,29.5,478362.19,2036503.28,-26.38
SM-36-P2,29.5,478362.19,2036503.28,-31.33
SM-10-B2,29.5,480515.3,2036275.1,-22.73
SM-07-B1,29.5,477905.7673,2036203.22,-22.3164
SM-25-P2,29.5,479793.28,2037531.65,-20.3
SM-52-P1,29.5,478098.81,2037573.26,-20.78
SM-53-P2,29.5,478414.1,2037512.4,-30.29
SM-53-P2,29.5,478414.1,2037512.4,-35.69
SM-14-P2,29.5,479685.63,2037378.89,-66.81
SM-44-P1,29.5,477193.08,2038327.98,-3.25
SM-44-P1,29.5,477189.844,2038327.449,-3.3
SM-44-P1,29.5,477193.08,2038327.98,-8.2
SM-44-P1,29.5,477189.844,2038327.449,-8.25
SM-44-P1,29.5,477193.08,2038327.98,-28
SM-44-P1,29.5,477189.844,2038327.449,-28.05
SM-47-P1,29.5,478006.01,2038293.04,8.68
SM-47-P1,29.5,478006.01,2038293.04,6.43
SM-28 P2,29.5,,,-22.5
SM-28 P2,29.5,,,-43.2
SM-20-P1,29.5,477576.5,2038152.22,-0.99
SM-20-P1,29.5,477574.978,2038153.565,-1.06
SM-20-P1,29.5,477576.5,2038152.22,-17.19
SM-20-P1,29.5,477574.978,2038153.565,-17.26
SM-69-P2,29.5,478614.71,2036398.52,-21.34
SM-74-P3,29.5,480593.73,2036997.8,-40.01
SM-74-P3,29.5,480593.73,2036997.8,-42.71
SM-42-P1,29.5,477982.94,2038550.48,-5.62
SM-63-P1,29.5,477393.97,2036611.25,-37.54
SM-29-P2,29.5,479601.03,2037189.73,-36.03
SM-29-P2,29.5,479601.03,2037189.73,-37.38
SM-21-P3,29,481503.78,2037018.87,-31.935
SM-26-P2,29,478399.31,2037192.67,-27.915
SM-26-P2,29,478399.31,2037192.67,-29.49
SM-26-P2,29,478399.31,2037192.67,-32.64
SM-26-P2,29,478399.31,2037192.67,-34.44
SM-26-P2,29,478399.31,2037192.67,-41.865
SM-26-P2,29,478399.31,2037192.67,-43.215
SM-26-P2,29,478399.31,2037192.67,-45.24
SM-26-P2,29,478399.31,2037192.67,-48.39
SM-26-P2,29,478399.31,2037192.67,-58.74
SM-34-P2,29,479861.49,2036907.43,-23.09
SM-34-P2,29,479861.49,2036907.43,-24.215
SM-34-P2,29,479861.49,2036907.43,-31.415
SM-34-P2,29,479861.49,2036907.43,-31.64
SM-34-P2,29,479861.49,2036907.43,-31.865
SM-12-B1,29,477096.67,2038479.67,-23.145
SM-40-P1,29,477608.176,2038623.913,-1.105
SM-40-P1,29,477608.176,2038623.913,-1.33
SM-40-P1,29,477608.176,2038623.913,-1.555
SM-40-P1,29,477608.176,2038623.913,-6.505
SM-40-P1,29,477608.176,2038623.913,-11.005
SM-40-P1,29,477608.176,2038623.913,-20.455
SM-03-B1,29,479599.92,2035977.75,-15.135
SM-11-B1,29,477167.57,2037681.46,1.855
SM-11-B1,29,477167.57,2037681.46,-30.095
SM-41-P1,29,477763.79,2038599.78,-2.57
SM-41-P1,29,477763.79,2038599.78,-8.645
SM-41-P1,29,477763.79,2038599.78,-33.845
SM-32-P2,29,479000.45,2036846.64,-17.04
SM-32-P2,29,479000.45,2036846.64,-20.19
SM-32-P2,29,479000.45,2036846.64,-31.665
SM-32-P2,29,479000.45,2036846.64,-35.04
SM-65-P1,29,477374.93,2036265.02,-4.715
SM-65-P1,29,477374.93,2036265.02,-17.54
SM-65-P1,29,477374.93,2036265.02,-17.99
SM-65-P1,29,477374.93,2036265.02,-31.715
SM-48-P1,29,477235.12,2038040.99,-1.64
SM-48-P1,29,477235.12,2038040.99,-2.99
SM-48-P1,29,477235.12,2038040.99,-20.315
SM-48-P1,29,477235.12,2038040.99,-21.665
SM-48-P1,29,477235.12,2038040.99,-22.565
SM-48-P1,29,477235.12,2038040.99,-30.215
SM-30-P2,29,480015.16,2037202.47,-25.34
SM-68 P2,29,,,-28.575
SM-39-P2,29,480204.54,2036551.45,-26.005
SM-06-B2,29,,,-21.825
SM-06-B2,29,,,-22.05
SM-06-B2,29,,,-22.275
SM-16-P2,29,478795.23,2036506.72,-42.005
SM-54-P2,29,478894.52,2037846.9,-16.305
SM-54-P2,29,478894.52,2037846.9,-25.08
SM-54-P2,29,478894.52,2037846.9,-28.005
SM-33-P2,29,479399.9,2036846.79,-16.785
SM-33-P2,29,479399.9,2036846.79,-30.06
SM-61-P1,29,478033.23,2036869.83,-7.435
SM-61-P1,29,478033.23,2036869.83,-34.885
SM-24-P2,29,479387.3,2037585.89,-20.375
SM-24-P2,29,479387.3,2037585.89,-28.475
SM-04-B2,29,478139.21,2037614.8,-13.495
SM-31-P2,29,478600.11,2036846.19,-16.995
SM-31-P2,29,478600.11,2036846.19,-30.495
SM-31-P2,29,478600.11,2036846.19,-34.995
SM-31-P2,29,478600.11,2036846.19,-38.145
SM-31-P2,29,478600.11,2036846.19,-39.045
SM-27-P2,29,478831.45,2037198.64,-19.6
SM-27-P2,29,478831.45,2037198.64,-20.05
SM-27-P2,29,478831.45,2037198.64,-21.175
SM-59-P1,29,477834.91,2037045.31,-8.88
SM-59-P1,29,477834.91,2037045.31,-18.105
SM-23-P2,29,478975.93,2037540.89,-30.495
SM-105-P2,29,,,-29.25
SM-105-P2,29,,,-42.525
SM-105-P2,29,,,-45.675
SM-105-P2,29,,,-70.875
SM-105-P2,29,,,-96.525
SM-105-P2,29,,,-107.55
SM-49-P1,29,477572.34,2038055.4,-20.18
SM-04-B1,29,479321.627,2036184.495,-19.3495
SM-45-P1,29,477444.49,2038334.58,-5.11
SM-45-P1,29,477444.49,2038334.58,-10.51
SM-45-P1,29,477444.49,2038334.58,-14.785
SM-45-P1,29,477444.49,2038334.58,-32.335
SM-45-P1,29,477444.49,2038334.58,-35.485
SM-17-P2,29,479997.31,2036524.08,-17.455
SM-17-P2,29,479997.31,2036524.08,-17.68
SM-17-P2,29,479997.31,2036524.08,-17.905
SM-17-P2,29,479997.31,2036524.08,-31.405
SM-17-P2,29,479997.31,2036524.08,-32.755
SM-08-B2,29,480108.48,2037238.9,-27.275
SM-08-B2,29,480108.48,2037238.9,-27.5
SM-08-B2,29,480108.48,2037238.9,-27.725
SM-08-B2,29,480108.48,2037238.9,-37.625
SM-18-P1,29,477502.42,2036933.38,-18.57
SM-18-P1,29,477502.42,2036933.38,-25.545
SM-18-P1,29,477502.42,2036933.38,-43.545
SM-67-P1,29,477857.4,2036377.24,3.655
SM-67-P1,29,477857.4,2036377.24,-31.895
SM-67-P1,29,477857.4,2036377.24,-33.695
SM-67-P1,29,477857.4,2036377.24,-44.045
SM-67-P1,29,477857.4,2036377.24,-45.395
SM-05-B1,0,478828.2306,2036140.498,-11.018
SM-05-B1,0,478828.2306,2036140.498,-11.243
SM-05-B1,0,478828.2306,2036140.498,-11.468
SM-35 P2,29,,,-19.125
SM-62 P2,29,,,-11.925
SM-62 P2,29,,,-20.925
SM-62 P2,29,,,-22.275
SM-62 P2,29,,,-31.275
SM-72-P2,29,479543.59,2036219.22,-12.535
SM-72-P2,29,479543.59,2036219.22,-17.935
SM-72-P2,29,479543.59,2036219.22,-18.61
SM-02-B1,29,479959.6533,2036162.012,-20.731
SM-02-B1,29,479959.6533,2036162.012,-22.081
SM-02-B1,29,479959.6533,2036162.012,-22.306
SM-02-B1,29,479959.6533,2036162.012,-22.531
SM-02-B1,29,479959.6533,2036162.012,-23.206
SM-02-B1,29,479959.6533,2036162.012,-28.156
SM-19-P1,29,477471.6,2036261.55,-16.395
SM-19-P1,29,477471.6,2036261.55,-32.595
SM-19-P1,29,477471.6,2036261.55,-38.67
SM-51-P1,29,477639.95,2037631.92,-1.65
SM-51-P1,29,477639.95,2037631.92,-27.975
SM-51-P1,29,477639.95,2037631.92,-45.975
SM-51-P1,29,477639.95,2037631.92,-46.65
SM-51-P1,29,477639.95,2037631.92,-48.675
SM-51-P1,29,477639.95,2037631.92,-50.25
SM-51-P1,29,477639.95,2037631.92,-51.375
SM-51-P1,29,477639.95,2037631.92,-52.275
SM-51-P1,29,477639.95,2037631.92,-56.55
SM-36-P2,29,478362.19,2036503.28,2.195
SM-36-P2,29,478362.19,2036503.28,-21.205
SM-36-P2,29,478362.19,2036503.28,-31.105
SM-10-B2,29,480515.3,2036275.1,-8.33
SM-10-B2,29,480515.3,2036275.1,-18.005
SM-10-B2,29,480515.3,2036275.1,-29.03
SM-07-B1,29,477905.7673,2036203.22,-20.7414
SM-55-P2,29,479329.18,2037687.79,-22.99
SM-55-P2,29,479329.18,2037687.79,-23.665
SM-55-P2,29,479329.18,2037687.79,-23.89
SM-55-P2,29,479329.18,2037687.79,-24.115
SM-55-P2,29,479329.18,2037687.79,-36.265
SM-55-P2,29,479329.18,2037687.79,-38.065
SM-55-P2,29,479329.18,2037687.79,-44.815
SM-25-P2,29,479793.28,2037531.65,0.85
SM-25-P2,29,479793.28,2037531.65,-21.2
SM-10-B1,29,477226.3,2037121.54,-7.325
SM-10-B1,29,477226.3,2037121.54,-8
SM-10-B1,29,477226.3,2037121.54,-8.45
SM-53-P2,29,478414.1,2037512.4,-22.415
SM-53-P2,29,478414.1,2037512.4,-23.09
SM-53-P2,29,478414.1,2037512.4,-24.215
SM-53-P2,29,478414.1,2037512.4,-25.565
SM-53-P2,29,478414.1,2037512.4,-27.365
SM-53-P2,29,478414.1,2037512.4,-33.89
SM-53-P2,29,478414.1,2037512.4,-34.79
SM-14-P2,29,479685.63,2037378.89,-27.435
SM-14-P2,29,479685.63,2037378.89,-28.56
SM-14-P2,29,479685.63,2037378.89,-38.235
SM-14-P2,29,479685.63,2037378.89,-40.035
SM-14-P2,29,479685.63,2037378.89,-41.835
SM-37-P2,29,479213.08,2036499.92,-15.61
SM-37-P2,29,479213.08,2036499.92,-16.06
SM-37-P2,29,479213.08,2036499.92,-21.01
SM-37-P2,29,479213.08,2036499.92,-29.785
SM-44-P1,29,477193.08,2038327.98,3.275
SM-44-P1,29,477189.844,2038327.449,3.225
SM-44-P1,29,477193.08,2038327.98,-7.3
SM-44-P1,29,477189.844,2038327.449,-7.35
SM-44-P1,29,477193.08,2038327.98,-7.975
SM-44-P1,29,477189.844,2038327.449,-8.025
SM-44-P1,29,477193.08,2038327.98,-13.375
SM-44-P1,29,477189.844,2038327.449,-13.425
SM-44-P1,29,477193.08,2038327.98,-27.775
SM-44-P1,29,477189.844,2038327.449,-27.825
SM-28 P2,29,,,-31.05
SM-28 P2,29,,,-41.85
SM-20-P1,29,477576.5,2038152.22,-2.565
SM-20-P1,29,477574.978,2038153.565,-2.635
SM-20-P1,29,477576.5,2038152.22,-7.29
SM-20-P1,29,477574.978,2038153.565,-7.36
SM-69-P2,29,478614.71,2036398.52,-21.565
SM-69-P2,29,478614.71,2036398.52,-23.815
SM-69-P2,29,478614.71,2036398.52,-27.865
SM-69-P2,29,478614.71,2036398.52,-31.015
SM-57-P1,29,477640.14,2037208.59,-19.8
SM-57-P1,29,477640.14,2037208.59,-38.025
SM-57-P1,29,477640.14,2037208.59,-38.925
SM-74-P3,29,480593.73,2036997.8,-42.485
SM-74-P3,29,480593.73,2036997.8,-43.61
SM-74-P3,29,480593.73,2036997.8,-44.285
SM-74-P3,29,480593.73,2036997.8,-45.635
SM-42-P1,29,477982.94,2038550.48,-0.895
SM-42-P1,29,477982.94,2038550.48,-1.12
SM-42-P1,29,477982.94,2038550.48,-1.345
SM-42-P1,29,477982.94,2038550.48,-2.92
SM-42-P1,29,477982.94,2038550.48,-5.845
SM-42-P1,29,477982.94,2038550.48,-13.045
SM-42-P1,29,477982.94,2038550.48,-13.72
SM-42-P1,29,477982.94,2038550.48,-18.445
SM-38-P2,29,479622.12,2036497.16,-30.185
SM-63-P1,29,477393.97,2036611.25,-13.915
SM-63-P1,29,477393.97,2036611.25,-15.04
SM-63-P1,29,477393.97,2036611.25,-37.765
SM-63-P1,29,477393.97,2036611.25,-39.115
SM-63-P1,29,477393.97,2036611.25,-44.74
SM-09-B2,29,480263.7,2036758.9,-4.805
SM-09-B2,29,480263.7,2036758.9,-14.705
SM-09-B2,29,480263.7,2036758.9,-16.28
SM-09-B2,29,480263.7,2036758.9,-19.205
SM-76-P3,29,481243.38,2036665.86,5.135
SM-76-P3,29,481243.38,2036665.86,-19.165
SM-29-P2,29,479601.03,2037189.73,-22.53
SM-29-P2,29,479601.03,2037189.73,-33.555
SM-22-P2,29,478599.1,2037541.17,-29.765
SM-15-P2,29,479132.63,2036864.69,-15.84
SM-21-P3,28.5,481503.78,2037018.87,-32.16
SM-21-P3,28.5,481503.78,2037018.87,-34.41
SM-21-P3,28.5,481503.78,2037018.87,-45.21
SM-26-P2,28.5,478399.31,2037192.67,-41.64
SM-34-P2,28.5,479861.49,2036907.43,-43.34
SM-40-P1,28.5,477608.176,2038623.913,-4.48
SM-40-P1,28.5,477608.176,2038623.913,-6.73
SM-03-B1,28.5,479599.92,2035977.75,-15.81
SM-41-P1,28.5,477763.79,2038599.78,-6.62
SM-32-P2,28.5,479000.45,2036846.64,-15.69
SM-65-P1,28.5,477374.93,2036265.02,3.16
SM-65-P1,28.5,477374.93,2036265.02,-5.39
SM-65-P1,28.5,477374.93,2036265.02,-19.34
SM-65-P1,28.5,477374.93,2036265.02,-31.49
SM-48-P1,28.5,477235.12,2038040.99,-29.09
SM-68 P2,28.5,,,-28.8
SM-39-P2,28.5,480204.54,2036551.45,-25.78
SM-33-P2,28.5,479399.9,2036846.79,-16.11
SM-33-P2,28.5,479399.9,2036846.79,-20.16
SM-61-P1,28.5,478033.23,2036869.83,-7.66
SM-61-P1,28.5,478033.23,2036869.83,-19.36
SM-61-P1,28.5,478033.23,2036869.83,-20.26
SM-24-P2,28.5,479387.3,2037585.89,-16.1
SM-24-P2,28.5,479387.3,2037585.89,-22.85
SM-31-P2,28.5,478600.11,2036846.19,-34.77
SM-31-P2,28.5,478600.11,2036846.19,-36.57
SM-31-P2,28.5,478600.11,2036846.19,-39.27
SM-31-P2,28.5,478600.11,2036846.19,-41.97
SM-59-P1,28.5,477834.91,2037045.31,-18.33
SM-59-P1,28.5,477834.91,2037045.31,-35.88
SM-105-P2,28.5,,,-27
SM-105-P2,28.5,,,-30.15
SM-105-P2,28.5,,,-34.2
SM-105-P2,28.5,,,-39.6
SM-105-P2,28.5,,,-54
SM-105-P2,28.5,,,-94.05
SM-105-P2,28.5,,,-103.5
SM-105-P2,28.5,,,-111.15
SM-45-P1,28.5,477444.49,2038334.58,-15.91
SM-45-P1,28.5,477444.49,2038334.58,-18.16
SM-18-P1,28.5,477502.42,2036933.38,-53.22
SM-62 P2,28.5,,,-23.4
SM-72-P2,28.5,479543.59,2036219.22,-20.41
SM-02-B1,28.5,479959.6533,2036162.012,-20.506
SM-19-P1,28.5,477471.6,2036261.55,-17.07
SM-51-P1,28.5,477639.95,2037631.92,-51.6
SM-51-P1,28.5,477639.95,2037631.92,-52.05
SM-51-P1,28.5,477639.95,2037631.92,-57
SM-36-P2,28.5,478362.19,2036503.28,-20.98
SM-36-P2,28.5,478362.19,2036503.28,-24.13
SM-07-B1,28.5,477905.7673,2036203.22,-18.2664
SM-07-B1,28.5,477905.7673,2036203.22,-23.6664
SM-55-P2,28.5,479329.18,2037687.79,-24.79
SM-25-P2,28.5,479793.28,2037531.65,-14
SM-25-P2,28.5,479793.28,2037531.65,-14.45
SM-25-P2,28.5,479793.28,2037531.65,-21.65
SM-66-P1,28.5,477629.99,2036277.02,-25.44
SM-10-B1,28.5,477226.3,2037121.54,-7.55
SM-53-P2,28.5,478414.1,2037512.4,-22.19
SM-53-P2,28.5,478414.1,2037512.4,-31.19
SM-53-P2,28.5,478414.1,2037512.4,-32.99
SM-53-P2,28.5,478414.1,2037512.4,-39.74
SM-14-P2,28.5,479685.63,2037378.89,-62.31
SM-37-P2,28.5,479213.08,2036499.92,-27.31
SM-37-P2,28.5,479213.08,2036499.92,-28.21
SM-44-P1,28.5,477193.08,2038327.98,3.5
SM-44-P1,28.5,477189.844,2038327.449,3.45
SM-70-P3,28.5,481498.09,2036695.19,-7.83
SM-07-B2,28.5,,,-23.85
SM-01-B1,28.5,480286.37,2036030.34,-6.78
SM-20-P1,28.5,477576.5,2038152.22,-1.89
SM-20-P1,28.5,477574.978,2038153.565,-1.96
SM-69-P2,28.5,478614.71,2036398.52,-20.89
SM-69-P2,28.5,478614.71,2036398.52,-27.19
SM-69-P2,28.5,478614.71,2036398.52,-31.24
SM-74-P3,28.5,480593.73,2036997.8,-45.41
SM-63-P1,28.5,477393.97,2036611.25,-22.69
SM-63-P1,28.5,477393.97,2036611.25,-38.89
SM-21-P3,28,481503.78,2037018.87,-31.71
SM-21-P3,28,481503.78,2037018.87,-32.385
SM-21-P3,28,481503.78,2037018.87,-32.61
SM-21-P3,28,481503.78,2037018.87,-32.835
SM-21-P3,28,481503.78,2037018.87,-58.485
SM-26-P2,28,478399.31,2037192.67,-29.265
SM-26-P2,28,478399.31,2037192.67,-30.615
SM-26-P2,28,478399.31,2037192.67,-31.965
SM-26-P2,28,478399.31,2037192.67,-33.315
SM-26-P2,28,478399.31,2037192.67,-33.99
SM-26-P2,28,478399.31,2037192.67,-34.665
SM-26-P2,28,478399.31,2037192.67,-41.415
SM-26-P2,28,478399.31,2037192.67,-48.615
SM-26-P2,28,478399.31,2037192.67,-59.64
SM-34-P2,28,479861.49,2036907.43,-41.315
SM-12-B1,28,477096.67,2038479.67,-6.72
SM-40-P1,28,477608.176,2038623.913,-6.955
SM-40-P1,28,477608.176,2038623.913,-7.18
SM-40-P1,28,477608.176,2038623.913,-7.405
SM-40-P1,28,477608.176,2038623.913,-9.205
SM-40-P1,28,477608.176,2038623.913,-33.955
SM-40-P1,28,477608.176,2038623.913,-37.105
SM-03-B1,28,479599.92,2035977.75,-20.985
SM-11-B1,28,477167.57,2037681.46,3.655
SM-41-P1,28,477763.79,2038599.78,-0.995
SM-41-P1,28,477763.79,2038599.78,-22.145
SM-41-P1,28,477763.79,2038599.78,-32.495
SM-41-P1,28,477763.79,2038599.78,-32.72
SM-41-P1,28,477763.79,2038599.78,-32.945
SM-32-P2,28,479000.45,2036846.64,-8.715
SM-32-P2,28,479000.45,2036846.64,-26.04
SM-32-P2,28,479000.45,2036846.64,-28.965
SM-32-P2,28,479000.45,2036846.64,-31.44
SM-32-P2,28,479000.45,2036846.64,-31.89
SM-65-P1,28,477374.93,2036265.02,-17.09
SM-65-P1,28,477374.93,2036265.02,-31.265
SM-65-P1,28,477374.93,2036265.02,-33.515
SM-48-P1,28,477235.12,2038040.99,2.185
SM-48-P1,28,477235.12,2038040.99,1.285
SM-48-P1,28,477235.12,2038040.99,-0.065
SM-48-P1,28,477235.12,2038040.99,-7.94
SM-48-P1,28,477235.12,2038040.99,-29.99
SM-30-P2,28,480015.16,2037202.47,-20.39
SM-73-P2,28,480177.03,2036206.51,-26.275
SM-68 P2,28,,,-21.15
SM-68 P2,28,,,-21.825
SM-68 P2,28,,,-29.025
SM-58-P1,28,478010.84,2037201.06,-8.325
SM-58-P1,28,478010.84,2037201.06,-17.775
SM-39-P2,28,480204.54,2036551.45,-17.455
SM-39-P2,28,480204.54,2036551.45,-25.555
SM-16-P2,28,478795.23,2036506.72,-26.255
SM-54-P2,28,478894.52,2037846.9,-21.705
SM-54-P2,28,478894.52,2037846.9,-22.605
SM-54-P2,28,478894.52,2037846.9,-26.205
SM-54-P2,28,478894.52,2037846.9,-29.355
SM-54-P2,28,478894.52,2037846.9,-29.58
SM-54-P2,28,478894.52,2037846.9,-29.805
SM-33-P2,28,479399.9,2036846.79,-15.66
SM-33-P2,28,479399.9,2036846.79,-16.56
SM-33-P2,28,479399.9,2036846.79,-18.135
SM-33-P2,28,479399.9,2036846.79,-19.71
SM-33-P2,28,479399.9,2036846.79,-21.735
SM-33-P2,28,479399.9,2036846.79,-26.235
SM-33-P2,28,479399.9,2036846.79,-30.285
SM-61-P1,28,478033.23,2036869.83,-7.885
SM-61-P1,28,478033.23,2036869.83,-19.81
SM-24-P2,28,479387.3,2037585.89,-16.775
SM-24-P2,28,479387.3,2037585.89,-17.45
SM-24-P2,28,479387.3,2037585.89,-19.025
SM-04-B2,28,478139.21,2037614.8,-15.745
SM-50-P1,28,477300,2037635,-0.19
SM-50-P1,28,477300,2037635,-32.815
SM-31-P2,28,478600.11,2036846.19,-21.72
SM-31-P2,28,478600.11,2036846.19,-34.545
SM-31-P2,28,478600.11,2036846.19,-39.495
SM-27-P2,28,478831.45,2037198.64,-17.8
SM-27-P2,28,478831.45,2037198.64,-18.25
SM-27-P2,28,478831.45,2037198.64,-27.025
SM-59-P1,28,477834.91,2037045.31,-5.73
SM-59-P1,28,477834.91,2037045.31,-18.555
SM-59-P1,28,477834.91,2037045.31,-19.455
SM-59-P1,28,477834.91,2037045.31,-29.805
SM-23-P2,28,478975.93,2037540.89,-24.42
SM-23-P2,28,478975.93,2037540.89,-30.72
SM-105-P2,28,,,-24.975
SM-105-P2,28,,,-36.225
SM-105-P2,28,,,-40.725
SM-105-P2,28,,,-42.75
SM-105-P2,28,,,-68.175
SM-105-P2,28,,,-91.35
SM-105-P2,28,,,-106.875
SM-105-P2,28,,,-108.225
SM-105-P2,28,,,-119.475
SM-49-P1,28,477572.34,2038055.4,-7.355
SM-49-P1,28,477572.34,2038055.4,-19.955
SM-49-P1,28,477572.34,2038055.4,-23.105
SM-49-P1,28,477572.34,2038055.4,-26.705
SM-04-B1,28,479321.627,2036184.495,-20.2495
SM-45-P1,28,477444.49,2038334.58,2.99
SM-45-P1,28,477444.49,2038334.58,-6.235
SM-45-P1,28,477444.49,2038334.58,-10.735
SM-45-P1,28,477444.49,2038334.58,-12.31
SM-45-P1,28,477444.49,2038334.58,-34.81
SM-45-P1,28,477444.49,2038334.58,-36.385
SM-17-P2,28,479997.31,2036524.08,-7.105
SM-17-P2,28,479997.31,2036524.08,-21.505
SM-17-P2,28,479997.31,2036524.08,-24.205
SM-17-P2,28,479997.31,2036524.08,-36.13
SM-17-P2,28,479997.31,2036524.08,-70.555
SM-60-P1,28,477583.84,2036816.3,-21.205
SM-18-P1,28,477502.42,2036933.38,-19.245
SM-18-P1,28,477502.42,2036933.38,-26.445
SM-18-P1,28,477502.42,2036933.38,-26.67
SM-18-P1,28,477502.42,2036933.38,-26.895
SM-18-P1,28,477502.42,2036933.38,-28.02
SM-67-P1,28,477857.4,2036377.24,-21.995
SM-67-P1,28,477857.4,2036377.24,-30.32
SM-67-P1,28,477857.4,2036377.24,-32.795
SM-67-P1,28,477857.4,2036377.24,-45.62
SM-35 P2,28,,,-29.925
SM-62 P2,28,,,-5.625
SM-62 P2,28,,,-6.975
SM-62 P2,28,,,-38.025
SM-72-P2,28,479543.59,2036219.22,-4.885
SM-72-P2,28,479543.59,2036219.22,-18.16
SM-02-B1,28,479959.6533,2036162.012,-8.581
SM-02-B1,28,479959.6533,2036162.012,-20.281
SM-51-P1,28,477639.95,2037631.92,-1.875
SM-51-P1,28,477639.95,2037631.92,-21.45
SM-51-P1,28,477639.95,2037631.92,-28.875
SM-51-P1,28,477639.95,2037631.92,-33.15
SM-51-P1,28,477639.95,2037631.92,-50.025
SM-51-P1,28,477639.95,2037631.92,-50.7
SM-51-P1,28,477639.95,2037631.92,-51.825
SM-51-P1,28,477639.95,2037631.92,-52.5
SM-36-P2,28,478362.19,2036503.28,-16.705
SM-36-P2,28,478362.19,2036503.28,-16.93
SM-36-P2,28,478362.19,2036503.28,-17.155
SM-36-P2,28,478362.19,2036503.28,-18.955
SM-36-P2,28,478362.19,2036503.28,-20.755
SM-36-P2,28,478362.19,2036503.28,-26.155
SM-36-P2,28,478362.19,2036503.28,-28.855
SM-10-B2,28,480515.3,2036275.1,-6.755
SM-10-B2,28,480515.3,2036275.1,-7.655
SM-07-B1,28,477905.7673,2036203.22,-7.0164
SM-55-P2,28,479329.18,2037687.79,-16.24
SM-55-P2,28,479329.18,2037687.79,-19.39
SM-55-P2,28,479329.18,2037687.79,-22.09
SM-55-P2,28,479329.18,2037687.79,-31.09
SM-06-B1,28,478330.36,2036080.3,-18.105
SM-06-B1,28,478330.36,2036080.3,-18.33
SM-06-B1,28,478330.36,2036080.3,-18.555
SM-66-P1,28,477629.99,2036277.02,-20.04
SM-52-P1,28,478098.81,2037573.26,-3.905
SM-52-P1,28,478098.81,2037573.26,-17.405
SM-52-P1,28,478098.81,2037573.26,-19.205
SM-10-B1,28,477226.3,2037121.54,-7.775
SM-10-B1,28,477226.3,2037121.54,-8.675
SM-10-B1,28,477226.3,2037121.54,-10.925
SM-53-P2,28,478414.1,2037512.4,-21.965
SM-53-P2,28,478414.1,2037512.4,-47.165
SM-53-P2,28,478414.1,2037512.4,-51.215
SM-14-P2,28,479685.63,2037378.89,-38.46
SM-14-P2,28,479685.63,2037378.89,-39.81
SM-14-P2,28,479685.63,2037378.89,-41.61
SM-14-P2,28,479685.63,2037378.89,-64.11
SM-14-P2,28,479685.63,2037378.89,-71.535
SM-37-P2,28,479213.08,2036499.92,-14.935
SM-37-P2,28,479213.08,2036499.92,-29.11
SM-44-P1,28,477193.08,2038327.98,3.725
SM-44-P1,28,477189.844,2038327.449,3.675
SM-44-P1,28,477193.08,2038327.98,-8.65
SM-44-P1,28,477189.844,2038327.449,-8.7
SM-44-P1,28,477193.08,2038327.98,-27.1
SM-44-P1,28,477189.844,2038327.449,-27.15
SM-70-P3,28,481498.09,2036695.19,-3.555
SM-70-P3,28,481498.09,2036695.19,-8.28
SM-47-P1,28,478006.01,2038293.04,8.905
SM-47-P1,28,478006.01,2038293.04,2.155
SM-28 P2,28,,,-16.2
SM-28 P2,28,,,-20.025
SM-28 P2,28,,,-24.525
SM-28 P2,28,,,-42.975
SM-07-B2,28,,,-22.05
SM-07-B2,28,,,-25.875
SM-01-B1,28,480286.37,2036030.34,-9.705
SM-20-P1,28,477576.5,2038152.22,-0.765
SM-20-P1,28,477574.978,2038153.565,-0.835
SM-20-P1,28,477576.5,2038152.22,-7.065
SM-20-P1,28,477574.978,2038153.565,-7.135
SM-20-P1,28,477576.5,2038152.22,-10.89
SM-20-P1,28,477574.978,2038153.565,-10.96
SM-20-P1,28,477576.5,2038152.22,-15.84
SM-20-P1,28,477574.978,2038153.565,-15.91
SM-20-P1,28,477576.5,2038152.22,-32.715
SM-20-P1,28,477574.978,2038153.565,-32.785
SM-69-P2,28,478614.71,2036398.52,-19.315
SM-69-P2,28,478614.71,2036398.52,-31.465
SM-57-P1,28,477640.14,2037208.59,2.25
SM-57-P1,28,477640.14,2037208.59,-37.8
SM-74-P3,28,480593.73,2036997.8,-30.335
SM-74-P3,28,480593.73,2036997.8,-44.06
SM-74-P3,28,480593.73,2036997.8,-44.51
SM-74-P3,28,480593.73,2036997.8,-45.185
SM-42-P1,28,477982.94,2038550.48,-3.145
SM-42-P1,28,477982.94,2038550.48,-14.845
SM-63-P1,28,477393.97,2036611.25,-34.165
SM-63-P1,28,477393.97,2036611.25,-34.39
SM-63-P1,28,477393.97,2036611.25,-34.615
SM-63-P1,28,477393.97,2036611.25,-35.29
SM-63-P1,28,477393.97,2036611.25,-38.665
SM-63-P1,28,477393.97,2036611.25,-40.69
SM-75-P1,28,477626.74,2037421.93,-22.885
SM-75-P1,28,477626.74,2037421.93,-23.785
SM-75-P1,28,477626.74,2037421.93,-37.285
SM-09-B2,28,480263.7,2036758.9,-15.605
SM-09-B2,28,480263.7,2036758.9,-19.43
SM-29-P2,28,479601.03,2037189.73,-22.755
SM-29-P2,28,479601.03,2037189.73,-40.755
SM-15-P2,28,479132.63,2036864.69,-14.49
SM-15-P2,28,479132.63,2036864.69,-17.415
SM-26-P2,27.5,478399.31,2037192.67,-27.69
SM-26-P2,27.5,478399.31,2037192.67,-42.99
SM-26-P2,27.5,478399.31,2037192.67,-51.99
SM-34-P2,27.5,479861.49,2036907.43,-38.39
SM-12-B1,27.5,477096.67,2038479.67,-22.92
SM-40-P1,27.5,477608.176,2038623.913,-3.13
SM-40-P1,27.5,477608.176,2038623.913,-9.43
SM-41-P1,27.5,477763.79,2038599.78,-7.97
SM-41-P1,27.5,477763.79,2038599.78,-33.62
SM-32-P2,27.5,479000.45,2036846.64,-29.19
SM-65-P1,27.5,477374.93,2036265.02,-22.94
SM-48-P1,27.5,477235.12,2038040.99,0.16
SM-73-P2,27.5,480177.03,2036206.51,-17.95
SM-58-P1,27.5,478010.84,2037201.06,-17.55
SM-54-P2,27.5,478894.52,2037846.9,-26.88
SM-33-P2,27.5,479399.9,2036846.79,-13.41
SM-61-P1,27.5,478033.23,2036869.83,-4.51
SM-31-P2,27.5,478600.11,2036846.19,-18.12
SM-31-P2,27.5,478600.11,2036846.19,-35.22
SM-31-P2,27.5,478600.11,2036846.19,-37.47
SM-105-P2,27.5,,,-32.4
SM-105-P2,27.5,,,-70.65
SM-49-P1,27.5,477572.34,2038055.4,-23.33
SM-04-B1,27.5,479321.627,2036184.495,-19.1245
SM-17-P2,27.5,479997.31,2036524.08,-57.28
SM-17-P2,27.5,479997.31,2036524.08,-70.33
SM-08-B2,27.5,480108.48,2037238.9,-26.6
SM-18-P1,27.5,477502.42,2036933.38,-24.42
SM-18-P1,27.5,477502.42,2036933.38,-44.67
SM-18-P1,27.5,477502.42,2036933.38,-46.47
SM-67-P1,27.5,477857.4,2036377.24,-43.82
SM-35 P2,27.5,,,-19.8
SM-35 P2,27.5,,,-24.3
SM-35 P2,27.5,,,-33.75
SM-62 P2,27.5,,,-22.05
SM-02-B1,27.5,479959.6533,2036162.012,-20.956
SM-51-P1,27.5,477639.95,2037631.92,-49.8
SM-51-P1,27.5,477639.95,2037631.92,-51.15
SM-36-P2,27.5,478362.19,2036503.28,-21.43
SM-36-P2,27.5,478362.19,2036503.28,-25.93
SM-10-B2,27.5,480515.3,2036275.1,-34.43
SM-55-P2,27.5,479329.18,2037687.79,-25.69
SM-06-B1,27.5,478330.36,2036080.3,-19.68
SM-52-P1,27.5,478098.81,2037573.26,-12.68
SM-53-P2,27.5,478414.1,2037512.4,-26.69
SM-53-P2,27.5,478414.1,2037512.4,-30.74
SM-53-P2,27.5,478414.1,2037512.4,-37.49
SM-14-P2,27.5,479685.63,2037378.89,-42.06
SM-14-P2,27.5,479685.63,2037378.89,-44.31
SM-44-P1,27.5,477193.08,2038327.98,-27.55
SM-44-P1,27.5,477189.844,2038327.449,-27.6
SM-47-P1,27.5,478006.01,2038293.04,8.23
SM-47-P1,27.5,478006.01,2038293.04,7.33
SM-47-P1,27.5,478006.01,2038293.04,-19.67
SM-07-B2,27.5,,,-24.75
SM-01-B1,27.5,480286.37,2036030.34,-9.48
SM-20-P1,27.5,477576.5,2038152.22,-3.24
SM-20-P1,27.5,477574.978,2038153.565,-3.31
SM-20-P1,27.5,477576.5,2038152.22,-16.29
SM-20-P1,27.5,477574.978,2038153.565,-16.36
SM-20-P1,27.5,477576.5,2038152.22,-16.74
SM-20-P1,27.5,477574.978,2038153.565,-16.81
SM-74-P3,27.5,480593.73,2036997.8,-31.91
SM-74-P3,27.5,480593.73,2036997.8,-42.26
SM-74-P3,27.5,480593.73,2036997.8,-44.96
SM-42-P1,27.5,477982.94,2038550.48,-23.62
SM-09-B2,27.5,480263.7,2036758.9,-15.83
SM-76-P3,27.5,481243.38,2036665.86,-38.74
SM-22-P2,27.5,478599.1,2037541.17,-29.99
SM-21-P3,27,481503.78,2037018.87,-31.485
SM-21-P3,27,481503.78,2037018.87,-34.185
SM-21-P3,27,481503.78,2037018.87,-41.385
SM-21-P3,27,481503.78,2037018.87,-44.985
SM-26-P2,27,478399.31,2037192.67,-33.09
SM-26-P2,27,478399.31,2037192.67,-33.54
SM-26-P2,27,478399.31,2037192.67,-34.89
SM-26-P2,27,478399.31,2037192.67,-36.015
SM-26-P2,27,478399.31,2037192.67,-37.365
SM-26-P2,27,478399.31,2037192.67,-44.565
SM-34-P2,27,479861.49,2036907.43,-19.715
SM-34-P2,27,479861.49,2036907.43,-40.19
SM-12-B1,27,477096.67,2038479.67,1.155
SM-40-P1,27,477608.176,2038623.913,-9.655
SM-11-B1,27,477167.57,2037681.46,-2.42
SM-41-P1,27,477763.79,2038599.78,-17.195
SM-41-P1,27,477763.79,2038599.78,-33.17
SM-32-P2,27,479000.45,2036846.64,-19.065
SM-32-P2,27,479000.45,2036846.64,-29.415
SM-32-P2,27,479000.45,2036846.64,-31.215
SM-32-P2,27,479000.45,2036846.64,-32.115
SM-65-P1,27,477374.93,2036265.02,2.035
SM-65-P1,27,477374.93,2036265.02,-6.515
SM-65-P1,27,477374.93,2036265.02,-17.765
SM-65-P1,27,477374.93,2036265.02,-31.04
SM-48-P1,27,477235.12,2038040.99,0.385
SM-48-P1,27,477235.12,2038040.99,-1.865
SM-48-P1,27,477235.12,2038040.99,-5.69
SM-48-P1,27,477235.12,2038040.99,-9.29
SM-48-P1,27,477235.12,2038040.99,-29.315
SM-48-P1,27,477235.12,2038040.99,-29.54
SM-48-P1,27,477235.12,2038040.99,-29.765
SM-73-P2,27,480177.03,2036206.51,-17.5
SM-68 P2,27,,,-33.975
SM-58-P1,27,478010.84,2037201.06,-11.025
SM-58-P1,27,478010.84,2037201.06,-17.325
SM-39-P2,27,480204.54,2036551.45,-17.23
SM-54-P2,27,478894.52,2037846.9,-21.48
SM-54-P2,27,478894.52,2037846.9,-27.33
SM-54-P2,27,478894.52,2037846.9,-28.23
SM-33-P2,27,479399.9,2036846.79,-16.335
SM-33-P2,27,479399.9,2036846.79,-20.835
SM-33-P2,27,479399.9,2036846.79,-29.61
SM-33-P2,27,479399.9,2036846.79,-30.51
SM-61-P1,27,478033.23,2036869.83,-26.11
SM-24-P2,27,479387.3,2037585.89,-16.55
SM-04-B2,27,478139.21,2037614.8,-3.145
SM-50-P1,27,477300,2037635,-13.915
SM-50-P1,27,477300,2037635,-18.19
SM-50-P1,27,477300,2037635,-27.865
SM-31-P2,27,478600.11,2036846.19,-7.995
SM-31-P2,27,478600.11,2036846.19,-20.145
SM-31-P2,27,478600.11,2036846.19,-36.795
SM-27-P2,27,478831.45,2037198.64,-16
SM-27-P2,27,478831.45,2037198.64,-19.825
SM-27-P2,27,478831.45,2037198.64,-27.25
SM-23-P2,27,478975.93,2037540.89,-25.095
SM-23-P2,27,478975.93,2037540.89,-30.945
SM-105-P2,27,,,-20.025
SM-105-P2,27,,,-25.65
SM-105-P2,27,,,-28.35
SM-105-P2,27,,,-30.375
SM-105-P2,27,,,-31.95
SM-105-P2,27,,,-33.075
SM-105-P2,27,,,-34.875
SM-105-P2,27,,,-39.825
SM-105-P2,27,,,-42.975
SM-105-P2,27,,,-45.45
SM-105-P2,27,,,-47.475
SM-105-P2,27,,,-56.25
SM-105-P2,27,,,-66.375
SM-105-P2,27,,,-109.8
SM-105-P2,27,,,-113.175
SM-105-P2,27,,,-113.4
SM-105-P2,27,,,-113.625
SM-49-P1,27,477572.34,2038055.4,-7.58
SM-49-P1,27,477572.34,2038055.4,-23.555
SM-04-B1,27,479321.627,2036184.495,-22.4995
SM-45-P1,27,477444.49,2038334.58,-26.485
SM-17-P2,27,479997.31,2036524.08,-14.98
SM-17-P2,27,479997.31,2036524.08,-16.555
SM-17-P2,27,479997.31,2036524.08,-21.28
SM-17-P2,27,479997.31,2036524.08,-42.205
SM-17-P2,27,479997.31,2036524.08,-70.105
SM-08-B2,27,480108.48,2037238.9,-29.975
SM-18-P1,27,477502.42,2036933.38,-17.445
SM-18-P1,27,477502.42,2036933.38,-19.47
SM-18-P1,27,477502.42,2036933.38,-29.145
SM-18-P1,27,477502.42,2036933.38,-45.12
SM-09-B1,9,477265.19,2036624.23,-5.965
SM-67-P1,27,477857.4,2036377.24,-39.545
SM-67-P1,27,477857.4,2036377.24,-40.445
SM-67-P1,27,477857.4,2036377.24,-45.845
SM-05-B1,0,478828.2306,2036140.498,-11.693
SM-35 P2,27,,,-30.15
SM-35 P2,27,,,-44.325
SM-62 P2,27,,,-4.275
SM-62 P2,27,,,-29.475
SM-72-P2,27,479543.59,2036219.22,-18.385
SM-72-P2,27,479543.59,2036219.22,-20.635
SM-02-B1,27,479959.6533,2036162.012,-18.031
SM-02-B1,27,479959.6533,2036162.012,-19.381
SM-02-B1,27,479959.6533,2036162.012,-23.881
SM-19-P1,27,477471.6,2036261.55,-33.945
SM-51-P1,27,477639.95,2037631.92,-0.75
SM-51-P1,27,477639.95,2037631.92,-46.875
SM-51-P1,27,477639.95,2037631.92,-49.575
SM-51-P1,27,477639.95,2037631.92,-52.725
SM-51-P1,27,477639.95,2037631.92,-52.95
SM-51-P1,27,477639.95,2037631.92,-53.175
SM-51-P1,27,477639.95,2037631.92,-53.85
SM-51-P1,27,477639.95,2037631.92,-56.1
SM-36-P2,27,478362.19,2036503.28,-11.305
SM-36-P2,27,478362.19,2036503.28,-15.355
SM-36-P2,27,478362.19,2036503.28,-19.18
SM-36-P2,27,478362.19,2036503.28,-22.105
SM-36-P2,27,478362.19,2036503.28,-25.705
SM-36-P2,27,478362.19,2036503.28,-28.63
SM-10-B2,27,480515.3,2036275.1,-5.855
SM-10-B2,27,480515.3,2036275.1,-15.755
SM-10-B2,27,480515.3,2036275.1,-27.905
SM-10-B2,27,480515.3,2036275.1,-29.705
SM-10-B2,27,480515.3,2036275.1,-32.855
SM-10-B2,27,480515.3,2036275.1,-39.155
SM-07-B1,27,477905.7673,2036203.22,-23.4414
SM-55-P2,27,479329.18,2037687.79,-31.765
SM-66-P1,27,477629.99,2036277.02,-20.715
SM-66-P1,27,477629.99,2036277.02,-20.94
SM-66-P1,27,477629.99,2036277.02,-21.165
SM-52-P1,27,478098.81,2037573.26,-1.655
SM-52-P1,27,478098.81,2037573.26,-21.905
SM-52-P1,27,478098.81,2037573.26,-32.255
SM-53-P2,27,478414.1,2037512.4,-9.59
SM-53-P2,27,478414.1,2037512.4,-23.315
SM-53-P2,27,478414.1,2037512.4,-23.99
SM-53-P2,27,478414.1,2037512.4,-28.265
SM-53-P2,27,478414.1,2037512.4,-34.115
SM-53-P2,27,478414.1,2037512.4,-41.315
SM-14-P2,27,479685.63,2037378.89,-27.21
SM-14-P2,27,479685.63,2037378.89,-27.66
SM-14-P2,27,479685.63,2037378.89,-28.335
SM-14-P2,27,479685.63,2037378.89,-38.685
SM-14-P2,27,479685.63,2037378.89,-38.91
SM-14-P2,27,479685.63,2037378.89,-39.135
SM-14-P2,27,479685.63,2037378.89,-39.36
SM-14-P2,27,479685.63,2037378.89,-39.585
SM-14-P2,27,479685.63,2037378.89,-40.26
SM-14-P2,27,479685.63,2037378.89,-41.385
SM-37-P2,27,479213.08,2036499.92,1.04
SM-37-P2,27,479213.08,2036499.92,-18.985
SM-44-P1,27,477193.08,2038327.98,-7.75
SM-44-P1,27,477189.844,2038327.449,-7.8
SM-47-P1,27,478006.01,2038293.04,-11.345
SM-07-B2,27,,,-20.925
SM-07-B2,27,,,-21.6
SM-07-B2,27,,,-26.55
SM-01-B1,27,480286.37,2036030.34,-4.305
SM-01-B1,27,480286.37,2036030.34,-9.255
SM-20-P1,27,477576.5,2038152.22,-2.34
SM-20-P1,27,477574.978,2038153.565,-2.41
SM-20-P1,27,477576.5,2038152.22,-2.79
SM-20-P1,27,477574.978,2038153.565,-2.86
SM-20-P1,27,477576.5,2038152.22,-22.59
SM-20-P1,27,477574.978,2038153.565,-22.66
SM-20-P1,27,477576.5,2038152.22,-38.115
SM-20-P1,27,477574.978,2038153.565,-38.185
SM-69-P2,27,478614.71,2036398.52,-20.665
SM-57-P1,27,477640.14,2037208.59,-37.575
SM-74-P3,27,480593.73,2036997.8,-28.085
SM-74-P3,27,480593.73,2036997.8,-28.31
SM-74-P3,27,480593.73,2036997.8,-28.535
SM-74-P3,27,480593.73,2036997.8,-29.435
SM-74-P3,27,480593.73,2036997.8,-30.56
SM-74-P3,27,480593.73,2036997.8,-39.335
SM-74-P3,27,480593.73,2036997.8,-43.835
SM-74-P3,27,480593.73,2036997.8,-44.735
SM-42-P1,27,477982.94,2038550.48,-2.47
SM-42-P1,27,477982.94,2038550.48,-4.495
SM-42-P1,27,477982.94,2038550.48,-6.52
SM-42-P1,27,477982.94,2038550.48,-11.92
SM-42-P1,27,477982.94,2038550.48,-13.945
SM-42-P1,27,477982.94,2038550.48,-15.07
SM-42-P1,27,477982.94,2038550.48,-20.47
SM-38-P2,27,479622.12,2036497.16,-27.035
SM-38-P2,27,479622.12,2036497.16,-32.435
SM-63-P1,27,477393.97,2036611.25,-34.84
SM-63-P1,27,477393.97,2036611.25,-39.79
SM-09-B2,27,480263.7,2036758.9,-16.055
SM-09-B2,27,480263.7,2036758.9,-19.655
SM-76-P3,27,481243.38,2036665.86,4.91
SM-76-P3,27,481243.38,2036665.86,-39.19
SM-29-P2,27,479601.03,2037189.73,-17.355
SM-29-P2,27,479601.03,2037189.73,-20.505
SM-29-P2,27,479601.03,2037189.73,-20.73
SM-29-P2,27,479601.03,2037189.73,-20.955
SM-29-P2,27,479601.03,2037189.73,-39.855
SM-15-P2,27,479132.63,2036864.69,-16.065
SM-26-P2,26.5,478399.31,2037192.67,-28.14
SM-26-P2,26.5,478399.31,2037192.67,-36.24
SM-34-P2,26.5,479861.49,2036907.43,-27.59
SM-34-P2,26.5,479861.49,2036907.43,-34.34
SM-12-B1,26.5,477096.67,2038479.67,-13.02
SM-03-B1,26.5,479599.92,2035977.75,-14.91
SM-41-P1,26.5,477763.79,2038599.78,-21.92
SM-48-P1,26.5,477235.12,2038040.99,-21.44
SM-39-P2,26.5,480204.54,2036551.45,-25.33
SM-06-B2,26.5,,,-22.5
SM-54-P2,26.5,478894.52,2037846.9,-21.93
SM-54-P2,26.5,478894.52,2037846.9,-22.38
SM-05-B2,26.5,478555.9,2037889.6,-23.47
SM-24-P2,26.5,479387.3,2037585.89,-19.25
SM-50-P1,26.5,477300,2037635,-12.34
SM-31-P2,26.5,478600.11,2036846.19,-3.72
SM-31-P2,26.5,478600.11,2036846.19,-22.17
SM-31-P2,26.5,478600.11,2036846.19,-24.42
SM-23-P2,26.5,478975.93,2037540.89,-17.22
SM-105-P2,26.5,,,-63
SM-49-P1,26.5,477572.34,2038055.4,-7.13
SM-45-P1,26.5,477444.49,2038334.58,-32.11
SM-17-P2,26.5,479997.31,2036524.08,-35.23
SM-18-P1,26.5,477502.42,2036933.38,-28.47
SM-18-P1,26.5,477502.42,2036933.38,-40.62
SM-67-P1,26.5,477857.4,2036377.24,-31.67
SM-67-P1,26.5,477857.4,2036377.24,-44.72
SM-05-B1,0.5,478828.2306,2036140.498,-11.918
SM-35 P2,26.5,,,-15.3
SM-35 P2,26.5,,,-19.35
SM-35 P2,26.5,,,-34.65
SM-62 P2,26.5,,,-11.7
SM-62 P2,26.5,,,-25.2
SM-62 P2,26.5,,,-28.35
SM-72-P2,26.5,479543.59,2036219.22,-5.11
SM-02-B1,26.5,479959.6533,2036162.012,-16.456
SM-19-P1,26.5,477471.6,2036261.55,-16.17
SM-19-P1,26.5,477471.6,2036261.55,-36.87
SM-19-P1,26.5,477471.6,2036261.55,-50.37
SM-51-P1,26.5,477639.95,2037631.92,-26.85
SM-51-P1,26.5,477639.95,2037631.92,-30.45
SM-51-P1,26.5,477639.95,2037631.92,-45.3
SM-36-P2,26.5,478362.19,2036503.28,-21.88
SM-36-P2,26.5,478362.19,2036503.28,-24.58
SM-36-P2,26.5,478362.19,2036503.28,-30.88
SM-07-B1,26.5,477905.7673,2036203.22,-8.3664
SM-55-P2,26.5,479329.18,2037687.79,-18.04
SM-25-P2,26.5,479793.28,2037531.65,-16.25
SM-06-B1,26.5,478330.36,2036080.3,-17.88
SM-06-B1,26.5,478330.36,2036080.3,-20.13
SM-66-P1,26.5,477629.99,2036277.02,-18.69
SM-66-P1,26.5,477629.99,2036277.02,-34.44
SM-10-B1,26.5,477226.3,2037121.54,-9.8
SM-53-P2,26.5,478414.1,2037512.4,-36.59
SM-14-P2,26.5,479685.63,2037378.89,-33.96
SM-37-P2,26.5,479213.08,2036499.92,-15.16
SM-37-P2,26.5,479213.08,2036499.92,-21.46
SM-37-P2,26.5,479213.08,2036499.92,-42.16
SM-44-P1,26.5,477193.08,2038327.98,3.05
SM-44-P1,26.5,477189.844,2038327.449,3
SM-70-P3,26.5,481498.09,2036695.19,-13.23
SM-69-P2,26.5,478614.71,2036398.52,-18.19
SM-69-P2,26.5,478614.71,2036398.52,-23.59
SM-74-P3,26.5,480593.73,2036997.8,-28.76
SM-74-P3,26.5,480593.73,2036997.8,-29.21
SM-42-P1,26.5,477982.94,2038550.48,-0.67
SM-42-P1,26.5,477982.94,2038550.48,-3.37
SM-42-P1,26.5,477982.94,2038550.48,-4.27
SM-42-P1,26.5,477982.94,2038550.48,-6.07
SM-42-P1,26.5,477982.94,2038550.48,-18.22
SM-21-P3,26,481503.78,2037018.87,-16.635
SM-21-P3,26,481503.78,2037018.87,-31.26
SM-26-P2,26,478399.31,2037192.67,-27.465
SM-26-P2,26,478399.31,2037192.67,-32.865
SM-26-P2,26,478399.31,2037192.67,-33.765
SM-26-P2,26,478399.31,2037192.67,-35.115
SM-26-P2,26,478399.31,2037192.67,-36.465
SM-26-P2,26,478399.31,2037192.67,-37.14
SM-26-P2,26,478399.31,2037192.67,-42.09
SM-26-P2,26,478399.31,2037192.67,-42.765
SM-26-P2,26,478399.31,2037192.67,-52.89
SM-34-P2,26,479861.49,2036907.43,-43.79
SM-12-B1,26,477096.67,2038479.67,-8.52
SM-12-B1,26,477096.67,2038479.67,-11.67
SM-12-B1,26,477096.67,2038479.67,-22.695
SM-43-P1,26,478112.67,2038510.48,3.57
SM-43-P1,26,478109.666,2038510.974,3.45
SM-40-P1,26,477608.176,2038623.913,-4.03
SM-11-B1,26,477167.57,2037681.46,-5.795
SM-11-B1,26,477167.57,2037681.46,-21.095
SM-41-P1,26,477763.79,2038599.78,-1.895
SM-41-P1,26,477763.79,2038599.78,-10.67
SM-41-P1,26,477763.79,2038599.78,-18.995
SM-41-P1,26,477763.79,2038599.78,-33.395
SM-32-P2,26,479000.45,2036846.64,-20.415
SM-32-P2,26,479000.45,2036846.64,-28.74
SM-65-P1,26,477374.93,2036265.02,-6.29
SM-65-P1,26,477374.93,2036265.02,-26.315
SM-65-P1,26,477374.93,2036265.02,-26.54
SM-65-P1,26,477374.93,2036265.02,-26.765
SM-65-P1,26,477374.93,2036265.02,-30.815
SM-65-P1,26,477374.93,2036265.02,-32.615
SM-48-P1,26,477235.12,2038040.99,2.41
SM-73-P2,26,480177.03,2036206.51,-19.975
SM-68 P2,26,,,-20.475
SM-39-P2,26,480204.54,2036551.45,-17.005
SM-39-P2,26,480204.54,2036551.45,-23.08
SM-06-B2,26,,,-15.525
SM-16-P2,26,478795.23,2036506.72,-15.005
SM-16-P2,26,478795.23,2036506.72,-15.23
SM-16-P2,26,478795.23,2036506.72,-15.455
SM-54-P2,26,478894.52,2037846.9,3.495
SM-54-P2,26,478894.52,2037846.9,-5.055
SM-54-P2,26,478894.52,2037846.9,-21.255
SM-54-P2,26,478894.52,2037846.9,-25.53
SM-33-P2,26,479399.9,2036846.79,-15.435
SM-33-P2,26,479399.9,2036846.79,-27.81
SM-33-P2,26,479399.9,2036846.79,-30.735
SM-61-P1,26,478033.23,2036869.83,-25.435
SM-05-B2,26,478555.9,2037889.6,0.605
SM-24-P2,26,479387.3,2037585.89,-16.325
SM-24-P2,26,479387.3,2037585.89,-20.6
SM-50-P1,26,477300,2037635,-2.44
SM-31-P2,26,478600.11,2036846.19,-22.62
SM-31-P2,26,478600.11,2036846.19,-35.445
SM-27-P2,26,478831.45,2037198.64,-27.475
SM-27-P2,26,478831.45,2037198.64,-27.7
SM-27-P2,26,478831.45,2037198.64,-27.925
SM-27-P2,26,478831.45,2037198.64,-28.825
SM-59-P1,26,477834.91,2037045.31,3.045
SM-59-P1,26,477834.91,2037045.31,-5.28
SM-59-P1,26,477834.91,2037045.31,-7.755
SM-23-P2,26,478975.93,2037540.89,-31.17
SM-23-P2,26,478975.93,2037540.89,-34.545
SM-105-P2,26,,,-24.75
SM-105-P2,26,,,-53.325
SM-105-P2,26,,,-70.425
SM-105-P2,26,,,-112.275
SM-49-P1,26,477572.34,2038055.4,-7.805
SM-49-P1,26,477572.34,2038055.4,-22.88
SM-04-B1,26,479321.627,2036184.495,-18.8995
SM-45-P1,26,477444.49,2038334.58,-5.335
SM-45-P1,26,477444.49,2038334.58,-12.535
SM-45-P1,26,477444.49,2038334.58,-34.585
SM-17-P2,26,479997.31,2036524.08,-17.23
SM-17-P2,26,479997.31,2036524.08,-21.055
SM-08-B2,26,480108.48,2037238.9,-20.075
SM-60-P1,26,477583.84,2036816.3,-16.48
SM-60-P1,26,477583.84,2036816.3,-23.455
SM-18-P1,26,477502.42,2036933.38,-15.195
SM-18-P1,26,477502.42,2036933.38,-19.695
SM-18-P1,26,477502.42,2036933.38,-22.395
SM-18-P1,26,477502.42,2036933.38,-42.195
SM-09-B1,11.5,477265.19,2036624.23,-6.19
SM-09-B1,14,477265.19,2036624.23,-6.415
SM-09-B1,14.5,477265.19,2036624.23,-6.64
SM-09-B1,15,477265.19,2036624.23,-6.865
SM-67-P1,26,477857.4,2036377.24,-29.195
SM-67-P1,26,477857.4,2036377.24,-37.745
SM-67-P1,26,477857.4,2036377.24,-41.345
SM-67-P1,26,477857.4,2036377.24,-43.595
SM-35 P2,26,,,-18.225
SM-35 P2,26,,,-22.05
SM-35 P2,26,,,-27.675
SM-35 P2,26,,,-30.375
SM-62 P2,26,,,-21.825
SM-62 P2,26,,,-24.075
SM-72-P2,26,479543.59,2036219.22,-16.135
SM-02-B1,26,479959.6533,2036162.012,-21.181
SM-02-B1,26,479959.6533,2036162.012,-27.931
SM-19-P1,26,477471.6,2036261.55,-3.795
SM-19-P1,26,477471.6,2036261.55,-16.62
SM-19-P1,26,477471.6,2036261.55,-30.795
SM-51-P1,26,477639.95,2037631.92,-0.075
SM-51-P1,26,477639.95,2037631.92,-20.775
SM-51-P1,26,477639.95,2037631.92,-21
SM-51-P1,26,477639.95,2037631.92,-21.225
SM-51-P1,26,477639.95,2037631.92,-27.3
SM-51-P1,26,477639.95,2037631.92,-47.1
SM-51-P1,26,477639.95,2037631.92,-50.925
SM-51-P1,26,477639.95,2037631.92,-54.975
SM-51-P1,26,477639.95,2037631.92,-56.775
SM-36-P2,26,478362.19,2036503.28,-19.405
SM-36-P2,26,478362.19,2036503.28,-21.655
SM-36-P2,26,478362.19,2036503.28,-26.83
SM-36-P2,26,478362.19,2036503.28,-28.405
SM-10-B2,26,480515.3,2036275.1,-6.53
SM-10-B2,26,480515.3,2036275.1,-29.48
SM-10-B2,26,480515.3,2036275.1,-31.055
SM-55-P2,26,479329.18,2037687.79,-16.915
SM-55-P2,26,479329.18,2037687.79,-22.765
SM-55-P2,26,479329.18,2037687.79,-41.89
SM-13-P2,26,478456.28,2037422.21,-19.985
SM-25-P2,26,479793.28,2037531.65,-0.725
SM-25-P2,26,479793.28,2037531.65,-4.325
SM-06-B1,26,478330.36,2036080.3,-7.755
SM-52-P1,26,478098.81,2037573.26,-13.58
SM-52-P1,26,478098.81,2037573.26,-21.68
SM-10-B1,26,477226.3,2037121.54,-8.9
SM-53-P2,26,478414.1,2037512.4,-20.615
SM-53-P2,26,478414.1,2037512.4,-23.54
SM-53-P2,26,478414.1,2037512.4,-28.49
SM-53-P2,26,478414.1,2037512.4,-29.615
SM-53-P2,26,478414.1,2037512.4,-31.415
SM-53-P2,26,478414.1,2037512.4,-32.765
SM-53-P2,26,478414.1,2037512.4,-36.14
SM-53-P2,26,478414.1,2037512.4,-39.515
SM-53-P2,26,478414.1,2037512.4,-53.015
SM-53-P2,26,478414.1,2037512.4,-53.915
SM-14-P2,26,479685.63,2037378.89,-21.135
SM-14-P2,26,479685.63,2037378.89,-28.11
SM-14-P2,26,479685.63,2037378.89,-42.285
SM-14-P2,26,479685.63,2037378.89,-67.035
SM-37-P2,26,479213.08,2036499.92,-13.585
SM-37-P2,26,479213.08,2036499.92,-17.185
SM-37-P2,26,479213.08,2036499.92,-19.66
SM-37-P2,26,479213.08,2036499.92,-23.035
SM-44-P1,26,477193.08,2038327.98,-3.475
SM-44-P1,26,477189.844,2038327.449,-3.525
SM-44-P1,26,477193.08,2038327.98,-8.875
SM-44-P1,26,477189.844,2038327.449,-8.925
SM-44-P1,26,477193.08,2038327.98,-12.7
SM-44-P1,26,477189.844,2038327.449,-12.75
SM-44-P1,26,477193.08,2038327.98,-27.325
SM-44-P1,26,477189.844,2038327.449,-27.375
SM-70-P3,26,481498.09,2036695.19,-0.405
SM-70-P3,26,481498.09,2036695.19,-6.93
SM-07-B2,26,,,-22.275
SM-01-B1,26,480286.37,2036030.34,-9.93
SM-20-P1,26,477576.5,2038152.22,-39.015
SM-20-P1,26,477574.978,2038153.565,-39.085
SM-69-P2,26,478614.71,2036398.52,-21.79
SM-69-P2,26,478614.71,2036398.52,-25.39
SM-69-P2,26,478614.71,2036398.52,-26.065
SM-74-P3,26,480593.73,2036997.8,-28.985
SM-74-P3,26,480593.73,2036997.8,-30.785
SM-74-P3,26,480593.73,2036997.8,-31.01
SM-74-P3,26,480593.73,2036997.8,-31.235
SM-74-P3,26,480593.73,2036997.8,-33.935
SM-74-P3,26,480593.73,2036997.8,-40.235
SM-74-P3,26,480593.73,2036997.8,-42.035
SM-42-P1,26,477982.94,2038550.48,-1.57
SM-42-P1,26,477982.94,2038550.48,-4.045
SM-42-P1,26,477982.94,2038550.48,-5.17
SM-42-P1,26,477982.94,2038550.48,-14.62
SM-42-P1,26,477982.94,2038550.48,-15.295
SM-38-P2,26,479622.12,2036497.16,-34.235
SM-38-P2,26,479622.12,2036497.16,-35.585
SM-38-P2,26,479622.12,2036497.16,-35.81
SM-38-P2,26,479622.12,2036497.16,-36.035
SM-63-P1,26,477393.97,2036611.25,-19.315
SM-63-P1,26,477393.97,2036611.25,-20.665
SM-63-P1,26,477393.97,2036611.25,-23.815
SM-63-P1,26,477393.97,2036611.25,-35.065
SM-63-P1,26,477393.97,2036611.25,-37.09
SM-63-P1,26,477393.97,2036611.25,-47.215
SM-63-P1,26,477393.97,2036611.25,-47.44
SM-63-P1,26,477393.97,2036611.25,-47.665
SM-09-B2,26,480263.7,2036758.9,-7.505
SM-09-B2,26,480263.7,2036758.9,-14.93
SM-76-P3,26,481243.38,2036665.86,-33.34
SM-29-P2,26,479601.03,2037189.73,-19.155
SM-29-P2,26,479601.03,2037189.73,-21.18
SM-29-P2,26,479601.03,2037189.73,-22.98
SM-29-P2,26,479601.03,2037189.73,-36.93
SM-22-P2,26,478599.1,2037541.17,-21.215
SM-22-P2,26,478599.1,2037541.17,-29.54
SM-22-P2,26,478599.1,2037541.17,-30.215
SM-22-P2,26,478599.1,2037541.17,-36.74
SM-15-P2,26,479132.63,2036864.69,-7.515
SM-15-P2,26,479132.63,2036864.69,-14.265
SM-21-P3,25.5,481503.78,2037018.87,-38.01
SM-26-P2,25.5,478399.31,2037192.67,-36.69
SM-41-P1,25.5,477763.79,2038599.78,1.03
SM-41-P1,25.5,477763.79,2038599.78,-22.82
SM-65-P1,25.5,477374.93,2036265.02,-11.69
SM-73-P2,25.5,480177.03,2036206.51,-19.75
SM-73-P2,25.5,480177.03,2036206.51,-26.5
SM-54-P2,25.5,478894.52,2037846.9,-7.53
SM-33-P2,25.5,479399.9,2036846.79,-17.46
SM-50-P1,25.5,477300,2037635,-14.14
SM-31-P2,25.5,478600.11,2036846.19,-28.02
SM-31-P2,25.5,478600.11,2036846.19,-37.02
SM-27-P2,25.5,478831.45,2037198.64,-16.45
SM-49-P1,25.5,477572.34,2038055.4,-17.93
SM-45-P1,25.5,477444.49,2038334.58,-7.36
SM-45-P1,25.5,477444.49,2038334.58,-10.96
SM-45-P1,25.5,477444.49,2038334.58,-14.56
SM-45-P1,25.5,477444.49,2038334.58,-19.06
SM-17-P2,25.5,479997.31,2036524.08,-72.13
SM-08-B2,25.5,480108.48,2037238.9,-19.85
SM-08-B2,25.5,480108.48,2037238.9,-20.3
SM-60-P1,25.5,477583.84,2036816.3,-16.93
SM-35 P2,25.5,,,-21.6
SM-62 P2,25.5,,,-20.25
SM-02-B1,25.5,479959.6533,2036162.012,-18.706
SM-02-B1,25.5,479959.6533,2036162.012,-27.706
SM-51-P1,25.5,477639.95,2037631.92,-29.1
SM-51-P1,25.5,477639.95,2037631.92,-48
SM-51-P1,25.5,477639.95,2037631.92,-48.9
SM-51-P1,25.5,477639.95,2037631.92,-53.4
SM-36-P2,25.5,478362.19,2036503.28,-18.28
SM-36-P2,25.5,478362.19,2036503.28,-20.08
SM-36-P2,25.5,478362.19,2036503.28,-25.48
SM-10-B2,25.5,480515.3,2036275.1,-6.08
SM-10-B2,25.5,480515.3,2036275.1,-17.33
SM-55-P2,25.5,479329.18,2037687.79,-18.49
SM-52-P1,25.5,478098.81,2037573.26,-14.03
SM-52-P1,25.5,478098.81,2037573.26,-31.13
SM-53-P2,25.5,478414.1,2037512.4,-39.29
SM-14-P2,25.5,479685.63,2037378.89,-41.16
SM-37-P2,25.5,479213.08,2036499.92,-13.36
SM-37-P2,25.5,479213.08,2036499.92,-18.31
SM-44-P1,25.5,477193.08,2038327.98,0.35
SM-44-P1,25.5,477189.844,2038327.449,0.3
SM-07-B2,25.5,,,-21.15
SM-20-P1,25.5,477576.5,2038152.22,3.06
SM-20-P1,25.5,477574.978,2038153.565,2.99
SM-20-P1,25.5,477576.5,2038152.22,-8.64
SM-20-P1,25.5,477574.978,2038153.565,-8.71
SM-20-P1,25.5,477576.5,2038152.22,-9.99
SM-20-P1,25.5,477574.978,2038153.565,-10.06
SM-20-P1,25.5,477576.5,2038152.22,-18.09
SM-20-P1,25.5,477574.978,2038153.565,-18.16
SM-20-P1,25.5,477576.5,2038152.22,-32.94
SM-20-P1,25.5,477574.978,2038153.565,-33.01
SM-69-P2,25.5,478614.71,2036398.52,-16.84
SM-57-P1,25.5,477640.14,2037208.59,-38.25
SM-57-P1,25.5,477640.14,2037208.59,-38.7
SM-74-P3,25.5,480593.73,2036997.8,-30.11
SM-74-P3,25.5,480593.73,2036997.8,-33.71
SM-42-P1,25.5,477982.94,2038550.48,-3.82
SM-42-P1,25.5,477982.94,2038550.48,-14.17
SM-38-P2,25.5,479622.12,2036497.16,-30.41
SM-63-P1,25.5,477393.97,2036611.25,-23.59
SM-63-P1,25.5,477393.97,2036611.25,-39.34
SM-75-P1,25.5,477626.74,2037421.93,-21.31
SM-75-P1,25.5,477626.74,2037421.93,-23.11
SM-75-P1,25.5,477626.74,2037421.93,-23.56
SM-09-B2,25.5,480263.7,2036758.9,-15.38
SM-21-P3,25,481503.78,2037018.87,-31.035
SM-21-P3,25,481503.78,2037018.87,-40.485
SM-26-P2,25,478399.31,2037192.67,-27.24
SM-26-P2,25,478399.31,2037192.67,-36.915
SM-26-P2,25,478399.31,2037192.67,-44.79
SM-26-P2,25,478399.31,2037192.67,-32.415
SM-34-P2,25,479861.49,2036907.43,-41.99
SM-34-P2,25,479861.49,2036907.43,-43.115
SM-34-P2,25,479861.49,2036907.43,-24.665
SM-12-B1,25,477096.67,2038479.67,2.955
SM-12-B1,25,477096.67,2038479.67,-16.12
SM-12-B1,25,477096.67,2038479.67,-16.17
SM-12-B1,25,477096.67,2038479.67,-16.6
SM-12-B1,25,477096.67,2038479.67,-16.62
SM-12-B1,25,477096.67,2038479.67,-16.9
SM-12-B1,25,477096.67,2038479.67,-17.07
SM-12-B1,25,477096.67,2038479.67,-17.35
SM-12-B1,25,477096.67,2038479.67,-17.52
SM-43-P1,25,478112.67,2038510.48,-0.705
SM-43-P1,25,478109.666,2038510.974,-0.825
SM-40-P1,25,477608.176,2038623.913,-2.905
SM-40-P1,25,477608.176,2038623.913,-13.33
SM-40-P1,25,477608.176,2038623.913,-13.48
SM-40-P1,25,477608.176,2038623.913,-13.7
SM-40-P1,25,477608.176,2038623.913,-13.93
SM-40-P1,25,477608.176,2038623.913,-14.08
SM-40-P1,25,477608.176,2038623.913,-14.38
SM-40-P1,25,477608.176,2038623.913,-14.53
SM-40-P1,25,477608.176,2038623.913,-14.83
SM-40-P1,25,477608.176,2038623.913,-15.13
SM-40-P1,25,477608.176,2038623.913,-15.28
SM-40-P1,25,477608.176,2038623.913,-15.53
SM-40-P1,25,477608.176,2038623.913,-15.73
SM-40-P1,25,477608.176,2038623.913,-16.03
SM-40-P1,25,477608.176,2038623.913,-16.18
SM-40-P1,25,477608.176,2038623.913,-16.48
SM-40-P1,25,477608.176,2038623.913,-16.63
SM-40-P1,25,477608.176,2038623.913,-16.93
SM-40-P1,25,477608.176,2038623.913,-19.555
SM-40-P1,25,477608.176,2038623.913,-36.88
SM-40-P1,25,477608.176,2038623.913,-24.28
SM-03-B1,25,479599.92,2035977.75,-11.535
SM-03-B1,25,479599.92,2035977.75,-16.26
SM-03-B1,25,479599.92,2035977.75,-11.76
SM-11-B1,25,477167.57,2037681.46,-13.445
SM-11-B1,25,477167.57,2037681.46,-25.67
SM-11-B1,25,477167.57,2037681.46,-29.72
SM-41-P1,25,477763.79,2038599.78,-21.695
SM-41-P1,25,477763.79,2038599.78,-24.395
SM-32-P2,25,479000.45,2036846.64,-17.265
SM-32-P2,25,479000.45,2036846.64,-41.99
SM-32-P2,25,479000.45,2036846.64,-42.24
SM-65-P1,25,477374.93,2036265.02,-5.615
SM-65-P1,25,477374.93,2036265.02,-5.84
SM-65-P1,25,477374.93,2036265.02,-6.065
SM-65-P1,25,477374.93,2036265.02,-16.865
SM-65-P1,25,477374.93,2036265.02,-19.565
SM-65-P1,25,477374.93,2036265.02,-20.465
SM-65-P1,25,477374.93,2036265.02,-26.09
SM-48-P1,25,477235.12,2038040.99,-7.715
SM-48-P1,25,477235.12,2038040.99,-16.265
SM-48-P1,25,477235.12,2038040.99,-22.34
SM-30-P2,25,480015.16,2037202.47,-21.515
SM-30-P2,25,480015.16,2037202.47,-24.665
SM-30-P2,25,480015.16,2037202.47,-24.89
SM-30-P2,25,480015.16,2037202.47,-25.115
SM-30-P2,25,480015.16,2037202.47,-31.04
SM-30-P2,25,480015.16,2037202.47,-31.19
SM-30-P2,25,480015.16,2037202.47,-40.02
SM-30-P2,25,480015.16,2037202.47,-40.19
SM-30-P2,25,480015.16,2037202.47,-43.64
SM-30-P2,25,480015.16,2037202.47,-43.79
SM-30-P2,25,480015.16,2037202.47,-45.86
SM-30-P2,25,480015.16,2037202.47,-46.04
SM-30-P2,25,480015.16,2037202.47,-46.64
SM-30-P2,25,480015.16,2037202.47,-46.94
SM-30-P2,25,480015.16,2037202.47,-47.84
SM-30-P2,25,480015.16,2037202.47,-48.59
SM-30-P2,25,480015.16,2037202.47,-48.74
SM-30-P2,25,480015.16,2037202.47,-23.99
SM-73-P2,25,480177.03,2036206.51,-19.525
SM-73-P2,25,480177.03,2036206.51,-29.48
SM-73-P2,25,480177.03,2036206.51,-29.65
SM-73-P2,25,480177.03,2036206.51,-29.8
SM-73-P2,25,480177.03,2036206.51,-38.48
SM-73-P2,25,480177.03,2036206.51,-39.85
SM-73-P2,25,480177.03,2036206.51,-40
SM-73-P2,25,480177.03,2036206.51,-40.3
SM-73-P2,25,480177.03,2036206.51,-40.45
SM-73-P2,25,480177.03,2036206.51,-40.7
SM-73-P2,25,480177.03,2036206.51,-40.9
SM-73-P2,25,480177.03,2036206.51,-41.18
SM-73-P2,25,480177.03,2036206.51,-41.35
SM-73-P2,25,480177.03,2036206.51,-41.47
SM-73-P2,25,480177.03,2036206.51,-41.8
SM-73-P2,25,480177.03,2036206.51,-41.94
SM-73-P2,25,480177.03,2036206.51,-42.25
SM-73-P2,25,480177.03,2036206.51,-42.4
SM-73-P2,25,480177.03,2036206.51,-42.7
SM-73-P2,25,480177.03,2036206.51,-42.85
SM-73-P2,25,480177.03,2036206.51,-43.15
SM-73-P2,25,480177.03,2036206.51,-43.45
SM-73-P2,25,480177.03,2036206.51,-43.6
SM-73-P2,25,480177.03,2036206.51,-44.77
SM-73-P2,25,480177.03,2036206.51,-44.95
SM-73-P2,25,480177.03,2036206.51,-45.25
SM-73-P2,25,480177.03,2036206.51,-45.4
SM-73-P2,25,480177.03,2036206.51,-45.7
SM-73-P2,25,480177.03,2036206.51,-45.85
SM-73-P2,25,480177.03,2036206.51,-46.59
SM-73-P2,25,480177.03,2036206.51,-46.75
SM-73-P2,25,480177.03,2036206.51,-47.03
SM-73-P2,25,480177.03,2036206.51,-47.2
SM-73-P2,25,480177.03,2036206.51,-47.48
SM-73-P2,25,480177.03,2036206.51,-47.65
SM-73-P2,25,480177.03,2036206.51,-47.8
SM-73-P2,25,480177.03,2036206.51,-48.1
SM-73-P2,25,480177.03,2036206.51,-48.25
SM-73-P2,25,480177.03,2036206.51,-48.55
SM-73-P2,25,480177.03,2036206.51,-48.7
SM-73-P2,25,480177.03,2036206.51,-49
SM-73-P2,25,480177.03,2036206.51,-24.1
SM-68 P2,25,,,-10.125
SM-68 P2,25,,,-48.35
SM-68 P2,25,,,-48.6
SM-68 P2,25,,,-48.82
SM-68 P2,25,,,-49.05
SM-68 P2,25,,,-49.19
SM-68 P2,25,,,-49.5
SM-68 P2,25,,,-49.63
SM-68 P2,25,,,-49.95
SM-68 P2,25,,,-50.1
SM-68 P2,25,,,-50.4
SM-68 P2,25,,,-50.51
SM-68 P2,25,,,-50.85
SM-68 P2,25,,,-50.97
SM-58-P1,25,478010.84,2037201.06,-9.675
SM-58-P1,25,478010.84,2037201.06,-16.425
SM-58-P1,25,478010.84,2037201.06,-41.7
SM-58-P1,25,478010.84,2037201.06,-41.85
SM-58-P1,25,478010.84,2037201.06,-42
SM-58-P1,25,478010.84,2037201.06,-42.3
SM-58-P1,25,478010.84,2037201.06,-42.6
SM-58-P1,25,478010.84,2037201.06,-42.75
SM-58-P1,25,478010.84,2037201.06,-43
SM-58-P1,25,478010.84,2037201.06,-43.2
SM-58-P1,25,478010.84,2037201.06,-43.42
SM-58-P1,25,478010.84,2037201.06,-43.65
SM-58-P1,25,478010.84,2037201.06,-44.05
SM-58-P1,25,478010.84,2037201.06,-44.1
SM-39-P2,25,480204.54,2036551.45,-5.305
SM-39-P2,25,480204.54,2036551.45,-16.105
SM-39-P2,25,480204.54,2036551.45,-16.78
SM-39-P2,25,480204.54,2036551.45,-25.105
SM-39-P2,25,480204.54,2036551.45,-41.68
SM-39-P2,25,480204.54,2036551.45,-41.98
SM-06-B2,25,,,-18.225
SM-16-P2,25,478795.23,2036506.72,-7.355
SM-16-P2,25,478795.23,2036506.72,-42.93
SM-16-P2,25,478795.23,2036506.72,-43.13
SM-16-P2,25,478795.23,2036506.72,-43.41
SM-16-P2,25,478795.23,2036506.72,-43.58
SM-16-P2,25,478795.23,2036506.72,-43.88
SM-16-P2,25,478795.23,2036506.72,-44.03
SM-16-P2,25,478795.23,2036506.72,-44.31
SM-16-P2,25,478795.23,2036506.72,-44.48
SM-16-P2,25,478795.23,2036506.72,-44.77
SM-16-P2,25,478795.23,2036506.72,-44.93
SM-16-P2,25,478795.23,2036506.72,-45.66
SM-16-P2,25,478795.23,2036506.72,-45.83
SM-16-P2,25,478795.23,2036506.72,-46.1
SM-16-P2,25,478795.23,2036506.72,-46.28
SM-16-P2,25,478795.23,2036506.72,-46.55
SM-16-P2,25,478795.23,2036506.72,-46.73
SM-16-P2,25,478795.23,2036506.72,-46.88
SM-16-P2,25,478795.23,2036506.72,-47.18
SM-16-P2,25,478795.23,2036506.72,-47.46
SM-16-P2,25,478795.23,2036506.72,-47.63
SM-16-P2,25,478795.23,2036506.72,-47.75
SM-16-P2,25,478795.23,2036506.72,-48.08
SM-16-P2,25,478795.23,2036506.72,-48.23
SM-16-P2,25,478795.23,2036506.72,-48.53
SM-16-P2,25,478795.23,2036506.72,-48.83
SM-16-P2,25,478795.23,2036506.72,-48.98
SM-16-P2,25,478795.23,2036506.72,-49.13
SM-16-P2,25,478795.23,2036506.72,-49.43
SM-16-P2,25,478795.23,2036506.72,-49.58
SM-16-P2,25,478795.23,2036506.72,-49.88
SM-16-P2,25,478795.23,2036506.72,-50.13
SM-16-P2,25,478795.23,2036506.72,-50.33
SM-16-P2,25,478795.23,2036506.72,-50.48
SM-16-P2,25,478795.23,2036506.72,-50.78
SM-16-P2,25,478795.23,2036506.72,-50.91
SM-16-P2,25,478795.23,2036506.72,-51.23
SM-16-P2,25,478795.23,2036506.72,-51.38
SM-16-P2,25,478795.23,2036506.72,-51.68
SM-16-P2,25,478795.23,2036506.72,-53.78
SM-16-P2,25,478795.23,2036506.72,-53.93
SM-16-P2,25,478795.23,2036506.72,-54.22
SM-16-P2,25,478795.23,2036506.72,-54.38
SM-16-P2,25,478795.23,2036506.72,-54.66
SM-16-P2,25,478795.23,2036506.72,-54.83
SM-16-P2,25,478795.23,2036506.72,-54.98
SM-16-P2,25,478795.23,2036506.72,-55.28
SM-16-P2,25,478795.23,2036506.72,-55.43
SM-16-P2,25,478795.23,2036506.72,-55.73
SM-16-P2,25,478795.23,2036506.72,-55.87
SM-16-P2,25,478795.23,2036506.72,-56.18
SM-16-P2,25,478795.23,2036506.72,-56.31
SM-16-P2,25,478795.23,2036506.72,-56.63
SM-16-P2,25,478795.23,2036506.72,-56.88
SM-16-P2,25,478795.23,2036506.72,-57.08
SM-16-P2,25,478795.23,2036506.72,-57.23
SM-16-P2,25,478795.23,2036506.72,-57.53
SM-16-P2,25,478795.23,2036506.72,-57.83
SM-16-P2,25,478795.23,2036506.72,-57.98
SM-16-P2,25,478795.23,2036506.72,-58.11
SM-16-P2,25,478795.23,2036506.72,-58.43
SM-16-P2,25,478795.23,2036506.72,-58.73
SM-16-P2,25,478795.23,2036506.72,-58.88
SM-16-P2,25,478795.23,2036506.72,-59.03
SM-16-P2,25,478795.23,2036506.72,-59.33
SM-16-P2,25,478795.23,2036506.72,-59.6
SM-16-P2,25,478795.23,2036506.72,-59.78
SM-16-P2,25,478795.23,2036506.72,-59.83
SM-16-P2,25,478795.23,2036506.72,-60.23
SM-16-P2,25,478795.23,2036506.72,-60.33
SM-16-P2,25,478795.23,2036506.72,-60.68
SM-16-P2,25,478795.23,2036506.72,-60.83
SM-16-P2,25,478795.23,2036506.72,-61.13
SM-16-P2,25,478795.23,2036506.72,-61.43
SM-16-P2,25,478795.23,2036506.72,-61.58
SM-16-P2,25,478795.23,2036506.72,-61.87
SM-16-P2,25,478795.23,2036506.72,-62.03
SM-16-P2,25,478795.23,2036506.72,-62.33
SM-16-P2,25,478795.23,2036506.72,-62.48
SM-16-P2,25,478795.23,2036506.72,-62.63
SM-16-P2,25,478795.23,2036506.72,-62.93
SM-16-P2,25,478795.23,2036506.72,-63.08
SM-16-P2,25,478795.23,2036506.72,-63.38
SM-16-P2,25,478795.23,2036506.72,-63.51
SM-16-P2,25,478795.23,2036506.72,-63.83
SM-16-P2,25,478795.23,2036506.72,-63.98
SM-16-P2,25,478795.23,2036506.72,-64.28
SM-16-P2,25,478795.23,2036506.72,-64.39
SM-16-P2,25,478795.23,2036506.72,-64.73
SM-16-P2,25,478795.23,2036506.72,-64.87
SM-16-P2,25,478795.23,2036506.72,-65.18
SM-16-P2,25,478795.23,2036506.72,-65.43
SM-16-P2,25,478795.23,2036506.72,-65.63
SM-16-P2,25,478795.23,2036506.72,-65.76
SM-16-P2,25,478795.23,2036506.72,-66.08
SM-16-P2,25,478795.23,2036506.72,-66.28
SM-16-P2,25,478795.23,2036506.72,-66.53
SM-16-P2,25,478795.23,2036506.72,-66.66
SM-16-P2,25,478795.23,2036506.72,-66.98
SM-16-P2,25,478795.23,2036506.72,-67.13
SM-16-P2,25,478795.23,2036506.72,-67.43
SM-16-P2,25,478795.23,2036506.72,-67.49
SM-16-P2,25,478795.23,2036506.72,-67.88
SM-16-P2,25,478795.23,2036506.72,-67.95
SM-16-P2,25,478795.23,2036506.72,-68.33
SM-16-P2,25,478795.23,2036506.72,-68.4
SM-16-P2,25,478795.23,2036506.72,-68.78
SM-16-P2,25,478795.23,2036506.72,-68.9
SM-16-P2,25,478795.23,2036506.72,-69.23
SM-16-P2,25,478795.23,2036506.72,-69.35
SM-16-P2,25,478795.23,2036506.72,-69.68
SM-16-P2,25,478795.23,2036506.72,-69.78
SM-16-P2,25,478795.23,2036506.72,-70.13
SM-16-P2,25,478795.23,2036506.72,-70.28
SM-16-P2,25,478795.23,2036506.72,-70.58
SM-16-P2,25,478795.23,2036506.72,-70.73
SM-16-P2,25,478795.23,2036506.72,-71.03
SM-16-P2,25,478795.23,2036506.72,-71.15
SM-16-P2,25,478795.23,2036506.72,-71.48
SM-16-P2,25,478795.23,2036506.72,-71.61
SM-16-P2,25,478795.23,2036506.72,-71.93
SM-16-P2,25,478795.23,2036506.72,-72.04
SM-16-P2,25,478795.23,2036506.72,-72.38
SM-16-P2,25,478795.23,2036506.72,-72.51
SM-16-P2,25,478795.23,2036506.72,-72.83
SM-16-P2,25,478795.23,2036506.72,-72.95
SM-16-P2,25,478795.23,2036506.72,-73.28
SM-16-P2,25,478795.23,2036506.72,-73.41
SM-16-P2,25,478795.23,2036506.72,-73.73
SM-16-P2,25,478795.23,2036506.72,-73.82
SM-16-P2,25,478795.23,2036506.72,-74.18
SM-16-P2,25,478795.23,2036506.72,-74.28
SM-16-P2,25,478795.23,2036506.72,-74.63
SM-16-P2,25,478795.23,2036506.72,-74.7
SM-16-P2,25,478795.23,2036506.72,-75.08
SM-16-P2,25,478795.23,2036506.72,-75.23
SM-16-P2,25,478795.23,2036506.72,-75.53
SM-16-P2,25,478795.23,2036506.72,-75.6
SM-16-P2,25,478795.23,2036506.72,-75.98
SM-16-P2,25,478795.23,2036506.72,-76.28
SM-16-P2,25,478795.23,2036506.72,-76.43
SM-16-P2,25,478795.23,2036506.72,-76.58
SM-16-P2,25,478795.23,2036506.72,-76.88
SM-16-P2,25,478795.23,2036506.72,-77.02
SM-16-P2,25,478795.23,2036506.72,-77.33
SM-16-P2,25,478795.23,2036506.72,-77.48
SM-16-P2,25,478795.23,2036506.72,-77.78
SM-16-P2,25,478795.23,2036506.72,-77.89
SM-16-P2,25,478795.23,2036506.72,-78.23
SM-16-P2,25,478795.23,2036506.72,-78.37
SM-16-P2,25,478795.23,2036506.72,-78.68
SM-16-P2,25,478795.23,2036506.72,-78.83
SM-16-P2,25,478795.23,2036506.72,-79.13
SM-16-P2,25,478795.23,2036506.72,-79.26
SM-16-P2,25,478795.23,2036506.72,-79.58
SM-16-P2,25,478795.23,2036506.72,-79.73
SM-16-P2,25,478795.23,2036506.72,-80.03
SM-16-P2,25,478795.23,2036506.72,-80.29
SM-16-P2,25,478795.23,2036506.72,-80.48
SM-16-P2,25,478795.23,2036506.72,-80.62
SM-16-P2,25,478795.23,2036506.72,-80.93
SM-16-P2,25,478795.23,2036506.72,-81.08
SM-16-P2,25,478795.23,2036506.72,-81.38
SM-16-P2,25,478795.23,2036506.72,-81.52
SM-16-P2,25,478795.23,2036506.72,-81.83
SM-16-P2,25,478795.23,2036506.72,-82.13
SM-16-P2,25,478795.23,2036506.72,-82.28
SM-16-P2,25,478795.23,2036506.72,-82.57
SM-16-P2,25,478795.23,2036506.72,-82.73
SM-16-P2,25,478795.23,2036506.72,-82.98
SM-16-P2,25,478795.23,2036506.72,-83.18
SM-16-P2,25,478795.23,2036506.72,-83.48
SM-16-P2,25,478795.23,2036506.72,-83.63
SM-16-P2,25,478795.23,2036506.72,-83.92
SM-54-P2,25,478894.52,2037846.9,-15.63
SM-54-P2,25,478894.52,2037846.9,-16.53
SM-54-P2,25,478894.52,2037846.9,-18.555
SM-54-P2,25,478894.52,2037846.9,-22.155
SM-54-P2,25,478894.52,2037846.9,-28.455
SM-54-P2,25,478894.52,2037846.9,-41.88
SM-54-P2,25,478894.52,2037846.9,-42.18
SM-54-P2,25,478894.52,2037846.9,-42.33
SM-54-P2,25,478894.52,2037846.9,-42.63
SM-54-P2,25,478894.52,2037846.9,-21.48
SM-33-P2,25,479399.9,2036846.79,-19.935
SM-33-P2,25,479399.9,2036846.79,-26.46
SM-33-P2,25,479399.9,2036846.79,-46.08
SM-33-P2,25,479399.9,2036846.79,-46.26
SM-33-P2,25,479399.9,2036846.79,-23.76
SM-61-P1,25,478033.23,2036869.83,-4.96
SM-61-P1,25,478033.23,2036869.83,-18.235
SM-61-P1,25,478033.23,2036869.83,-20.935
SM-61-P1,25,478033.23,2036869.83,-38.09
SM-61-P1,25,478033.23,2036869.83,-38.26
SM-61-P1,25,478033.23,2036869.83,-39.385
SM-61-P1,25,478033.23,2036869.83,-43.63
SM-61-P1,25,478033.23,2036869.83,-43.66
SM-61-P1,25,478033.23,2036869.83,-44.05
SM-61-P1,25,478033.23,2036869.83,-44.11
SM-05-B2,25,478555.9,2037889.6,-20.545
SM-05-B2,25,478555.9,2037889.6,-25.045
SM-05-B2,25,478555.9,2037889.6,-12.895
SM-24-P2,25,479387.3,2037585.89,-1.475
SM-24-P2,25,479387.3,2037585.89,-7.775
SM-24-P2,25,479387.3,2037585.89,-17.675
SM-24-P2,25,479387.3,2037585.89,-19.475
SM-24-P2,25,479387.3,2037585.89,-46.45
SM-24-P2,25,479387.3,2037585.89,-46.7
SM-24-P2,25,479387.3,2037585.89,-47.1
SM-24-P2,25,479387.3,2037585.89,-47.15
SM-24-P2,25,479387.3,2037585.89,-23.525
SM-04-B2,25,478139.21,2037614.8,-10.12
SM-50-P1,25,477300,2037635,-27.04
SM-50-P1,25,477300,2037635,-27.19
SM-50-P1,25,477300,2037635,-36.14
SM-50-P1,25,477300,2037635,-36.19
SM-50-P1,25,477300,2037635,-36.44
SM-50-P1,25,477300,2037635,-36.64
SM-50-P1,25,477300,2037635,-36.91
SM-50-P1,25,477300,2037635,-37.09
SM-50-P1,25,477300,2037635,-37.22
SM-50-P1,25,477300,2037635,-37.54
SM-50-P1,25,477300,2037635,-46.94
SM-50-P1,25,477300,2037635,-46.99
SM-50-P1,25,477300,2037635,-47.14
SM-31-P2,25,478600.11,2036846.19,-25.545
SM-31-P2,25,478600.11,2036846.19,-26.445
SM-31-P2,25,478600.11,2036846.19,-46.47
SM-31-P2,25,478600.11,2036846.19,-46.92
SM-31-P2,25,478600.11,2036846.19,-48.27
SM-31-P2,25,478600.11,2036846.19,-48.72
SM-31-P2,25,478600.11,2036846.19,-23.52
SM-27-P2,25,478831.45,2037198.64,-18.025
SM-27-P2,25,478831.45,2037198.64,-48.55
SM-27-P2,25,478831.45,2037198.64,-48.85
SM-27-P2,25,478831.45,2037198.64,-24.1
SM-59-P1,25,477834.91,2037045.31,-17.43
SM-59-P1,25,477834.91,2037045.31,-34.305
SM-59-P1,25,477834.91,2037045.31,-21.93
SM-23-P2,25,478975.93,2037540.89,-15.645
SM-23-P2,25,478975.93,2037540.89,-15.87
SM-23-P2,25,478975.93,2037540.89,-16.095
SM-23-P2,25,478975.93,2037540.89,-31.395
SM-23-P2,25,478975.93,2037540.89,-44.49
SM-23-P2,25,478975.93,2037540.89,-44.67
SM-23-P2,25,478975.93,2037540.89,-44.82
SM-23-P2,25,478975.93,2037540.89,-45.12
SM-23-P2,25,478975.93,2037540.89,-23.07
SM-105-P2,25,,,-23.175
SM-105-P2,25,,,-32.85
SM-105-P2,25,,,-38.475
SM-105-P2,25,,,-45.225
SM-105-P2,25,,,-58.85
SM-105-P2,25,,,-60.6
SM-105-P2,25,,,-60.75
SM-105-P2,25,,,-61
SM-105-P2,25,,,-61.2
SM-105-P2,25,,,-61.55
SM-105-P2,25,,,-61.65
SM-105-P2,25,,,-74.55
SM-105-P2,25,,,-74.7
SM-105-P2,25,,,-77.82
SM-105-P2,25,,,-77.85
SM-105-P2,25,,,-77.95
SM-105-P2,25,,,-78.3
SM-105-P2,25,,,-78.45
SM-105-P2,25,,,-78.75
SM-105-P2,25,,,-79.32
SM-105-P2,25,,,-79.65
SM-105-P2,25,,,-79.8
SM-105-P2,25,,,-83.15
SM-105-P2,25,,,-83.25
SM-105-P2,25,,,-83.85
SM-105-P2,25,,,-84.15
SM-105-P2,25,,,-84.45
SM-105-P2,25,,,-84.6
SM-105-P2,25,,,-84.9
SM-105-P2,25,,,-85.05
SM-105-P2,25,,,-85.2
SM-105-P2,25,,,-85.5
SM-105-P2,25,,,-88.15
SM-105-P2,25,,,-88.2
SM-105-P2,25,,,-99.3
SM-105-P2,25,,,-99.45
SM-105-P2,25,,,-99.6
SM-105-P2,25,,,-99.9
SM-105-P2,25,,,-100.05
SM-105-P2,25,,,-103.275
SM-105-P2,25,,,-107.1
SM-49-P1,25,477572.34,2038055.4,-0.155
SM-49-P1,25,477572.34,2038055.4,-6.905
SM-49-P1,25,477572.34,2038055.4,-20.63
SM-49-P1,25,477572.34,2038055.4,-23.78
SM-04-B1,25,479321.627,2036184.495,-17.7745
SM-04-B1,25,479321.627,2036184.495,-22.2745
SM-45-P1,25,477444.49,2038334.58,3.59
SM-45-P1,25,477444.49,2038334.58,-40.51
SM-45-P1,25,477444.49,2038334.58,-40.66
SM-45-P1,25,477444.49,2038334.58,-45.91
SM-45-P1,25,477444.49,2038334.58,-46.06
SM-45-P1,25,477444.49,2038334.58,-21.16
SM-17-P2,25,479997.31,2036524.08,-16.78
SM-17-P2,25,479997.31,2036524.08,-21.73
SM-17-P2,25,479997.31,2036524.08,-24.55
SM-17-P2,25,479997.31,2036524.08,-34.105
SM-17-P2,25,479997.31,2036524.08,-39.05
SM-17-P2,25,479997.31,2036524.08,-39.28
SM-17-P2,25,479997.31,2036524.08,-39.43
SM-17-P2,25,479997.31,2036524.08,-39.73
SM-17-P2,25,479997.31,2036524.08,-42.43
SM-17-P2,25,479997.31,2036524.08,-46.38
SM-17-P2,25,479997.31,2036524.08,-46.48
SM-17-P2,25,479997.31,2036524.08,-46.85
SM-17-P2,25,479997.31,2036524.08,-46.93
SM-17-P2,25,479997.31,2036524.08,-47.23
SM-17-P2,25,479997.31,2036524.08,-47.38
SM-17-P2,25,479997.31,2036524.08,-47.53
SM-17-P2,25,479997.31,2036524.08,-47.83
SM-17-P2,25,479997.31,2036524.08,-47.98
SM-17-P2,25,479997.31,2036524.08,-48.28
SM-17-P2,25,479997.31,2036524.08,-54.33
SM-17-P2,25,479997.31,2036524.08,-54.58
SM-17-P2,25,479997.31,2036524.08,-54.73
SM-17-P2,25,479997.31,2036524.08,-55.03
SM-17-P2,25,479997.31,2036524.08,-59.38
SM-17-P2,25,479997.31,2036524.08,-59.53
SM-17-P2,25,479997.31,2036524.08,-65.68
SM-17-P2,25,479997.31,2036524.08,-65.83
SM-17-P2,25,479997.31,2036524.08,-65.98
SM-17-P2,25,479997.31,2036524.08,-73.33
SM-17-P2,25,479997.31,2036524.08,-73.48
SM-17-P2,25,479997.31,2036524.08,-73.63
SM-17-P2,25,479997.31,2036524.08,-75.5
SM-17-P2,25,479997.31,2036524.08,-75.73
SM-17-P2,25,479997.31,2036524.08,-76.03
SM-17-P2,25,479997.31,2036524.08,-76.18
SM-17-P2,25,479997.31,2036524.08,-76.48
SM-17-P2,25,479997.31,2036524.08,-76.63
SM-17-P2,25,479997.31,2036524.08,-77.33
SM-17-P2,25,479997.31,2036524.08,-77.53
SM-17-P2,25,479997.31,2036524.08,-77.83
SM-17-P2,25,479997.31,2036524.08,-77.98
SM-17-P2,25,479997.31,2036524.08,-78.28
SM-08-B2,25,480108.48,2037238.9,-18.95
SM-18-P1,25,477502.42,2036933.38,-18.345
SM-18-P1,25,477502.42,2036933.38,-19.92
SM-18-P1,25,477502.42,2036933.38,-24.87
SM-18-P1,25,477502.42,2036933.38,-46.245
SM-18-P1,25,477502.42,2036933.38,-72.07
SM-18-P1,25,477502.42,2036933.38,-72.12
SM-18-P1,25,477502.42,2036933.38,-72.53
SM-18-P1,25,477502.42,2036933.38,-72.57
SM-18-P1,25,477502.42,2036933.38,-72.99
SM-18-P1,25,477502.42,2036933.38,-73.02
SM-18-P1,25,477502.42,2036933.38,-73.42
SM-18-P1,25,477502.42,2036933.38,-73.47
SM-18-P1,25,477502.42,2036933.38,-75.22
SM-18-P1,25,477502.42,2036933.38,-75.27
SM-18-P1,25,477502.42,2036933.38,-75.67
SM-18-P1,25,477502.42,2036933.38,-75.72
SM-18-P1,25,477502.42,2036933.38,-37.02
SM-09-B1,15,477265.19,2036624.23,-7.09
SM-09-B1,15,477265.19,2036624.23,-7.315
SM-09-B1,18.5,477265.19,2036624.23,-7.54
SM-67-P1,25,477857.4,2036377.24,-21.77
SM-67-P1,25,477857.4,2036377.24,-29.42
SM-67-P1,25,477857.4,2036377.24,-34.82
SM-67-P1,25,477857.4,2036377.24,-37.97
SM-67-P1,25,477857.4,2036377.24,-21.995
SM-05-B1,1,478828.2306,2036140.498,-12.143
SM-05-B1,0.5,478828.2306,2036140.498,-12.368
SM-05-B1,0,478828.2306,2036140.498,-12.593
SM-35 P2,25,,,-6.975
SM-35 P2,25,,,-7.875
SM-35 P2,25,,,-27
SM-35 P2,25,,,-35.325
SM-35 P2,25,,,-29.475
SM-62 P2,25,,,-0.675
SM-62 P2,25,,,-29.7
SM-62 P2,25,,,-49.65
SM-62 P2,25,,,-49.95
SM-62 P2,25,,,-50.25
SM-62 P2,25,,,0
SM-72-P2,25,479543.59,2036219.22,-5.335
SM-72-P2,25,479543.59,2036219.22,-30.61
SM-72-P2,25,479543.59,2036219.22,-30.76
SM-72-P2,25,479543.59,2036219.22,-36.41
SM-72-P2,25,479543.59,2036219.22,-36.61
SM-72-P2,25,479543.59,2036219.22,-36.89
SM-72-P2,25,479543.59,2036219.22,-37.06
SM-72-P2,25,479543.59,2036219.22,-37.34
SM-72-P2,25,479543.59,2036219.22,-38.26
SM-72-P2,25,479543.59,2036219.22,-38.41
SM-72-P2,25,479543.59,2036219.22,-38.68
SM-72-P2,25,479543.59,2036219.22,-38.86
SM-72-P2,25,479543.59,2036219.22,-45.46
SM-72-P2,25,479543.59,2036219.22,-45.61
SM-72-P2,25,479543.59,2036219.22,-45.86
SM-72-P2,25,479543.59,2036219.22,-46.06
SM-72-P2,25,479543.59,2036219.22,-46.33
SM-72-P2,25,479543.59,2036219.22,-46.51
SM-72-P2,25,479543.59,2036219.22,-46.81
SM-72-P2,25,479543.59,2036219.22,-46.96
SM-02-B1,25,479959.6533,2036162.012,0.419
SM-02-B1,25,479959.6533,2036162.012,-4.531
SM-02-B1,25,479959.6533,2036162.012,-22.756
SM-02-B1,25,479959.6533,2036162.012,-27.481
SM-02-B1,25,479959.6533,2036162.012,-16.231
SM-19-P1,25,477471.6,2036261.55,-19.095
SM-19-P1,25,477471.6,2036261.55,-28.6
SM-19-P1,25,477471.6,2036261.55,-28.77
SM-19-P1,25,477471.6,2036261.55,-31.695
SM-19-P1,25,477471.6,2036261.55,-32.37
SM-19-P1,25,477471.6,2036261.55,-38.19
SM-19-P1,25,477471.6,2036261.55,-39.98
SM-19-P1,25,477471.6,2036261.55,-41.82
SM-19-P1,25,477471.6,2036261.55,-51.7
SM-19-P1,25,477471.6,2036261.55,-51.72
SM-19-P1,25,477471.6,2036261.55,-52.15
SM-19-P1,25,477471.6,2036261.55,-52.17
SM-19-P1,25,477471.6,2036261.55,-52.39
SM-19-P1,25,477471.6,2036261.55,-52.62
SM-19-P1,25,477471.6,2036261.55,-53.02
SM-19-P1,25,477471.6,2036261.55,-53.07
SM-19-P1,25,477471.6,2036261.55,-53.21
SM-19-P1,25,477471.6,2036261.55,-53.52
SM-19-P1,25,477471.6,2036261.55,-53.8
SM-19-P1,25,477471.6,2036261.55,-53.97
SM-19-P1,25,477471.6,2036261.55,-54.23
SM-19-P1,25,477471.6,2036261.55,-54.42
SM-19-P1,25,477471.6,2036261.55,-54.56
SM-19-P1,25,477471.6,2036261.55,-54.87
SM-19-P1,25,477471.6,2036261.55,-55.13
SM-19-P1,25,477471.6,2036261.55,-55.32
SM-19-P1,25,477471.6,2036261.55,-55.57
SM-19-P1,25,477471.6,2036261.55,-55.77
SM-19-P1,25,477471.6,2036261.55,-55.88
SM-19-P1,25,477471.6,2036261.55,-56.22
SM-19-P1,25,477471.6,2036261.55,-56.5
SM-19-P1,25,477471.6,2036261.55,-56.67
SM-19-P1,25,477471.6,2036261.55,-59.19
SM-19-P1,25,477471.6,2036261.55,-59.37
SM-19-P1,25,477471.6,2036261.55,-59.66
SM-19-P1,25,477471.6,2036261.55,-59.82
SM-19-P1,25,477471.6,2036261.55,-60.21
SM-19-P1,25,477471.6,2036261.55,-60.28
SM-19-P1,25,477471.6,2036261.55,-60.68
SM-19-P1,25,477471.6,2036261.55,-60.73
SM-19-P1,25,477471.6,2036261.55,-61.12
SM-19-P1,25,477471.6,2036261.55,-61.18
SM-19-P1,25,477471.6,2036261.55,-61.46
SM-19-P1,25,477471.6,2036261.55,-61.65
SM-19-P1,25,477471.6,2036261.55,-61.92
SM-19-P1,25,477471.6,2036261.55,-62.1
SM-19-P1,25,477471.6,2036261.55,-62.33
SM-19-P1,25,477471.6,2036261.55,-62.55
SM-19-P1,25,477471.6,2036261.55,-62.68
SM-19-P1,25,477471.6,2036261.55,-63
SM-19-P1,25,477471.6,2036261.55,-63.21
SM-19-P1,25,477471.6,2036261.55,-63.45
SM-19-P1,25,477471.6,2036261.55,-63.57
SM-19-P1,25,477471.6,2036261.55,-63.9
SM-19-P1,25,477471.6,2036261.55,-64.71
SM-19-P1,25,477471.6,2036261.55,-64.77
SM-19-P1,25,477471.6,2036261.55,-65.01
SM-19-P1,25,477471.6,2036261.55,-65.22
SM-19-P1,25,477471.6,2036261.55,-65.48
SM-19-P1,25,477471.6,2036261.55,-65.67
SM-19-P1,25,477471.6,2036261.55,-66.86
SM-19-P1,25,477471.6,2036261.55,-67.02
SM-19-P1,25,477471.6,2036261.55,-67.3
SM-19-P1,25,477471.6,2036261.55,-67.47
SM-19-P1,25,477471.6,2036261.55,-67.75
SM-19-P1,25,477471.6,2036261.55,-67.92
SM-19-P1,25,477471.6,2036261.55,-68.2
SM-19-P1,25,477471.6,2036261.55,-68.37
SM-19-P1,25,477471.6,2036261.55,-68.8
SM-19-P1,25,477471.6,2036261.55,-68.82
SM-19-P1,25,477471.6,2036261.55,-69.2
SM-19-P1,25,477471.6,2036261.55,-69.27
SM-19-P1,25,477471.6,2036261.55,-69.67
SM-19-P1,25,477471.6,2036261.55,-69.72
SM-19-P1,25,477471.6,2036261.55,-70.13
SM-19-P1,25,477471.6,2036261.55,-70.17
SM-19-P1,25,477471.6,2036261.55,-70.45
SM-19-P1,25,477471.6,2036261.55,-70.62
SM-19-P1,25,477471.6,2036261.55,-70.9
SM-19-P1,25,477471.6,2036261.55,-71.07
SM-19-P1,25,477471.6,2036261.55,-71.36
SM-19-P1,25,477471.6,2036261.55,-71.52
SM-19-P1,25,477471.6,2036261.55,-71.78
SM-19-P1,25,477471.6,2036261.55,-71.97
SM-19-P1,25,477471.6,2036261.55,-72.34
SM-19-P1,25,477471.6,2036261.55,-72.42
SM-19-P1,25,477471.6,2036261.55,-72.84
SM-19-P1,25,477471.6,2036261.55,-72.87
SM-19-P1,25,477471.6,2036261.55,-73.14
SM-19-P1,25,477471.6,2036261.55,-73.32
SM-19-P1,25,477471.6,2036261.55,-73.73
SM-19-P1,25,477471.6,2036261.55,-73.77
SM-19-P1,25,477471.6,2036261.55,-74.2
SM-19-P1,25,477471.6,2036261.55,-74.22
SM-19-P1,25,477471.6,2036261.55,-74.94
SM-19-P1,25,477471.6,2036261.55,-75.12
SM-19-P1,25,477471.6,2036261.55,-76
SM-19-P1,25,477471.6,2036261.55,-76.02
SM-19-P1,25,477471.6,2036261.55,-76.15
SM-19-P1,25,477471.6,2036261.55,-76.47
SM-51-P1,25,477639.95,2037631.92,-16.5
SM-51-P1,25,477639.95,2037631.92,-47.325
SM-51-P1,25,477639.95,2037631.92,-28.65
SM-36-P2,25,478362.19,2036503.28,1.295
SM-36-P2,25,478362.19,2036503.28,-14.455
SM-36-P2,25,478362.19,2036503.28,-23.905
SM-36-P2,25,478362.19,2036503.28,-28.18
SM-36-P2,25,478362.19,2036503.28,-45.58
SM-36-P2,25,478362.19,2036503.28,-46.18
SM-36-P2,25,478362.19,2036503.28,-46.42
SM-36-P2,25,478362.19,2036503.28,-46.63
SM-36-P2,25,478362.19,2036503.28,-22.78
SM-10-B2,25,480515.3,2036275.1,-6.98
SM-10-B2,25,480515.3,2036275.1,-7.43
SM-10-B2,25,480515.3,2036275.1,-29.255
SM-10-B2,25,480515.3,2036275.1,-34.655
SM-10-B2,25,480515.3,2036275.1,-20.48
SM-07-B1,25,477905.7673,2036203.22,-15.7914
SM-07-B1,25,477905.7673,2036203.22,-13.0914
SM-55-P2,25,479329.18,2037687.79,-38.965
SM-55-P2,25,479329.18,2037687.79,-24.565
SM-13-P2,25,478456.28,2037422.21,-19.31
SM-25-P2,25,479793.28,2037531.65,1.075
SM-25-P2,25,479793.28,2037531.65,-16.7
SM-25-P2,25,479793.28,2037531.65,-46.25
SM-25-P2,25,479793.28,2037531.65,-46.4
SM-25-P2,25,479793.28,2037531.65,-46.65
SM-25-P2,25,479793.28,2037531.65,-46.85
SM-25-P2,25,479793.28,2037531.65,-23.9
SM-06-B1,25,478330.36,2036080.3,-15.405
SM-06-B1,25,478330.36,2036080.3,-17.205
SM-06-B1,25,478330.36,2036080.3,-17.43
SM-06-B1,25,478330.36,2036080.3,-17.655
SM-66-P1,25,477629.99,2036277.02,-29.34
SM-66-P1,25,477629.99,2036277.02,-29.49
SM-66-P1,25,477629.99,2036277.02,-29.79
SM-66-P1,25,477629.99,2036277.02,-29.94
SM-66-P1,25,477629.99,2036277.02,-30.69
SM-66-P1,25,477629.99,2036277.02,-30.84
SM-66-P1,25,477629.99,2036277.02,-31.14
SM-66-P1,25,477629.99,2036277.02,-31.29
SM-66-P1,25,477629.99,2036277.02,-31.59
SM-66-P1,25,477629.99,2036277.02,-31.74
SM-66-P1,25,477629.99,2036277.02,-32.04
SM-66-P1,25,477629.99,2036277.02,-32.19
SM-66-P1,25,477629.99,2036277.02,-20.94
SM-52-P1,25,478098.81,2037573.26,-0.305
SM-52-P1,25,478098.81,2037573.26,-21.455
SM-52-P1,25,478098.81,2037573.26,-25.58
SM-52-P1,25,478098.81,2037573.26,-36.83
SM-52-P1,25,478098.81,2037573.26,-37.13
SM-52-P1,25,478098.81,2037573.26,-37.28
SM-52-P1,25,478098.81,2037573.26,-37.58
SM-52-P1,25,478098.81,2037573.26,-37.88
SM-52-P1,25,478098.81,2037573.26,-38.18
SM-52-P1,25,478098.81,2037573.26,-38.78
SM-52-P1,25,478098.81,2037573.26,-39.08
SM-52-P1,25,478098.81,2037573.26,-39.38
SM-52-P1,25,478098.81,2037573.26,-39.53
SM-52-P1,25,478098.81,2037573.26,-42.98
SM-52-P1,25,478098.81,2037573.26,-43.13
SM-52-P1,25,478098.81,2037573.26,-43.43
SM-52-P1,25,478098.81,2037573.26,-43.58
SM-52-P1,25,478098.81,2037573.26,-44.03
SM-52-P1,25,478098.81,2037573.26,-44.33
SM-52-P1,25,478098.81,2037573.26,-44.48
SM-52-P1,25,478098.81,2037573.26,-44.78
SM-52-P1,25,478098.81,2037573.26,-45.53
SM-52-P1,25,478098.81,2037573.26,-47.33
SM-10-B1,25,477226.3,2037121.54,-11.15
SM-10-B1,25,477226.3,2037121.54,-9.8
SM-53-P2,25,478414.1,2037512.4,-23.765
SM-53-P2,25,478414.1,2037512.4,-27.14
SM-53-P2,25,478414.1,2037512.4,-28.715
SM-53-P2,25,478414.1,2037512.4,-35.015
SM-53-P2,25,478414.1,2037512.4,-39.065
SM-53-P2,25,478414.1,2037512.4,-52.29
SM-53-P2,25,478414.1,2037512.4,-52.34
SM-53-P2,25,478414.1,2037512.4,-52.57
SM-53-P2,25,478414.1,2037512.4,-29.165
SM-14-P2,25,479685.63,2037378.89,-26.985
SM-14-P2,25,479685.63,2037378.89,-27.885
SM-14-P2,25,479685.63,2037378.89,-40.485
SM-14-P2,25,479685.63,2037378.89,-62.085
SM-14-P2,25,479685.63,2037378.89,-63.885
SM-14-P2,25,479685.63,2037378.89,-41.385
SM-37-P2,25,479213.08,2036499.92,-11.785
SM-37-P2,25,479213.08,2036499.92,-13.135
SM-37-P2,25,479213.08,2036499.92,-15.385
SM-37-P2,25,479213.08,2036499.92,-16.285
SM-44-P1,25,477193.08,2038327.98,-7.525
SM-44-P1,25,477189.844,2038327.449,-7.575
SM-44-P1,25,477193.08,2038327.98,-40.4
SM-44-P1,25,477189.844,2038327.449,-40.45
SM-44-P1,25,477193.08,2038327.98,-40.6
SM-44-P1,25,477189.844,2038327.449,-40.65
SM-44-P1,25,477193.08,2038327.98,-40.89
SM-44-P1,25,477189.844,2038327.449,-40.94
SM-44-P1,25,477193.08,2038327.98,-41.05
SM-44-P1,25,477189.844,2038327.449,-41.1
SM-44-P1,25,477193.08,2038327.98,-41.32
SM-44-P1,25,477189.844,2038327.449,-41.37
SM-44-P1,25,477193.08,2038327.98,-41.5
SM-44-P1,25,477189.844,2038327.449,-41.55
SM-44-P1,25,477193.08,2038327.98,-41.8
SM-44-P1,25,477189.844,2038327.449,-41.85
SM-44-P1,25,477193.08,2038327.98,-41.95
SM-44-P1,25,477189.844,2038327.449,-42
SM-44-P1,25,477193.08,2038327.98,-43.6
SM-44-P1,25,477189.844,2038327.449,-43.65
SM-44-P1,25,477193.08,2038327.98,-43.75
SM-44-P1,25,477189.844,2038327.449,-43.8
SM-44-P1,25,477193.08,2038327.98,-44.05
SM-44-P1,25,477189.844,2038327.449,-44.1
SM-44-P1,25,477193.08,2038327.98,-44.2
SM-44-P1,25,477189.844,2038327.449,-44.25
SM-44-P1,25,477193.08,2038327.98,-44.5
SM-44-P1,25,477189.844,2038327.449,-44.55
SM-44-P1,25,477193.08,2038327.98,-44.65
SM-44-P1,25,477189.844,2038327.449,-44.7
SM-44-P1,25,477193.08,2038327.98,-44.9
SM-44-P1,25,477189.844,2038327.449,-44.95
SM-44-P1,25,477193.08,2038327.98,-45.1
SM-44-P1,25,477189.844,2038327.449,-45.15
SM-44-P1,25,477193.08,2038327.98,-21.925
SM-44-P1,25,477189.844,2038327.449,-21.975
SM-70-P3,25,481498.09,2036695.19,-9.63
SM-47-P1,25,478006.01,2038293.04,5.98
SM-47-P1,25,478006.01,2038293.04,5.53
SM-47-P1,25,478006.01,2038293.04,-6.92
SM-47-P1,25,478006.01,2038293.04,-7.07
SM-47-P1,25,478006.01,2038293.04,-39.67
SM-47-P1,25,478006.01,2038293.04,-39.92
SM-47-P1,25,478006.01,2038293.04,-40.22
SM-47-P1,25,478006.01,2038293.04,-40.37
SM-47-P1,25,478006.01,2038293.04,-40.6
SM-47-P1,25,478006.01,2038293.04,-40.82
SM-47-P1,25,478006.01,2038293.04,-43.77
SM-47-P1,25,478006.01,2038293.04,-43.97
SM-47-P1,25,478006.01,2038293.04,-44.12
SM-47-P1,25,478006.01,2038293.04,-44.42
SM-47-P1,25,478006.01,2038293.04,-15.17
SM-28 P2,25,,,-9.9
SM-28 P2,25,,,-19.8
SM-28 P2,25,,,-45.28
SM-28 P2,25,,,-25.2
SM-07-B2,25,,,-14.85
SM-01-B1,25,480286.37,2036030.34,-11.28
SM-20-P1,25,477576.5,2038152.22,0.36
SM-20-P1,25,477574.978,2038153.565,0.29
SM-20-P1,25,477576.5,2038152.22,-2.115
SM-20-P1,25,477574.978,2038153.565,-2.185
SM-20-P1,25,477576.5,2038152.22,-3.015
SM-20-P1,25,477574.978,2038153.565,-3.085
SM-20-P1,25,477576.5,2038152.22,-16.065
SM-20-P1,25,477574.978,2038153.565,-16.135
SM-20-P1,25,477576.5,2038152.22,-16.965
SM-20-P1,25,477574.978,2038153.565,-17.035
SM-20-P1,25,477576.5,2038152.22,-38.34
SM-20-P1,25,477574.978,2038153.565,-38.41
SM-20-P1,25,477576.5,2038152.22,-41.32
SM-20-P1,25,477574.978,2038153.565,-41.39
SM-20-P1,25,477576.5,2038152.22,-41.49
SM-20-P1,25,477574.978,2038153.565,-41.56
SM-20-P1,25,477576.5,2038152.22,-41.79
SM-20-P1,25,477574.978,2038153.565,-41.86
SM-20-P1,25,477576.5,2038152.22,-41.94
SM-20-P1,25,477574.978,2038153.565,-42.01
SM-20-P1,25,477576.5,2038152.22,-42.19
SM-20-P1,25,477574.978,2038153.565,-42.26
SM-20-P1,25,477576.5,2038152.22,-42.39
SM-20-P1,25,477574.978,2038153.565,-42.46
SM-20-P1,25,477576.5,2038152.22,-42.63
SM-20-P1,25,477574.978,2038153.565,-42.7
SM-20-P1,25,477576.5,2038152.22,-42.84
SM-20-P1,25,477574.978,2038153.565,-42.91
SM-20-P1,25,477576.5,2038152.22,-42.99
SM-20-P1,25,477574.978,2038153.565,-43.06
SM-20-P1,25,477576.5,2038152.22,-43.29
SM-20-P1,25,477574.978,2038153.565,-43.36
SM-20-P1,25,477576.5,2038152.22,-54.06
SM-20-P1,25,477574.978,2038153.565,-54.13
SM-20-P1,25,477576.5,2038152.22,-54.09
SM-20-P1,25,477574.978,2038153.565,-54.16
SM-20-P1,25,477576.5,2038152.22,-54.29
SM-20-P1,25,477574.978,2038153.565,-54.36
SM-20-P1,25,477576.5,2038152.22,-54.54
SM-20-P1,25,477574.978,2038153.565,-54.61
SM-20-P1,25,477576.5,2038152.22,-54.76
SM-20-P1,25,477574.978,2038153.565,-54.83
SM-20-P1,25,477576.5,2038152.22,-54.99
SM-20-P1,25,477574.978,2038153.565,-55.06
SM-20-P1,25,477576.5,2038152.22,-55.14
SM-20-P1,25,477574.978,2038153.565,-55.21
SM-20-P1,25,477576.5,2038152.22,-55.44
SM-20-P1,25,477574.978,2038153.565,-55.51
SM-20-P1,25,477576.5,2038152.22,-55.69
SM-20-P1,25,477574.978,2038153.565,-55.76
SM-20-P1,25,477576.5,2038152.22,-55.89
SM-20-P1,25,477574.978,2038153.565,-55.96
SM-20-P1,25,477576.5,2038152.22,-56.12
SM-20-P1,25,477574.978,2038153.565,-56.19
SM-20-P1,25,477576.5,2038152.22,-56.34
SM-20-P1,25,477574.978,2038153.565,-56.41
SM-20-P1,25,477576.5,2038152.22,-56.54
SM-20-P1,25,477574.978,2038153.565,-56.61
SM-20-P1,25,477576.5,2038152.22,-56.79
SM-20-P1,25,477574.978,2038153.565,-56.86
SM-20-P1,25,477576.5,2038152.22,-57.01
SM-20-P1,25,477574.978,2038153.565,-57.08
SM-20-P1,25,477576.5,2038152.22,-57.24
SM-20-P1,25,477574.978,2038153.565,-57.31
SM-20-P1,25,477576.5,2038152.22,-57.39
SM-20-P1,25,477574.978,2038153.565,-57.46
SM-20-P1,25,477576.5,2038152.22,-57.69
SM-20-P1,25,477574.978,2038153.565,-57.76
SM-20-P1,25,477576.5,2038152.22,-57.89
SM-20-P1,25,477574.978,2038153.565,-57.96
SM-20-P1,25,477576.5,2038152.22,-58.14
SM-20-P1,25,477574.978,2038153.565,-58.21
SM-20-P1,25,477576.5,2038152.22,-58.44
SM-20-P1,25,477574.978,2038153.565,-58.51
SM-20-P1,25,477576.5,2038152.22,-58.59
SM-20-P1,25,477574.978,2038153.565,-58.66
SM-20-P1,25,477576.5,2038152.22,-58.85
SM-20-P1,25,477574.978,2038153.565,-58.92
SM-20-P1,25,477576.5,2038152.22,-59.04
SM-20-P1,25,477574.978,2038153.565,-59.11
SM-20-P1,25,477576.5,2038152.22,-59.19
SM-20-P1,25,477574.978,2038153.565,-59.26
SM-20-P1,25,477576.5,2038152.22,-59.49
SM-20-P1,25,477574.978,2038153.565,-59.56
SM-20-P1,25,477576.5,2038152.22,-59.75
SM-20-P1,25,477574.978,2038153.565,-59.82
SM-20-P1,25,477576.5,2038152.22,-59.94
SM-20-P1,25,477574.978,2038153.565,-60.01
SM-20-P1,25,477576.5,2038152.22,-62.49
SM-20-P1,25,477574.978,2038153.565,-62.56
SM-20-P1,25,477576.5,2038152.22,-62.64
SM-20-P1,25,477574.978,2038153.565,-62.71
SM-20-P1,25,477576.5,2038152.22,-64.39
SM-20-P1,25,477574.978,2038153.565,-64.46
SM-20-P1,25,477576.5,2038152.22,-64.44
SM-20-P1,25,477574.978,2038153.565,-64.51
SM-20-P1,25,477576.5,2038152.22,-66.97
SM-20-P1,25,477574.978,2038153.565,-67.04
SM-20-P1,25,477576.5,2038152.22,-67.14
SM-20-P1,25,477574.978,2038153.565,-67.21
SM-20-P1,25,477576.5,2038152.22,-67.24
SM-20-P1,25,477574.978,2038153.565,-67.31
SM-20-P1,25,477576.5,2038152.22,-67.59
SM-20-P1,25,477574.978,2038153.565,-67.66
SM-20-P1,25,477576.5,2038152.22,-67.74
SM-20-P1,25,477574.978,2038153.565,-67.81
SM-20-P1,25,477576.5,2038152.22,-68.04
SM-20-P1,25,477574.978,2038153.565,-68.11
SM-20-P1,25,477576.5,2038152.22,-68.13
SM-20-P1,25,477574.978,2038153.565,-68.2
SM-20-P1,25,477576.5,2038152.22,-68.49
SM-20-P1,25,477574.978,2038153.565,-68.56
SM-20-P1,25,477576.5,2038152.22,-68.59
SM-20-P1,25,477574.978,2038153.565,-68.66
SM-20-P1,25,477576.5,2038152.22,-68.94
SM-20-P1,25,477574.978,2038153.565,-69.01
SM-20-P1,25,477576.5,2038152.22,-69.02
SM-20-P1,25,477574.978,2038153.565,-69.09
SM-20-P1,25,477576.5,2038152.22,-69.39
SM-20-P1,25,477574.978,2038153.565,-69.46
SM-20-P1,25,477576.5,2038152.22,-69.52
SM-20-P1,25,477574.978,2038153.565,-69.59
SM-20-P1,25,477576.5,2038152.22,-69.84
SM-20-P1,25,477574.978,2038153.565,-69.91
SM-20-P1,25,477576.5,2038152.22,-69.96
SM-20-P1,25,477574.978,2038153.565,-70.03
SM-20-P1,25,477576.5,2038152.22,-70.29
SM-20-P1,25,477574.978,2038153.565,-70.36
SM-20-P1,25,477576.5,2038152.22,-70.39
SM-20-P1,25,477574.978,2038153.565,-70.46
SM-20-P1,25,477576.5,2038152.22,-70.74
SM-20-P1,25,477574.978,2038153.565,-70.81
SM-20-P1,25,477576.5,2038152.22,-70.83
SM-20-P1,25,477574.978,2038153.565,-70.9
SM-20-P1,25,477576.5,2038152.22,-71.19
SM-20-P1,25,477574.978,2038153.565,-71.26
SM-20-P1,25,477576.5,2038152.22,-71.27
SM-20-P1,25,477574.978,2038153.565,-71.34
SM-20-P1,25,477576.5,2038152.22,-71.64
SM-20-P1,25,477574.978,2038153.565,-71.71
SM-20-P1,25,477576.5,2038152.22,-71.84
SM-20-P1,25,477574.978,2038153.565,-71.91
SM-20-P1,25,477576.5,2038152.22,-72.09
SM-20-P1,25,477574.978,2038153.565,-72.16
SM-20-P1,25,477576.5,2038152.22,-72.31
SM-20-P1,25,477574.978,2038153.565,-72.38
SM-20-P1,25,477576.5,2038152.22,-72.54
SM-20-P1,25,477574.978,2038153.565,-72.61
SM-20-P1,25,477576.5,2038152.22,-72.69
SM-20-P1,25,477574.978,2038153.565,-72.76
SM-20-P1,25,477576.5,2038152.22,-72.99
SM-20-P1,25,477574.978,2038153.565,-73.06
SM-20-P1,25,477576.5,2038152.22,-73.09
SM-20-P1,25,477574.978,2038153.565,-73.16
SM-20-P1,25,477576.5,2038152.22,-73.44
SM-20-P1,25,477574.978,2038153.565,-73.51
SM-20-P1,25,477576.5,2038152.22,-73.56
SM-20-P1,25,477574.978,2038153.565,-73.63
SM-20-P1,25,477576.5,2038152.22,-73.89
SM-20-P1,25,477574.978,2038153.565,-73.96
SM-20-P1,25,477576.5,2038152.22,-74
SM-20-P1,25,477574.978,2038153.565,-74.07
SM-20-P1,25,477576.5,2038152.22,-74.34
SM-20-P1,25,477574.978,2038153.565,-74.41
SM-20-P1,25,477576.5,2038152.22,-74.48
SM-20-P1,25,477574.978,2038153.565,-74.55
SM-20-P1,25,477576.5,2038152.22,-74.79
SM-20-P1,25,477574.978,2038153.565,-74.86
SM-20-P1,25,477576.5,2038152.22,-74.89
SM-20-P1,25,477574.978,2038153.565,-74.96
SM-20-P1,25,477576.5,2038152.22,-75.24
SM-20-P1,25,477574.978,2038153.565,-75.31
SM-20-P1,25,477576.5,2038152.22,-75.39
SM-20-P1,25,477574.978,2038153.565,-75.46
SM-20-P1,25,477576.5,2038152.22,-75.69
SM-20-P1,25,477574.978,2038153.565,-75.76
SM-20-P1,25,477576.5,2038152.22,-75.81
SM-20-P1,25,477574.978,2038153.565,-75.88
SM-20-P1,25,477576.5,2038152.22,-76.14
SM-20-P1,25,477574.978,2038153.565,-76.21
SM-20-P1,25,477576.5,2038152.22,-76.24
SM-20-P1,25,477574.978,2038153.565,-76.31
SM-20-P1,25,477576.5,2038152.22,-76.59
SM-20-P1,25,477574.978,2038153.565,-76.66
SM-20-P1,25,477576.5,2038152.22,-76.7
SM-20-P1,25,477574.978,2038153.565,-76.77
SM-20-P1,25,477576.5,2038152.22,-77.04
SM-20-P1,25,477574.978,2038153.565,-77.11
SM-20-P1,25,477576.5,2038152.22,-77.13
SM-20-P1,25,477574.978,2038153.565,-77.2
SM-20-P1,25,477576.5,2038152.22,-77.49
SM-20-P1,25,477574.978,2038153.565,-77.56
SM-20-P1,25,477576.5,2038152.22,-77.59
SM-20-P1,25,477574.978,2038153.565,-77.66
SM-20-P1,25,477576.5,2038152.22,-77.94
SM-20-P1,25,477574.978,2038153.565,-78.01
SM-20-P1,25,477576.5,2038152.22,-78.06
SM-20-P1,25,477574.978,2038153.565,-78.13
SM-20-P1,25,477576.5,2038152.22,-78.39
SM-20-P1,25,477574.978,2038153.565,-78.46
SM-20-P1,25,477576.5,2038152.22,-78.53
SM-20-P1,25,477574.978,2038153.565,-78.6
SM-20-P1,25,477576.5,2038152.22,-78.84
SM-20-P1,25,477574.978,2038153.565,-78.91
SM-20-P1,25,477576.5,2038152.22,-78.94
SM-20-P1,25,477574.978,2038153.565,-79.01
SM-20-P1,25,477576.5,2038152.22,-79.29
SM-20-P1,25,477574.978,2038153.565,-79.36
SM-20-P1,25,477576.5,2038152.22,-79.38
SM-20-P1,25,477574.978,2038153.565,-79.45
SM-20-P1,25,477576.5,2038152.22,-79.74
SM-20-P1,25,477574.978,2038153.565,-79.81
SM-20-P1,25,477576.5,2038152.22,-79.79
SM-20-P1,25,477574.978,2038153.565,-79.86
SM-20-P1,25,477576.5,2038152.22,-80.19
SM-20-P1,25,477574.978,2038153.565,-80.26
SM-20-P1,25,477576.5,2038152.22,-80.4
SM-20-P1,25,477574.978,2038153.565,-80.47
SM-20-P1,25,477576.5,2038152.22,-80.64
SM-20-P1,25,477574.978,2038153.565,-80.71
SM-20-P1,25,477576.5,2038152.22,-80.79
SM-20-P1,25,477574.978,2038153.565,-80.86
SM-20-P1,25,477576.5,2038152.22,-81.09
SM-20-P1,25,477574.978,2038153.565,-81.16
SM-20-P1,25,477576.5,2038152.22,-81.29
SM-20-P1,25,477574.978,2038153.565,-81.36
SM-20-P1,25,477576.5,2038152.22,-81.54
SM-20-P1,25,477574.978,2038153.565,-81.61
SM-20-P1,25,477576.5,2038152.22,-81.69
SM-20-P1,25,477574.978,2038153.565,-81.76
SM-69-P2,25,478614.71,2036398.52,-22.915
SM-69-P2,25,478614.71,2036398.52,-46.69
SM-69-P2,25,478614.71,2036398.52,-46.99
SM-69-P2,25,478614.71,2036398.52,-47.29
SM-69-P2,25,478614.71,2036398.52,-47.44
SM-69-P2,25,478614.71,2036398.52,-47.71
SM-69-P2,25,478614.71,2036398.52,-47.89
SM-69-P2,25,478614.71,2036398.52,-25.39
SM-57-P1,25,477640.14,2037208.59,-17.1
SM-57-P1,25,477640.14,2037208.59,-18
SM-57-P1,25,477640.14,2037208.59,-36.45
SM-57-P1,25,477640.14,2037208.59,-39.15
SM-57-P1,25,477640.14,2037208.59,-23.175
SM-74-P3,25,480593.73,2036997.8,-29.66
SM-74-P3,25,480593.73,2036997.8,-33.035
SM-74-P3,25,480593.73,2036997.8,-33.26
SM-74-P3,25,480593.73,2036997.8,-33.485
SM-74-P3,25,480593.73,2036997.8,-40.46
SM-74-P3,25,480593.73,2036997.8,-41.81
SM-74-P3,25,480593.73,2036997.8,-23.585
SM-42-P1,25,477982.94,2038550.48,-3.595
SM-42-P1,25,477982.94,2038550.48,-22.495
SM-42-P1,25,477982.94,2038550.48,-24.52
SM-38-P2,25,479622.12,2036497.16,-32.66
SM-38-P2,25,479622.12,2036497.16,-33.335
SM-38-P2,25,479622.12,2036497.16,-34.01
SM-38-P2,25,479622.12,2036497.16,-25.46
SM-63-P1,25,477393.97,2036611.25,-14.14
SM-63-P1,25,477393.97,2036611.25,-20.44
SM-63-P1,25,477393.97,2036611.25,-23.365
SM-63-P1,25,477393.97,2036611.25,-37.99
SM-63-P1,25,477393.97,2036611.25,-40.915
SM-63-P1,25,477393.97,2036611.25,-41.815
SM-63-P1,25,477393.97,2036611.25,-44.515
SM-63-P1,25,477393.97,2036611.25,-49.465
SM-63-P1,25,477393.97,2036611.25,-23.815
SM-75-P1,25,477626.74,2037421.93,-23.785
SM-09-B2,25,480263.7,2036758.9,-33.33
SM-09-B2,25,480263.7,2036758.9,-33.38
SM-09-B2,25,480263.7,2036758.9,-33.78
SM-76-P3,25,481243.38,2036665.86,4.685
SM-76-P3,25,481243.38,2036665.86,-18.94
SM-76-P3,25,481243.38,2036665.86,-25.915
SM-76-P3,25,481243.38,2036665.86,-38.065
SM-76-P3,25,481243.38,2036665.86,-17.365
SM-29-P2,25,479601.03,2037189.73,-19.38
SM-29-P2,25,479601.03,2037189.73,-21.405
SM-29-P2,25,479601.03,2037189.73,-35.805
SM-29-P2,25,479601.03,2037189.73,-46.63
SM-29-P2,25,479601.03,2037189.73,-46.83
SM-29-P2,25,479601.03,2037189.73,-23.43
SM-22-P2,25,478599.1,2037541.17,-30.89
SM-22-P2,25,478599.1,2037541.17,-31.34
SM-15-P2,25,479132.63,2036864.69,-6.165
SM-26-P2,24.5,478399.31,2037192.67,-14.19
SM-26-P2,24.5,478399.31,2037192.67,-29.04
SM-26-P2,24.5,478399.31,2037192.67,-42.54
SM-12-B1,24.5,477096.67,2038479.67,3.18
SM-43-P1,24.5,478112.67,2038510.48,6.27
SM-43-P1,24.5,478109.666,2038510.974,6.15
SM-40-P1,24.5,477608.176,2038623.913,-20.23
SM-32-P2,24.5,479000.45,2036846.64,-38.64
SM-65-P1,24.5,477374.93,2036265.02,-6.74
SM-65-P1,24.5,477374.93,2036265.02,-30.59
SM-65-P1,24.5,477374.93,2036265.02,-31.94
SM-30-P2,24.5,480015.16,2037202.47,-21.74
SM-39-P2,24.5,480204.54,2036551.45,-16.33
SM-39-P2,24.5,480204.54,2036551.45,-18.13
SM-39-P2,24.5,480204.54,2036551.45,-18.58
SM-16-P2,24.5,478795.23,2036506.72,-7.58
SM-16-P2,24.5,478795.23,2036506.72,-16.13
SM-54-P2,24.5,478894.52,2037846.9,-18.33
SM-54-P2,24.5,478894.52,2037846.9,-21.03
SM-33-P2,24.5,479399.9,2036846.79,-14.76
SM-33-P2,24.5,479399.9,2036846.79,-17.91
SM-61-P1,24.5,478033.23,2036869.83,-20.71
SM-24-P2,24.5,479387.3,2037585.89,-21.5
SM-04-B2,24.5,478139.21,2037614.8,-14.62
SM-50-P1,24.5,477300,2037635,-32.59
SM-31-P2,24.5,478600.11,2036846.19,-9.57
SM-23-P2,24.5,478975.93,2037540.89,-25.32
SM-105-P2,24.5,,,-22.95
SM-105-P2,24.5,,,-23.4
SM-105-P2,24.5,,,-34.65
SM-105-P2,24.5,,,-48.15
SM-105-P2,24.5,,,-100.35
SM-49-P1,24.5,477572.34,2038055.4,-8.03
SM-49-P1,24.5,477572.34,2038055.4,-26.48
SM-49-P1,24.5,477572.34,2038055.4,-21.53
SM-04-B1,24.5,479321.627,2036184.495,-17.3245
SM-04-B1,24.5,479321.627,2036184.495,-18.6745
SM-45-P1,24.5,477444.49,2038334.58,-12.76
SM-45-P1,24.5,477444.49,2038334.58,-16.36
SM-60-P1,24.5,477583.84,2036816.3,-21.43
SM-67-P1,24.5,477857.4,2036377.24,-32.12
SM-67-P1,24.5,477857.4,2036377.24,-34.37
SM-62 P2,24.5,,,-7.2
SM-62 P2,24.5,,,-24.75
SM-72-P2,24.5,479543.59,2036219.22,-14.56
SM-02-B1,24.5,479959.6533,2036162.012,-8.356
SM-19-P1,24.5,477471.6,2036261.55,-17.52
SM-19-P1,24.5,477471.6,2036261.55,-38.445
SM-51-P1,24.5,477639.95,2037631.92,-0.3
SM-51-P1,24.5,477639.95,2037631.92,-20.55
SM-51-P1,24.5,477639.95,2037631.92,-49.35
SM-06-B1,24.5,478330.36,2036080.3,-7.98
SM-52-P1,24.5,478098.81,2037573.26,-32.03
SM-14-P2,24.5,479685.63,2037378.89,-40.71
SM-14-P2,24.5,479685.63,2037378.89,-67.26
SM-37-P2,24.5,479213.08,2036499.92,-29.56
SM-47-P1,24.5,478006.01,2038293.04,-11.57
SM-07-B2,24.5,,,-20.7
SM-20-P1,24.5,477576.5,2038152.22,-38.79
SM-20-P1,24.5,477574.978,2038153.565,-38.86
SM-20-P1,24.5,477576.5,2038152.22,-39.24
SM-20-P1,24.5,477574.978,2038153.565,-39.31
SM-69-P2,24.5,478614.71,2036398.52,-17.29
SM-69-P2,24.5,478614.71,2036398.52,-23.14
SM-69-P2,24.5,478614.71,2036398.52,-27.64
SM-42-P1,24.5,477982.94,2038550.48,-4.72
SM-38-P2,24.5,479622.12,2036497.16,-26.81
SM-38-P2,24.5,479622.12,2036497.16,-33.56
SM-38-P2,24.5,479622.12,2036497.16,-35.36
SM-63-P1,24.5,477393.97,2036611.25,-38.44
SM-63-P1,24.5,477393.97,2036611.25,-44.29
SM-63-P1,24.5,477393.97,2036611.25,-45.19
SM-09-B2,24.5,480263.7,2036758.9,-7.73
SM-76-P3,24.5,481243.38,2036665.86,-34.24
SM-15-P2,24.5,479132.63,2036864.69,-14.04
SM-15-P2,24.5,479132.63,2036864.69,-12.465
SM-26-P2,24,478399.31,2037192.67,-27.015
SM-26-P2,24,478399.31,2037192.67,-28.365
SM-34-P2,24,479861.49,2036907.43,-18.365
SM-34-P2,24,479861.49,2036907.43,-19.49
SM-34-P2,24,479861.49,2036907.43,-38.165
SM-12-B1,24,477096.67,2038479.67,3.405
SM-12-B1,24,477096.67,2038479.67,2.73
SM-12-B1,24,477096.67,2038479.67,1.38
SM-12-B1,24,477096.67,2038479.67,-19.095
SM-43-P1,24,478112.67,2038510.48,0.645
SM-43-P1,24,478109.666,2038510.974,0.525
SM-40-P1,24,477608.176,2038623.913,-35.305
SM-03-B1,24,479599.92,2035977.75,-10.635
SM-03-B1,24,479599.92,2035977.75,-14.685
SM-11-B1,24,477167.57,2037681.46,-13.22
SM-41-P1,24,477763.79,2038599.78,-2.795
SM-41-P1,24,477763.79,2038599.78,-3.695
SM-41-P1,24,477763.79,2038599.78,-6.845
SM-32-P2,24,479000.45,2036846.64,-14.565
SM-32-P2,24,479000.45,2036846.64,-26.265
SM-32-P2,24,479000.45,2036846.64,-26.49
SM-32-P2,24,479000.45,2036846.64,-26.715
SM-32-P2,24,479000.45,2036846.64,-28.515
SM-65-P1,24,477374.93,2036265.02,3.385
SM-65-P1,24,477374.93,2036265.02,-4.49
SM-65-P1,24,477374.93,2036265.02,-25.865
SM-65-P1,24,477374.93,2036265.02,-27.665
SM-48-P1,24,477235.12,2038040.99,2.635
SM-48-P1,24,477235.12,2038040.99,1.06
SM-48-P1,24,477235.12,2038040.99,-21.215
SM-30-P2,24,480015.16,2037202.47,-21.965
SM-30-P2,24,480015.16,2037202.47,-23.315
SM-73-P2,24,480177.03,2036206.51,-6.925
SM-68 P2,24,,,-20.7
SM-68 P2,24,,,-29.7
SM-58-P1,24,478010.84,2037201.06,-8.55
SM-58-P1,24,478010.84,2037201.06,-15.525
SM-39-P2,24,480204.54,2036551.45,-15.88
SM-39-P2,24,480204.54,2036551.45,-16.555
SM-39-P2,24,480204.54,2036551.45,-24.88
SM-06-B2,24,,,-20.475
SM-06-B2,24,,,-22.725
SM-06-B2,24,,,-23.625
SM-16-P2,24,478795.23,2036506.72,-7.805
SM-54-P2,24,478894.52,2037846.9,-17.655
SM-54-P2,24,478894.52,2037846.9,-17.88
SM-54-P2,24,478894.52,2037846.9,-18.105
SM-54-P2,24,478894.52,2037846.9,-30.705
SM-33-P2,24,479399.9,2036846.79,-14.31
SM-33-P2,24,479399.9,2036846.79,-23.985
SM-33-P2,24,479399.9,2036846.79,-27.135
SM-33-P2,24,479399.9,2036846.79,-29.385
SM-61-P1,24,478033.23,2036869.83,-7.21
SM-61-P1,24,478033.23,2036869.83,-20.485
SM-61-P1,24,478033.23,2036869.83,-33.085
SM-05-B2,24,478555.9,2037889.6,-22.345
SM-04-B2,24,478139.21,2037614.8,-13.27
SM-04-B2,24,478139.21,2037614.8,-13.72
SM-50-P1,24,477300,2037635,0.035
SM-50-P1,24,477300,2037635,-14.365
SM-31-P2,24,478600.11,2036846.19,-7.77
SM-31-P2,24,478600.11,2036846.19,-16.095
SM-31-P2,24,478600.11,2036846.19,-21.495
SM-31-P2,24,478600.11,2036846.19,-37.245
SM-27-P2,24,478831.45,2037198.64,-15.775
SM-59-P1,24,477834.91,2037045.31,1.92
SM-59-P1,24,477834.91,2037045.31,-9.105
SM-105-P2,24,,,-19.8
SM-105-P2,24,,,-22.725
SM-105-P2,24,,,-23.625
SM-105-P2,24,,,-24.525
SM-105-P2,24,,,-38.25
SM-105-P2,24,,,-112.05
SM-105-P2,24,,,-115.65
SM-49-P1,24,477572.34,2038055.4,-22.655
SM-45-P1,24,477444.49,2038334.58,2.765
SM-45-P1,24,477444.49,2038334.58,-31.885
SM-17-P2,24,479997.31,2036524.08,-31.18
SM-17-P2,24,479997.31,2036524.08,-61.33
SM-17-P2,24,479997.31,2036524.08,-83.155
SM-08-B2,24,480108.48,2037238.9,0.4
SM-60-P1,24,477583.84,2036816.3,2.645
SM-60-P1,24,477583.84,2036816.3,-23.23
SM-60-P1,24,477583.84,2036816.3,-24.13
SM-18-P1,24,477502.42,2036933.38,-15.42
SM-18-P1,24,477502.42,2036933.38,-20.145
SM-18-P1,24,477502.42,2036933.38,-38.595
SM-18-P1,24,477502.42,2036933.38,-44.895
SM-67-P1,24,477857.4,2036377.24,3.88
SM-67-P1,24,477857.4,2036377.24,-12.545
SM-67-P1,24,477857.4,2036377.24,-25.595
SM-67-P1,24,477857.4,2036377.24,-29.645
SM-67-P1,24,477857.4,2036377.24,-31.445
SM-67-P1,24,477857.4,2036377.24,-32.57
SM-67-P1,24,477857.4,2036377.24,-36.62
SM-67-P1,24,477857.4,2036377.24,-38.195
SM-67-P1,24,477857.4,2036377.24,-39.32
SM-67-P1,24,477857.4,2036377.24,-43.37
SM-05-B1,0,478828.2306,2036140.498,-12.818
SM-35 P2,24,,,-19.575
SM-35 P2,24,,,-33.075
SM-35 P2,24,,,-34.2
SM-62 P2,24,,,-11.475
SM-72-P2,24,479543.59,2036219.22,-0.16
SM-72-P2,24,479543.59,2036219.22,-8.26
SM-72-P2,24,479543.59,2036219.22,-13.435
SM-19-P1,24,477471.6,2036261.55,-2.445
SM-19-P1,24,477471.6,2036261.55,-4.02
SM-19-P1,24,477471.6,2036261.55,-15.945
SM-19-P1,24,477471.6,2036261.55,-18.42
SM-51-P1,24,477639.95,2037631.92,-12.675
SM-51-P1,24,477639.95,2037631.92,-44.175
SM-51-P1,24,477639.95,2037631.92,-53.625
SM-51-P1,24,477639.95,2037631.92,-54.3
SM-36-P2,24,478362.19,2036503.28,-11.08
SM-36-P2,24,478362.19,2036503.28,-11.53
SM-36-P2,24,478362.19,2036503.28,-12.205
SM-36-P2,24,478362.19,2036503.28,-25.255
SM-36-P2,24,478362.19,2036503.28,-27.955
SM-36-P2,24,478362.19,2036503.28,-30.655
SM-10-B2,24,480515.3,2036275.1,-6.305
SM-10-B2,24,480515.3,2036275.1,-9.005
SM-55-P2,24,479329.18,2037687.79,-19.165
SM-55-P2,24,479329.18,2037687.79,-32.44
SM-55-P2,24,479329.18,2037687.79,-36.94
SM-06-B1,24,478330.36,2036080.3,-15.63
SM-06-B1,24,478330.36,2036080.3,-16.98
SM-66-P1,24,477629.99,2036277.02,-20.49
SM-52-P1,24,478098.81,2037573.26,-25.73
SM-10-B1,24,477226.3,2037121.54,-9.125
SM-53-P2,24,478414.1,2037512.4,-30.515
SM-14-P2,24,479685.63,2037378.89,-34.635
SM-14-P2,24,479685.63,2037378.89,-34.86
SM-14-P2,24,479685.63,2037378.89,-35.085
SM-14-P2,24,479685.63,2037378.89,-36.435
SM-14-P2,24,479685.63,2037378.89,-40.935
SM-37-P2,24,479213.08,2036499.92,0.815
SM-37-P2,24,479213.08,2036499.92,-10.435
SM-37-P2,24,479213.08,2036499.92,-10.66
SM-37-P2,24,479213.08,2036499.92,-10.885
SM-37-P2,24,479213.08,2036499.92,-14.71
SM-37-P2,24,479213.08,2036499.92,-20.785
SM-37-P2,24,479213.08,2036499.92,-27.985
SM-44-P1,24,477193.08,2038327.98,2.825
SM-44-P1,24,477189.844,2038327.449,2.775
SM-44-P1,24,477193.08,2038327.98,2.6
SM-44-P1,24,477189.844,2038327.449,2.55
SM-44-P1,24,477193.08,2038327.98,2.375
SM-44-P1,24,477189.844,2038327.449,2.325
SM-70-P3,24,481498.09,2036695.19,-3.33
SM-47-P1,24,478006.01,2038293.04,8.005
SM-47-P1,24,478006.01,2038293.04,0.13
SM-28 P2,24,,,-9.45
SM-28 P2,24,,,-31.725
SM-07-B2,24,,,-21.375
SM-07-B2,24,,,-24.075
SM-07-B2,24,,,-24.3
SM-07-B2,24,,,-24.525
SM-07-B2,24,,,-26.1
SM-01-B1,24,480286.37,2036030.34,-10.155
SM-01-B1,24,480286.37,2036030.34,-12.405
SM-20-P1,24,477576.5,2038152.22,-13.59
SM-20-P1,24,477574.978,2038153.565,-13.66
SM-20-P1,24,477576.5,2038152.22,-15.39
SM-20-P1,24,477574.978,2038153.565,-15.46
SM-69-P2,24,478614.71,2036398.52,-23.365
SM-69-P2,24,478614.71,2036398.52,-39.565
SM-57-P1,24,477640.14,2037208.59,2.025
SM-57-P1,24,477640.14,2037208.59,-9.225
SM-57-P1,24,477640.14,2037208.59,-19.125
SM-57-P1,24,477640.14,2037208.59,-37.35
SM-74-P3,24,480593.73,2036997.8,-31.46
SM-74-P3,24,480593.73,2036997.8,-40.685
SM-74-P3,24,480593.73,2036997.8,-41.585
SM-42-P1,24,477982.94,2038550.48,-0.445
SM-42-P1,24,477982.94,2038550.48,-2.245
SM-42-P1,24,477982.94,2038550.48,-6.295
SM-42-P1,24,477982.94,2038550.48,-11.695
SM-42-P1,24,477982.94,2038550.48,-14.395
SM-42-P1,24,477982.94,2038550.48,-17.995
SM-38-P2,24,479622.12,2036497.16,-33.11
SM-38-P2,24,479622.12,2036497.16,-33.785
SM-38-P2,24,479622.12,2036497.16,-34.46
SM-38-P2,24,479622.12,2036497.16,-41.435
SM-38-P2,24,479622.12,2036497.16,-41.66
SM-38-P2,24,479622.12,2036497.16,-41.885
SM-38-P2,24,479622.12,2036497.16,-42.11
SM-38-P2,24,479622.12,2036497.16,-42.335
SM-63-P1,24,477393.97,2036611.25,2.285
SM-63-P1,24,477393.97,2036611.25,-19.54
SM-63-P1,24,477393.97,2036611.25,-20.215
SM-63-P1,24,477393.97,2036611.25,-23.14
SM-63-P1,24,477393.97,2036611.25,-26.065
SM-63-P1,24,477393.97,2036611.25,-41.14
SM-63-P1,24,477393.97,2036611.25,-41.59
SM-63-P1,24,477393.97,2036611.25,-44.065
SM-75-P1,24,477626.74,2037421.93,-18.385
SM-09-B2,24,480263.7,2036758.9,-8.405
SM-09-B2,24,480263.7,2036758.9,-13.58
SM-09-B2,24,480263.7,2036758.9,-27.755
SM-76-P3,24,481243.38,2036665.86,5.36
SM-76-P3,24,481243.38,2036665.86,-30.865
SM-29-P2,24,479601.03,2037189.73,-18.255
SM-29-P2,24,479601.03,2037189.73,-18.93
SM-29-P2,24,479601.03,2037189.73,-19.605
SM-29-P2,24,479601.03,2037189.73,-23.205
SM-29-P2,24,479601.03,2037189.73,-27.255
SM-22-P2,24,478599.1,2037541.17,-35.165
SM-22-P2,24,478599.1,2037541.17,-23.69
SM-15-P2,24,479132.63,2036864.69,-7.74
SM-21-P3,23.5,481503.78,2037018.87,-41.16
SM-26-P2,23.5,478399.31,2037192.67,-37.59
SM-12-B1,23.5,477096.67,2038479.67,0.93
SM-12-B1,23.5,477096.67,2038479.67,-8.97
SM-40-P1,23.5,477608.176,2038623.913,0.47
SM-40-P1,23.5,477608.176,2038623.913,-2.23
SM-40-P1,23.5,477608.176,2038623.913,-19.33
SM-65-P1,23.5,477374.93,2036265.02,-15.29
SM-48-P1,23.5,477235.12,2038040.99,0.61
SM-48-P1,23.5,477235.12,2038040.99,-16.04
SM-30-P2,23.5,480015.16,2037202.47,-22.19
SM-73-P2,23.5,480177.03,2036206.51,-27.4
SM-68 P2,23.5,,,-10.35
SM-58-P1,23.5,478010.84,2037201.06,-8.1
SM-06-B2,23.5,,,-20.7
SM-16-P2,23.5,478795.23,2036506.72,-14.78
SM-61-P1,23.5,478033.23,2036869.83,-8.11
SM-05-B2,23.5,478555.9,2037889.6,-20.77
SM-50-P1,23.5,477300,2037635,-31.24
SM-31-P2,23.5,478600.11,2036846.19,-20.37
SM-31-P2,23.5,478600.11,2036846.19,-25.77
SM-31-P2,23.5,478600.11,2036846.19,-26.22
SM-31-P2,23.5,478600.11,2036846.19,-39.72
SM-59-P1,23.5,477834.91,2037045.31,-7.53
SM-59-P1,23.5,477834.91,2037045.31,-9.33
SM-59-P1,23.5,477834.91,2037045.31,-31.38
SM-105-P2,23.5,,,-45.9
SM-49-P1,23.5,477572.34,2038055.4,-19.28
SM-49-P1,23.5,477572.34,2038055.4,-39.53
SM-45-P1,23.5,477444.49,2038334.58,-6.46
SM-17-P2,23.5,479997.31,2036524.08,-18.13
SM-17-P2,23.5,479997.31,2036524.08,-61.78
SM-17-P2,23.5,479997.31,2036524.08,-82.93
SM-67-P1,23.5,477857.4,2036377.24,2.98
SM-35 P2,23.5,,,-35.55
SM-72-P2,23.5,479543.59,2036219.22,-13.66
SM-36-P2,23.5,478362.19,2036503.28,-17.38
SM-36-P2,23.5,478362.19,2036503.28,-29.08
SM-06-B1,23.5,478330.36,2036080.3,-15.18
SM-53-P2,23.5,478414.1,2037512.4,-54.14
SM-14-P2,23.5,479685.63,2037378.89,-36.21
SM-37-P2,23.5,479213.08,2036499.92,-12.01
SM-37-P2,23.5,479213.08,2036499.92,-18.76
SM-37-P2,23.5,479213.08,2036499.92,-27.76
SM-47-P1,23.5,478006.01,2038293.04,7.78
SM-47-P1,23.5,478006.01,2038293.04,2.38
SM-42-P1,23.5,477982.94,2038550.48,-2.02
SM-38-P2,23.5,479622.12,2036497.16,-32.21
SM-63-P1,23.5,477393.97,2036611.25,-36.19
SM-63-P1,23.5,477393.97,2036611.25,-42.04
SM-63-P1,23.5,477393.97,2036611.25,-43.84
SM-09-B2,23.5,480263.7,2036758.9,-8.18
SM-76-P3,23.5,481243.38,2036665.86,-38.29
SM-29-P2,23.5,479601.03,2037189.73,-17.58
SM-15-P2,23.5,479132.63,2036864.69,-6.39
SM-21-P3,23,481503.78,2037018.87,1.365
SM-21-P3,23,481503.78,2037018.87,-16.41
SM-21-P3,23,481503.78,2037018.87,-16.86
SM-21-P3,23,481503.78,2037018.87,-24.735
SM-26-P2,23,478399.31,2037192.67,-25.215
SM-26-P2,23,478399.31,2037192.67,-26.115
SM-26-P2,23,478399.31,2037192.67,-42.315
SM-26-P2,23,478399.31,2037192.67,-45.015
SM-34-P2,23,479861.49,2036907.43,-18.59
SM-12-B1,23,477096.67,2038479.67,2.505
SM-12-B1,23,477096.67,2038479.67,-26.97
SM-11-B1,23,477167.57,2037681.46,-12.995
SM-41-P1,23,477763.79,2038599.78,-11.345
SM-41-P1,23,477763.79,2038599.78,-22.37
SM-32-P2,23,479000.45,2036846.64,-15.465
SM-32-P2,23,479000.45,2036846.64,-26.94
SM-32-P2,23,479000.45,2036846.64,-34.815
SM-65-P1,23,477374.93,2036265.02,-26.99
SM-65-P1,23,477374.93,2036265.02,-29.015
SM-65-P1,23,477374.93,2036265.02,-30.365
SM-65-P1,23,477374.93,2036265.02,-32.39
SM-30-P2,23,480015.16,2037202.47,0.535
SM-30-P2,23,480015.16,2037202.47,-13.865
SM-30-P2,23,480015.16,2037202.47,-20.165
SM-30-P2,23,480015.16,2037202.47,-22.415
SM-73-P2,23,480177.03,2036206.51,-6.7
SM-73-P2,23,480177.03,2036206.51,-19.3
SM-73-P2,23,480177.03,2036206.51,-26.725
SM-68 P2,23,,,-7.875
SM-68 P2,23,,,-20.25
SM-58-P1,23,478010.84,2037201.06,-9.45
SM-39-P2,23,480204.54,2036551.45,-15.655
SM-39-P2,23,480204.54,2036551.45,-24.655
SM-06-B2,23,,,-20.925
SM-54-P2,23,478894.52,2037846.9,-20.805
SM-54-P2,23,478894.52,2037846.9,-27.105
SM-33-P2,23,479399.9,2036846.79,-26.91
SM-33-P2,23,479399.9,2036846.79,-27.36
SM-61-P1,23,478033.23,2036869.83,-6.085
SM-61-P1,23,478033.23,2036869.83,-19.585
SM-05-B2,23,478555.9,2037889.6,-18.295
SM-05-B2,23,478555.9,2037889.6,-18.52
SM-05-B2,23,478555.9,2037889.6,-18.745
SM-05-B2,23,478555.9,2037889.6,-23.245
SM-24-P2,23,479387.3,2037585.89,-18.8
SM-24-P2,23,479387.3,2037585.89,-20.825
SM-04-B2,23,478139.21,2037614.8,-2.92
SM-50-P1,23,477300,2037635,-12.79
SM-31-P2,23,478600.11,2036846.19,-8.22
SM-31-P2,23,478600.11,2036846.19,-40.395
SM-31-P2,23,478600.11,2036846.19,-42.195
SM-59-P1,23,477834.91,2037045.31,-9.555
SM-59-P1,23,477834.91,2037045.31,-34.08
SM-105-P2,23,,,-19.125
SM-105-P2,23,,,-29.025
SM-105-P2,23,,,-30.6
SM-105-P2,23,,,-32.625
SM-105-P2,23,,,-38.025
SM-105-P2,23,,,-45
SM-105-P2,23,,,-54.225
SM-105-P2,23,,,-93.825
SM-49-P1,23,477572.34,2038055.4,-8.255
SM-49-P1,23,477572.34,2038055.4,-24.005
SM-04-B1,23,479321.627,2036184.495,-18.4495
SM-04-B1,23,479321.627,2036184.495,-22.0495
SM-45-P1,23,477444.49,2038334.58,0.065
SM-45-P1,23,477444.49,2038334.58,-7.81
SM-45-P1,23,477444.49,2038334.58,-11.185
SM-45-P1,23,477444.49,2038334.58,-11.86
SM-45-P1,23,477444.49,2038334.58,-12.985
SM-45-P1,23,477444.49,2038334.58,-18.385
SM-45-P1,23,477444.49,2038334.58,-30.985
SM-17-P2,23,479997.31,2036524.08,-14.755
SM-17-P2,23,479997.31,2036524.08,-17.005
SM-17-P2,23,479997.31,2036524.08,-22.405
SM-17-P2,23,479997.31,2036524.08,-35.455
SM-17-P2,23,479997.31,2036524.08,-42.655
SM-17-P2,23,479997.31,2036524.08,-82.705
SM-60-P1,23,477583.84,2036816.3,-22.555
SM-18-P1,23,477502.42,2036933.38,-38.37
SM-67-P1,23,477857.4,2036377.24,-23.57
SM-67-P1,23,477857.4,2036377.24,-31.22
SM-67-P1,23,477857.4,2036377.24,-45.17
SM-05-B1,0,478828.2306,2036140.498,-13.043
SM-35 P2,23,,,-16.875
SM-35 P2,23,,,-17.1
SM-35 P2,23,,,-17.325
SM-35 P2,23,,,-27.45
SM-62 P2,23,,,-11.25
SM-62 P2,23,,,-21.15
SM-62 P2,23,,,-25.425
SM-62 P2,23,,,-28.8
SM-62 P2,23,,,-29.925
SM-72-P2,23,479543.59,2036219.22,-13.885
SM-19-P1,23,477471.6,2036261.55,-16.845
SM-19-P1,23,477471.6,2036261.55,-25.845
SM-19-P1,23,477471.6,2036261.55,-31.92
SM-19-P1,23,477471.6,2036261.55,-51.045
SM-51-P1,23,477639.95,2037631.92,-0.525
SM-51-P1,23,477639.95,2037631.92,-20.325
SM-51-P1,23,477639.95,2037631.92,-29.325
SM-51-P1,23,477639.95,2037631.92,-29.55
SM-51-P1,23,477639.95,2037631.92,-29.775
SM-51-P1,23,477639.95,2037631.92,-44.4
SM-51-P1,23,477639.95,2037631.92,-47.55
SM-25-P2,23,479793.28,2037531.65,-16.025
SM-25-P2,23,479793.28,2037531.65,-20.525
SM-06-B1,23,478330.36,2036080.3,-8.205
SM-06-B1,23,478330.36,2036080.3,-15.855
SM-06-B1,23,478330.36,2036080.3,-16.08
SM-06-B1,23,478330.36,2036080.3,-16.305
SM-06-B1,23,478330.36,2036080.3,-16.53
SM-06-B1,23,478330.36,2036080.3,-16.755
SM-66-P1,23,477629.99,2036277.02,-6.315
SM-52-P1,23,478098.81,2037573.26,-1.43
SM-52-P1,23,478098.81,2037573.26,-1.88
SM-52-P1,23,478098.81,2037573.26,-47.48
SM-52-P1,23,478098.81,2037573.26,-22.205
SM-53-P2,23,478414.1,2037512.4,-9.14
SM-53-P2,23,478414.1,2037512.4,-55.04
SM-14-P2,23,479685.63,2037378.89,-34.41
SM-14-P2,23,479685.63,2037378.89,-35.985
SM-14-P2,23,479685.63,2037378.89,-67.485
SM-14-P2,23,479685.63,2037378.89,-67.71
SM-14-P2,23,479685.63,2037378.89,-67.935
SM-14-P2,23,479685.63,2037378.89,-68.835
SM-37-P2,23,479213.08,2036499.92,-12.91
SM-37-P2,23,479213.08,2036499.92,-27.535
SM-44-P1,23,477193.08,2038327.98,1.475
SM-44-P1,23,477189.844,2038327.449,1.425
SM-70-P3,23,481498.09,2036695.19,-13.005
SM-47-P1,23,478006.01,2038293.04,7.555
SM-28 P2,23,,,-8.325
SM-28 P2,23,,,-31.5
SM-07-B2,23,,,-19.575
SM-07-B2,23,,,-19.8
SM-07-B2,23,,,-20.025
SM-01-B1,23,480286.37,2036030.34,-9.03
SM-01-B1,23,480286.37,2036030.34,-10.38
SM-20-P1,23,477576.5,2038152.22,-5.04
SM-20-P1,23,477574.978,2038153.565,-5.11
SM-20-P1,23,477576.5,2038152.22,-5.49
SM-20-P1,23,477574.978,2038153.565,-5.56
SM-20-P1,23,477576.5,2038152.22,-33.165
SM-20-P1,23,477574.978,2038153.565,-33.235
SM-20-P1,23,477576.5,2038152.22,-34.065
SM-20-P1,23,477574.978,2038153.565,-34.135
SM-20-P1,23,477576.5,2038152.22,-38.565
SM-20-P1,23,477574.978,2038153.565,-38.635
SM-20-P1,23,477576.5,2038152.22,-39.465
SM-20-P1,23,477574.978,2038153.565,-39.535
SM-69-P2,23,478614.71,2036398.52,-22.015
SM-69-P2,23,478614.71,2036398.52,-25.84
SM-57-P1,23,477640.14,2037208.59,-15.075
SM-74-P3,23,480593.73,2036997.8,-29.885
SM-42-P1,23,477982.94,2038550.48,-1.795
SM-38-P2,23,479622.12,2036497.16,-31.535
SM-38-P2,23,479622.12,2036497.16,-32.885
SM-38-P2,23,479622.12,2036497.16,-35.135
SM-63-P1,23,477393.97,2036611.25,-19.99
SM-63-P1,23,477393.97,2036611.25,-22.915
SM-63-P1,23,477393.97,2036611.25,-25.84
SM-63-P1,23,477393.97,2036611.25,-41.365
SM-63-P1,23,477393.97,2036611.25,-43.615
SM-75-P1,23,477626.74,2037421.93,-4.435
SM-75-P1,23,477626.74,2037421.93,-6.235
SM-75-P1,23,477626.74,2037421.93,-18.61
SM-75-P1,23,477626.74,2037421.93,-23.335
SM-09-B2,23,480263.7,2036758.9,-5.705
SM-09-B2,23,480263.7,2036758.9,-7.955
SM-09-B2,23,480263.7,2036758.9,-15.155
SM-76-P3,23,481243.38,2036665.86,-5.665
SM-76-P3,23,481243.38,2036665.86,-17.815
SM-76-P3,23,481243.38,2036665.86,-21.415
SM-76-P3,23,481243.38,2036665.86,-21.64
SM-76-P3,23,481243.38,2036665.86,-21.865
SM-29-P2,23,479601.03,2037189.73,-6.555
SM-29-P2,23,479601.03,2037189.73,-12.405
SM-29-P2,23,479601.03,2037189.73,-18.48
SM-22-P2,23,478599.1,2037541.17,-29.315
SM-22-P2,23,478599.1,2037541.17,-30.44
SM-22-P2,23,478599.1,2037541.17,-39.665
SM-15-P2,23,479132.63,2036864.69,-8.865
SM-15-P2,23,479132.63,2036864.69,-13.815
SM-26-P2,22.5,478399.31,2037192.67,-28.59
SM-12-B1,22.5,477096.67,2038479.67,-7.62
SM-40-P1,22.5,477608.176,2038623.913,-19.78
SM-11-B1,22.5,477167.57,2037681.46,-25.82
SM-32-P2,22.5,479000.45,2036846.64,-24.69
SM-30-P2,22.5,480015.16,2037202.47,-14.09
SM-30-P2,22.5,480015.16,2037202.47,-47.81
SM-73-P2,22.5,480177.03,2036206.51,-7.15
SM-68 P2,22.5,,,-9.9
SM-06-B2,22.5,,,-20.25
SM-61-P1,22.5,478033.23,2036869.83,-25.66
SM-05-B2,22.5,478555.9,2037889.6,0.38
SM-24-P2,22.5,479387.3,2037585.89,-1.25
SM-24-P2,22.5,479387.3,2037585.89,-1.7
SM-24-P2,22.5,479387.3,2037585.89,-17.9
SM-04-B2,22.5,478139.21,2037614.8,-3.37
SM-31-P2,22.5,478600.11,2036846.19,-42.42
SM-105-P2,22.5,,,-23.85
SM-105-P2,22.5,,,-24.3
SM-105-P2,22.5,,,-47.7
SM-105-P2,22.5,,,-58.95
SM-105-P2,22.5,,,-102.15
SM-49-P1,22.5,477572.34,2038055.4,-6.68
SM-49-P1,22.5,477572.34,2038055.4,-8.48
SM-17-P2,22.5,479997.31,2036524.08,-22.18
SM-60-P1,22.5,477583.84,2036816.3,-22.78
SM-62 P2,22.5,,,-0.9
SM-62 P2,22.5,,,-6.75
SM-62 P2,22.5,,,-24.3
SM-51-P1,22.5,477639.95,2037631.92,0.15
SM-36-P2,22.5,478362.19,2036503.28,-11.98
SM-36-P2,22.5,478362.19,2036503.28,-12.43
SM-36-P2,22.5,478362.19,2036503.28,-15.13
SM-36-P2,22.5,478362.19,2036503.28,-25.03
SM-36-P2,22.5,478362.19,2036503.28,-27.73
SM-10-B2,22.5,480515.3,2036275.1,-15.53
SM-07-B1,22.5,477905.7673,2036203.22,-6.5664
SM-55-P2,22.5,479329.18,2037687.79,-19.84
SM-55-P2,22.5,479329.18,2037687.79,-31.99
SM-52-P1,22.5,478098.81,2037573.26,-3.68
SM-52-P1,22.5,478098.81,2037573.26,-19.88
SM-14-P2,22.5,479685.63,2037378.89,-35.31
SM-44-P1,22.5,477193.08,2038327.98,2.15
SM-44-P1,22.5,477189.844,2038327.449,2.1
SM-07-B2,22.5,,,-19.35
SM-07-B2,22.5,,,-20.25
SM-69-P2,22.5,478614.71,2036398.52,-22.69
SM-57-P1,22.5,477640.14,2037208.59,-14.85
SM-57-P1,22.5,477640.14,2037208.59,-19.35
SM-38-P2,22.5,479622.12,2036497.16,-34.91
SM-09-B2,22.5,480263.7,2036758.9,-5.03
SM-76-P3,22.5,481243.38,2036665.86,-18.04
SM-76-P3,22.5,481243.38,2036665.86,-21.19
SM-15-P2,22.5,479132.63,2036864.69,-13.59
SM-21-P3,22,481503.78,2037018.87,-17.535
SM-21-P3,22,481503.78,2037018.87,-18.435
SM-21-P3,22,481503.78,2037018.87,-24.96
SM-26-P2,22,478399.31,2037192.67,-25.44
SM-26-P2,22,478399.31,2037192.67,-25.89
SM-26-P2,22,478399.31,2037192.67,-58.965
SM-34-P2,22,479861.49,2036907.43,-18.815
SM-34-P2,22,479861.49,2036907.43,-19.94
SM-34-P2,22,479861.49,2036907.43,-23.99
SM-43-P1,22,478112.67,2038510.48,3.795
SM-43-P1,22,478109.666,2038510.974,3.675
SM-40-P1,22,477608.176,2038623.913,-19.105
SM-40-P1,22,477608.176,2038623.913,-36.655
SM-40-P1,22,477608.176,2038623.913,-40.93
SM-41-P1,22,477763.79,2038599.78,-11.12
SM-41-P1,22,477763.79,2038599.78,-18.77
SM-41-P1,22,477763.79,2038599.78,-21.47
SM-32-P2,22,479000.45,2036846.64,-27.165
SM-32-P2,22,479000.45,2036846.64,-39.765
SM-65-P1,22,477374.93,2036265.02,0.685
SM-65-P1,22,477374.93,2036265.02,-2.915
SM-65-P1,22,477374.93,2036265.02,-6.965
SM-65-P1,22,477374.93,2036265.02,-22.715
SM-65-P1,22,477374.93,2036265.02,-27.44
SM-65-P1,22,477374.93,2036265.02,-27.89
SM-48-P1,22,477235.12,2038040.99,-2.765
SM-48-P1,22,477235.12,2038040.99,-15.815
SM-30-P2,22,480015.16,2037202.47,-14.315
SM-73-P2,22,480177.03,2036206.51,-6.475
SM-73-P2,22,480177.03,2036206.51,-7.825
SM-68 P2,22,,,-10.575
SM-68 P2,22,,,-20.925
SM-58-P1,22,478010.84,2037201.06,-3.375
SM-06-B2,22,,,-13.275
SM-54-P2,22,478894.52,2037846.9,3.27
SM-54-P2,22,478894.52,2037846.9,2.595
SM-33-P2,22,479399.9,2036846.79,-12.51
SM-33-P2,22,479399.9,2036846.79,-26.685
SM-33-P2,22,479399.9,2036846.79,-27.585
SM-61-P1,22,478033.23,2036869.83,-4.285
SM-61-P1,22,478033.23,2036869.83,-18.01
SM-05-B2,22,478555.9,2037889.6,-7.945
SM-05-B2,22,478555.9,2037889.6,-20.995
SM-24-P2,22,479387.3,2037585.89,-0.125
SM-24-P2,22,479387.3,2037585.89,-4.175
SM-50-P1,22,477300,2037635,3.185
SM-31-P2,22,478600.11,2036846.19,-4.395
SM-31-P2,22,478600.11,2036846.19,-21.27
SM-31-P2,22,478600.11,2036846.19,-25.995
SM-31-P2,22,478600.11,2036846.19,-32.745
SM-31-P2,22,478600.11,2036846.19,-42.645
SM-27-P2,22,478831.45,2037198.64,0.425
SM-59-P1,22,477834.91,2037045.31,-4.605
SM-59-P1,22,477834.91,2037045.31,-5.955
SM-59-P1,22,477834.91,2037045.31,-6.855
SM-23-P2,22,478975.93,2037540.89,-24.195
SM-23-P2,22,478975.93,2037540.89,-25.545
SM-105-P2,22,,,-19.35
SM-105-P2,22,,,-25.875
SM-105-P2,22,,,-31.725
SM-105-P2,22,,,-34.425
SM-105-P2,22,,,-56.025
SM-105-P2,22,,,-107.325
SM-105-P2,22,,,-109.575
SM-105-P2,22,,,-111.825
SM-49-P1,22,477572.34,2038055.4,-4.205
SM-49-P1,22,477572.34,2038055.4,-4.43
SM-49-P1,22,477572.34,2038055.4,-4.655
SM-49-P1,22,477572.34,2038055.4,-8.705
SM-49-P1,22,477572.34,2038055.4,-24.23
SM-49-P1,22,477572.34,2038055.4,-25.805
SM-04-B1,22,479321.627,2036184.495,-16.1995
SM-45-P1,22,477444.49,2038334.58,0.29
SM-45-P1,22,477444.49,2038334.58,-13.885
SM-45-P1,22,477444.49,2038334.58,-14.11
SM-45-P1,22,477444.49,2038334.58,-14.335
SM-45-P1,22,477444.49,2038334.58,-35.71
SM-17-P2,22,479997.31,2036524.08,-21.955
SM-17-P2,22,479997.31,2036524.08,-29.605
SM-17-P2,22,479997.31,2036524.08,-29.605
SM-17-P2,22,479997.31,2036524.08,-29.605
SM-08-B2,22,480108.48,2037238.9,-20.75
SM-08-B2,22,480108.48,2037238.9,-22.325
SM-08-B2,22,480108.48,2037238.9,-25.025
SM-60-P1,22,477583.84,2036816.3,2.42
SM-60-P1,22,477583.84,2036816.3,-16.255
SM-60-P1,22,477583.84,2036816.3,-23.005
SM-18-P1,22,477502.42,2036933.38,-15.645
SM-18-P1,22,477502.42,2036933.38,-17.22
SM-18-P1,22,477502.42,2036933.38,-38.145
SM-18-P1,22,477502.42,2036933.38,-52.995
SM-09-B1,22,477265.19,2036624.23,-7.765
SM-67-P1,22,477857.4,2036377.24,-21.545
SM-67-P1,22,477857.4,2036377.24,-22.22
SM-67-P1,22,477857.4,2036377.24,-25.37
SM-67-P1,22,477857.4,2036377.24,-30.995
SM-67-P1,22,477857.4,2036377.24,-43.145
SM-05-B1,0,478828.2306,2036140.498,-13.268
SM-05-B1,0,478828.2306,2036140.498,-13.493
SM-35 P2,22,,,-15.975
SM-35 P2,22,,,-23.625
SM-35 P2,22,,,-28.575
SM-35 P2,22,,,-29.7
SM-35 P2,22,,,-35.1
SM-35 P2,22,,,-35.775
SM-62 P2,22,,,-5.4
SM-62 P2,22,,,-5.85
SM-62 P2,22,,,-9.675
SM-62 P2,22,,,-11.025
SM-02-B1,22,479959.6533,2036162.012,-4.306
SM-02-B1,22,479959.6533,2036162.012,-6.781
SM-02-B1,22,479959.6533,2036162.012,-16.231
SM-19-P1,22,477471.6,2036261.55,-2.67
SM-19-P1,22,477471.6,2036261.55,-4.245
SM-19-P1,22,477471.6,2036261.55,-4.47
SM-19-P1,22,477471.6,2036261.55,-4.695
SM-19-P1,22,477471.6,2036261.55,-30.57
SM-19-P1,22,477471.6,2036261.55,-35.295
SM-51-P1,22,477639.95,2037631.92,-12.45
SM-51-P1,22,477639.95,2037631.92,-36.075
SM-51-P1,22,477639.95,2037631.92,-44.625
SM-51-P1,22,477639.95,2037631.92,-44.85
SM-51-P1,22,477639.95,2037631.92,-45.075
SM-51-P1,22,477639.95,2037631.92,-49.125
SM-51-P1,22,477639.95,2037631.92,-54.75
SM-51-P1,22,477639.95,2037631.92,-55.875
SM-10-B2,22,480515.3,2036275.1,-5.63
SM-10-B2,22,480515.3,2036275.1,-7.205
SM-10-B2,22,480515.3,2036275.1,-22.955
SM-07-B1,22,477905.7673,2036203.22,-17.5914
SM-55-P2,22,479329.18,2037687.79,-17.815
SM-55-P2,22,479329.18,2037687.79,-18.94
SM-55-P2,22,479329.18,2037687.79,-20.515
SM-55-P2,22,479329.18,2037687.79,-20.74
SM-55-P2,22,479329.18,2037687.79,-20.965
SM-55-P2,22,479329.18,2037687.79,-21.865
SM-13-P2,22,478456.28,2037422.21,-9.185
SM-25-P2,22,479793.28,2037531.65,-34.475
SM-06-B1,22,478330.36,2036080.3,-14.955
SM-66-P1,22,477629.99,2036277.02,-6.09
SM-52-P1,22,478098.81,2037573.26,-4.805
SM-52-P1,22,478098.81,2037573.26,-17.63
SM-52-P1,22,478098.81,2037573.26,-21.23
SM-52-P1,22,478098.81,2037573.26,-31.805
SM-10-B1,22,477226.3,2037121.54,-6.65
SM-10-B1,22,477226.3,2037121.54,-11.375
SM-53-P2,22,478414.1,2037512.4,-9.815
SM-14-P2,22,479685.63,2037378.89,-18.885
SM-14-P2,22,479685.63,2037378.89,-20.235
SM-14-P2,22,479685.63,2037378.89,-20.91
SM-14-P2,22,479685.63,2037378.89,-26.76
SM-14-P2,22,479685.63,2037378.89,-34.185
SM-14-P2,22,479685.63,2037378.89,-35.76
SM-14-P2,22,479685.63,2037378.89,-68.16
SM-14-P2,22,479685.63,2037378.89,-68.61
SM-37-P2,22,479213.08,2036499.92,-12.235
SM-44-P1,22,477193.08,2038327.98,1.7
SM-44-P1,22,477189.844,2038327.449,1.65
SM-70-P3,22,481498.09,2036695.19,-8.505
SM-47-P1,22,478006.01,2038293.04,0.805
SM-47-P1,22,478006.01,2038293.04,-11.795
SM-28 P2,22,,,-0.225
SM-28 P2,22,,,-19.575
SM-28 P2,22,,,-31.275
SM-07-B2,22,,,-19.125
SM-07-B2,22,,,-20.475
SM-01-B1,22,480286.37,2036030.34,-10.605
SM-57-P1,22,477640.14,2037208.59,-12.825
SM-57-P1,22,477640.14,2037208.59,-14.625
SM-57-P1,22,477640.14,2037208.59,-18.9
SM-57-P1,22,477640.14,2037208.59,-38.475
SM-74-P3,22,480593.73,2036997.8,-31.685
SM-74-P3,22,480593.73,2036997.8,-40.91
SM-74-P3,22,480593.73,2036997.8,-41.36
SM-42-P1,22,477982.94,2038550.48,-4.945
SM-42-P1,22,477982.94,2038550.48,-20.245
SM-38-P2,22,479622.12,2036497.16,-24.335
SM-38-P2,22,479622.12,2036497.16,-26.585
SM-38-P2,22,479622.12,2036497.16,-30.635
SM-38-P2,22,479622.12,2036497.16,-31.31
SM-38-P2,22,479622.12,2036497.16,-34.685
SM-38-P2,22,479622.12,2036497.16,-36.26
SM-38-P2,22,479622.12,2036497.16,-36.935
SM-38-P2,22,479622.12,2036497.16,-37.835
SM-63-P1,22,477393.97,2036611.25,-19.09
SM-63-P1,22,477393.97,2036611.25,-19.765
SM-63-P1,22,477393.97,2036611.25,-25.615
SM-63-P1,22,477393.97,2036611.25,-36.865
SM-63-P1,22,477393.97,2036611.25,-39.565
SM-63-P1,22,477393.97,2036611.25,-42.265
SM-63-P1,22,477393.97,2036611.25,-46.99
SM-75-P1,22,477626.74,2037421.93,-18.835
SM-75-P1,22,477626.74,2037421.93,-19.06
SM-75-P1,22,477626.74,2037421.93,-19.285
SM-75-P1,22,477626.74,2037421.93,-20.185
SM-09-B2,22,480263.7,2036758.9,-26.855
SM-76-P3,22,481243.38,2036665.86,-12.865
SM-76-P3,22,481243.38,2036665.86,-18.265
SM-76-P3,22,481243.38,2036665.86,-20.515
SM-76-P3,22,481243.38,2036665.86,-20.74
SM-76-P3,22,481243.38,2036665.86,-20.965
SM-76-P3,22,481243.38,2036665.86,-26.14
SM-76-P3,22,481243.38,2036665.86,-37.84
SM-76-P3,22,481243.38,2036665.86,-38.515
SM-29-P2,22,479601.03,2037189.73,-18.03
SM-29-P2,22,479601.03,2037189.73,-18.705
SM-15-P2,22,479132.63,2036864.69,-6.615
SM-15-P2,22,479132.63,2036864.69,-7.29
SM-15-P2,22,479132.63,2036864.69,-7.965
SM-15-P2,22,479132.63,2036864.69,-13.365
SM-15-P2,22,479132.63,2036864.69,-17.64
SM-21-P3,21.5,481503.78,2037018.87,-24.51
SM-26-P2,21.5,478399.31,2037192.67,-26.79
SM-26-P2,21.5,478399.31,2037192.67,-59.19
SM-34-P2,21.5,479861.49,2036907.43,-19.04
SM-34-P2,21.5,479861.49,2036907.43,-42.89
SM-11-B1,21.5,477167.57,2037681.46,-6.02
SM-11-B1,21.5,477167.57,2037681.46,-13.67
SM-11-B1,21.5,477167.57,2037681.46,-21.77
SM-65-P1,21.5,477374.93,2036265.02,1.36
SM-30-P2,21.5,480015.16,2037202.47,-23.09
SM-73-P2,21.5,480177.03,2036206.51,-7.6
SM-68 P2,21.5,,,-8.1
SM-58-P1,21.5,478010.84,2037201.06,-10.8
SM-06-B2,21.5,,,-15.3
SM-16-P2,21.5,478795.23,2036506.72,-8.03
SM-54-P2,21.5,478894.52,2037846.9,-20.58
SM-61-P1,21.5,478033.23,2036869.83,-41.41
SM-05-B2,21.5,478555.9,2037889.6,-18.97
SM-50-P1,21.5,477300,2037635,0.26
SM-31-P2,21.5,478600.11,2036846.19,-15.87
SM-59-P1,21.5,477834.91,2037045.31,-4.38
SM-59-P1,21.5,477834.91,2037045.31,-7.08
SM-105-P2,21.5,,,-31.5
SM-105-P2,21.5,,,-47.25
SM-49-P1,21.5,477572.34,2038055.4,-3.98
SM-49-P1,21.5,477572.34,2038055.4,-26.03
SM-04-B1,21.5,479321.627,2036184.495,-18.2245
SM-45-P1,21.5,477444.49,2038334.58,-36.16
SM-17-P2,21.5,479997.31,2036524.08,-7.33
SM-17-P2,21.5,479997.31,2036524.08,-14.53
SM-17-P2,21.5,479997.31,2036524.08,-16.33
SM-18-P1,21.5,477502.42,2036933.38,-45.57
SM-67-P1,21.5,477857.4,2036377.24,-28.97
SM-67-P1,21.5,477857.4,2036377.24,-37.52
SM-35 P2,21.5,,,-14.85
SM-35 P2,21.5,,,-24.75
SM-62 P2,21.5,,,-21.6
SM-02-B1,21.5,479959.6533,2036162.012,-8.806
SM-02-B1,21.5,479959.6533,2036162.012,-18.256
SM-51-P1,21.5,477639.95,2037631.92,-20.1
SM-51-P1,21.5,477639.95,2037631.92,-30
SM-36-P2,21.5,478362.19,2036503.28,-14.68
SM-36-P2,21.5,478362.19,2036503.28,-19.63
SM-10-B2,21.5,480515.3,2036275.1,-7.88
SM-10-B2,21.5,480515.3,2036275.1,-17.78
SM-10-B2,21.5,480515.3,2036275.1,-27.68
SM-55-P2,21.5,479329.18,2037687.79,-31.54
SM-25-P2,21.5,479793.28,2037531.65,-4.1
SM-52-P1,21.5,478098.81,2037573.26,-5.03
SM-14-P2,21.5,479685.63,2037378.89,-42.51
SM-37-P2,21.5,479213.08,2036499.92,-12.46
SM-44-P1,21.5,477193.08,2038327.98,-13.15
SM-44-P1,21.5,477189.844,2038327.449,-13.2
SM-28 P2,21.5,,,-45.45
SM-01-B1,21.5,480286.37,2036030.34,-4.08
SM-01-B1,21.5,480286.37,2036030.34,-12.18
SM-20-P1,21.5,477576.5,2038152.22,-34.29
SM-20-P1,21.5,477574.978,2038153.565,-34.36
SM-69-P2,21.5,478614.71,2036398.52,-22.24
SM-57-P1,21.5,477640.14,2037208.59,-9
SM-42-P1,21.5,477982.94,2038550.48,-17.77
SM-42-P1,21.5,477982.94,2038550.48,-22.72
SM-38-P2,21.5,479622.12,2036497.16,-30.86
SM-38-P2,21.5,479622.12,2036497.16,-31.76
SM-63-P1,21.5,477393.97,2036611.25,-33.94
SM-63-P1,21.5,477393.97,2036611.25,-43.39
SM-75-P1,21.5,477626.74,2037421.93,-6.46
SM-09-B2,21.5,480263.7,2036758.9,-7.28
SM-76-P3,21.5,481243.38,2036665.86,-5.44
SM-76-P3,21.5,481243.38,2036665.86,-18.49
SM-29-P2,21.5,479601.03,2037189.73,-17.13
SM-21-P3,21,481503.78,2037018.87,-15.285
SM-21-P3,21,481503.78,2037018.87,-17.31
SM-21-P3,21,481503.78,2037018.87,-20.235
SM-21-P3,21,481503.78,2037018.87,-22.485
SM-21-P3,21,481503.78,2037018.87,-22.71
SM-21-P3,21,481503.78,2037018.87,-22.935
SM-21-P3,21,481503.78,2037018.87,-25.185
SM-26-P2,21,478399.31,2037192.67,-24.315
SM-26-P2,21,478399.31,2037192.67,-25.665
SM-26-P2,21,478399.31,2037192.67,-26.34
SM-26-P2,21,478399.31,2037192.67,-28.815
SM-26-P2,21,478399.31,2037192.67,-38.715
SM-26-P2,21,478399.31,2037192.67,-52.215
SM-26-P2,21,478399.31,2037192.67,-59.415
SM-34-P2,21,479861.49,2036907.43,-19.265
SM-34-P2,21,479861.49,2036907.43,-34.115
SM-12-B1,21,477096.67,2038479.67,2.28
SM-12-B1,21,477096.67,2038479.67,1.605
SM-12-B1,21,477096.67,2038479.67,-27.42
SM-43-P1,21,478112.67,2038510.48,-2.505
SM-43-P1,21,478109.666,2038510.974,-2.625
SM-40-P1,21,477608.176,2038623.913,-4.255
SM-40-P1,21,477608.176,2038623.913,-18.88
SM-40-P1,21,477608.176,2038623.913,-35.08
SM-40-P1,21,477608.176,2038623.913,-35.53
SM-40-P1,21,477608.176,2038623.913,-36.43
SM-40-P1,21,477608.176,2038623.913,-38.005
SM-40-P1,21,477608.176,2038623.913,-38.23
SM-40-P1,21,477608.176,2038623.913,-38.455
SM-03-B1,21,479599.92,2035977.75,-14.46
SM-11-B1,21,477167.57,2037681.46,-28.745
SM-41-P1,21,477763.79,2038599.78,-10.895
SM-41-P1,21,477763.79,2038599.78,-20.795
SM-32-P2,21,479000.45,2036846.64,-8.49
SM-32-P2,21,479000.45,2036846.64,-39.54
SM-30-P2,21,480015.16,2037202.47,-22.64
SM-73-P2,21,480177.03,2036206.51,-7.375
SM-73-P2,21,480177.03,2036206.51,-19.075
SM-73-P2,21,480177.03,2036206.51,-38.65
SM-68 P2,21,,,-8.775
SM-58-P1,21,478010.84,2037201.06,-4.275
SM-58-P1,21,478010.84,2037201.06,-7.425
SM-58-P1,21,478010.84,2037201.06,-9.225
SM-06-B2,21,,,-20.025
SM-16-P2,21,478795.23,2036506.72,-14.555
SM-16-P2,21,478795.23,2036506.72,-15.68
SM-54-P2,21,478894.52,2037846.9,-5.955
SM-54-P2,21,478894.52,2037846.9,-16.755
SM-33-P2,21,479399.9,2036846.79,-17.685
SM-61-P1,21,478033.23,2036869.83,-5.86
SM-61-P1,21,478033.23,2036869.83,-8.785
SM-05-B2,21,478555.9,2037889.6,-8.17
SM-05-B2,21,478555.9,2037889.6,-22.12
SM-24-P2,21,479387.3,2037585.89,0.775
SM-04-B2,21,478139.21,2037614.8,-1.795
SM-04-B2,21,478139.21,2037614.8,-12.595
SM-50-P1,21,477300,2037635,0.935
SM-50-P1,21,477300,2037635,-6.715
SM-50-P1,21,477300,2037635,-32.365
SM-31-P2,21,478600.11,2036846.19,-7.545
SM-31-P2,21,478600.11,2036846.19,-22.395
SM-31-P2,21,478600.11,2036846.19,-24.645
SM-31-P2,21,478600.11,2036846.19,-33.645
SM-31-P2,21,478600.11,2036846.19,-40.17
SM-27-P2,21,478831.45,2037198.64,-16.675
SM-27-P2,21,478831.45,2037198.64,-17.35
SM-59-P1,21,477834.91,2037045.31,-4.155
SM-59-P1,21,477834.91,2037045.31,-6.18
SM-59-P1,21,477834.91,2037045.31,-6.63
SM-59-P1,21,477834.91,2037045.31,-7.305
SM-59-P1,21,477834.91,2037045.31,-33.855
SM-59-P1,21,477834.91,2037045.31,-35.655
SM-23-P2,21,478975.93,2037540.89,-5.295
SM-23-P2,21,478975.93,2037540.89,-16.32
SM-105-P2,21,,,-19.575
SM-105-P2,21,,,-22.5
SM-105-P2,21,,,-24.075
SM-105-P2,21,,,-26.1
SM-105-P2,21,,,-31.275
SM-105-P2,21,,,-44.775
SM-105-P2,21,,,-55.8
SM-105-P2,21,,,-60.075
SM-49-P1,21,477572.34,2038055.4,-1.505
SM-49-P1,21,477572.34,2038055.4,-3.305
SM-49-P1,21,477572.34,2038055.4,-3.53
SM-49-P1,21,477572.34,2038055.4,-3.755
SM-49-P1,21,477572.34,2038055.4,-6.005
SM-49-P1,21,477572.34,2038055.4,-19.73
SM-49-P1,21,477572.34,2038055.4,-24.455
SM-49-P1,21,477572.34,2038055.4,-24.68
SM-49-P1,21,477572.34,2038055.4,-24.905
SM-49-P1,21,477572.34,2038055.4,-26.255
SM-49-P1,21,477572.34,2038055.4,-26.93
SM-45-P1,21,477444.49,2038334.58,0.515
SM-17-P2,21,479997.31,2036524.08,-66.73
SM-17-P2,21,479997.31,2036524.08,-73.93
SM-08-B1 (2),21,,,-7.875
SM-08-B1 (2),21,,,-18.675
SM-60-P1,21,477583.84,2036816.3,-17.155
SM-60-P1,21,477583.84,2036816.3,-21.655
SM-60-P1,21,477583.84,2036816.3,-22.33
SM-18-P1,21,477502.42,2036933.38,-14.97
SM-18-P1,21,477502.42,2036933.38,-28.245
SM-18-P1,21,477502.42,2036933.38,-37.92
SM-18-P1,21,477502.42,2036933.38,-38.82
SM-09-B1,20.5,477265.19,2036624.23,-7.99
SM-09-B1,19,477265.19,2036624.23,-8.215
SM-67-P1,21,477857.4,2036377.24,-25.82
SM-67-P1,21,477857.4,2036377.24,-39.095
SM-05-B1,0,478828.2306,2036140.498,-13.718
SM-05-B1,0,478828.2306,2036140.498,-13.943
SM-05-B1,9,478828.2306,2036140.498,-14.168
SM-05-B1,18,478828.2306,2036140.498,-14.393
SM-05-B1,19.5,478828.2306,2036140.498,-14.618
SM-05-B1,21,478828.2306,2036140.498,-14.843
SM-05-B1,21,478828.2306,2036140.498,-15.068
SM-62 P2,21,,,-4.5
SM-62 P2,21,,,-7.425
SM-62 P2,21,,,-8.325
SM-62 P2,21,,,-8.55
SM-62 P2,21,,,-8.775
SM-72-P2,21,479543.59,2036219.22,-37.51
SM-02-B1,21,479959.6533,2036162.012,-5.431
SM-02-B1,21,479959.6533,2036162.012,-8.131
SM-02-B1,21,479959.6533,2036162.012,-22.981
SM-19-P1,21,477471.6,2036261.55,-2.22
SM-19-P1,21,477471.6,2036261.55,-3.57
SM-19-P1,21,477471.6,2036261.55,-6.495
SM-19-P1,21,477471.6,2036261.55,-32.145
SM-51-P1,21,477639.95,2037631.92,-12.9
SM-51-P1,21,477639.95,2037631.92,-33.375
SM-51-P1,21,477639.95,2037631.92,-47.775
SM-36-P2,21,478362.19,2036503.28,-10.855
SM-36-P2,21,478362.19,2036503.28,-11.755
SM-36-P2,21,478362.19,2036503.28,-12.655
SM-36-P2,21,478362.19,2036503.28,-13.555
SM-36-P2,21,478362.19,2036503.28,-24.805
SM-36-P2,21,478362.19,2036503.28,-27.055
SM-36-P2,21,478362.19,2036503.28,-27.28
SM-36-P2,21,478362.19,2036503.28,-27.505
SM-36-P2,21,478362.19,2036503.28,-30.43
SM-10-B2,21,480515.3,2036275.1,-28.58
SM-55-P2,21,479329.18,2037687.79,-16.015
SM-55-P2,21,479329.18,2037687.79,-25.465
SM-13-P2,21,478456.28,2037422.21,-15.485
SM-13-P2,21,478456.28,2037422.21,-18.185
SM-13-P2,21,478456.28,2037422.21,-9.185
SM-25-P2,21,479793.28,2037531.65,-0.95
SM-06-B1,21,478330.36,2036080.3,-7.53
SM-06-B1,21,478330.36,2036080.3,-8.43
SM-66-P1,21,477629.99,2036277.02,-3.165
SM-66-P1,21,477629.99,2036277.02,-3.39
SM-66-P1,21,477629.99,2036277.02,-3.615
SM-66-P1,21,477629.99,2036277.02,-5.865
SM-66-P1,21,477629.99,2036277.02,-18.465
SM-66-P1,21,477629.99,2036277.02,-20.265
SM-66-P1,21,477629.99,2036277.02,-34.215
SM-52-P1,21,478098.81,2037573.26,-5.255
SM-52-P1,21,478098.81,2037573.26,-19.43
SM-10-B1,21,477226.3,2037121.54,2.125
SM-10-B1,21,477226.3,2037121.54,-5.075
SM-10-B1,21,477226.3,2037121.54,-15.65
SM-53-P2,21,478414.1,2037512.4,-11.165
SM-53-P2,21,478414.1,2037512.4,-12.065
SM-53-P2,21,478414.1,2037512.4,-20.39
SM-53-P2,21,478414.1,2037512.4,-26.915
SM-53-P2,21,478414.1,2037512.4,-36.815
SM-53-P2,21,478414.1,2037512.4,-54.365
SM-14-P2,21,479685.63,2037378.89,-35.535
SM-14-P2,21,479685.63,2037378.89,-68.385
SM-37-P2,21,479213.08,2036499.92,-12.685
SM-37-P2,21,479213.08,2036499.92,-20.56
SM-37-P2,21,479213.08,2036499.92,-25.96
SM-44-P1,21,477193.08,2038327.98,1.925
SM-44-P1,21,477189.844,2038327.449,1.875
SM-70-P3,21,481498.09,2036695.19,-8.73
SM-47-P1,21,478006.01,2038293.04,-19.445
SM-28 P2,21,,,-5.175
SM-28 P2,21,,,-5.4
SM-28 P2,21,,,-5.625
SM-28 P2,21,,,-7.425
SM-28 P2,21,,,-30.15
SM-07-B2,21,,,-15.3
SM-07-B2,21,,,-17.325
SM-07-B2,21,,,-17.55
SM-07-B2,21,,,-17.775
SM-01-B1,21,480286.37,2036030.34,-6.105
SM-20-P1,21,477576.5,2038152.22,-22.365
SM-20-P1,21,477574.978,2038153.565,-22.435
SM-20-P1,21,477576.5,2038152.22,-33.39
SM-20-P1,21,477574.978,2038153.565,-33.46
SM-20-P1,21,477576.5,2038152.22,-33.84
SM-20-P1,21,477574.978,2038153.565,-33.91
SM-20-P1,21,477576.5,2038152.22,-35.415
SM-20-P1,21,477574.978,2038153.565,-35.485
SM-20-P1,21,477576.5,2038152.22,-37.89
SM-20-P1,21,477574.978,2038153.565,-37.96
SM-57-P1,21,477640.14,2037208.59,-19.575
SM-57-P1,21,477640.14,2037208.59,-37.125
SM-57-P1,21,477640.14,2037208.59,-39.375
SM-74-P3,21,480593.73,2036997.8,-27.86
SM-38-P2,21,479622.12,2036497.16,-26.36
SM-38-P2,21,479622.12,2036497.16,-31.085
SM-38-P2,21,479622.12,2036497.16,-38.06
SM-38-P2,21,479622.12,2036497.16,-40.085
SM-38-P2,21,479622.12,2036497.16,-41.21
SM-63-P1,21,477393.97,2036611.25,-14.365
SM-63-P1,21,477393.97,2036611.25,-26.965
SM-63-P1,21,477393.97,2036611.25,-38.215
SM-63-P1,21,477393.97,2036611.25,-42.49
SM-63-P1,21,477393.97,2036611.25,-46.315
SM-75-P1,21,477626.74,2037421.93,-21.085
SM-09-B2,21,480263.7,2036758.9,-8.63
SM-09-B2,21,480263.7,2036758.9,-14.48
SM-76-P3,21,481243.38,2036665.86,-6.565
SM-76-P3,21,481243.38,2036665.86,-9.265
SM-76-P3,21,481243.38,2036665.86,-18.715
SM-76-P3,21,481243.38,2036665.86,-39.415
SM-22-P2,21,478599.1,2037541.17,-19.865
SM-22-P2,21,478599.1,2037541.17,-35.39
SM-22-P2,21,478599.1,2037541.17,-36.515
SM-15-P2,21,479132.63,2036864.69,-8.64
SM-15-P2,21,479132.63,2036864.69,-13.14
SM-21-P3,20.5,481503.78,2037018.87,-17.76
SM-21-P3,20.5,481503.78,2037018.87,-18.21
SM-21-P3,20.5,481503.78,2037018.87,-25.41
SM-26-P2,20.5,478399.31,2037192.67,-52.44
SM-40-P1,20.5,477608.176,2038623.913,-34.18
SM-03-B1,20.5,479599.92,2035977.75,-11.31
SM-65-P1,20.5,477374.93,2036265.02,3.61
SM-65-P1,20.5,477374.93,2036265.02,-7.19
SM-73-P2,20.5,480177.03,2036206.51,-8.05
SM-68 P2,20.5,,,-8.55
SM-58-P1,20.5,478010.84,2037201.06,-7.2
SM-58-P1,20.5,478010.84,2037201.06,-9
SM-58-P1,20.5,478010.84,2037201.06,-11.25
SM-06-B2,20.5,,,-21.6
SM-54-P2,20.5,478894.52,2037846.9,-7.98
SM-33-P2,20.5,479399.9,2036846.79,-15.21
SM-61-P1,20.5,478033.23,2036869.83,-22.51
SM-05-B2,20.5,478555.9,2037889.6,-7.72
SM-24-P2,20.5,479387.3,2037585.89,1
SM-24-P2,20.5,479387.3,2037585.89,-0.35
SM-50-P1,20.5,477300,2037635,2.96
SM-31-P2,20.5,478600.11,2036846.19,-7.32
SM-27-P2,20.5,478831.45,2037198.64,-15.55
SM-59-P1,20.5,477834.91,2037045.31,-33.63
SM-105-P2,20.5,,,-109.35
SM-49-P1,20.5,477572.34,2038055.4,-0.38
SM-49-P1,20.5,477572.34,2038055.4,-6.23
SM-49-P1,20.5,477572.34,2038055.4,-25.58
SM-45-P1,20.5,477444.49,2038334.58,2.54
SM-17-P2,20.5,479997.31,2036524.08,-25.33
SM-09-B1,20,477265.19,2036624.23,-8.44
SM-67-P1,20.5,477857.4,2036377.24,-12.32
SM-67-P1,20.5,477857.4,2036377.24,-30.77
SM-05-B1,21,478828.2306,2036140.498,-15.293
SM-35 P2,20.5,,,-7.2
SM-35 P2,20.5,,,-7.65
SM-02-B1,20.5,479959.6533,2036162.012,-4.756
SM-19-P1,20.5,477471.6,2036261.55,-32.82
SM-36-P2,20.5,478362.19,2036503.28,1.07
SM-55-P2,20.5,479329.18,2037687.79,-36.49
SM-52-P1,20.5,478098.81,2037573.26,-4.13
SM-10-B1,20.5,477226.3,2037121.54,-9.35
SM-14-P2,20.5,479685.63,2037378.89,-20.01
SM-37-P2,20.5,479213.08,2036499.92,-22.81
SM-37-P2,20.5,479213.08,2036499.92,-25.51
SM-47-P1,20.5,478006.01,2038293.04,9.13
SM-28 P2,20.5,,,-4.95
SM-28 P2,20.5,,,-19.35
SM-07-B2,20.5,,,-17.1
SM-01-B1,20.5,480286.37,2036030.34,-4.53
SM-01-B1,20.5,480286.37,2036030.34,-6.33
SM-57-P1,20.5,477640.14,2037208.59,-15.3
SM-57-P1,20.5,477640.14,2037208.59,-36.9
SM-38-P2,20.5,479622.12,2036497.16,-37.16
SM-38-P2,20.5,479622.12,2036497.16,-37.61
SM-38-P2,20.5,479622.12,2036497.16,-39.86
SM-63-P1,20.5,477393.97,2036611.25,-24.04
SM-75-P1,20.5,477626.74,2037421.93,-18.16
SM-75-P1,20.5,477626.74,2037421.93,-19.51
SM-75-P1,20.5,477626.74,2037421.93,-19.96
SM-75-P1,20.5,477626.74,2037421.93,-20.41
SM-09-B2,20.5,480263.7,2036758.9,-4.58
SM-09-B2,20.5,480263.7,2036758.9,-5.93
SM-76-P3,20.5,481243.38,2036665.86,-5.89
SM-29-P2,20.5,479601.03,2037189.73,-20.28
SM-22-P2,20.5,478599.1,2037541.17,-19.64
SM-22-P2,20.5,478599.1,2037541.17,-20.09
SM-15-P2,20.5,479132.63,2036864.69,-8.19
SM-21-P3,20,481503.78,2037018.87,-16.185
SM-21-P3,20,481503.78,2037018.87,-17.085
SM-21-P3,20,481503.78,2037018.87,-18.66
SM-21-P3,20,481503.78,2037018.87,-19.335
SM-21-P3,20,481503.78,2037018.87,-21.585
SM-21-P3,20,481503.78,2037018.87,-22.26
SM-21-P3,20,481503.78,2037018.87,-24.285
SM-21-P3,20,481503.78,2037018.87,-25.635
SM-21-P3,20,481503.78,2037018.87,-38.235
SM-21-P3,20,481503.78,2037018.87,-40.035
SM-21-P3,20,481503.78,2037018.87,-40.935
SM-26-P2,20,478399.31,2037192.67,-21.615
SM-26-P2,20,478399.31,2037192.67,-24.09
SM-26-P2,20,478399.31,2037192.67,-37.815
SM-26-P2,20,478399.31,2037192.67,-52.665
SM-34-P2,20,479861.49,2036907.43,-18.14
SM-34-P2,20,479861.49,2036907.43,-21.065
SM-34-P2,20,479861.49,2036907.43,-27.365
SM-34-P2,20,479861.49,2036907.43,-44.015
SM-12-B1,20,477096.67,2038479.67,1.83
SM-12-B1,20,477096.67,2038479.67,0.705
SM-40-P1,20,477608.176,2038623.913,-2.68
SM-40-P1,20,477608.176,2038623.913,-18.655
SM-40-P1,20,477608.176,2038623.913,-20.005
SM-40-P1,20,477608.176,2038623.913,-36.205
SM-03-B1,20,479599.92,2035977.75,-10.86
SM-11-B1,20,477167.57,2037681.46,-4.445
SM-11-B1,20,477167.57,2037681.46,-20.87
SM-41-P1,20,477763.79,2038599.78,-21.02
SM-32-P2,20,479000.45,2036846.64,-6.465
SM-32-P2,20,479000.45,2036846.64,-39.315
SM-65-P1,20,477374.93,2036265.02,0.46
SM-65-P1,20,477374.93,2036265.02,-27.215
SM-65-P1,20,477374.93,2036265.02,-28.115
SM-65-P1,20,477374.93,2036265.02,-32.165
SM-48-P1,20,477235.12,2038040.99,0.835
SM-48-P1,20,477235.12,2038040.99,-10.415
SM-73-P2,20,480177.03,2036206.51,-18.175
SM-73-P2,20,480177.03,2036206.51,-18.85
SM-68 P2,20,,,-7.65
SM-68 P2,20,,,-8.325
SM-68 P2,20,,,-9.675
SM-68 P2,20,,,-10.8
SM-68 P2,20,,,-20.025
SM-58-P1,20,478010.84,2037201.06,-3.6
SM-58-P1,20,478010.84,2037201.06,-5.625
SM-58-P1,20,478010.84,2037201.06,-5.85
SM-58-P1,20,478010.84,2037201.06,-6.075
SM-58-P1,20,478010.84,2037201.06,-6.975
SM-58-P1,20,478010.84,2037201.06,-7.65
SM-58-P1,20,478010.84,2037201.06,-8.775
SM-58-P1,20,478010.84,2037201.06,-9.9
SM-58-P1,20,478010.84,2037201.06,-15.3
SM-58-P1,20,478010.84,2037201.06,-16.2
SM-39-P2,20,480204.54,2036551.45,-23.305
SM-06-B2,20,,,-14.175
SM-54-P2,20,478894.52,2037846.9,2.82
SM-54-P2,20,478894.52,2037846.9,-17.43
SM-54-P2,20,478894.52,2037846.9,-20.355
SM-54-P2,20,478894.52,2037846.9,-25.305
SM-54-P2,20,478894.52,2037846.9,-39.255
SM-33-P2,20,479399.9,2036846.79,-13.635
SM-61-P1,20,478033.23,2036869.83,-8.56
SM-61-P1,20,478033.23,2036869.83,-9.01
SM-05-B2,20,478555.9,2037889.6,-8.395
SM-05-B2,20,478555.9,2037889.6,-19.195
SM-24-P2,20,479387.3,2037585.89,1.225
SM-24-P2,20,479387.3,2037585.89,0.1
SM-24-P2,20,479387.3,2037585.89,-1.025
SM-24-P2,20,479387.3,2037585.89,-1.925
SM-24-P2,20,479387.3,2037585.89,-18.125
SM-24-P2,20,479387.3,2037585.89,-22.625
SM-04-B2,20,478139.21,2037614.8,-12.82
SM-50-P1,20,477300,2037635,0.71
SM-50-P1,20,477300,2037635,-11.665
SM-31-P2,20,478600.11,2036846.19,-7.095
SM-31-P2,20,478600.11,2036846.19,-20.595
SM-31-P2,20,478600.11,2036846.19,-20.82
SM-31-P2,20,478600.11,2036846.19,-21.045
SM-59-P1,20,477834.91,2037045.31,-4.83
SM-59-P1,20,477834.91,2037045.31,-6.405
SM-59-P1,20,477834.91,2037045.31,-9.78
SM-59-P1,20,477834.91,2037045.31,-16.755
SM-59-P1,20,477834.91,2037045.31,-16.98
SM-59-P1,20,477834.91,2037045.31,-17.205
SM-59-P1,20,477834.91,2037045.31,-33.405
SM-23-P2,20,478975.93,2037540.89,-5.52
SM-105-P2,20,,,-16.425
SM-105-P2,20,,,-26.325
SM-105-P2,20,,,-31.05
SM-105-P2,20,,,-55.575
SM-105-P2,20,,,-111.6
SM-49-P1,20,477572.34,2038055.4,-1.73
SM-49-P1,20,477572.34,2038055.4,-3.08
SM-49-P1,20,477572.34,2038055.4,-6.455
SM-49-P1,20,477572.34,2038055.4,-20.855
SM-49-P1,20,477572.34,2038055.4,-25.13
SM-49-P1,20,477572.34,2038055.4,-31.655
SM-04-B1,20,479321.627,2036184.495,-17.9995
SM-17-P2,20,479997.31,2036524.08,-14.305
SM-17-P2,20,479997.31,2036524.08,-18.805
SM-17-P2,20,479997.31,2036524.08,-78.43
SM-08-B2,20,480108.48,2037238.9,-22.1
SM-08-B2,20,480108.48,2037238.9,-24.8
SM-08-B2,20,480108.48,2037238.9,-26.375
SM-60-P1,20,477583.84,2036816.3,2.195
SM-60-P1,20,477583.84,2036816.3,-8.605
SM-60-P1,20,477583.84,2036816.3,-21.88
SM-18-P1,20,477502.42,2036933.38,-29.37
SM-18-P1,20,477502.42,2036933.38,-37.245
SM-18-P1,20,477502.42,2036933.38,-37.47
SM-18-P1,20,477502.42,2036933.38,-37.695
SM-09-B1,21,477265.19,2036624.23,-8.665
SM-09-B1,19,477265.19,2036624.23,-8.89
SM-67-P1,20,477857.4,2036377.24,-24.245
SM-67-P1,20,477857.4,2036377.24,-25.145
SM-67-P1,20,477857.4,2036377.24,-32.345
SM-05-B1,25,478828.2306,2036140.498,-15.518
SM-05-B1,29,478828.2306,2036140.498,-15.743
SM-05-B1,26.5,478828.2306,2036140.498,-15.968
SM-05-B1,24,478828.2306,2036140.498,-16.193
SM-35 P2,20,,,-27.225
SM-35 P2,20,,,-36.675
SM-62 P2,20,,,-1.125
SM-72-P2,20,479543.59,2036219.22,-4.66
SM-72-P2,20,479543.59,2036219.22,-14.11
SM-02-B1,20,479959.6533,2036162.012,-6.556
SM-19-P1,20,477471.6,2036261.55,-2.895
SM-19-P1,20,477471.6,2036261.55,-41.79
SM-51-P1,20,477639.95,2037631.92,-12.225
SM-51-P1,20,477639.95,2037631.92,-19.875
SM-51-P1,20,477639.95,2037631.92,-30.225
SM-51-P1,20,477639.95,2037631.92,-43.275
SM-36-P2,20,478362.19,2036503.28,-18.055
SM-07-B1,20,477905.7673,2036203.22,-7.2414
SM-07-B1,20,477905.7673,2036203.22,-15.5664
SM-07-B1,20,477905.7673,2036203.22,-22.0914
SM-55-P2,20,479329.18,2037687.79,-18.715
SM-25-P2,20,479793.28,2037531.65,-16.925
SM-25-P2,20,479793.28,2037531.65,-21.425
SM-06-B1,20,478330.36,2036080.3,-1.905
SM-66-P1,20,477629.99,2036277.02,0.435
SM-66-P1,20,477629.99,2036277.02,-3.84
SM-66-P1,20,477629.99,2036277.02,-24.315
SM-66-P1,20,477629.99,2036277.02,-24.54
SM-66-P1,20,477629.99,2036277.02,-24.765
SM-66-P1,20,477629.99,2036277.02,-24.99
SM-66-P1,20,477629.99,2036277.02,-25.215
SM-52-P1,20,478098.81,2037573.26,-13.805
SM-10-B1,20,477226.3,2037121.54,-5.975
SM-10-B1,20,477226.3,2037121.54,-14.975
SM-53-P2,20,478414.1,2037512.4,-35.915
SM-53-P2,20,478414.1,2037512.4,-37.04
SM-14-P2,20,479685.63,2037378.89,-20.46
SM-37-P2,20,479213.08,2036499.92,-14.485
SM-37-P2,20,479213.08,2036499.92,-18.535
SM-37-P2,20,479213.08,2036499.92,-29.335
SM-44-P1,20,477193.08,2038327.98,0.575
SM-44-P1,20,477189.844,2038327.449,0.525
SM-70-P3,20,481498.09,2036695.19,5.445
SM-70-P3,20,481498.09,2036695.19,-2.655
SM-70-P3,20,481498.09,2036695.19,-2.88
SM-70-P3,20,481498.09,2036695.19,-3.105
SM-70-P3,20,481498.09,2036695.19,-6.03
SM-70-P3,20,481498.09,2036695.19,-8.955
SM-47-P1,20,478006.01,2038293.04,6.205
SM-47-P1,20,478006.01,2038293.04,5.305
SM-47-P1,20,478006.01,2038293.04,4.405
SM-47-P1,20,478006.01,2038293.04,3.055
SM-47-P1,20,478006.01,2038293.04,1.93
SM-28 P2,20,,,-4.725
SM-28 P2,20,,,-5.85
SM-28 P2,20,,,-10.125
SM-28 P2,20,,,-15.75
SM-28 P2,20,,,-41.625
SM-07-B2,20,,,-6.975
SM-07-B2,20,,,-16.875
SM-07-B2,20,,,-26.325
SM-01-B1,20,480286.37,2036030.34,-6.555
SM-20-P1,20,477576.5,2038152.22,-34.515
SM-20-P1,20,477574.978,2038153.565,-34.585
SM-20-P1,20,477576.5,2038152.22,-35.19
SM-20-P1,20,477574.978,2038153.565,-35.26
SM-69-P2,20,478614.71,2036398.52,-17.965
SM-69-P2,20,478614.71,2036398.52,-22.465
SM-69-P2,20,478614.71,2036398.52,-25.615
SM-69-P2,20,478614.71,2036398.52,-27.415
SM-57-P1,20,477640.14,2037208.59,-8.325
SM-57-P1,20,477640.14,2037208.59,-13.05
SM-57-P1,20,477640.14,2037208.59,-16.425
SM-57-P1,20,477640.14,2037208.59,-16.65
SM-57-P1,20,477640.14,2037208.59,-16.875
SM-57-P1,20,477640.14,2037208.59,-18.675
SM-57-P1,20,477640.14,2037208.59,-36.675
SM-74-P3,20,480593.73,2036997.8,-21.785
SM-74-P3,20,480593.73,2036997.8,-41.135
SM-42-P1,20,477982.94,2038550.48,-17.095
SM-42-P1,20,477982.94,2038550.48,-20.02
SM-38-P2,20,479622.12,2036497.16,-24.56
SM-38-P2,20,479622.12,2036497.16,-26.135
SM-38-P2,20,479622.12,2036497.16,-31.985
SM-38-P2,20,479622.12,2036497.16,-36.71
SM-38-P2,20,479622.12,2036497.16,-38.285
SM-38-P2,20,479622.12,2036497.16,-38.51
SM-38-P2,20,479622.12,2036497.16,-38.735
SM-38-P2,20,479622.12,2036497.16,-38.96
SM-38-P2,20,479622.12,2036497.16,-39.185
SM-38-P2,20,479622.12,2036497.16,-39.41
SM-38-P2,20,479622.12,2036497.16,-39.635
SM-63-P1,20,477393.97,2036611.25,-42.715
SM-63-P1,20,477393.97,2036611.25,-42.94
SM-63-P1,20,477393.97,2036611.25,-43.165
SM-75-P1,20,477626.74,2037421.93,-6.685
SM-75-P1,20,477626.74,2037421.93,-20.86
SM-76-P3,20,481243.38,2036665.86,-5.215
SM-76-P3,20,481243.38,2036665.86,-20.29
SM-29-P2,20,479601.03,2037189.73,-7.905
SM-29-P2,20,479601.03,2037189.73,-17.805
SM-29-P2,20,479601.03,2037189.73,-24.105
SM-29-P2,20,479601.03,2037189.73,-37.155
SM-22-P2,20,478599.1,2037541.17,-19.415
SM-22-P2,20,478599.1,2037541.17,-20.315
SM-22-P2,20,478599.1,2037541.17,-30.665
SM-22-P2,20,478599.1,2037541.17,-31.565
SM-15-P2,20,479132.63,2036864.69,-6.84
SM-15-P2,20,479132.63,2036864.69,-12.915
SM-21-P3,19.5,481503.78,2037018.87,-15.06
SM-21-P3,19.5,481503.78,2037018.87,-15.51
SM-21-P3,19.5,481503.78,2037018.87,-21.81
SM-21-P3,19.5,481503.78,2037018.87,-30.81
SM-21-P3,19.5,481503.78,2037018.87,-40.26
SM-21-P3,19.5,481503.78,2037018.87,-40.71
SM-26-P2,19.5,478399.31,2037192.67,-21.84
SM-26-P2,19.5,478399.31,2037192.67,-24.99
SM-26-P2,19.5,478399.31,2037192.67,-38.49
SM-40-P1,19.5,477608.176,2038623.913,-18.43
SM-41-P1,19.5,477763.79,2038599.78,-20.57
SM-32-P2,19.5,479000.45,2036846.64,-14.34
SM-32-P2,19.5,479000.45,2036846.64,-14.79
SM-73-P2,19.5,480177.03,2036206.51,-18.4
SM-58-P1,19.5,478010.84,2037201.06,-3.15
SM-58-P1,19.5,478010.84,2037201.06,-4.05
SM-58-P1,19.5,478010.84,2037201.06,-4.5
SM-58-P1,19.5,478010.84,2037201.06,-5.4
SM-58-P1,19.5,478010.84,2037201.06,-15.75
SM-58-P1,19.5,478010.84,2037201.06,-17.1
SM-39-P2,19.5,480204.54,2036551.45,-24.43
SM-06-B2,19.5,,,-19.35
SM-61-P1,19.5,478033.23,2036869.83,-6.31
SM-05-B2,19.5,478555.9,2037889.6,-22.57
SM-24-P2,19.5,479387.3,2037585.89,1.45
SM-24-P2,19.5,479387.3,2037585.89,0.55
SM-24-P2,19.5,479387.3,2037585.89,-0.8
SM-24-P2,19.5,479387.3,2037585.89,-3.95
SM-50-P1,19.5,477300,2037635,-11.89
SM-31-P2,19.5,478600.11,2036846.19,-25.32
SM-105-P2,19.5,,,-20.25
SM-105-P2,19.5,,,-93.6
SM-45-P1,19.5,477444.49,2038334.58,-11.41
SM-08-B1 (2),19.5,,,-7.65
SM-08-B1 (2),19.5,,,-18.45
SM-09-B1,17,477265.19,2036624.23,-9.115
SM-67-P1,19.5,477857.4,2036377.24,-38.42
SM-05-B1,25,478828.2306,2036140.498,-16.418
SM-05-B1,22,478828.2306,2036140.498,-16.418
SM-35 P2,19.5,,,-16.65
SM-62 P2,19.5,,,-10.8
SM-02-B1,19.5,479959.6533,2036162.012,0.194
SM-19-P1,19.5,477471.6,2036261.55,-22.02
SM-36-P2,19.5,478362.19,2036503.28,-14.23
SM-36-P2,19.5,478362.19,2036503.28,-17.83
SM-07-B1,19.5,477905.7673,2036203.22,-8.8164
SM-55-P2,19.5,479329.18,2037687.79,-25.24
SM-13-P2,19.5,478456.28,2037422.21,-18.41
SM-25-P2,19.5,479793.28,2037531.65,-0.5
SM-25-P2,19.5,479793.28,2037531.65,-19.4
SM-66-P1,19.5,477629.99,2036277.02,-5.64
SM-66-P1,19.5,477629.99,2036277.02,-6.54
SM-53-P2,19.5,478414.1,2037512.4,-10.04
SM-37-P2,19.5,479213.08,2036499.92,-23.26
SM-47-P1,19.5,478006.01,2038293.04,2.83
SM-28 P2,19.5,,,-8.1
SM-28 P2,19.5,,,-29.25
SM-07-B2,19.5,,,-18
SM-20-P1,19.5,477576.5,2038152.22,-34.74
SM-20-P1,19.5,477574.978,2038153.565,-34.81
SM-57-P1,19.5,477640.14,2037208.59,-8.55
SM-57-P1,19.5,477640.14,2037208.59,-16.2
SM-42-P1,19.5,477982.94,2038550.48,-17.32
SM-38-P2,19.5,479622.12,2036497.16,-24.11
SM-63-P1,19.5,477393.97,2036611.25,-27.19
SM-63-P1,19.5,477393.97,2036611.25,-46.54
SM-75-P1,19.5,477626.74,2037421.93,-4.66
SM-75-P1,19.5,477626.74,2037421.93,-6.01
SM-09-B2,19.5,480263.7,2036758.9,-5.48
SM-09-B2,19.5,480263.7,2036758.9,-13.13
SM-76-P3,19.5,481243.38,2036665.86,-6.34
SM-76-P3,19.5,481243.38,2036665.86,-19.39
SM-29-P2,19.5,479601.03,2037189.73,-7.68
SM-21-P3,19,481503.78,2037018.87,1.59
SM-21-P3,19,481503.78,2037018.87,-15.96
SM-21-P3,19,481503.78,2037018.87,-17.985
SM-21-P3,19,481503.78,2037018.87,-19.11
SM-21-P3,19,481503.78,2037018.87,-20.01
SM-21-P3,19,481503.78,2037018.87,-20.46
SM-21-P3,19,481503.78,2037018.87,-22.035
SM-21-P3,19,481503.78,2037018.87,-39.81
SM-21-P3,19,481503.78,2037018.87,-40.485
SM-26-P2,19,478399.31,2037192.67,-22.065
SM-26-P2,19,478399.31,2037192.67,-23.865
SM-26-P2,19,478399.31,2037192.67,-26.565
SM-26-P2,19,478399.31,2037192.67,-38.04
SM-34-P2,19,479861.49,2036907.43,-14.315
SM-34-P2,19,479861.49,2036907.43,-25.565
SM-12-B1,19,477096.67,2038479.67,2.055
SM-43-P1,19,478112.67,2038510.48,6.045
SM-43-P1,19,478109.666,2038510.974,5.925
SM-40-P1,19,477608.176,2038623.913,-18.205
SM-40-P1,19,477608.176,2038623.913,-35.98
SM-03-B1,19,479599.92,2035977.75,-12.21
SM-03-B1,19,479599.92,2035977.75,-13.335
SM-11-B1,19,477167.57,2037681.46,-15.245
SM-41-P1,19,477763.79,2038599.78,-7.745
SM-41-P1,19,477763.79,2038599.78,-21.245
SM-32-P2,19,479000.45,2036846.64,-6.69
SM-32-P2,19,479000.45,2036846.64,-7.815
SM-32-P2,19,479000.45,2036846.64,-15.24
SM-65-P1,19,477374.93,2036265.02,-4.265
SM-65-P1,19,477374.93,2036265.02,-7.415
SM-30-P2,19,480015.16,2037202.47,-22.865
SM-73-P2,19,480177.03,2036206.51,-8.275
SM-73-P2,19,480177.03,2036206.51,-17.275
SM-73-P2,19,480177.03,2036206.51,-18.625
SM-68 P2,19,,,-2.025
SM-68 P2,19,,,-6.975
SM-68 P2,19,,,-9
SM-68 P2,19,,,-30.825
SM-68 P2,19,,,-31.725
SM-68 P2,19,,,-33.075
SM-58-P1,19,478010.84,2037201.06,-5.175
SM-58-P1,19,478010.84,2037201.06,-7.875
SM-39-P2,19,480204.54,2036551.45,-15.43
SM-16-P2,19,478795.23,2036506.72,-8.255
SM-54-P2,19,478894.52,2037846.9,-5.28
SM-54-P2,19,478894.52,2037846.9,-7.305
SM-54-P2,19,478894.52,2037846.9,-30.03
SM-33-P2,19,479399.9,2036846.79,-7.785
SM-61-P1,19,478033.23,2036869.83,-5.635
SM-61-P1,19,478033.23,2036869.83,-6.985
SM-61-P1,19,478033.23,2036869.83,-8.335
SM-61-P1,19,478033.23,2036869.83,-9.235
SM-61-P1,19,478033.23,2036869.83,-17.785
SM-61-P1,19,478033.23,2036869.83,-25.885
SM-05-B2,19,478555.9,2037889.6,0.155
SM-05-B2,19,478555.9,2037889.6,-6.595
SM-05-B2,19,478555.9,2037889.6,-7.495
SM-05-B2,19,478555.9,2037889.6,-8.62
SM-05-B2,19,478555.9,2037889.6,-20.32
SM-05-B2,19,478555.9,2037889.6,-21.22
SM-05-B2,19,478555.9,2037889.6,-23.02
SM-24-P2,19,479387.3,2037585.89,1.675
SM-24-P2,19,479387.3,2037585.89,-0.575
SM-24-P2,19,479387.3,2037585.89,-2.15
SM-24-P2,19,479387.3,2037585.89,-2.825
SM-24-P2,19,479387.3,2037585.89,-18.35
SM-04-B2,19,478139.21,2037614.8,-1.57
SM-04-B2,19,478139.21,2037614.8,-2.695
SM-04-B2,19,478139.21,2037614.8,-4.045
SM-04-B2,19,478139.21,2037614.8,-13.045
SM-04-B2,19,478139.21,2037614.8,-13.945
SM-50-P1,19,477300,2037635,2.735
SM-50-P1,19,477300,2037635,1.835
SM-50-P1,19,477300,2037635,1.16
SM-50-P1,19,477300,2037635,0.485
SM-50-P1,19,477300,2037635,-12.115
SM-31-P2,19,478600.11,2036846.19,-8.445
SM-31-P2,19,478600.11,2036846.19,-15.645
SM-31-P2,19,478600.11,2036846.19,-39.945
SM-27-P2,19,478831.45,2037198.64,0.65
SM-27-P2,19,478831.45,2037198.64,-5.875
SM-59-P1,19,477834.91,2037045.31,3.27
SM-59-P1,19,477834.91,2037045.31,-3.93
SM-23-P2,19,478975.93,2037540.89,-3.495
SM-23-P2,19,478975.93,2037540.89,-5.745
SM-23-P2,19,478975.93,2037540.89,-15.42
SM-23-P2,19,478975.93,2037540.89,-25.77
SM-105-P2,19,,,-18.9
SM-105-P2,19,,,-30.825
SM-105-P2,19,,,-44.55
SM-105-P2,19,,,-91.125
SM-105-P2,19,,,-109.125
SM-49-P1,19,477572.34,2038055.4,-1.955
SM-49-P1,19,477572.34,2038055.4,-2.855
SM-49-P1,19,477572.34,2038055.4,-14.555
SM-49-P1,19,477572.34,2038055.4,-25.355
SM-49-P1,19,477572.34,2038055.4,-31.88
SM-04-B1,19,479321.627,2036184.495,-15.9745
SM-04-B1,19,479321.627,2036184.495,-17.0995
SM-45-P1,19,477444.49,2038334.58,-6.685
SM-45-P1,19,477444.49,2038334.58,-6.91
SM-45-P1,19,477444.49,2038334.58,-7.135
SM-45-P1,19,477444.49,2038334.58,-16.135
SM-17-P2,19,479997.31,2036524.08,-15.43
SM-17-P2,19,479997.31,2036524.08,-18.58
SM-17-P2,19,479997.31,2036524.08,-30.955
SM-17-P2,19,479997.31,2036524.08,-71.905
SM-08-B2,19,480108.48,2037238.9,-18.725
SM-08-B2,19,480108.48,2037238.9,-23.9
SM-60-P1,19,477583.84,2036816.3,-22.105
SM-18-P1,19,477502.42,2036933.38,-46.02
SM-09-B1,14.5,477265.19,2036624.23,-9.34
SM-09-B1,12,477265.19,2036624.23,-9.565
SM-67-P1,19,477857.4,2036377.24,4.105
SM-67-P1,19,477857.4,2036377.24,-23.12
SM-67-P1,19,477857.4,2036377.24,-30.545
SM-67-P1,19,477857.4,2036377.24,-34.595
SM-05-B1,20,478828.2306,2036140.498,-16.643
SM-05-B1,20.5,478828.2306,2036140.498,-16.868
SM-35 P2,19,,,-16.2
SM-35 P2,19,,,-34.875
SM-62 P2,19,,,-4.05
SM-62 P2,19,,,-7.65
SM-62 P2,19,,,-8.1
SM-62 P2,19,,,-9.45
SM-62 P2,19,,,-20.025
SM-62 P2,19,,,-24.525
SM-72-P2,19,479543.59,2036219.22,-3.535
SM-02-B1,19,479959.6533,2036162.012,-3.631
SM-02-B1,19,479959.6533,2036162.012,-3.856
SM-02-B1,19,479959.6533,2036162.012,-4.081
SM-02-B1,19,479959.6533,2036162.012,-7.006
SM-02-B1,19,479959.6533,2036162.012,-7.906
SM-19-P1,19,477471.6,2036261.55,-22.47
SM-19-P1,19,477471.6,2036261.55,-31.02
SM-51-P1,19,477639.95,2037631.92,0.375
SM-36-P2,19,478362.19,2036503.28,-17.605
SM-36-P2,19,478362.19,2036503.28,-29.305
SM-36-P2,19,478362.19,2036503.28,-29.53
SM-36-P2,19,478362.19,2036503.28,-29.755
SM-36-P2,19,478362.19,2036503.28,-45.88
SM-07-B1,19,477905.7673,2036203.22,0.4086
SM-07-B1,19,477905.7673,2036203.22,-7.4664
SM-07-B1,19,477905.7673,2036203.22,-8.1414
SM-07-B1,19,477905.7673,2036203.22,-18.9414
SM-55-P2,19,479329.18,2037687.79,-41.665
SM-13-P2,19,478456.28,2037422.21,-9.41
SM-25-P2,19,479793.28,2037531.65,-15.8
SM-06-B1,19,478330.36,2036080.3,-8.655
SM-66-P1,19,477629.99,2036277.02,-4.065
SM-52-P1,19,478098.81,2037573.26,-0.53
SM-52-P1,19,478098.81,2037573.26,-1.205
SM-52-P1,19,478098.81,2037573.26,-2.105
SM-52-P1,19,478098.81,2037573.26,-12.455
SM-52-P1,19,478098.81,2037573.26,-21.005
SM-52-P1,19,478098.81,2037573.26,-31.58
SM-53-P2,19,478414.1,2037512.4,-37.265
SM-14-P2,19,479685.63,2037378.89,-19.785
SM-14-P2,19,479685.63,2037378.89,-21.36
SM-14-P2,19,479685.63,2037378.89,-25.635
SM-14-P2,19,479685.63,2037378.89,-25.86
SM-14-P2,19,479685.63,2037378.89,-26.085
SM-14-P2,19,479685.63,2037378.89,-26.31
SM-14-P2,19,479685.63,2037378.89,-26.535
SM-14-P2,19,479685.63,2037378.89,-69.06
SM-37-P2,19,479213.08,2036499.92,-0.085
SM-37-P2,19,479213.08,2036499.92,-21.685
SM-44-P1,19,477193.08,2038327.98,1.25
SM-44-P1,19,477189.844,2038327.449,1.2
SM-47-P1,19,478006.01,2038293.04,3.28
SM-47-P1,19,478006.01,2038293.04,2.605
SM-47-P1,19,478006.01,2038293.04,0.58
SM-28 P2,19,,,-6.075
SM-28 P2,19,,,-10.35
SM-28 P2,19,,,-19.125
SM-28 P2,19,,,-22.275
SM-01-B1,19,480286.37,2036030.34,-8.355
SM-01-B1,19,480286.37,2036030.34,-8.58
SM-01-B1,19,480286.37,2036030.34,-8.805
SM-01-B1,19,480286.37,2036030.34,-10.83
SM-01-B1,19,480286.37,2036030.34,-11.955
SM-20-P1,19,477576.5,2038152.22,-9.315
SM-20-P1,19,477574.978,2038153.565,-9.385
SM-20-P1,19,477576.5,2038152.22,-33.615
SM-20-P1,19,477574.978,2038153.565,-33.685
SM-20-P1,19,477576.5,2038152.22,-34.965
SM-20-P1,19,477574.978,2038153.565,-35.035
SM-69-P2,19,478614.71,2036398.52,-16.615
SM-57-P1,19,477640.14,2037208.59,-8.775
SM-57-P1,19,477640.14,2037208.59,-15.975
SM-57-P1,19,477640.14,2037208.59,-42.525
SM-42-P1,19,477982.94,2038550.48,-16.87
SM-42-P1,19,477982.94,2038550.48,-17.545
SM-42-P1,19,477982.94,2038550.48,-23.395
SM-38-P2,19,479622.12,2036497.16,-37.385
SM-63-P1,19,477393.97,2036611.25,2.51
SM-63-P1,19,477393.97,2036611.25,2.06
SM-63-P1,19,477393.97,2036611.25,-27.865
SM-63-P1,19,477393.97,2036611.25,-36.64
SM-75-P1,19,477626.74,2037421.93,-4.21
SM-75-P1,19,477626.74,2037421.93,-19.735
SM-75-P1,19,477626.74,2037421.93,-20.635
SM-09-B2,19,480263.7,2036758.9,-6.605
SM-76-P3,19,481243.38,2036665.86,5.585
SM-76-P3,19,481243.38,2036665.86,-6.79
SM-76-P3,19,481243.38,2036665.86,-7.465
SM-76-P3,19,481243.38,2036665.86,-17.59
SM-76-P3,19,481243.38,2036665.86,-26.365
SM-76-P3,19,481243.38,2036665.86,-37.615
SM-29-P2,19,479601.03,2037189.73,-0.705
SM-29-P2,19,479601.03,2037189.73,-7.455
SM-29-P2,19,479601.03,2037189.73,-9.255
SM-29-P2,19,479601.03,2037189.73,-19.83
SM-29-P2,19,479601.03,2037189.73,-27.03
SM-29-P2,19,479601.03,2037189.73,-43.455
SM-15-P2,19,479132.63,2036864.69,-5.94
SM-15-P2,19,479132.63,2036864.69,-8.415
SM-21-P3,18.5,481503.78,2037018.87,-19.56
SM-21-P3,18.5,481503.78,2037018.87,-21.36
SM-21-P3,18.5,481503.78,2037018.87,-24.06
SM-26-P2,18.5,478399.31,2037192.67,-24.54
SM-32-P2,18.5,479000.45,2036846.64,-6.24
SM-32-P2,18.5,479000.45,2036846.64,-39.09
SM-65-P1,18.5,477374.93,2036265.02,-4.04
SM-73-P2,18.5,480177.03,2036206.51,-6.25
SM-68 P2,18.5,,,-9.45
SM-68 P2,18.5,,,-19.8
SM-68 P2,18.5,,,-31.05
SM-68 P2,18.5,,,-31.5
SM-58-P1,18.5,478010.84,2037201.06,-4.95
SM-58-P1,18.5,478010.84,2037201.06,-6.3
SM-58-P1,18.5,478010.84,2037201.06,-6.75
SM-58-P1,18.5,478010.84,2037201.06,-16.65
SM-16-P2,18.5,478795.23,2036506.72,-8.48
SM-54-P2,18.5,478894.52,2037846.9,2.37
SM-54-P2,18.5,478894.52,2037846.9,-16.98
SM-05-B2,18.5,478555.9,2037889.6,-0.07
SM-05-B2,18.5,478555.9,2037889.6,-6.82
SM-05-B2,18.5,478555.9,2037889.6,-7.27
SM-24-P2,18.5,479387.3,2037585.89,-2.6
SM-04-B2,18.5,478139.21,2037614.8,-2.02
SM-04-B2,18.5,478139.21,2037614.8,-3.82
SM-50-P1,18.5,477300,2037635,-14.59
SM-31-P2,18.5,478600.11,2036846.19,-4.62
SM-59-P1,18.5,477834.91,2037045.31,-16.53
SM-23-P2,18.5,478975.93,2037540.89,-3.72
SM-49-P1,18.5,477572.34,2038055.4,-2.18
SM-49-P1,18.5,477572.34,2038055.4,-2.63
SM-49-P1,18.5,477572.34,2038055.4,-4.88
SM-49-P1,18.5,477572.34,2038055.4,-21.08
SM-45-P1,18.5,477444.49,2038334.58,0.74
SM-45-P1,18.5,477444.49,2038334.58,-18.61
SM-17-P2,18.5,479997.31,2036524.08,-66.28
SM-17-P2,18.5,479997.31,2036524.08,-71.68
SM-08-B2,18.5,480108.48,2037238.9,-25.25
SM-09-B1,6,477265.19,2036624.23,-9.79
SM-05-B1,21,478828.2306,2036140.498,-17.093
SM-35 P2,18.5,,,-6.75
SM-35 P2,18.5,,,-8.1
SM-35 P2,18.5,,,-15.75
SM-35 P2,18.5,,,-23.85
SM-62 P2,18.5,,,-9
SM-02-B1,18.5,479959.6533,2036162.012,-5.206
SM-19-P1,18.5,477471.6,2036261.55,-31.47
SM-19-P1,18.5,477471.6,2036261.55,-34.17
SM-36-P2,18.5,478362.19,2036503.28,-29.98
SM-07-B1,18.5,477905.7673,2036203.22,0.1836
SM-07-B1,18.5,477905.7673,2036203.22,-7.9164
SM-25-P2,18.5,479793.28,2037531.65,0.4
SM-66-P1,18.5,477629.99,2036277.02,-2.94
SM-66-P1,18.5,477629.99,2036277.02,-4.29
SM-52-P1,18.5,478098.81,2037573.26,-45.68
SM-10-B1,18.5,477226.3,2037121.54,2.35
SM-70-P3,18.5,481498.09,2036695.19,-12.78
SM-47-P1,18.5,478006.01,2038293.04,4.18
SM-28 P2,18.5,,,-7.2
SM-28 P2,18.5,,,-7.65
SM-07-B2,18.5,,,-18.9
SM-01-B1,18.5,480286.37,2036030.34,-5.88
SM-01-B1,18.5,480286.37,2036030.34,-8.13
SM-69-P2,18.5,478614.71,2036398.52,-17.74
SM-57-P1,18.5,477640.14,2037208.59,1.8
SM-57-P1,18.5,477640.14,2037208.59,-8.1
SM-57-P1,18.5,477640.14,2037208.59,-9.45
SM-57-P1,18.5,477640.14,2037208.59,-15.75
SM-42-P1,18.5,477982.94,2038550.48,-23.17
SM-38-P2,18.5,479622.12,2036497.16,-40.31
SM-63-P1,18.5,477393.97,2036611.25,-27.64
SM-63-P1,18.5,477393.97,2036611.25,-28.09
SM-09-B2,18.5,480263.7,2036758.9,-6.38
SM-76-P3,18.5,481243.38,2036665.86,-25.69
SM-15-P2,18.5,479132.63,2036864.69,-9.09
SM-21-P3,18,481503.78,2037018.87,-14.835
SM-21-P3,18,481503.78,2037018.87,-15.735
SM-21-P3,18,481503.78,2037018.87,-18.885
SM-21-P3,18,481503.78,2037018.87,-26.535
SM-21-P3,18,481503.78,2037018.87,-27.885
SM-21-P3,18,481503.78,2037018.87,-28.11
SM-21-P3,18,481503.78,2037018.87,-28.335
SM-21-P3,18,481503.78,2037018.87,-38.46
SM-21-P3,18,481503.78,2037018.87,-39.585
SM-26-P2,18,478399.31,2037192.67,-38.265
SM-34-P2,18,479861.49,2036907.43,-26.465
SM-34-P2,18,479861.49,2036907.43,-42.665
SM-12-B1,18,477096.67,2038479.67,-13.245
SM-43-P1,18,478112.67,2038510.48,5.82
SM-43-P1,18,478109.666,2038510.974,5.7
SM-40-P1,18,477608.176,2038623.913,-34.855
SM-40-P1,18,477608.176,2038623.913,-35.755
SM-03-B1,18,479599.92,2035977.75,-7.935
SM-03-B1,18,479599.92,2035977.75,-14.235
SM-11-B1,18,477167.57,2037681.46,-13.895
SM-41-P1,18,477763.79,2038599.78,-18.545
SM-41-P1,18,477763.79,2038599.78,-20.345
SM-41-P1,18,477763.79,2038599.78,-22.595
SM-32-P2,18,479000.45,2036846.64,-6.915
SM-65-P1,18,477374.93,2036265.02,0.235
SM-65-P1,18,477374.93,2036265.02,-2.015
SM-65-P1,18,477374.93,2036265.02,-3.14
SM-65-P1,18,477374.93,2036265.02,-3.815
SM-48-P1,18,477235.12,2038040.99,-5.465
SM-48-P1,18,477235.12,2038040.99,-9.515
SM-30-P2,18,480015.16,2037202.47,-3.065
SM-30-P2,18,480015.16,2037202.47,-5.315
SM-30-P2,18,480015.16,2037202.47,-18.365
SM-30-P2,18,480015.16,2037202.47,-19.265
SM-30-P2,18,480015.16,2037202.47,-19.94
SM-73-P2,18,480177.03,2036206.51,-8.5
SM-68 P2,18,,,-7.2
SM-68 P2,18,,,-11.025
SM-68 P2,18,,,-31.275
SM-68 P2,18,,,-32.85
SM-58-P1,18,478010.84,2037201.06,-3.825
SM-58-P1,18,478010.84,2037201.06,-4.725
SM-16-P2,18,478795.23,2036506.72,-8.705
SM-54-P2,18,478894.52,2037846.9,3.045
SM-54-P2,18,478894.52,2037846.9,-4.83
SM-61-P1,18,478033.23,2036869.83,-2.935
SM-61-P1,18,478033.23,2036869.83,-4.06
SM-61-P1,18,478033.23,2036869.83,-5.41
SM-05-B2,18,478555.9,2037889.6,-0.295
SM-05-B2,18,478555.9,2037889.6,-7.045
SM-05-B2,18,478555.9,2037889.6,-8.845
SM-05-B2,18,478555.9,2037889.6,-18.07
SM-05-B2,18,478555.9,2037889.6,-19.42
SM-05-B2,18,478555.9,2037889.6,-21.895
SM-24-P2,18,479387.3,2037585.89,0.325
SM-24-P2,18,479387.3,2037585.89,-2.375
SM-24-P2,18,479387.3,2037585.89,-3.05
SM-24-P2,18,479387.3,2037585.89,-18.575
SM-04-B2,18,478139.21,2037614.8,-3.595
SM-50-P1,18,477300,2037635,1.61
SM-50-P1,18,477300,2037635,-32.14
SM-31-P2,18,478600.11,2036846.19,-17.895
SM-27-P2,18,478831.45,2037198.64,-7.675
SM-27-P2,18,478831.45,2037198.64,-14.875
SM-59-P1,18,477834.91,2037045.31,-5.055
SM-23-P2,18,478975.93,2037540.89,-3.945
SM-23-P2,18,478975.93,2037540.89,-6.645
SM-23-P2,18,478975.93,2037540.89,-8.445
SM-23-P2,18,478975.93,2037540.89,-9.345
SM-105-P2,18,,,-22.275
SM-105-P2,18,,,-46.125
SM-105-P2,18,,,-46.35
SM-105-P2,18,,,-46.575
SM-105-P2,18,,,-47.925
SM-105-P2,18,,,-62.775
SM-105-P2,18,,,-111.375
SM-49-P1,18,477572.34,2038055.4,-2.405
SM-49-P1,18,477572.34,2038055.4,-14.33
SM-49-P1,18,477572.34,2038055.4,-17.705
SM-49-P1,18,477572.34,2038055.4,-27.605
SM-49-P1,18,477572.34,2038055.4,-32.105
SM-49-P1,18,477572.34,2038055.4,-32.33
SM-49-P1,18,477572.34,2038055.4,-32.555
SM-04-B1,18,479321.627,2036184.495,-8.9995
SM-45-P1,18,477444.49,2038334.58,1.865
SM-45-P1,18,477444.49,2038334.58,1.64
SM-45-P1,18,477444.49,2038334.58,1.415
SM-45-P1,18,477444.49,2038334.58,-13.21
SM-17-P2,18,479997.31,2036524.08,-18.355
SM-17-P2,18,479997.31,2036524.08,-71.455
SM-08-B1 (2),18,,,-4.275
SM-08-B1 (2),18,,,-7.425
SM-08-B1 (2),18,,,-17.775
SM-08-B1 (2),18,,,-18
SM-08-B1 (2),18,,,-18.225
SM-08-B2,18,480108.48,2037238.9,-20.075
SM-08-B2,18,480108.48,2037238.9,-21.425
SM-08-B2,18,480108.48,2037238.9,-21.65
SM-08-B2,18,480108.48,2037238.9,-21.875
SM-08-B2,18,480108.48,2037238.9,-23.45
SM-08-B2,18,480108.48,2037238.9,-24.575
SM-18-P1,18,477502.42,2036933.38,-15.87
SM-18-P1,18,477502.42,2036933.38,-39.045
SM-18-P1,18,477502.42,2036933.38,-40.395
SM-09-B1,0,477265.19,2036624.23,-10.015
SM-67-P1,18,477857.4,2036377.24,-18.845
SM-67-P1,18,477857.4,2036377.24,-26.045
SM-67-P1,18,477857.4,2036377.24,-38.87
SM-05-B1,21,478828.2306,2036140.498,-17.318
SM-05-B1,21,478828.2306,2036140.498,-17.543
SM-05-B1,20,478828.2306,2036140.498,-17.768
SM-35 P2,18,,,-6.075
SM-35 P2,18,,,-25.2
SM-35 P2,18,,,-36
SM-62 P2,18,,,-9.9
SM-62 P2,18,,,-30.15
SM-02-B1,18,479959.6533,2036162.012,-6.331
SM-02-B1,18,479959.6533,2036162.012,-16.006
SM-19-P1,18,477471.6,2036261.55,-1.995
SM-19-P1,18,477471.6,2036261.55,-3.12
SM-19-P1,18,477471.6,2036261.55,-30.345
SM-19-P1,18,477471.6,2036261.55,-33.72
SM-19-P1,18,477471.6,2036261.55,-35.07
SM-19-P1,18,477471.6,2036261.55,-37.545
SM-19-P1,18,477471.6,2036261.55,-40.02
SM-51-P1,18,477639.95,2037631.92,-13.125
SM-51-P1,18,477639.95,2037631.92,-15.825
SM-51-P1,18,477639.95,2037631.92,-27.075
SM-51-P1,18,477639.95,2037631.92,-36.3
SM-51-P1,18,477639.95,2037631.92,-54.525
SM-36-P2,18,478362.19,2036503.28,-12.88
SM-36-P2,18,478362.19,2036503.28,-13.33
SM-36-P2,18,478362.19,2036503.28,-14.905
SM-36-P2,18,478362.19,2036503.28,-30.205
SM-10-B2,18,480515.3,2036275.1,-14.405
SM-10-B2,18,480515.3,2036275.1,-15.305
SM-10-B2,18,480515.3,2036275.1,-28.13
SM-07-B1,18,477905.7673,2036203.22,0.6336
SM-07-B1,18,477905.7673,2036203.22,-0.0414
SM-07-B1,18,477905.7673,2036203.22,-7.6914
SM-07-B1,18,477905.7673,2036203.22,-14.8914
SM-55-P2,18,479329.18,2037687.79,-21.19
SM-55-P2,18,479329.18,2037687.79,-21.64
SM-55-P2,18,479329.18,2037687.79,-25.015
SM-55-P2,18,479329.18,2037687.79,-32.215
SM-13-P2,18,478456.28,2037422.21,-18.635
SM-25-P2,18,479793.28,2037531.65,-13.325
SM-66-P1,18,477629.99,2036277.02,0.21
SM-66-P1,18,477629.99,2036277.02,-2.265
SM-66-P1,18,477629.99,2036277.02,-4.515
SM-66-P1,18,477629.99,2036277.02,-5.415
SM-66-P1,18,477629.99,2036277.02,-17.565
SM-52-P1,18,478098.81,2037573.26,-12.23
SM-52-P1,18,478098.81,2037573.26,-18.98
SM-53-P2,18,478414.1,2037512.4,-10.94
SM-53-P2,18,478414.1,2037512.4,-32.54
SM-14-P2,18,479685.63,2037378.89,-20.685
SM-14-P2,18,479685.63,2037378.89,-25.41
SM-37-P2,18,479213.08,2036499.92,-5.035
SM-37-P2,18,479213.08,2036499.92,-7.735
SM-37-P2,18,479213.08,2036499.92,-20.335
SM-70-P3,18,481498.09,2036695.19,-1.305
SM-70-P3,18,481498.09,2036695.19,-6.705
SM-47-P1,18,478006.01,2038293.04,3.505
SM-28 P2,18,,,-9.225
SM-28 P2,18,,,-10.575
SM-07-B2,18,,,-18.225
SM-01-B1,18,480286.37,2036030.34,-7.905
SM-20-P1,18,477576.5,2038152.22,0.585
SM-20-P1,18,477574.978,2038153.565,0.515
SM-20-P1,18,477576.5,2038152.22,-9.54
SM-20-P1,18,477574.978,2038153.565,-9.61
SM-57-P1,18,477640.14,2037208.59,-7.425
SM-57-P1,18,477640.14,2037208.59,-13.275
SM-57-P1,18,477640.14,2037208.59,-13.5
SM-57-P1,18,477640.14,2037208.59,-13.725
SM-57-P1,18,477640.14,2037208.59,-15.525
SM-74-P3,18,480593.73,2036997.8,-21.56
SM-42-P1,18,477982.94,2038550.48,-16.645
SM-42-P1,18,477982.94,2038550.48,-18.67
SM-42-P1,18,477982.94,2038550.48,-19.345
SM-42-P1,18,477982.94,2038550.48,-19.57
SM-42-P1,18,477982.94,2038550.48,-19.795
SM-42-P1,18,477982.94,2038550.48,-22.945
SM-38-P2,18,479622.12,2036497.16,-18.035
SM-38-P2,18,479622.12,2036497.16,-24.785
SM-38-P2,18,479622.12,2036497.16,-36.485
SM-38-P2,18,479622.12,2036497.16,-40.985
SM-63-P1,18,477393.97,2036611.25,-18.865
SM-63-P1,18,477393.97,2036611.25,-27.415
SM-63-P1,18,477393.97,2036611.25,-28.315
SM-63-P1,18,477393.97,2036611.25,-46.765
SM-75-P1,18,477626.74,2037421.93,-0.385
SM-75-P1,18,477626.74,2037421.93,-8.035
SM-09-B2,18,480263.7,2036758.9,-6.155
SM-09-B2,18,480263.7,2036758.9,-6.83
SM-09-B2,18,480263.7,2036758.9,-8.855
SM-09-B2,18,480263.7,2036758.9,-13.805
SM-76-P3,18,481243.38,2036665.86,-6.115
SM-76-P3,18,481243.38,2036665.86,-7.24
SM-76-P3,18,481243.38,2036665.86,-20.065
SM-76-P3,18,481243.38,2036665.86,-22.09
SM-29-P2,18,479601.03,2037189.73,1.545
SM-29-P2,18,479601.03,2037189.73,-5.205
SM-29-P2,18,479601.03,2037189.73,-8.13
SM-22-P2,18,478599.1,2037541.17,-19.19
SM-22-P2,18,478599.1,2037541.17,-31.79
SM-22-P2,18,478599.1,2037541.17,-33.365
SM-22-P2,18,478599.1,2037541.17,-34.265
SM-22-P2,18,478599.1,2037541.17,-34.94
SM-22-P2,18,478599.1,2037541.17,-35.615
SM-15-P2,18,479132.63,2036864.69,-7.065
SM-21-P3,17.5,481503.78,2037018.87,-25.86
SM-21-P3,17.5,481503.78,2037018.87,-27.66
SM-21-P3,17.5,481503.78,2037018.87,-39.36
SM-43-P1,17.5,478112.67,2038510.48,6.72
SM-43-P1,17.5,478109.666,2038510.974,6.6
SM-43-P1,17.5,478112.67,2038510.48,4.02
SM-43-P1,17.5,478109.666,2038510.974,3.9
SM-03-B1,17.5,479599.92,2035977.75,-7.71
SM-03-B1,17.5,479599.92,2035977.75,-13.56
SM-11-B1,17.5,477167.57,2037681.46,-21.32
SM-41-P1,17.5,477763.79,2038599.78,-11.57
SM-65-P1,17.5,477374.93,2036265.02,-2.69
SM-30-P2,17.5,480015.16,2037202.47,-5.09
SM-73-P2,17.5,480177.03,2036206.51,-26.95
SM-68 P2,17.5,,,-2.25
SM-58-P1,17.5,478010.84,2037201.06,-22.95
SM-39-P2,17.5,480204.54,2036551.45,-23.98
SM-06-B2,17.5,,,-21.15
SM-16-P2,17.5,478795.23,2036506.72,-7.13
SM-54-P2,17.5,478894.52,2037846.9,-6.18
SM-61-P1,17.5,478033.23,2036869.83,-6.76
SM-61-P1,17.5,478033.23,2036869.83,-42.31
SM-24-P2,17.5,479387.3,2037585.89,-4.4
SM-24-P2,17.5,479387.3,2037585.89,-21.05
SM-04-B2,17.5,478139.21,2037614.8,-2.47
SM-50-P1,17.5,477300,2037635,2.51
SM-50-P1,17.5,477300,2037635,2.06
SM-50-P1,17.5,477300,2037635,-13.69
SM-31-P2,17.5,478600.11,2036846.19,-24.87
SM-27-P2,17.5,478831.45,2037198.64,-7.9
SM-27-P2,17.5,478831.45,2037198.64,-15.1
SM-23-P2,17.5,478975.93,2037540.89,-8.67
SM-23-P2,17.5,478975.93,2037540.89,-9.12
SM-105-P2,17.5,,,-28.8
SM-45-P1,17.5,477444.49,2038334.58,2.09
SM-45-P1,17.5,477444.49,2038334.58,-13.66
SM-17-P2,17.5,479997.31,2036524.08,-20.83
SM-60-P1,17.5,477583.84,2036816.3,-8.38
SM-60-P1,17.5,477583.84,2036816.3,-16.03
SM-67-P1,17.5,477857.4,2036377.24,-12.77
SM-62 P2,17.5,,,-19.8
SM-51-P1,17.5,477639.95,2037631.92,-19.65
SM-36-P2,17.5,478362.19,2036503.28,-13.78
SM-55-P2,17.5,479329.18,2037687.79,-20.29
SM-13-P2,17.5,478456.28,2037422.21,-17.96
SM-25-P2,17.5,479793.28,2037531.65,-4.55
SM-06-B1,17.5,478330.36,2036080.3,-14.73
SM-52-P1,17.5,478098.81,2037573.26,-4.58
SM-10-B1,17.5,477226.3,2037121.54,-4.85
SM-53-P2,17.5,478414.1,2037512.4,-54.59
SM-37-P2,17.5,479213.08,2036499.92,-4.81
SM-37-P2,17.5,479213.08,2036499.92,-13.81
SM-37-P2,17.5,479213.08,2036499.92,-20.11
SM-44-P1,17.5,477193.08,2038327.98,0.8
SM-44-P1,17.5,477189.844,2038327.449,0.75
SM-47-P1,17.5,478006.01,2038293.04,3.73
SM-47-P1,17.5,478006.01,2038293.04,-12.02
SM-28 P2,17.5,,,-0.45
SM-28 P2,17.5,,,-6.3
SM-28 P2,17.5,,,-8.55
SM-28 P2,17.5,,,-18.9
SM-07-B2,17.5,,,-16.65
SM-01-B1,17.5,480286.37,2036030.34,-11.73
SM-69-P2,17.5,478614.71,2036398.52,-16.39
SM-57-P1,17.5,477640.14,2037208.59,-7.65
SM-38-P2,17.5,479622.12,2036497.16,-18.26
SM-63-P1,17.5,477393.97,2036611.25,-25.39
SM-76-P3,17.5,481243.38,2036665.86,-4.99
SM-76-P3,17.5,481243.38,2036665.86,-9.04
SM-29-P2,17.5,479601.03,2037189.73,-6.78
SM-29-P2,17.5,479601.03,2037189.73,-23.43
SM-21-P3,17,481503.78,2037018.87,-14.61
SM-21-P3,17,481503.78,2037018.87,-19.785
SM-21-P3,17,481503.78,2037018.87,-20.685
SM-21-P3,17,481503.78,2037018.87,-20.91
SM-21-P3,17,481503.78,2037018.87,-21.135
SM-21-P3,17,481503.78,2037018.87,-23.16
SM-21-P3,17,481503.78,2037018.87,-23.835
SM-21-P3,17,481503.78,2037018.87,-26.76
SM-21-P3,17,481503.78,2037018.87,-27.435
SM-21-P3,17,481503.78,2037018.87,-39.135
SM-34-P2,17,479861.49,2036907.43,-20.165
SM-43-P1,17,478112.67,2038510.48,5.595
SM-43-P1,17,478109.666,2038510.974,5.475
SM-40-P1,17,477608.176,2038623.913,-43.855
SM-03-B1,17,479599.92,2035977.75,-4.785
SM-03-B1,17,479599.92,2035977.75,-7.485
SM-03-B1,17,479599.92,2035977.75,-14.01
SM-11-B1,17,477167.57,2037681.46,-5.57
SM-11-B1,17,477167.57,2037681.46,-6.245
SM-11-B1,17,477167.57,2037681.46,-12.77
SM-32-P2,17,479000.45,2036846.64,-6.015
SM-32-P2,17,479000.45,2036846.64,-38.865
SM-65-P1,17,477374.93,2036265.02,3.835
SM-48-P1,17,477235.12,2038040.99,-15.59
SM-30-P2,17,480015.16,2037202.47,0.76
SM-30-P2,17,480015.16,2037202.47,-4.865
SM-73-P2,17,480177.03,2036206.51,-5.575
SM-73-P2,17,480177.03,2036206.51,-8.725
SM-73-P2,17,480177.03,2036206.51,-17.05
SM-68 P2,17,,,-7.425
SM-68 P2,17,,,-9.225
SM-68 P2,17,,,-19.575
SM-68 P2,17,,,-32.625
SM-58-P1,17,478010.84,2037201.06,-2.925
SM-58-P1,17,478010.84,2037201.06,-6.525
SM-39-P2,17,480204.54,2036551.45,-18.355
SM-39-P2,17,480204.54,2036551.45,-23.53
SM-06-B2,17,,,-6.075
SM-06-B2,17,,,-14.4
SM-06-B2,17,,,-15.075
SM-16-P2,17,478795.23,2036506.72,-13.205
SM-54-P2,17,478894.52,2037846.9,-30.48
SM-33-P2,17,479399.9,2036846.79,-7.56
SM-33-P2,17,479399.9,2036846.79,-8.01
SM-33-P2,17,479399.9,2036846.79,-13.86
SM-61-P1,17,478033.23,2036869.83,-5.185
SM-05-B2,17,478555.9,2037889.6,1.73
SM-05-B2,17,478555.9,2037889.6,-21.67
SM-24-P2,17,479387.3,2037585.89,-3.275
SM-24-P2,17,479387.3,2037585.89,-3.5
SM-24-P2,17,479387.3,2037585.89,-3.725
SM-04-B2,17,478139.21,2037614.8,-1.345
SM-04-B2,17,478139.21,2037614.8,-12.37
SM-50-P1,17,477300,2037635,1.385
SM-31-P2,17,478600.11,2036846.19,-27.795
SM-27-P2,17,478831.45,2037198.64,-6.1
SM-27-P2,17,478831.45,2037198.64,-6.775
SM-27-P2,17,478831.45,2037198.64,-8.125
SM-27-P2,17,478831.45,2037198.64,-15.325
SM-59-P1,17,477834.91,2037045.31,-3.705
SM-59-P1,17,477834.91,2037045.31,-10.005
SM-59-P1,17,477834.91,2037045.31,-15.855
SM-59-P1,17,477834.91,2037045.31,-16.08
SM-59-P1,17,477834.91,2037045.31,-16.305
SM-23-P2,17,478975.93,2037540.89,-5.07
SM-23-P2,17,478975.93,2037540.89,-8.895
SM-23-P2,17,478975.93,2037540.89,-16.545
SM-105-P2,17,,,-26.55
SM-105-P2,17,,,-44.325
SM-105-P2,17,,,-46.8
SM-105-P2,17,,,-108.45
SM-105-P2,17,,,-112.95
SM-49-P1,17,477572.34,2038055.4,-14.105
SM-49-P1,17,477572.34,2038055.4,-21.305
SM-49-P1,17,477572.34,2038055.4,-29.855
SM-04-B1,17,479321.627,2036184.495,-6.7495
SM-04-B1,17,479321.627,2036184.495,-6.9745
SM-04-B1,17,479321.627,2036184.495,-7.1995
SM-45-P1,17,477444.49,2038334.58,2.315
SM-45-P1,17,477444.49,2038334.58,1.19
SM-17-P2,17,479997.31,2036524.08,-29.38
SM-17-P2,17,479997.31,2036524.08,-67.855
SM-08-B1 (2),17,,,-7.2
SM-08-B1 (2),17,,,-16.875
SM-08-B1 (2),17,,,-17.55
SM-08-B2,17,480108.48,2037238.9,-26.15
SM-60-P1,17,477583.84,2036816.3,-7.255
SM-60-P1,17,477583.84,2036816.3,-7.48
SM-60-P1,17,477583.84,2036816.3,-7.705
SM-18-P1,17,477502.42,2036933.38,-16.995
SM-18-P1,17,477502.42,2036933.38,-30.495
SM-18-P1,17,477502.42,2036933.38,-40.17
SM-09-B1,0,477265.19,2036624.23,-10.24
SM-67-P1,17,477857.4,2036377.24,-12.095
SM-67-P1,17,477857.4,2036377.24,-18.62
SM-67-P1,17,477857.4,2036377.24,-28.745
SM-67-P1,17,477857.4,2036377.24,-37.295
SM-67-P1,17,477857.4,2036377.24,-44.945
SM-35 P2,17,,,-4.725
SM-35 P2,17,,,-36.45
SM-62 P2,17,,,-2.475
SM-62 P2,17,,,-6.525
SM-62 P2,17,,,-7.875
SM-62 P2,17,,,-10.575
SM-62 P2,17,,,-18.225
SM-62 P2,17,,,-21.375
SM-72-P2,17,479543.59,2036219.22,-0.385
SM-72-P2,17,479543.59,2036219.22,-11.86
SM-72-P2,17,479543.59,2036219.22,-14.335
SM-02-B1,17,479959.6533,2036162.012,-7.681
SM-19-P1,17,477471.6,2036261.55,0.705
SM-19-P1,17,477471.6,2036261.55,-1.77
SM-19-P1,17,477471.6,2036261.55,-4.92
SM-19-P1,17,477471.6,2036261.55,-36.195
SM-36-P2,17,478362.19,2036503.28,-19.855
SM-10-B2,17,480515.3,2036275.1,-5.405
SM-07-B1,17,477905.7673,2036203.22,0.8586
SM-13-P2,17,478456.28,2037422.21,-18.86
SM-25-P2,17,479793.28,2037531.65,-3.875
SM-06-B1,17,478330.36,2036080.3,-19.905
SM-66-P1,17,477629.99,2036277.02,0.66
SM-66-P1,17,477629.99,2036277.02,-2.49
SM-66-P1,17,477629.99,2036277.02,-7.665
SM-52-P1,17,478098.81,2037573.26,-2.33
SM-52-P1,17,478098.81,2037573.26,-3.005
SM-52-P1,17,478098.81,2037573.26,-3.23
SM-52-P1,17,478098.81,2037573.26,-3.455
SM-52-P1,17,478098.81,2037573.26,-9.305
SM-52-P1,17,478098.81,2037573.26,-12.005
SM-10-B1,17,477226.3,2037121.54,-9.575
SM-10-B1,17,477226.3,2037121.54,-11.6
SM-53-P2,17,478414.1,2037512.4,-10.265
SM-14-P2,17,479685.63,2037378.89,-13.935
SM-14-P2,17,479685.63,2037378.89,-19.11
SM-14-P2,17,479685.63,2037378.89,-22.935
SM-14-P2,17,479685.63,2037378.89,-25.185
SM-14-P2,17,479685.63,2037378.89,-42.735
SM-37-P2,17,479213.08,2036499.92,-2.785
SM-37-P2,17,479213.08,2036499.92,-4.585
SM-37-P2,17,479213.08,2036499.92,-5.935
SM-37-P2,17,479213.08,2036499.92,-6.16
SM-37-P2,17,479213.08,2036499.92,-6.385
SM-37-P2,17,479213.08,2036499.92,-19.885
SM-70-P3,17,481498.09,2036695.19,-1.53
SM-70-P3,17,481498.09,2036695.19,-2.43
SM-47-P1,17,478006.01,2038293.04,14.755
SM-47-P1,17,478006.01,2038293.04,3.955
SM-47-P1,17,478006.01,2038293.04,1.03
SM-20-P1,17,477576.5,2038152.22,-9.765
SM-20-P1,17,477574.978,2038153.565,-9.835
SM-20-P1,17,477576.5,2038152.22,-15.165
SM-20-P1,17,477574.978,2038153.565,-15.235
SM-20-P1,17,477576.5,2038152.22,-18.315
SM-20-P1,17,477574.978,2038153.565,-18.385
SM-69-P2,17,478614.71,2036398.52,-17.515
SM-57-P1,17,477640.14,2037208.59,-7.2
SM-57-P1,17,477640.14,2037208.59,-7.875
SM-74-P3,17,480593.73,2036997.8,-22.01
SM-74-P3,17,480593.73,2036997.8,-22.685
SM-74-P3,17,480593.73,2036997.8,-26.735
SM-38-P2,17,479622.12,2036497.16,-17.81
SM-38-P2,17,479622.12,2036497.16,-18.485
SM-38-P2,17,479622.12,2036497.16,-23.885
SM-38-P2,17,479622.12,2036497.16,-25.91
SM-38-P2,17,479622.12,2036497.16,-40.76
SM-63-P1,17,477393.97,2036611.25,-7.165
SM-75-P1,17,477626.74,2037421.93,-9.835
SM-75-P1,17,477626.74,2037421.93,-17.935
SM-09-B2,17,480263.7,2036758.9,-7.055
SM-76-P3,17,481243.38,2036665.86,-7.015
SM-76-P3,17,481243.38,2036665.86,-9.49
SM-29-P2,17,479601.03,2037189.73,1.32
SM-29-P2,17,479601.03,2037189.73,-6.33
SM-29-P2,17,479601.03,2037189.73,-12.63
SM-21-P3,16.5,481503.78,2037018.87,-26.31
SM-21-P3,16.5,481503.78,2037018.87,-27.21
SM-21-P3,16.5,481503.78,2037018.87,-38.91
SM-34-P2,16.5,479861.49,2036907.43,-24.44
SM-34-P2,16.5,479861.49,2036907.43,-25.34
SM-40-P1,16.5,477608.176,2038623.913,-17.98
SM-03-B1,16.5,479599.92,2035977.75,-12.66
SM-32-P2,16.5,479000.45,2036846.64,-8.04
SM-65-P1,16.5,477374.93,2036265.02,-13.04
SM-30-P2,16.5,480015.16,2037202.47,0.31
SM-68 P2,16.5,,,-30.6
SM-68 P2,16.5,,,-31.95
SM-39-P2,16.5,480204.54,2036551.45,-5.08
SM-06-B2,16.5,,,-5.85
SM-06-B2,16.5,,,-6.3
SM-54-P2,16.5,478894.52,2037846.9,-5.73
SM-24-P2,16.5,479387.3,2037585.89,-7.55
SM-24-P2,16.5,479387.3,2037585.89,-8
SM-04-B2,16.5,478139.21,2037614.8,-4.27
SM-50-P1,16.5,477300,2037635,-11.44
SM-31-P2,16.5,478600.11,2036846.19,-15.42
SM-105-P2,16.5,,,-112.5
SM-49-P1,16.5,477572.34,2038055.4,-13.88
SM-04-B1,16.5,479321.627,2036184.495,-7.4245
SM-17-P2,16.5,479997.31,2036524.08,-14.08
SM-17-P2,16.5,479997.31,2036524.08,-19.03
SM-17-P2,16.5,479997.31,2036524.08,-68.08
SM-08-B1 (2),16.5,,,-17.1
SM-08-B2,16.5,480108.48,2037238.9,-18.5
SM-18-P1,16.5,477502.42,2036933.38,-37.02
SM-67-P1,16.5,477857.4,2036377.24,-24.02
SM-05-B1,19,478828.2306,2036140.498,-17.993
SM-05-B1,29,478828.2306,2036140.498,-18.218
SM-35 P2,16.5,,,-4.95
SM-62 P2,16.5,,,-6.3
SM-62 P2,16.5,,,-12.15
SM-62 P2,16.5,,,-18.45
SM-72-P2,16.5,479543.59,2036219.22,-3.76
SM-02-B1,16.5,479959.6533,2036162.012,-5.656
SM-02-B1,16.5,479959.6533,2036162.012,-7.456
SM-19-P1,16.5,477471.6,2036261.55,0.93
SM-19-P1,16.5,477471.6,2036261.55,-6.72
SM-51-P1,16.5,477639.95,2037631.92,-12
SM-07-B1,16.5,477905.7673,2036203.22,-15.1164
SM-66-P1,16.5,477629.99,2036277.02,-18.24
SM-52-P1,16.5,478098.81,2037573.26,-11.78
SM-14-P2,16.5,479685.63,2037378.89,-14.16
SM-14-P2,16.5,479685.63,2037378.89,-24.96
SM-14-P2,16.5,479685.63,2037378.89,-42.96
SM-37-P2,16.5,479213.08,2036499.92,0.59
SM-37-P2,16.5,479213.08,2036499.92,-7.51
SM-37-P2,16.5,479213.08,2036499.92,-21.91
SM-07-B2,16.5,,,-18.45
SM-75-P1,16.5,477626.74,2037421.93,-17.71
SM-29-P2,16.5,479601.03,2037189.73,-4.98
SM-21-P3,16,481503.78,2037018.87,1.14
SM-21-P3,16,481503.78,2037018.87,-14.385
SM-21-P3,16,481503.78,2037018.87,-26.985
SM-21-P3,16,481503.78,2037018.87,-38.685
SM-26-P2,16,478399.31,2037192.67,-4.965
SM-26-P2,16,478399.31,2037192.67,-14.865
SM-26-P2,16,478399.31,2037192.67,-24.765
SM-34-P2,16,479861.49,2036907.43,-14.54
SM-34-P2,16,479861.49,2036907.43,-17.015
SM-34-P2,16,479861.49,2036907.43,-17.915
SM-34-P2,16,479861.49,2036907.43,-20.84
SM-34-P2,16,479861.49,2036907.43,-40.415
SM-12-B1,16,477096.67,2038479.67,-12.795
SM-43-P1,16,478112.67,2038510.48,1.545
SM-43-P1,16,478109.666,2038510.974,1.425
SM-40-P1,16,477608.176,2038623.913,-17.305
SM-40-P1,16,477608.176,2038623.913,-39.805
SM-03-B1,16,479599.92,2035977.75,-5.685
SM-03-B1,16,479599.92,2035977.75,-11.085
SM-03-B1,16,479599.92,2035977.75,-11.76
SM-03-B1,16,479599.92,2035977.75,-13.785
SM-41-P1,16,477763.79,2038599.78,-16.97
SM-41-P1,16,477763.79,2038599.78,-17.42
SM-32-P2,16,479000.45,2036846.64,-5.115
SM-65-P1,16,477374.93,2036265.02,-3.59
SM-65-P1,16,477374.93,2036265.02,-8.315
SM-48-P1,16,477235.12,2038040.99,-10.19
SM-48-P1,16,477235.12,2038040.99,-14.015
SM-48-P1,16,477235.12,2038040.99,-14.915
SM-30-P2,16,480015.16,2037202.47,-1.265
SM-30-P2,16,480015.16,2037202.47,-5.54
SM-30-P2,16,480015.16,2037202.47,-13.64
SM-30-P2,16,480015.16,2037202.47,-14.54
SM-73-P2,16,480177.03,2036206.51,-5.8
SM-68 P2,16,,,-1.8
SM-68 P2,16,,,-2.475
SM-68 P2,16,,,-5.175
SM-68 P2,16,,,-29.925
SM-58-P1,16,478010.84,2037201.06,-2.7
SM-58-P1,16,478010.84,2037201.06,-10.575
SM-58-P1,16,478010.84,2037201.06,-15.075
SM-39-P2,16,480204.54,2036551.45,-5.53
SM-39-P2,16,480204.54,2036551.45,-7.555
SM-39-P2,16,480204.54,2036551.45,-7.78
SM-39-P2,16,480204.54,2036551.45,-8.005
SM-39-P2,16,480204.54,2036551.45,-24.205
SM-06-B2,16,,,-3.825
SM-06-B2,16,,,-5.625
SM-06-B2,16,,,-6.525
SM-06-B2,16,,,-12.825
SM-06-B2,16,,,-13.05
SM-06-B2,16,,,-13.275
SM-16-P2,16,478795.23,2036506.72,-15.905
SM-54-P2,16,478894.52,2037846.9,-17.205
SM-61-P1,16,478033.23,2036869.83,-1.585
SM-61-P1,16,478033.23,2036869.83,-1.81
SM-61-P1,16,478033.23,2036869.83,-2.035
SM-61-P1,16,478033.23,2036869.83,-6.535
SM-05-B2,16,478555.9,2037889.6,-1.195
SM-05-B2,16,478555.9,2037889.6,-4.345
SM-05-B2,16,478555.9,2037889.6,-19.645
SM-05-B2,16,478555.9,2037889.6,-21.445
SM-04-B2,16,478139.21,2037614.8,-2.245
SM-50-P1,16,477300,2037635,2.285
SM-31-P2,16,478600.11,2036846.19,1.905
SM-31-P2,16,478600.11,2036846.19,-5.295
SM-27-P2,16,478831.45,2037198.64,0.875
SM-27-P2,16,478831.45,2037198.64,-0.475
SM-27-P2,16,478831.45,2037198.64,-6.55
SM-27-P2,16,478831.45,2037198.64,-16.9
SM-59-P1,16,477834.91,2037045.31,1.245
SM-59-P1,16,477834.91,2037045.31,-1.905
SM-59-P1,16,477834.91,2037045.31,-10.23
SM-23-P2,16,478975.93,2037540.89,-3.27
SM-23-P2,16,478975.93,2037540.89,-5.97
SM-23-P2,16,478975.93,2037540.89,-25.995
SM-105-P2,16,,,-17.775
SM-105-P2,16,,,-18
SM-105-P2,16,,,-18.225
SM-105-P2,16,,,-20.925
SM-105-P2,16,,,-47.025
SM-105-P2,16,,,-93.375
SM-49-P1,16,477572.34,2038055.4,-0.605
SM-49-P1,16,477572.34,2038055.4,-13.655
SM-49-P1,16,477572.34,2038055.4,-16.355
SM-49-P1,16,477572.34,2038055.4,-27.38
SM-49-P1,16,477572.34,2038055.4,-27.83
SM-49-P1,16,477572.34,2038055.4,-31.43
SM-04-B1,16,479321.627,2036184.495,-7.6495
SM-04-B1,16,479321.627,2036184.495,-15.7495
SM-04-B1,16,479321.627,2036184.495,-11.0245
SM-45-P1,16,477444.49,2038334.58,3.44
SM-45-P1,16,477444.49,2038334.58,0.965
SM-45-P1,16,477444.49,2038334.58,-11.635
SM-17-P2,16,479997.31,2036524.08,-4.405
SM-17-P2,16,479997.31,2036524.08,-16.105
SM-17-P2,16,479997.31,2036524.08,-24.88
SM-17-P2,16,479997.31,2036524.08,-68.305
SM-08-B1 (2),16,,,-6.975
SM-08-B1 (2),16,,,-17.325
SM-60-P1,16,477583.84,2036816.3,-7.93
SM-18-P1,16,477502.42,2036933.38,-5.295
SM-18-P1,16,477502.42,2036933.38,-7.545
SM-18-P1,16,477502.42,2036933.38,-7.77
SM-18-P1,16,477502.42,2036933.38,-7.995
SM-18-P1,16,477502.42,2036933.38,-14.745
SM-18-P1,16,477502.42,2036933.38,-39.945
SM-09-B1,0,477265.19,2036624.23,-10.465
SM-67-P1,16,477857.4,2036377.24,-18.395
SM-67-P1,16,477857.4,2036377.24,-22.445
SM-05-B1,39,478828.2306,2036140.498,-18.443
SM-35 P2,16,,,-5.175
SM-35 P2,16,,,-7.425
SM-35 P2,16,,,-9.675
SM-35 P2,16,,,-16.425
SM-35 P2,16,,,-29.475
SM-62 P2,16,,,-5.175
SM-62 P2,16,,,-6.075
SM-62 P2,16,,,-9.225
SM-62 P2,16,,,-18.675
SM-62 P2,16,,,-19.575
SM-02-B1,16,479959.6533,2036162.012,-4.981
SM-02-B1,16,479959.6533,2036162.012,-7.231
SM-02-B1,16,479959.6533,2036162.012,-18.481
SM-19-P1,16,477471.6,2036261.55,1.155
SM-19-P1,16,477471.6,2036261.55,-1.545
SM-19-P1,16,477471.6,2036261.55,-3.345
SM-19-P1,16,477471.6,2036261.55,-6.27
SM-51-P1,16,477639.95,2037631.92,2.625
SM-51-P1,16,477639.95,2037631.92,0.6
SM-51-P1,16,477639.95,2037631.92,-2.1
SM-51-P1,16,477639.95,2037631.92,-43.95
SM-36-P2,16,478362.19,2036503.28,0.845
SM-10-B2,16,480515.3,2036275.1,-5.18
SM-10-B2,16,480515.3,2036275.1,-14.63
SM-10-B2,16,480515.3,2036275.1,-15.08
SM-10-B2,16,480515.3,2036275.1,-27.455
SM-55-P2,16,479329.18,2037687.79,-31.315
SM-13-P2,16,478456.28,2037422.21,-2.885
SM-13-P2,16,478456.28,2037422.21,-8.96
SM-13-P2,16,478456.28,2037422.21,-9.635
SM-13-P2,16,478456.28,2037422.21,-19.085
SM-25-P2,16,479793.28,2037531.65,-1.175
SM-06-B1,16,478330.36,2036080.3,-4.155
SM-06-B1,16,478330.36,2036080.3,-6.855
SM-06-B1,16,478330.36,2036080.3,-7.08
SM-06-B1,16,478330.36,2036080.3,-7.305
SM-06-B1,16,478330.36,2036080.3,-14.055
SM-66-P1,16,477629.99,2036277.02,-0.015
SM-66-P1,16,477629.99,2036277.02,-2.715
SM-66-P1,16,477629.99,2036277.02,-6.765
SM-66-P1,16,477629.99,2036277.02,-7.44
SM-52-P1,16,478098.81,2037573.26,-0.98
SM-52-P1,16,478098.81,2037573.26,-2.78
SM-52-P1,16,478098.81,2037573.26,-11.555
SM-52-P1,16,478098.81,2037573.26,-17.855
SM-52-P1,16,478098.81,2037573.26,-31.355
SM-10-B1,16,477226.3,2037121.54,2.575
SM-10-B1,16,477226.3,2037121.54,-3.725
SM-10-B1,16,477226.3,2037121.54,-5.3
SM-53-P2,16,478414.1,2037512.4,-10.49
SM-53-P2,16,478414.1,2037512.4,-12.29
SM-53-P2,16,478414.1,2037512.4,-19.715
SM-53-P2,16,478414.1,2037512.4,-19.94
SM-53-P2,16,478414.1,2037512.4,-20.165
SM-14-P2,16,479685.63,2037378.89,-4.935
SM-14-P2,16,479685.63,2037378.89,-14.385
SM-14-P2,16,479685.63,2037378.89,-24.735
SM-14-P2,16,479685.63,2037378.89,-43.185
SM-14-P2,16,479685.63,2037378.89,-43.41
SM-14-P2,16,479685.63,2037378.89,-43.635
SM-70-P3,16,481498.09,2036695.19,-1.755
SM-47-P1,16,478006.01,2038293.04,0.355
SM-28 P2,16,,,-6.525
SM-28 P2,16,,,-6.75
SM-28 P2,16,,,-6.975
SM-28 P2,16,,,-7.875
SM-28 P2,16,,,-16.425
SM-28 P2,16,,,-18.675
SM-07-B2,16,,,-7.2
SM-01-B1,16,480286.37,2036030.34,-3.855
SM-01-B1,16,480286.37,2036030.34,-5.655
SM-01-B1,16,480286.37,2036030.34,-11.055
SM-01-B1,16,480286.37,2036030.34,-11.28
SM-01-B1,16,480286.37,2036030.34,-11.505
SM-20-P1,16,477576.5,2038152.22,-13.365
SM-20-P1,16,477574.978,2038153.565,-13.435
SM-20-P1,16,477576.5,2038152.22,-19.215
SM-20-P1,16,477574.978,2038153.565,-19.285
SM-20-P1,16,477576.5,2038152.22,-35.64
SM-20-P1,16,477574.978,2038153.565,-35.71
SM-69-P2,16,478614.71,2036398.52,-16.165
SM-69-P2,16,478614.71,2036398.52,1.16
SM-57-P1,16,477640.14,2037208.59,-6.975
SM-57-P1,16,477640.14,2037208.59,-14.4
SM-57-P1,16,477640.14,2037208.59,-18.45
SM-74-P3,16,480593.73,2036997.8,-21.335
SM-74-P3,16,480593.73,2036997.8,-25.385
SM-74-P3,16,480593.73,2036997.8,-25.61
SM-74-P3,16,480593.73,2036997.8,-25.835
SM-38-P2,16,479622.12,2036497.16,-5.435
SM-38-P2,16,479622.12,2036497.16,-16.235
SM-38-P2,16,479622.12,2036497.16,-16.46
SM-38-P2,16,479622.12,2036497.16,-16.685
SM-38-P2,16,479622.12,2036497.16,-17.585
SM-38-P2,16,479622.12,2036497.16,-40.535
SM-63-P1,16,477393.97,2036611.25,-24.715
SM-63-P1,16,477393.97,2036611.25,-36.415
SM-63-P1,16,477393.97,2036611.25,-45.415
SM-63-P1,16,477393.97,2036611.25,-46.09
SM-75-P1,16,477626.74,2037421.93,1.415
SM-75-P1,16,477626.74,2037421.93,-4.885
SM-75-P1,16,477626.74,2037421.93,-5.785
SM-75-P1,16,477626.74,2037421.93,-17.485
SM-09-B2,16,480263.7,2036758.9,-3.455
SM-09-B2,16,480263.7,2036758.9,-5.255
SM-76-P3,16,481243.38,2036665.86,-0.715
SM-76-P3,16,481243.38,2036665.86,-15.565
SM-76-P3,16,481243.38,2036665.86,-33.565
SM-29-P2,16,479601.03,2037189.73,1.095
SM-29-P2,16,479601.03,2037189.73,-0.48
SM-29-P2,16,479601.03,2037189.73,-5.43
SM-29-P2,16,479601.03,2037189.73,-8.355
SM-29-P2,16,479601.03,2037189.73,-16.905
SM-29-P2,16,479601.03,2037189.73,-22.08
SM-22-P2,16,478599.1,2037541.17,-5.915
SM-22-P2,16,478599.1,2037541.17,-18.965
SM-22-P2,16,478599.1,2037541.17,-32.015
SM-22-P2,16,478599.1,2037541.17,-32.24
SM-22-P2,16,478599.1,2037541.17,-32.465
SM-15-P2,16,479132.63,2036864.69,-4.365
SM-15-P2,16,479132.63,2036864.69,-4.59
SM-15-P2,16,479132.63,2036864.69,-4.815
SM-15-P2,16,479132.63,2036864.69,-17.865
SM-26-P2,15.5,478399.31,2037192.67,-23.64
SM-34-P2,15.5,479861.49,2036907.43,-16.79
SM-34-P2,15.5,479861.49,2036907.43,-17.24
SM-34-P2,15.5,479861.49,2036907.43,-17.69
SM-34-P2,15.5,479861.49,2036907.43,-42.44
SM-40-P1,15.5,477608.176,2038623.913,-34.63
SM-03-B1,15.5,479599.92,2035977.75,-8.16
SM-41-P1,15.5,477763.79,2038599.78,-19.22
SM-41-P1,15.5,477763.79,2038599.78,-20.12
SM-65-P1,15.5,477374.93,2036265.02,-2.24
SM-65-P1,15.5,477374.93,2036265.02,-7.64
SM-48-P1,15.5,477235.12,2038040.99,-14.24
SM-48-P1,15.5,477235.12,2038040.99,-14.69
SM-30-P2,15.5,480015.16,2037202.47,-3.29
SM-30-P2,15.5,480015.16,2037202.47,-19.49
SM-73-P2,15.5,480177.03,2036206.51,-5.35
SM-68 P2,15.5,,,-6.75
SM-68 P2,15.5,,,-32.4
SM-58-P1,15.5,478010.84,2037201.06,-10.35
SM-06-B2,15.5,,,-14.85
SM-61-P1,15.5,478033.23,2036869.83,-2.71
SM-05-B2,15.5,478555.9,2037889.6,-4.12
SM-05-B2,15.5,478555.9,2037889.6,-6.37
SM-05-B2,15.5,478555.9,2037889.6,-9.07
SM-04-B2,15.5,478139.21,2037614.8,-14.17
SM-50-P1,15.5,477300,2037635,-6.94
SM-31-P2,15.5,478600.11,2036846.19,-5.07
SM-27-P2,15.5,478831.45,2037198.64,-7.45
SM-59-P1,15.5,477834.91,2037045.31,-35.43
SM-23-P2,15.5,478975.93,2037540.89,-4.17
SM-23-P2,15.5,478975.93,2037540.89,-6.42
SM-23-P2,15.5,478975.93,2037540.89,-6.87
SM-105-P2,15.5,,,-18.45
SM-105-P2,15.5,,,-22.05
SM-105-P2,15.5,,,-80.1
SM-49-P1,15.5,477572.34,2038055.4,0.07
SM-49-P1,15.5,477572.34,2038055.4,-16.13
SM-49-P1,15.5,477572.34,2038055.4,-30.08
SM-08-B1 (2),15.5,,,-8.1
SM-60-P1,15.5,477583.84,2036816.3,-7.03
SM-18-P1,15.5,477502.42,2036933.38,-39.27
SM-67-P1,15.5,477857.4,2036377.24,-21.32
SM-62 P2,15.5,,,-2.7
SM-62 P2,15.5,,,-4.95
SM-62 P2,15.5,,,-10.35
SM-62 P2,15.5,,,-31.05
SM-02-B1,15.5,479959.6533,2036162.012,-3.406
SM-51-P1,15.5,477639.95,2037631.92,2.85
SM-07-B1,15.5,477905.7673,2036203.22,-18.7164
SM-55-P2,15.5,479329.18,2037687.79,-15.79
SM-25-P2,15.5,479793.28,2037531.65,-17.15
SM-06-B1,15.5,478330.36,2036080.3,-4.38
SM-66-P1,15.5,477629.99,2036277.02,-4.74
SM-66-P1,15.5,477629.99,2036277.02,-5.19
SM-66-P1,15.5,477629.99,2036277.02,-6.99
SM-52-P1,15.5,478098.81,2037573.26,-0.08
SM-10-B1,15.5,477226.3,2037121.54,-5.75
SM-14-P2,15.5,479685.63,2037378.89,-19.56
SM-14-P2,15.5,479685.63,2037378.89,-43.86
SM-37-P2,15.5,479213.08,2036499.92,-4.36
SM-47-P1,15.5,478006.01,2038293.04,5.08
SM-47-P1,15.5,478006.01,2038293.04,4.63
SM-28 P2,15.5,,,-4.5
SM-28 P2,15.5,,,-10.8
SM-69-P2,15.5,478614.71,2036398.52,-15.94
SM-74-P3,15.5,480593.73,2036997.8,-22.46
SM-74-P3,15.5,480593.73,2036997.8,-26.51
SM-38-P2,15.5,479622.12,2036497.16,-23.66
SM-63-P1,15.5,477393.97,2036611.25,-6.94
SM-63-P1,15.5,477393.97,2036611.25,-7.39
SM-63-P1,15.5,477393.97,2036611.25,-18.64
SM-63-P1,15.5,477393.97,2036611.25,-24.49
SM-75-P1,15.5,477626.74,2037421.93,-10.06
SM-09-B2,15.5,480263.7,2036758.9,-14.03
SM-76-P3,15.5,481243.38,2036665.86,-7.69
SM-29-P2,15.5,479601.03,2037189.73,-7.23
SM-29-P2,15.5,479601.03,2037189.73,-9.03
SM-29-P2,15.5,479601.03,2037189.73,-12.18
SM-29-P2,15.5,479601.03,2037189.73,-23.88
SM-29-P2,15.5,479601.03,2037189.73,-24.33
SM-21-P3,15,481503.78,2037018.87,1.815
SM-21-P3,15,481503.78,2037018.87,-5.385
SM-21-P3,15,481503.78,2037018.87,-14.16
SM-21-P3,15,481503.78,2037018.87,-23.61
SM-21-P3,15,481503.78,2037018.87,-26.085
SM-26-P2,15,478399.31,2037192.67,-4.74
SM-26-P2,15,478399.31,2037192.67,-22.29
SM-34-P2,15,479861.49,2036907.43,-14.09
SM-34-P2,15,479861.49,2036907.43,-15.665
SM-34-P2,15,479861.49,2036907.43,-16.565
SM-34-P2,15,479861.49,2036907.43,-17.465
SM-34-P2,15,479861.49,2036907.43,-23.765
SM-12-B1,15,477096.67,2038479.67,-7.395
SM-12-B1,15,477096.67,2038479.67,-8.745
SM-12-B1,15,477096.67,2038479.67,-11.895
SM-40-P1,15,477608.176,2038623.913,-2.455
SM-40-P1,15,477608.176,2038623.913,-17.53
SM-03-B1,15,479599.92,2035977.75,-20.085
SM-11-B1,15,477167.57,2037681.46,-9.395
SM-41-P1,15,477763.79,2038599.78,1.255
SM-32-P2,15,479000.45,2036846.64,-8.94
SM-32-P2,15,479000.45,2036846.64,-14.115
SM-32-P2,15,479000.45,2036846.64,-15.015
SM-48-P1,15,477235.12,2038040.99,-9.74
SM-48-P1,15,477235.12,2038040.99,-14.465
SM-30-P2,15,480015.16,2037202.47,-1.49
SM-30-P2,15,480015.16,2037202.47,-2.84
SM-73-P2,15,480177.03,2036206.51,-4.675
SM-73-P2,15,480177.03,2036206.51,-6.025
SM-73-P2,15,480177.03,2036206.51,-16.825
SM-68 P2,15,,,-5.4
SM-68 P2,15,,,-17.775
SM-68 P2,15,,,-30.15
SM-58-P1,15,478010.84,2037201.06,2.025
SM-58-P1,15,478010.84,2037201.06,-2.475
SM-58-P1,15,478010.84,2037201.06,-10.125
SM-58-P1,15,478010.84,2037201.06,-15.975
SM-39-P2,15,480204.54,2036551.45,-15.205
SM-39-P2,15,480204.54,2036551.45,-23.98
SM-06-B2,15,,,-5.4
SM-06-B2,15,,,-8.325
SM-16-P2,15,478795.23,2036506.72,-12.98
SM-54-P2,15,478894.52,2037846.9,2.145
SM-54-P2,15,478894.52,2037846.9,-3.255
SM-54-P2,15,478894.52,2037846.9,-9.555
SM-54-P2,15,478894.52,2037846.9,-20.13
SM-33-P2,15,479399.9,2036846.79,-7.335
SM-33-P2,15,479399.9,2036846.79,-8.235
SM-33-P2,15,479399.9,2036846.79,-14.985
SM-05-B2,15,478555.9,2037889.6,-3.895
SM-05-B2,15,478555.9,2037889.6,-9.745
SM-05-B2,15,478555.9,2037889.6,-22.795
SM-50-P1,15,477300,2037635,3.41
SM-50-P1,15,477300,2037635,-17.965
SM-50-P1,15,477300,2037635,-31.915
SM-31-P2,15,478600.11,2036846.19,-4.845
SM-31-P2,15,478600.11,2036846.19,-6.87
SM-27-P2,15,478831.45,2037198.64,-0.7
SM-27-P2,15,478831.45,2037198.64,-6.325
SM-27-P2,15,478831.45,2037198.64,-7
SM-27-P2,15,478831.45,2037198.64,-8.35
SM-59-P1,15,477834.91,2037045.31,-10.455
SM-23-P2,15,478975.93,2037540.89,-8.22
SM-105-P2,15,,,-18.675
SM-105-P2,15,,,-21.15
SM-105-P2,15,,,-101.925
SM-105-P2,15,,,-115.425
SM-49-P1,15,477572.34,2038055.4,-1.28
SM-49-P1,15,477572.34,2038055.4,-5.105
SM-49-P1,15,477572.34,2038055.4,-14.78
SM-49-P1,15,477572.34,2038055.4,-15.905
SM-49-P1,15,477572.34,2038055.4,-28.955
SM-49-P1,15,477572.34,2038055.4,-29.63
SM-49-P1,15,477572.34,2038055.4,-32.78
SM-49-P1,15,477572.34,2038055.4,-39.305
SM-04-B1,15,479321.627,2036184.495,-7.8745
SM-45-P1,15,477444.49,2038334.58,-35.935
SM-17-P2,15,479997.31,2036524.08,-5.305
SM-17-P2,15,479997.31,2036524.08,-7.555
SM-17-P2,15,479997.31,2036524.08,-27.355
SM-17-P2,15,479997.31,2036524.08,-28.255
SM-17-P2,15,479997.31,2036524.08,-36.355
SM-08-B1 (2),15,,,-4.5
SM-08-B2,15,480108.48,2037238.9,-12.875
SM-08-B2,15,480108.48,2037238.9,-22.55
SM-08-B2,15,480108.48,2037238.9,-25.475
SM-60-P1,15,477583.84,2036816.3,-8.155
SM-60-P1,15,477583.84,2036816.3,-8.83
SM-18-P1,15,477502.42,2036933.38,2.58
SM-18-P1,15,477502.42,2036933.38,2.355
SM-18-P1,15,477502.42,2036933.38,-7.32
SM-18-P1,15,477502.42,2036933.38,-36.345
SM-09-B1,0,477265.19,2036624.23,-10.69
SM-09-B1,0,477265.19,2036624.23,-10.915
SM-09-B1,0,477265.19,2036624.23,-11.14
SM-67-P1,15,477857.4,2036377.24,-37.07
SM-67-P1,15,477857.4,2036377.24,-38.645
SM-05-B1,33,478828.2306,2036140.498,-18.668
SM-05-B1,27,478828.2306,2036140.498,-18.893
SM-35 P2,15,,,-6.3
SM-35 P2,15,,,-15.525
SM-35 P2,15,,,-24.075
SM-62 P2,15,,,-0.45
SM-62 P2,15,,,-4.725
SM-02-B1,15,479959.6533,2036162.012,-2.281
SM-02-B1,15,479959.6533,2036162.012,-6.106
SM-02-B1,15,479959.6533,2036162.012,-9.031
SM-19-P1,15,477471.6,2036261.55,-17.745
SM-19-P1,15,477471.6,2036261.55,-35.52
SM-51-P1,15,477639.95,2037631.92,3.075
SM-51-P1,15,477639.95,2037631.92,2.4
SM-51-P1,15,477639.95,2037631.92,-19.425
SM-36-P2,15,478362.19,2036503.28,0.62
SM-36-P2,15,478362.19,2036503.28,-13.105
SM-10-B2,15,480515.3,2036275.1,-0.905
SM-10-B2,15,480515.3,2036275.1,-4.955
SM-10-B2,15,480515.3,2036275.1,-8.105
SM-07-B1,15,477905.7673,2036203.22,-15.3414
SM-13-P2,15,478456.28,2037422.21,-2.66
SM-13-P2,15,478456.28,2037422.21,-4.235
SM-13-P2,15,478456.28,2037422.21,-16.385
SM-25-P2,15,479793.28,2037531.65,-13.1
SM-25-P2,15,479793.28,2037531.65,-15.575
SM-06-B1,15,478330.36,2036080.3,-4.605
SM-66-P1,15,477629.99,2036277.02,4.035
SM-66-P1,15,477629.99,2036277.02,-7.215
SM-66-P1,15,477629.99,2036277.02,-17.34
SM-66-P1,15,477629.99,2036277.02,-17.79
SM-52-P1,15,478098.81,2037573.26,-2.555
SM-52-P1,15,478098.81,2037573.26,-10.655
SM-52-P1,15,478098.81,2037573.26,-11.33
SM-10-B1,15,477226.3,2037121.54,1.9
SM-10-B1,15,477226.3,2037121.54,-6.2
SM-53-P2,15,478414.1,2037512.4,-10.715
SM-14-P2,15,479685.63,2037378.89,-22.71
SM-14-P2,15,479685.63,2037378.89,-44.085
SM-14-P2,15,479685.63,2037378.89,-69.285
SM-14-P2,15,479685.63,2037378.89,1.14
SM-37-P2,15,479213.08,2036499.92,-5.26
SM-37-P2,15,479213.08,2036499.92,-7.285
SM-37-P2,15,479213.08,2036499.92,-7.96
SM-37-P2,15,479213.08,2036499.92,-22.585
SM-44-P1,15,477193.08,2038327.98,1.025
SM-44-P1,15,477189.844,2038327.449,0.975
SM-70-P3,15,481498.09,2036695.19,-1.98
SM-47-P1,15,478006.01,2038293.04,14.53
SM-28 P2,15,,,-3.375
SM-28 P2,15,,,-9
SM-07-B2,15,,,-2.925
SM-07-B2,15,,,-6.75
SM-07-B2,15,,,-16.425
SM-07-B2,15,,,-18.675
SM-20-P1,15,477576.5,2038152.22,2.835
SM-20-P1,15,477574.978,2038153.565,2.765
SM-20-P1,15,477576.5,2038152.22,-5.265
SM-20-P1,15,477574.978,2038153.565,-5.335
SM-20-P1,15,477576.5,2038152.22,-9.09
SM-20-P1,15,477574.978,2038153.565,-9.16
SM-20-P1,15,477576.5,2038152.22,-11.115
SM-20-P1,15,477574.978,2038153.565,-11.185
SM-20-P1,15,477576.5,2038152.22,-12.015
SM-20-P1,15,477574.978,2038153.565,-12.085
SM-20-P1,15,477576.5,2038152.22,-37.665
SM-20-P1,15,477574.978,2038153.565,-37.735
SM-69-P2,15,478614.71,2036398.52,-7.615
SM-69-P2,15,478614.71,2036398.52,-7.84
SM-69-P2,15,478614.71,2036398.52,-8.065
SM-69-P2,15,478614.71,2036398.52,-15.265
SM-69-P2,15,478614.71,2036398.52,-15.49
SM-69-P2,15,478614.71,2036398.52,-15.715
SM-57-P1,15,477640.14,2037208.59,-3.825
SM-74-P3,15,480593.73,2036997.8,-18.185
SM-74-P3,15,480593.73,2036997.8,-19.085
SM-74-P3,15,480593.73,2036997.8,-26.06
SM-74-P3,15,480593.73,2036997.8,-27.635
SM-42-P1,15,477982.94,2038550.48,-0.22
SM-38-P2,15,479622.12,2036497.16,-15.335
SM-38-P2,15,479622.12,2036497.16,-16.01
SM-38-P2,15,479622.12,2036497.16,-25.01
SM-63-P1,15,477393.97,2036611.25,-24.265
SM-63-P1,15,477393.97,2036611.25,-33.715
SM-75-P1,15,477626.74,2037421.93,-3.985
SM-76-P3,15,481243.38,2036665.86,-0.49
SM-76-P3,15,481243.38,2036665.86,-4.765
SM-76-P3,15,481243.38,2036665.86,-17.365
SM-76-P3,15,481243.38,2036665.86,-22.765
SM-76-P3,15,481243.38,2036665.86,-34.915
SM-29-P2,15,479601.03,2037189.73,-4.755
SM-29-P2,15,479601.03,2037189.73,-25.005
SM-22-P2,15,478599.1,2037541.17,-33.14
SM-22-P2,15,478599.1,2037541.17,-34.49
SM-34-P2,14.5,479861.49,2036907.43,-15.44
SM-34-P2,14.5,479861.49,2036907.43,-20.39
SM-43-P1,14.5,478112.67,2038510.48,5.37
SM-43-P1,14.5,478109.666,2038510.974,5.25
SM-11-B1,14.5,477167.57,2037681.46,-6.47
SM-11-B1,14.5,477167.57,2037681.46,-29.87
SM-32-P2,14.5,479000.45,2036846.64,-7.59
SM-73-P2,14.5,480177.03,2036206.51,-4.9
SM-06-B2,14.5,,,-8.1
SM-16-P2,14.5,478795.23,2036506.72,-14.33
SM-54-P2,14.5,478894.52,2037846.9,-3.48
SM-61-P1,14.5,478033.23,2036869.83,-2.26
SM-61-P1,14.5,478033.23,2036869.83,-9.46
SM-61-P1,14.5,478033.23,2036869.83,-17.56
SM-05-B2,14.5,478555.9,2037889.6,-0.52
SM-05-B2,14.5,478555.9,2037889.6,-19.87
SM-50-P1,14.5,477300,2037635,-6.49
SM-31-P2,14.5,478600.11,2036846.19,-5.52
SM-27-P2,14.5,478831.45,2037198.64,-5.65
SM-27-P2,14.5,478831.45,2037198.64,-14.65
SM-59-P1,14.5,477834.91,2037045.31,1.47
SM-59-P1,14.5,477834.91,2037045.31,-1.68
SM-49-P1,14.5,477572.34,2038055.4,-15.68
SM-17-P2,14.5,479997.31,2036524.08,-27.13
SM-17-P2,14.5,479997.31,2036524.08,-27.58
SM-17-P2,14.5,479997.31,2036524.08,-28.03
SM-17-P2,14.5,479997.31,2036524.08,-30.73
SM-17-P2,14.5,479997.31,2036524.08,-67.63
SM-08-B1 (2),14.5,,,-16.65
SM-08-B2,14.5,480108.48,2037238.9,-21.2
SM-08-B2,14.5,480108.48,2037238.9,-25.7
SM-18-P1,14.5,477502.42,2036933.38,2.13
SM-18-P1,14.5,477502.42,2036933.38,-16.77
SM-18-P1,14.5,477502.42,2036933.38,-30.27
SM-18-P1,14.5,477502.42,2036933.38,-39.72
SM-09-B1,0,477265.19,2036624.23,-11.365
SM-09-B1,0,477265.19,2036624.23,-11.59
SM-05-B1,31.5,478828.2306,2036140.498,-19.118
SM-35 P2,14.5,,,-5.85
SM-35 P2,14.5,,,-9.45
SM-62 P2,14.5,,,-18.9
SM-62 P2,14.5,,,-19.35
SM-72-P2,14.5,479543.59,2036219.22,-3.31
SM-51-P1,14.5,477639.95,2037631.92,-43.05
SM-51-P1,14.5,477639.95,2037631.92,3.75
SM-07-B1,14.5,477905.7673,2036203.22,-16.0164
SM-06-B1,14.5,478330.36,2036080.3,-3.93
SM-06-B1,14.5,478330.36,2036080.3,-6.63
SM-06-B1,14.5,478330.36,2036080.3,-13.83
SM-06-B1,14.5,478330.36,2036080.3,-14.28
SM-66-P1,14.5,477629.99,2036277.02,-0.24
SM-52-P1,14.5,478098.81,2037573.26,-10.88
SM-53-P2,14.5,478414.1,2037512.4,-11.39
SM-53-P2,14.5,478414.1,2037512.4,-11.84
SM-37-P2,14.5,479213.08,2036499.92,-5.71
SM-37-P2,14.5,479213.08,2036499.92,-14.26
SM-37-P2,14.5,479213.08,2036499.92,-22.36
SM-47-P1,14.5,478006.01,2038293.04,-19.22
SM-57-P1,14.5,477640.14,2037208.59,-6.75
SM-74-P3,14.5,480593.73,2036997.8,-18.41
SM-74-P3,14.5,480593.73,2036997.8,-18.86
SM-74-P3,14.5,480593.73,2036997.8,-22.91
SM-38-P2,14.5,479622.12,2036497.16,-15.56
SM-38-P2,14.5,479622.12,2036497.16,-16.91
SM-38-P2,14.5,479622.12,2036497.16,-17.36
SM-38-P2,14.5,479622.12,2036497.16,-18.71
SM-63-P1,14.5,477393.97,2036611.25,-13.69
SM-63-P1,14.5,477393.97,2036611.25,-24.94
SM-63-P1,14.5,477393.97,2036611.25,-33.49
SM-75-P1,14.5,477626.74,2037421.93,-0.16
SM-76-P3,14.5,481243.38,2036665.86,-4.54
SM-76-P3,14.5,481243.38,2036665.86,-15.79
SM-76-P3,14.5,481243.38,2036665.86,-17.14
SM-29-P2,14.5,479601.03,2037189.73,0.87
SM-29-P2,14.5,479601.03,2037189.73,-0.93
SM-22-P2,14.5,478599.1,2037541.17,-33.59
SM-22-P2,14.5,478599.1,2037541.17,-34.04
SM-15-P2,14.5,479132.63,2036864.69,-12.69
SM-21-P3,14,481503.78,2037018.87,-5.16
SM-21-P3,14,481503.78,2037018.87,-13.935
SM-21-P3,14,481503.78,2037018.87,-28.56
SM-21-P3,14,481503.78,2037018.87,-30.585
SM-26-P2,14,478399.31,2037192.67,-4.515
SM-26-P2,14,478399.31,2037192.67,-8.565
SM-34-P2,14,479861.49,2036907.43,-15.215
SM-34-P2,14,479861.49,2036907.43,-25.115
SM-40-P1,14,477608.176,2038623.913,-17.755
SM-40-P1,14,477608.176,2038623.913,-37.33
SM-40-P1,14,477608.176,2038623.913,-40.03
SM-03-B1,14,479599.92,2035977.75,-5.01
SM-03-B1,14,479599.92,2035977.75,-5.91
SM-03-B1,14,479599.92,2035977.75,-10.41
SM-11-B1,14,477167.57,2037681.46,-20.645
SM-08-B1,14,,,-1.125
SM-41-P1,14,477763.79,2038599.78,1.48
SM-32-P2,14,479000.45,2036846.64,-5.79
SM-32-P2,14,479000.45,2036846.64,-7.14
SM-32-P2,14,479000.45,2036846.64,-8.265
SM-65-P1,14,477374.93,2036265.02,0.91
SM-65-P1,14,477374.93,2036265.02,0.01
SM-65-P1,14,477374.93,2036265.02,-3.365
SM-65-P1,14,477374.93,2036265.02,-8.09
SM-65-P1,14,477374.93,2036265.02,-15.065
SM-48-P1,14,477235.12,2038040.99,-15.14
SM-30-P2,14,480015.16,2037202.47,-1.715
SM-30-P2,14,480015.16,2037202.47,-4.64
SM-30-P2,14,480015.16,2037202.47,-5.765
SM-30-P2,14,480015.16,2037202.47,-18.59
SM-30-P2,14,480015.16,2037202.47,-19.04
SM-73-P2,14,480177.03,2036206.51,-2.875
SM-73-P2,14,480177.03,2036206.51,-5.125
SM-68 P2,14,,,-2.7
SM-68 P2,14,,,-5.625
SM-68 P2,14,,,-30.375
SM-68 P2,14,,,-32.175
SM-58-P1,14,478010.84,2037201.06,-11.475
SM-39-P2,14,480204.54,2036551.45,-13.855
SM-39-P2,14,480204.54,2036551.45,-23.755
SM-06-B2,14,,,-4.05
SM-06-B2,14,,,-5.175
SM-06-B2,14,,,-6.75
SM-06-B2,14,,,-7.875
SM-06-B2,14,,,-14.625
SM-16-P2,14,478795.23,2036506.72,-3.305
SM-54-P2,14,478894.52,2037846.9,-2.355
SM-54-P2,14,478894.52,2037846.9,-3.705
SM-54-P2,14,478894.52,2037846.9,-6.405
SM-54-P2,14,478894.52,2037846.9,-18.78
SM-33-P2,14,479399.9,2036846.79,-4.635
SM-33-P2,14,479399.9,2036846.79,-5.535
SM-33-P2,14,479399.9,2036846.79,-6.435
SM-33-P2,14,479399.9,2036846.79,-7.11
SM-33-P2,14,479399.9,2036846.79,-14.085
SM-61-P1,14,478033.23,2036869.83,-3.835
SM-05-B2,14,478555.9,2037889.6,-4.57
SM-05-B2,14,478555.9,2037889.6,-9.52
SM-24-P2,14,479387.3,2037585.89,-8.675
SM-24-P2,14,479387.3,2037585.89,-14.075
SM-04-B2,14,478139.21,2037614.8,-4.495
SM-31-P2,14,478600.11,2036846.19,-15.195
SM-31-P2,14,478600.11,2036846.19,-25.095
SM-27-P2,14,478831.45,2037198.64,0.2
SM-27-P2,14,478831.45,2037198.64,-0.925
SM-59-P1,14,477834.91,2037045.31,0.345
SM-59-P1,14,477834.91,2037045.31,-2.13
SM-59-P1,14,477834.91,2037045.31,-2.805
SM-59-P1,14,477834.91,2037045.31,-3.48
SM-59-P1,14,477834.91,2037045.31,-15.63
SM-59-P1,14,477834.91,2037045.31,-33.18
SM-23-P2,14,478975.93,2037540.89,-16.77
SM-105-P2,14,,,-20.7
SM-105-P2,14,,,-21.375
SM-105-P2,14,,,-26.775
SM-49-P1,14,477572.34,2038055.4,3.445
SM-49-P1,14,477572.34,2038055.4,-11.405
SM-49-P1,14,477572.34,2038055.4,-15.455
SM-49-P1,14,477572.34,2038055.4,-19.505
SM-49-P1,14,477572.34,2038055.4,-27.155
SM-49-P1,14,477572.34,2038055.4,-28.055
SM-49-P1,14,477572.34,2038055.4,-28.73
SM-49-P1,14,477572.34,2038055.4,-29.18
SM-49-P1,14,477572.34,2038055.4,-30.305
SM-49-P1,14,477572.34,2038055.4,-39.08
SM-04-B1,14,479321.627,2036184.495,-8.0995
SM-45-P1,14,477444.49,2038334.58,-8.035
SM-45-P1,14,477444.49,2038334.58,-18.835
SM-17-P2,14,479997.31,2036524.08,-20.155
SM-17-P2,14,479997.31,2036524.08,-26.905
SM-17-P2,14,479997.31,2036524.08,-27.805
SM-17-P2,14,479997.31,2036524.08,-57.955
SM-17-P2,14,479997.31,2036524.08,-61.555
SM-08-B2,14,480108.48,2037238.9,-3.425
SM-08-B2,14,480108.48,2037238.9,-3.65
SM-08-B2,14,480108.48,2037238.9,-3.875
SM-08-B2,14,480108.48,2037238.9,-18.275
SM-08-B2,14,480108.48,2037238.9,-25.925
SM-60-P1,14,477583.84,2036816.3,-3.655
SM-60-P1,14,477583.84,2036816.3,-6.355
SM-60-P1,14,477583.84,2036816.3,-6.58
SM-60-P1,14,477583.84,2036816.3,-6.805
SM-60-P1,14,477583.84,2036816.3,-24.355
SM-18-P1,14,477502.42,2036933.38,1.905
SM-18-P1,14,477502.42,2036933.38,-3.045
SM-18-P1,14,477502.42,2036933.38,-7.095
SM-18-P1,14,477502.42,2036933.38,-16.095
SM-18-P1,14,477502.42,2036933.38,-30.72
SM-18-P1,14,477502.42,2036933.38,-36.57
SM-09-B1,0,477265.19,2036624.23,-11.815
SM-09-B1,0,477265.19,2036624.23,-12.04
SM-67-P1,14,477857.4,2036377.24,-0.395
SM-67-P1,14,477857.4,2036377.24,-0.62
SM-67-P1,14,477857.4,2036377.24,-0.845
SM-67-P1,14,477857.4,2036377.24,-5.345
SM-67-P1,14,477857.4,2036377.24,-19.745
SM-05-B1,36,478828.2306,2036140.498,-19.343
SM-05-B1,35.5,478828.2306,2036140.498,-19.568
SM-35 P2,14,,,-9.9
SM-35 P2,14,,,-33.975
SM-35 P2,14,,,-36.225
SM-62 P2,14,,,-2.925
SM-62 P2,14,,,-10.125
SM-72-P2,14,479543.59,2036219.22,-3.985
SM-02-B1,14,479959.6533,2036162.012,1.319
SM-02-B1,14,479959.6533,2036162.012,-0.031
SM-02-B1,14,479959.6533,2036162.012,-15.781
SM-19-P1,14,477471.6,2036261.55,-34.845
SM-51-P1,14,477639.95,2037631.92,3.3
SM-51-P1,14,477639.95,2037631.92,2.175
SM-51-P1,14,477639.95,2037631.92,-36.525
SM-51-P1,14,477639.95,2037631.92,-43.5
SM-36-P2,14,478362.19,2036503.28,0.395
SM-36-P2,14,478362.19,2036503.28,-5.005
SM-36-P2,14,478362.19,2036503.28,-6.805
SM-36-P2,14,478362.19,2036503.28,-7.03
SM-36-P2,14,478362.19,2036503.28,-7.255
SM-36-P2,14,478362.19,2036503.28,-14.005
SM-10-B2,14,480515.3,2036275.1,-9.23
SM-10-B2,14,480515.3,2036275.1,-14.855
SM-10-B2,14,480515.3,2036275.1,-17.555
SM-07-B1,14,477905.7673,2036203.22,-17.3664
SM-55-P2,14,479329.18,2037687.79,-21.415
SM-13-P2,14,478456.28,2037422.21,-2.435
SM-13-P2,14,478456.28,2037422.21,-5.585
SM-13-P2,14,478456.28,2037422.21,-17.735
SM-25-P2,14,479793.28,2037531.65,-1.4
SM-06-B1,14,478330.36,2036080.3,1.245
SM-06-B1,14,478330.36,2036080.3,-2.13
SM-06-B1,14,478330.36,2036080.3,-5.955
SM-66-P1,14,477629.99,2036277.02,3.81
SM-66-P1,14,477629.99,2036277.02,0.885
SM-66-P1,14,477629.99,2036277.02,-16.215
SM-52-P1,14,478098.81,2037573.26,-11.105
SM-52-P1,14,478098.81,2037573.26,-19.655
SM-10-B1,14,477226.3,2037121.54,-2.825
SM-10-B1,14,477226.3,2037121.54,-4.625
SM-53-P2,14,478414.1,2037512.4,-8.915
SM-53-P2,14,478414.1,2037512.4,-54.815
SM-14-P2,14,479685.63,2037378.89,-23.16
SM-37-P2,14,479213.08,2036499.92,0.14
SM-37-P2,14,479213.08,2036499.92,-0.31
SM-37-P2,14,479213.08,2036499.92,-0.985
SM-37-P2,14,479213.08,2036499.92,-4.135
SM-37-P2,14,479213.08,2036499.92,-22.135
SM-37-P2,14,479213.08,2036499.92,1.49
SM-44-P1,14,477193.08,2038327.98,-12.925
SM-44-P1,14,477189.844,2038327.449,-12.975
SM-70-P3,14,481498.09,2036695.19,-2.205
SM-70-P3,14,481498.09,2036695.19,-12.555
SM-28 P2,14,,,-2.475
SM-28 P2,14,,,-3.15
SM-28 P2,14,,,-16.65
SM-28 P2,14,,,-18.45
SM-01-B1,14,480286.37,2036030.34,-4.755
SM-20-P1,14,477576.5,2038152.22,-13.14
SM-20-P1,14,477574.978,2038153.565,-13.21
SM-57-P1,14,477640.14,2037208.59,-13.95
SM-74-P3,14,480593.73,2036997.8,-18.635
SM-74-P3,14,480593.73,2036997.8,-22.235
SM-74-P3,14,480593.73,2036997.8,-25.16
SM-74-P3,14,480593.73,2036997.8,-26.285
SM-38-P2,14,479622.12,2036497.16,-15.785
SM-38-P2,14,479622.12,2036497.16,-23.435
SM-38-P2,14,479622.12,2036497.16,-25.685
SM-63-P1,14,477393.97,2036611.25,2.735
SM-63-P1,14,477393.97,2036611.25,1.835
SM-63-P1,14,477393.97,2036611.25,-4.465
SM-63-P1,14,477393.97,2036611.25,-6.715
SM-63-P1,14,477393.97,2036611.25,-7.615
SM-63-P1,14,477393.97,2036611.25,-17.515
SM-63-P1,14,477393.97,2036611.25,-33.265
SM-75-P1,14,477626.74,2037421.93,1.19
SM-75-P1,14,477626.74,2037421.93,-2.185
SM-75-P1,14,477626.74,2037421.93,-3.085
SM-75-P1,14,477626.74,2037421.93,-5.11
SM-75-P1,14,477626.74,2037421.93,-5.56
SM-75-P1,14,477626.74,2037421.93,-8.26
SM-75-P1,14,477626.74,2037421.93,-10.285
SM-75-P1,14,477626.74,2037421.93,-17.26
SM-76-P3,14,481243.38,2036665.86,-0.265
SM-76-P3,14,481243.38,2036665.86,-4.315
SM-76-P3,14,481243.38,2036665.86,-8.815
SM-76-P3,14,481243.38,2036665.86,-13.765
SM-76-P3,14,481243.38,2036665.86,-16.915
SM-76-P3,14,481243.38,2036665.86,-19.84
SM-76-P3,14,481243.38,2036665.86,-22.54
SM-76-P3,14,481243.38,2036665.86,-23.665
SM-76-P3,14,481243.38,2036665.86,-24.565
SM-76-P3,14,481243.38,2036665.86,-24.79
SM-76-P3,14,481243.38,2036665.86,-25.015
SM-29-P2,14,479601.03,2037189.73,0.195
SM-29-P2,14,479601.03,2037189.73,-1.605
SM-29-P2,14,479601.03,2037189.73,-2.505
SM-29-P2,14,479601.03,2037189.73,-3.405
SM-29-P2,14,479601.03,2037189.73,-5.655
SM-29-P2,14,479601.03,2037189.73,-8.58
SM-29-P2,14,479601.03,2037189.73,-20.055
SM-29-P2,14,479601.03,2037189.73,-26.805
SM-29-P2,14,479601.03,2037189.73,-34.905
SM-22-P2,14,478599.1,2037541.17,-5.69
SM-22-P2,14,478599.1,2037541.17,-15.815
SM-22-P2,14,478599.1,2037541.17,-32.69
SM-15-P2,14,479132.63,2036864.69,-9.315
SM-21-P3,13.5,481503.78,2037018.87,-5.61
SM-21-P3,13.5,481503.78,2037018.87,-13.71
SM-21-P3,13.5,481503.78,2037018.87,-30.36
SM-26-P2,13.5,478399.31,2037192.67,-5.19
SM-26-P2,13.5,478399.31,2037192.67,-21.39
SM-34-P2,13.5,479861.49,2036907.43,-14.99
SM-34-P2,13.5,479861.49,2036907.43,-21.29
SM-12-B1,13.5,477096.67,2038479.67,-12.57
SM-03-B1,13.5,479599.92,2035977.75,-5.46
SM-03-B1,13.5,479599.92,2035977.75,-7.26
SM-11-B1,13.5,477167.57,2037681.46,-14.12
SM-41-P1,13.5,477763.79,2038599.78,-7.07
SM-32-P2,13.5,479000.45,2036846.64,-5.34
SM-65-P1,13.5,477374.93,2036265.02,-14.84
SM-30-P2,13.5,480015.16,2037202.47,-1.04
SM-73-P2,13.5,480177.03,2036206.51,-3.1
SM-73-P2,13.5,480177.03,2036206.51,-16.6
SM-39-P2,13.5,480204.54,2036551.45,-8.23
SM-06-B2,13.5,,,-13.95
SM-06-B2,13.5,,,-15.75
SM-06-B2,13.5,,,-18
SM-06-B2,13.5,,,-19.8
SM-54-P2,13.5,478894.52,2037846.9,1.92
SM-54-P2,13.5,478894.52,2037846.9,-3.03
SM-54-P2,13.5,478894.52,2037846.9,-9.33
SM-33-P2,13.5,479399.9,2036846.79,-5.76
SM-33-P2,13.5,479399.9,2036846.79,-6.21
SM-33-P2,13.5,479399.9,2036846.79,-6.66
SM-61-P1,13.5,478033.23,2036869.83,-3.16
SM-05-B2,13.5,478555.9,2037889.6,-0.97
SM-05-B2,13.5,478555.9,2037889.6,-3.67
SM-24-P2,13.5,479387.3,2037585.89,-14.3
SM-105-P2,13.5,,,-21.6
SM-105-P2,13.5,,,-101.7
SM-49-P1,13.5,477572.34,2038055.4,-5.78
SM-49-P1,13.5,477572.34,2038055.4,-8.93
SM-49-P1,13.5,477572.34,2038055.4,-11.63
SM-49-P1,13.5,477572.34,2038055.4,-13.43
SM-49-P1,13.5,477572.34,2038055.4,-17.48
SM-49-P1,13.5,477572.34,2038055.4,-28.28
SM-04-B1,13.5,479321.627,2036184.495,-6.5245
SM-04-B1,13.5,479321.627,2036184.495,-8.7745
SM-17-P2,13.5,479997.31,2036524.08,-28.48
SM-08-B2,13.5,480108.48,2037238.9,-18.05
SM-60-P1,13.5,477583.84,2036816.3,1.97
SM-67-P1,13.5,477857.4,2036377.24,-0.17
SM-05-B1,35,478828.2306,2036140.498,-19.793
SM-05-B1,36,478828.2306,2036140.498,-20.018
SM-35 P2,13.5,,,-5.4
SM-51-P1,13.5,477639.95,2037631.92,-19.2
SM-36-P2,13.5,478362.19,2036503.28,-5.23
SM-36-P2,13.5,478362.19,2036503.28,-6.58
SM-36-P2,13.5,478362.19,2036503.28,-7.48
SM-13-P2,13.5,478456.28,2037422.21,-2.21
SM-13-P2,13.5,478456.28,2037422.21,-3.11
SM-13-P2,13.5,478456.28,2037422.21,-9.86
SM-06-B1,13.5,478330.36,2036080.3,-1.68
SM-06-B1,13.5,478330.36,2036080.3,-6.18
SM-66-P1,13.5,477629.99,2036277.02,-2.04
SM-66-P1,13.5,477629.99,2036277.02,-16.44
SM-10-B1,13.5,477226.3,2037121.54,-2.6
SM-10-B1,13.5,477226.3,2037121.54,-15.2
SM-37-P2,13.5,479213.08,2036499.92,-11.56
SM-28 P2,13.5,,,-2.7
SM-07-B2,13.5,,,-2.7
SM-20-P1,13.5,477576.5,2038152.22,2.61
SM-20-P1,13.5,477574.978,2038153.565,2.54
SM-20-P1,13.5,477576.5,2038152.22,0.81
SM-20-P1,13.5,477574.978,2038153.565,0.74
SM-20-P1,13.5,477576.5,2038152.22,-18.54
SM-20-P1,13.5,477574.978,2038153.565,-18.61
SM-57-P1,13.5,477640.14,2037208.59,-3.6
SM-63-P1,13.5,477393.97,2036611.25,-4.69
SM-63-P1,13.5,477393.97,2036611.25,-28.54
SM-63-P1,13.5,477393.97,2036611.25,-45.64
SM-09-B2,13.5,480263.7,2036758.9,-3.23
SM-76-P3,13.5,481243.38,2036665.86,-0.94
SM-76-P3,13.5,481243.38,2036665.86,-4.09
SM-76-P3,13.5,481243.38,2036665.86,-8.59
SM-76-P3,13.5,481243.38,2036665.86,-13.09
SM-76-P3,13.5,481243.38,2036665.86,-15.34
SM-76-P3,13.5,481243.38,2036665.86,-22.99
SM-76-P3,13.5,481243.38,2036665.86,-23.89
SM-76-P3,13.5,481243.38,2036665.86,-24.34
SM-29-P2,13.5,479601.03,2037189.73,0.42
SM-29-P2,13.5,479601.03,2037189.73,-0.03
SM-29-P2,13.5,479601.03,2037189.73,-1.83
SM-29-P2,13.5,479601.03,2037189.73,-2.28
SM-29-P2,13.5,479601.03,2037189.73,-2.73
SM-29-P2,13.5,479601.03,2037189.73,-3.18
SM-29-P2,13.5,479601.03,2037189.73,-9.48
SM-29-P2,13.5,479601.03,2037189.73,-21.63
SM-15-P2,13.5,479132.63,2036864.69,-5.04
SM-21-P3,13,481503.78,2037018.87,-4.935
SM-21-P3,13,481503.78,2037018.87,-13.485
SM-21-P3,13,481503.78,2037018.87,-23.385
SM-21-P3,13,481503.78,2037018.87,-30.135
SM-26-P2,13,478399.31,2037192.67,-7.665
SM-26-P2,13,478399.31,2037192.67,-8.34
SM-34-P2,13,479861.49,2036907.43,-6.215
SM-34-P2,13,479861.49,2036907.43,-14.765
SM-34-P2,13,479861.49,2036907.43,-21.965
SM-34-P2,13,479861.49,2036907.43,-22.19
SM-34-P2,13,479861.49,2036907.43,-22.415
SM-34-P2,13,479861.49,2036907.43,-42.215
SM-12-B1,13,477096.67,2038479.67,-12.12
SM-43-P1,13,478112.67,2038510.48,4.245
SM-43-P1,13,478109.666,2038510.974,4.125
SM-40-P1,13,477608.176,2038623.913,-34.405
SM-40-P1,13,477608.176,2038623.913,-40.705
SM-03-B1,13,479599.92,2035977.75,-8.385
SM-03-B1,13,479599.92,2035977.75,-9.285
SM-03-B1,13,479599.92,2035977.75,-16.035
SM-11-B1,13,477167.57,2037681.46,-4.67
SM-11-B1,13,477167.57,2037681.46,-20.42
SM-41-P1,13,477763.79,2038599.78,1.705
SM-41-P1,13,477763.79,2038599.78,-18.32
SM-41-P1,13,477763.79,2038599.78,-19.895
SM-65-P1,13,477374.93,2036265.02,-1.79
SM-65-P1,13,477374.93,2036265.02,-2.465
SM-65-P1,13,477374.93,2036265.02,-14.615
SM-30-P2,13,480015.16,2037202.47,-3.515
SM-30-P2,13,480015.16,2037202.47,-18.14
SM-30-P2,13,480015.16,2037202.47,-19.715
SM-73-P2,13,480177.03,2036206.51,-3.325
SM-73-P2,13,480177.03,2036206.51,-12.775
SM-68 P2,13,,,-1.575
SM-68 P2,13,,,-5.85
SM-68 P2,13,,,-18.675
SM-58-P1,13,478010.84,2037201.06,-2.25
SM-39-P2,13,480204.54,2036551.45,-14.98
SM-06-B2,13,,,-4.95
SM-16-P2,13,478795.23,2036506.72,-5.105
SM-16-P2,13,478795.23,2036506.72,-12.755
SM-16-P2,13,478795.23,2036506.72,1.42
SM-54-P2,13,478894.52,2037846.9,-0.555
SM-54-P2,13,478894.52,2037846.9,-2.58
SM-54-P2,13,478894.52,2037846.9,-3.93
SM-33-P2,13,479399.9,2036846.79,-4.41
SM-33-P2,13,479399.9,2036846.79,-5.985
SM-33-P2,13,479399.9,2036846.79,-6.885
SM-61-P1,13,478033.23,2036869.83,2.465
SM-61-P1,13,478033.23,2036869.83,-0.685
SM-61-P1,13,478033.23,2036869.83,-1.36
SM-61-P1,13,478033.23,2036869.83,-2.485
SM-05-B2,13,478555.9,2037889.6,-9.295
SM-05-B2,13,478555.9,2037889.6,-17.845
SM-05-B2,13,478555.9,2037889.6,-20.095
SM-24-P2,13,479387.3,2037585.89,-4.625
SM-24-P2,13,479387.3,2037585.89,-14.525
SM-04-B2,13,478139.21,2037614.8,-12.145
SM-50-P1,13,477300,2037635,-11.215
SM-50-P1,13,477300,2037635,-14.815
SM-50-P1,13,477300,2037635,-31.69
SM-31-P2,13,478600.11,2036846.19,-5.745
SM-27-P2,13,478831.45,2037198.64,-1.15
SM-27-P2,13,478831.45,2037198.64,-4.075
SM-27-P2,13,478831.45,2037198.64,-7.225
SM-27-P2,13,478831.45,2037198.64,-8.575
SM-59-P1,13,477834.91,2037045.31,1.695
SM-59-P1,13,477834.91,2037045.31,-1.455
SM-59-P1,13,477834.91,2037045.31,-2.58
SM-23-P2,13,478975.93,2037540.89,1.005
SM-23-P2,13,478975.93,2037540.89,-2.595
SM-23-P2,13,478975.93,2037540.89,-2.82
SM-23-P2,13,478975.93,2037540.89,-3.045
SM-23-P2,13,478975.93,2037540.89,-4.395
SM-23-P2,13,478975.93,2037540.89,-4.62
SM-23-P2,13,478975.93,2037540.89,-4.845
SM-23-P2,13,478975.93,2037540.89,-6.195
SM-23-P2,13,478975.93,2037540.89,-7.095
SM-23-P2,13,478975.93,2037540.89,-7.32
SM-23-P2,13,478975.93,2037540.89,-7.545
SM-23-P2,13,478975.93,2037540.89,-15.195
SM-105-P2,13,,,-21.825
SM-49-P1,13,477572.34,2038055.4,-11.18
SM-49-P1,13,477572.34,2038055.4,-11.855
SM-49-P1,13,477572.34,2038055.4,-22.43
SM-49-P1,13,477572.34,2038055.4,-28.505
SM-49-P1,13,477572.34,2038055.4,-29.405
SM-49-P1,13,477572.34,2038055.4,-30.53
SM-49-P1,13,477572.34,2038055.4,-38.855
SM-45-P1,13,477444.49,2038334.58,-13.435
SM-17-P2,13,479997.31,2036524.08,0.545
SM-17-P2,13,479997.31,2036524.08,-4.18
SM-17-P2,13,479997.31,2036524.08,-4.63
SM-17-P2,13,479997.31,2036524.08,-12.055
SM-17-P2,13,479997.31,2036524.08,-13.855
SM-17-P2,13,479997.31,2036524.08,-19.255
SM-17-P2,13,479997.31,2036524.08,-26.68
SM-08-B1 (2),13,,,-4.05
SM-08-B1 (2),13,,,-15.975
SM-08-B2,13,480108.48,2037238.9,-2.525
SM-08-B2,13,480108.48,2037238.9,-3.2
SM-08-B2,13,480108.48,2037238.9,-4.775
SM-08-B2,13,480108.48,2037238.9,-7.025
SM-08-B2,13,480108.48,2037238.9,-7.25
SM-08-B2,13,480108.48,2037238.9,-7.475
SM-08-B2,13,480108.48,2037238.9,-17.825
SM-08-B2,13,480108.48,2037238.9,-24.35
SM-60-P1,13,477583.84,2036816.3,-15.805
SM-18-P1,13,477502.42,2036933.38,-3.27
SM-18-P1,13,477502.42,2036933.38,-5.07
SM-18-P1,13,477502.42,2036933.38,-5.52
SM-18-P1,13,477502.42,2036933.38,-16.32
SM-18-P1,13,477502.42,2036933.38,-24.645
SM-18-P1,13,477502.42,2036933.38,-29.595
SM-18-P1,13,477502.42,2036933.38,-36.795
SM-18-P1,13,477502.42,2036933.38,-39.495
SM-18-P1,13,477502.42,2036933.38,-45.795
SM-09-B1,0,477265.19,2036624.23,-12.04
SM-09-B1,0,477265.19,2036624.23,-12.265
SM-09-B1,2,477265.19,2036624.23,-12.49
SM-67-P1,13,477857.4,2036377.24,0.055
SM-67-P1,13,477857.4,2036377.24,-5.57
SM-67-P1,13,477857.4,2036377.24,-23.795
SM-67-P1,13,477857.4,2036377.24,-24.47
SM-67-P1,13,477857.4,2036377.24,-24.92
SM-67-P1,13,477857.4,2036377.24,-36.845
SM-05-B1,37,478828.2306,2036140.498,-20.243
SM-05-B1,41.5,478828.2306,2036140.498,-20.468
SM-35 P2,13,,,-9.225
SM-62 P2,13,,,-1.35
SM-62 P2,13,,,-15.975
SM-62 P2,13,,,-18
SM-62 P2,13,,,-19.125
SM-62 P2,13,,,-23.175
SM-62 P2,13,,,-30.375
SM-72-P2,13,479543.59,2036219.22,-4.21
SM-02-B1,13,479959.6533,2036162.012,-0.931
SM-02-B1,13,479959.6533,2036162.012,-2.056
SM-19-P1,13,477471.6,2036261.55,-5.595
SM-19-P1,13,477471.6,2036261.55,-50.82
SM-51-P1,13,477639.95,2037631.92,3.525
SM-51-P1,13,477639.95,2037631.92,0.825
SM-51-P1,13,477639.95,2037631.92,-7.725
SM-51-P1,13,477639.95,2037631.92,-11.775
SM-36-P2,13,478362.19,2036503.28,-5.455
SM-36-P2,13,478362.19,2036503.28,-6.355
SM-36-P2,13,478362.19,2036503.28,-7.705
SM-10-B2,13,480515.3,2036275.1,-3.605
SM-07-B1,13,477905.7673,2036203.22,-12.6414
SM-55-P2,13,479329.18,2037687.79,-20.065
SM-13-P2,13,478456.28,2037422.21,-1.085
SM-13-P2,13,478456.28,2037422.21,-1.985
SM-13-P2,13,478456.28,2037422.21,-4.01
SM-13-P2,13,478456.28,2037422.21,-15.71
SM-25-P2,13,479793.28,2037531.65,-0.275
SM-25-P2,13,479793.28,2037531.65,-2.975
SM-25-P2,13,479793.28,2037531.65,-3.65
SM-25-P2,13,479793.28,2037531.65,-17.825
SM-06-B1,13,478330.36,2036080.3,-3.705
SM-06-B1,13,478330.36,2036080.3,-4.83
SM-06-B1,13,478330.36,2036080.3,-6.405
SM-06-B1,13,478330.36,2036080.3,-8.88
SM-06-B1,13,478330.36,2036080.3,-13.605
SM-06-B1,13,478330.36,2036080.3,-14.505
SM-66-P1,13,477629.99,2036277.02,3.585
SM-66-P1,13,477629.99,2036277.02,1.785
SM-66-P1,13,477629.99,2036277.02,1.11
SM-66-P1,13,477629.99,2036277.02,-0.465
SM-66-P1,13,477629.99,2036277.02,-4.965
SM-66-P1,13,477629.99,2036277.02,-16.665
SM-52-P1,13,478098.81,2037573.26,2.845
SM-52-P1,13,478098.81,2037573.26,-0.755
SM-52-P1,13,478098.81,2037573.26,-4.355
SM-10-B1,13,477226.3,2037121.54,-1.025
SM-10-B1,13,477226.3,2037121.54,-2.375
SM-10-B1,13,477226.3,2037121.54,-14.75
SM-53-P2,13,478414.1,2037512.4,-4.865
SM-53-P2,13,478414.1,2037512.4,-31.64
SM-53-P2,13,478414.1,2037512.4,-52.79
SM-14-P2,13,479685.63,2037378.89,-14.61
SM-14-P2,13,479685.63,2037378.89,-18.66
SM-14-P2,13,479685.63,2037378.89,-22.485
SM-14-P2,13,479685.63,2037378.89,-23.835
SM-14-P2,13,479685.63,2037378.89,-24.51
SM-37-P2,13,479213.08,2036499.92,-1.21
SM-37-P2,13,479213.08,2036499.92,-6.61
SM-37-P2,13,479213.08,2036499.92,-10.21
SM-37-P2,13,479213.08,2036499.92,-11.11
SM-37-P2,13,479213.08,2036499.92,-23.485
SM-47-P1,13,478006.01,2038293.04,14.305
SM-47-P1,13,478006.01,2038293.04,9.355
SM-47-P1,13,478006.01,2038293.04,-12.245
SM-47-P1,13,478006.01,2038293.04,-15.845
SM-47-P1,13,478006.01,2038293.04,-17.645
SM-28 P2,13,,,-0.675
SM-28 P2,13,,,-2.25
SM-28 P2,13,,,-2.925
SM-28 P2,13,,,-3.6
SM-28 P2,13,,,-11.025
SM-01-B1,13,480286.37,2036030.34,-0.705
SM-20-P1,13,477576.5,2038152.22,-12.24
SM-20-P1,13,477574.978,2038153.565,-12.31
SM-20-P1,13,477576.5,2038152.22,-18.99
SM-20-P1,13,477574.978,2038153.565,-19.06
SM-69-P2,13,478614.71,2036398.52,-3.565
SM-69-P2,13,478614.71,2036398.52,-7.39
SM-57-P1,13,477640.14,2037208.59,1.575
SM-57-P1,13,477640.14,2037208.59,-6.075
SM-57-P1,13,477640.14,2037208.59,-6.3
SM-57-P1,13,477640.14,2037208.59,-6.525
SM-57-P1,13,477640.14,2037208.59,-9.675
SM-74-P3,13,480593.73,2036997.8,-16.385
SM-74-P3,13,480593.73,2036997.8,-19.985
SM-74-P3,13,480593.73,2036997.8,-26.96
SM-38-P2,13,479622.12,2036497.16,-5.66
SM-38-P2,13,479622.12,2036497.16,-12.185
SM-38-P2,13,479622.12,2036497.16,-17.135
SM-38-P2,13,479622.12,2036497.16,-19.835
SM-38-P2,13,479622.12,2036497.16,-20.06
SM-38-P2,13,479622.12,2036497.16,-20.285
SM-38-P2,13,479622.12,2036497.16,-25.46
SM-63-P1,13,477393.97,2036611.25,2.96
SM-63-P1,13,477393.97,2036611.25,-4.915
SM-63-P1,13,477393.97,2036611.25,-16.615
SM-63-P1,13,477393.97,2036611.25,-18.415
SM-63-P1,13,477393.97,2036611.25,-25.165
SM-09-B2,13,480263.7,2036758.9,-3.68
SM-09-B2,13,480263.7,2036758.9,-14.255
SM-76-P3,13,481243.38,2036665.86,0.635
SM-76-P3,13,481243.38,2036665.86,-2.065
SM-76-P3,13,481243.38,2036665.86,-2.965
SM-76-P3,13,481243.38,2036665.86,-3.865
SM-76-P3,13,481243.38,2036665.86,-8.365
SM-76-P3,13,481243.38,2036665.86,-9.715
SM-76-P3,13,481243.38,2036665.86,-13.99
SM-76-P3,13,481243.38,2036665.86,-16.015
SM-76-P3,13,481243.38,2036665.86,-16.69
SM-76-P3,13,481243.38,2036665.86,-22.315
SM-76-P3,13,481243.38,2036665.86,-23.44
SM-76-P3,13,481243.38,2036665.86,-24.115
SM-76-P3,13,481243.38,2036665.86,-25.24
SM-29-P2,13,479601.03,2037189.73,0.645
SM-29-P2,13,479601.03,2037189.73,-0.255
SM-29-P2,13,479601.03,2037189.73,-2.055
SM-29-P2,13,479601.03,2037189.73,-2.955
SM-29-P2,13,479601.03,2037189.73,-4.53
SM-29-P2,13,479601.03,2037189.73,-24.78
SM-29-P2,13,479601.03,2037189.73,-25.23
SM-22-P2,13,478599.1,2037541.17,-15.59
SM-15-P2,13,479132.63,2036864.69,-4.14
SM-15-P2,13,479132.63,2036864.69,-5.715
SM-21-P3,12.5,481503.78,2037018.87,-4.71
SM-26-P2,12.5,478399.31,2037192.67,-7.89
SM-26-P2,12.5,478399.31,2037192.67,-8.79
SM-43-P1,12.5,478112.67,2038510.48,4.47
SM-43-P1,12.5,478109.666,2038510.974,4.35
SM-40-P1,12.5,477608.176,2038623.913,-38.68
SM-40-P1,12.5,477608.176,2038623.913,-40.48
SM-32-P2,12.5,479000.45,2036846.64,-4.89
SM-73-P2,12.5,480177.03,2036206.51,-3.55
SM-73-P2,12.5,480177.03,2036206.51,-4.45
SM-68 P2,12.5,,,-4.95
SM-68 P2,12.5,,,-19.35
SM-58-P1,12.5,478010.84,2037201.06,-11.7
SM-39-P2,12.5,480204.54,2036551.45,-7.33
SM-16-P2,12.5,478795.23,2036506.72,-3.53
SM-54-P2,12.5,478894.52,2037846.9,-0.33
SM-54-P2,12.5,478894.52,2037846.9,-7.08
SM-24-P2,12.5,479387.3,2037585.89,-13.85
SM-59-P1,12.5,477834.91,2037045.31,-1.23
SM-59-P1,12.5,477834.91,2037045.31,-3.03
SM-59-P1,12.5,477834.91,2037045.31,-34.53
SM-23-P2,12.5,478975.93,2037540.89,-7.77
SM-105-P2,12.5,,,-108.9
SM-49-P1,12.5,477572.34,2038055.4,-0.83
SM-49-P1,12.5,477572.34,2038055.4,-15.23
SM-49-P1,12.5,477572.34,2038055.4,-16.58
SM-17-P2,12.5,479997.31,2036524.08,-5.08
SM-17-P2,12.5,479997.31,2036524.08,-29.83
SM-08-B1 (2),12.5,,,-6.75
SM-08-B1 (2),12.5,,,-15.75
SM-08-B1 (2),12.5,,,-16.2
SM-08-B2,12.5,480108.48,2037238.9,-2.75
SM-08-B2,12.5,480108.48,2037238.9,-6.8
SM-18-P1,12.5,477502.42,2036933.38,-8.22
SM-18-P1,12.5,477502.42,2036933.38,-29.82
SM-09-B1,4,477265.19,2036624.23,-12.715
SM-67-P1,12.5,477857.4,2036377.24,0.28
SM-35 P2,12.5,,,-4.5
SM-62 P2,12.5,,,-3.15
SM-02-B1,12.5,479959.6533,2036162.012,-2.506
SM-19-P1,12.5,477471.6,2036261.55,-1.32
SM-19-P1,12.5,477471.6,2036261.55,-5.37
SM-19-P1,12.5,477471.6,2036261.55,-35.97
SM-51-P1,12.5,477639.95,2037631.92,-7.5
SM-36-P2,12.5,478362.19,2036503.28,-10.63
SM-10-B2,12.5,480515.3,2036275.1,-3.38
SM-07-B1,12.5,477905.7673,2036203.22,-12.4164
SM-13-P2,12.5,478456.28,2037422.21,-0.86
SM-13-P2,12.5,478456.28,2037422.21,-4.46
SM-13-P2,12.5,478456.28,2037422.21,-5.81
SM-13-P2,12.5,478456.28,2037422.21,-15.26
SM-13-P2,12.5,478456.28,2037422.21,2.29
SM-66-P1,12.5,477629.99,2036277.02,1.56
SM-66-P1,12.5,477629.99,2036277.02,-16.89
SM-52-P1,12.5,478098.81,2037573.26,-18.08
SM-14-P2,12.5,479685.63,2037378.89,-22.26
SM-37-P2,12.5,479213.08,2036499.92,-3.01
SM-37-P2,12.5,479213.08,2036499.92,-3.91
SM-47-P1,12.5,478006.01,2038293.04,-17.42
SM-47-P1,12.5,478006.01,2038293.04,-17.87
SM-57-P1,12.5,477640.14,2037208.59,-5.85
SM-74-P3,12.5,480593.73,2036997.8,-19.31
SM-42-P1,12.5,477982.94,2038550.48,-19.12
SM-38-P2,12.5,479622.12,2036497.16,-15.11
SM-38-P2,12.5,479622.12,2036497.16,-20.51
SM-63-P1,12.5,477393.97,2036611.25,-4.24
SM-63-P1,12.5,477393.97,2036611.25,-6.49
SM-63-P1,12.5,477393.97,2036611.25,-7.84
SM-63-P1,12.5,477393.97,2036611.25,-17.74
SM-75-P1,12.5,477626.74,2037421.93,-7.81
SM-76-P3,12.5,481243.38,2036665.86,0.86
SM-76-P3,12.5,481243.38,2036665.86,-1.84
SM-76-P3,12.5,481243.38,2036665.86,-3.19
SM-76-P3,12.5,481243.38,2036665.86,-3.64
SM-76-P3,12.5,481243.38,2036665.86,-8.14
SM-76-P3,12.5,481243.38,2036665.86,-16.24
SM-29-P2,12.5,479601.03,2037189.73,-5.88
SM-29-P2,12.5,479601.03,2037189.73,-26.58
SM-21-P3,12,481503.78,2037018.87,-4.485
SM-21-P3,12,481503.78,2037018.87,-5.835
SM-21-P3,12,481503.78,2037018.87,-7.635
SM-21-P3,12,481503.78,2037018.87,-29.91
SM-26-P2,12,478399.31,2037192.67,0.885
SM-26-P2,12,478399.31,2037192.67,-5.865
SM-26-P2,12,478399.31,2037192.67,-8.115
SM-26-P2,12,478399.31,2037192.67,-23.415
SM-34-P2,12,479861.49,2036907.43,-8.465
SM-34-P2,12,479861.49,2036907.43,-20.615
SM-34-P2,12,479861.49,2036907.43,1.66
SM-12-B1,12,477096.67,2038479.67,-27.195
SM-43-P1,12,478112.67,2038510.48,5.145
SM-43-P1,12,478109.666,2038510.974,5.025
SM-43-P1,12,478112.67,2038510.48,4.92
SM-43-P1,12,478109.666,2038510.974,4.8
SM-43-P1,12,478112.67,2038510.48,4.695
SM-43-P1,12,478109.666,2038510.974,4.575
SM-40-P1,12,477608.176,2038623.913,1.595
SM-40-P1,12,477608.176,2038623.913,-40.255
SM-03-B1,12,479599.92,2035977.75,-6.135
SM-03-B1,12,479599.92,2035977.75,-6.36
SM-03-B1,12,479599.92,2035977.75,-6.585
SM-11-B1,12,477167.57,2037681.46,-4.22
SM-11-B1,12,477167.57,2037681.46,-6.695
SM-11-B1,12,477167.57,2037681.46,-15.245
SM-11-B1,12,477167.57,2037681.46,-17.495
SM-11-B1,12,477167.57,2037681.46,-18.395
SM-11-B1,12,477167.57,2037681.46,-20.195
SM-08-B1,12,,,-0.225
SM-08-B1,12,,,-0.9
SM-41-P1,12,477763.79,2038599.78,-11.795
SM-65-P1,12,477374.93,2036265.02,-7.865
SM-65-P1,12,477374.93,2036265.02,4.06
SM-48-P1,12,477235.12,2038040.99,-9.965
SM-48-P1,12,477235.12,2038040.99,-10.64
SM-48-P1,12,477235.12,2038040.99,-15.365
SM-30-P2,12,480015.16,2037202.47,-2.615
SM-30-P2,12,480015.16,2037202.47,-15.215
SM-73-P2,12,480177.03,2036206.51,-3.775
SM-73-P2,12,480177.03,2036206.51,-16.375
SM-73-P2,12,480177.03,2036206.51,-27.175
SM-68 P2,12,,,-2.925
SM-68 P2,12,,,-6.075
SM-68 P2,12,,,-6.3
SM-68 P2,12,,,-6.525
SM-68 P2,12,,,-11.25
SM-58-P1,12,478010.84,2037201.06,-14.85
SM-58-P1,12,478010.84,2037201.06,-16.875
SM-39-P2,12,480204.54,2036551.45,-12.505
SM-39-P2,12,480204.54,2036551.45,-14.08
SM-06-B2,12,,,-1.575
SM-06-B2,12,,,-4.275
SM-06-B2,12,,,-4.5
SM-06-B2,12,,,-4.725
SM-06-B2,12,,,-6.975
SM-06-B2,12,,,-21.375
SM-16-P2,12,478795.23,2036506.72,1.195
SM-16-P2,12,478795.23,2036506.72,-4.88
SM-16-P2,12,478795.23,2036506.72,-13.43
SM-54-P2,12,478894.52,2037846.9,1.695
SM-54-P2,12,478894.52,2037846.9,-0.105
SM-54-P2,12,478894.52,2037846.9,-2.13
SM-54-P2,12,478894.52,2037846.9,-2.805
SM-54-P2,12,478894.52,2037846.9,-4.155
SM-54-P2,12,478894.52,2037846.9,-5.505
SM-54-P2,12,478894.52,2037846.9,-9.105
SM-33-P2,12,479399.9,2036846.79,-4.185
SM-33-P2,12,479399.9,2036846.79,-4.86
SM-33-P2,12,479399.9,2036846.79,-5.31
SM-61-P1,12,478033.23,2036869.83,0.665
SM-61-P1,12,478033.23,2036869.83,0.44
SM-61-P1,12,478033.23,2036869.83,0.215
SM-05-B2,12,478555.9,2037889.6,-3.445
SM-05-B2,12,478555.9,2037889.6,-4.795
SM-05-B2,12,478555.9,2037889.6,-5.02
SM-05-B2,12,478555.9,2037889.6,-5.245
SM-05-B2,12,478555.9,2037889.6,-5.47
SM-05-B2,12,478555.9,2037889.6,-5.695
SM-05-B2,12,478555.9,2037889.6,-5.92
SM-05-B2,12,478555.9,2037889.6,-6.145
SM-24-P2,12,479387.3,2037585.89,-10.025
SM-24-P2,12,479387.3,2037585.89,-21.275
SM-04-B2,12,478139.21,2037614.8,-1.12
SM-04-B2,12,478139.21,2037614.8,-9.445
SM-04-B2,12,478139.21,2037614.8,-11.92
SM-04-B2,12,478139.21,2037614.8,-14.395
SM-50-P1,12,477300,2037635,-13.015
SM-50-P1,12,477300,2037635,-17.74
SM-31-P2,12,478600.11,2036846.19,-9.795
SM-31-P2,12,478600.11,2036846.19,-14.97
SM-27-P2,12,478831.45,2037198.64,-1.375
SM-27-P2,12,478831.45,2037198.64,-3.85
SM-59-P1,12,477834.91,2037045.31,3.495
SM-59-P1,12,477834.91,2037045.31,1.02
SM-59-P1,12,477834.91,2037045.31,-1.005
SM-59-P1,12,477834.91,2037045.31,-2.355
SM-23-P2,12,478975.93,2037540.89,1.905
SM-23-P2,12,478975.93,2037540.89,-7.995
SM-105-P2,12,,,-16.65
SM-105-P2,12,,,-20.475
SM-105-P2,12,,,-28.575
SM-105-P2,12,,,-101.475
SM-49-P1,12,477572.34,2038055.4,3.22
SM-49-P1,12,477572.34,2038055.4,-10.955
SM-49-P1,12,477572.34,2038055.4,-30.755
SM-49-P1,12,477572.34,2038055.4,-30.98
SM-49-P1,12,477572.34,2038055.4,-31.205
SM-49-P1,12,477572.34,2038055.4,-33.005
SM-17-P2,12,479997.31,2036524.08,0.77
SM-17-P2,12,479997.31,2036524.08,-13.63
SM-17-P2,12,479997.31,2036524.08,-26.455
SM-17-P2,12,479997.31,2036524.08,-28.705
SM-17-P2,12,479997.31,2036524.08,-28.93
SM-17-P2,12,479997.31,2036524.08,-29.155
SM-17-P2,12,479997.31,2036524.08,-67.405
SM-17-P2,12,479997.31,2036524.08,-40.855
SM-08-B1 (2),12,,,-4.725
SM-08-B1 (2),12,,,-5.625
SM-08-B1 (2),12,,,-15.525
SM-08-B1 (2),12,,,-16.425
SM-08-B2,12,480108.48,2037238.9,-2.975
SM-08-B2,12,480108.48,2037238.9,-6.575
SM-08-B2,12,480108.48,2037238.9,-16.025
SM-60-P1,12,477583.84,2036816.3,1.295
SM-60-P1,12,477583.84,2036816.3,-3.88
SM-60-P1,12,477583.84,2036816.3,-5.455
SM-18-P1,12,477502.42,2036933.38,1.005
SM-18-P1,12,477502.42,2036933.38,0.78
SM-18-P1,12,477502.42,2036933.38,0.555
SM-18-P1,12,477502.42,2036933.38,-0.795
SM-18-P1,12,477502.42,2036933.38,-1.02
SM-18-P1,12,477502.42,2036933.38,-1.245
SM-18-P1,12,477502.42,2036933.38,-1.47
SM-18-P1,12,477502.42,2036933.38,-1.695
SM-18-P1,12,477502.42,2036933.38,-3.495
SM-18-P1,12,477502.42,2036933.38,-6.195
SM-18-P1,12,477502.42,2036933.38,-6.87
SM-18-P1,12,477502.42,2036933.38,-9.345
SM-18-P1,12,477502.42,2036933.38,-10.695
SM-18-P1,12,477502.42,2036933.38,-16.545
SM-18-P1,12,477502.42,2036933.38,-30.045
SM-09-B1,2,477265.19,2036624.23,-12.94
SM-09-B1,0,477265.19,2036624.23,-13.165
SM-09-B1,0,477265.19,2036624.23,-13.39
SM-67-P1,12,477857.4,2036377.24,2.755
SM-67-P1,12,477857.4,2036377.24,0.505
SM-67-P1,12,477857.4,2036377.24,-1.07
SM-67-P1,12,477857.4,2036377.24,-5.12
SM-67-P1,12,477857.4,2036377.24,-5.795
SM-67-P1,12,477857.4,2036377.24,-6.02
SM-67-P1,12,477857.4,2036377.24,-6.245
SM-67-P1,12,477857.4,2036377.24,-7.595
SM-67-P1,12,477857.4,2036377.24,-19.07
SM-05-B1,46,478828.2306,2036140.498,-20.693
SM-35 P2,12,,,-0.675
SM-35 P2,12,,,-2.475
SM-35 P2,12,,,-6.525
SM-35 P2,12,,,-8.325
SM-35 P2,12,,,-10.125
SM-72-P2,12,479543.59,2036219.22,-0.61
SM-72-P2,12,479543.59,2036219.22,-2.635
SM-72-P2,12,479543.59,2036219.22,-4.435
SM-72-P2,12,479543.59,2036219.22,-10.285
SM-02-B1,12,479959.6533,2036162.012,-0.256
SM-02-B1,12,479959.6533,2036162.012,-3.181
SM-02-B1,12,479959.6533,2036162.012,-5.881
SM-02-B1,12,479959.6533,2036162.012,-15.556
SM-19-P1,12,477471.6,2036261.55,-5.145
SM-19-P1,12,477471.6,2036261.55,-5.82
SM-19-P1,12,477471.6,2036261.55,-6.945
SM-19-P1,12,477471.6,2036261.55,-15.72
SM-19-P1,12,477471.6,2036261.55,-31.245
SM-19-P1,12,477471.6,2036261.55,-33.045
SM-19-P1,12,477471.6,2036261.55,-34.62
SM-51-P1,12,477639.95,2037631.92,1.95
SM-51-P1,12,477639.95,2037631.92,-6.375
SM-51-P1,12,477639.95,2037631.92,-7.275
SM-51-P1,12,477639.95,2037631.92,-18.975
SM-36-P2,12,478362.19,2036503.28,-5.68
SM-36-P2,12,478362.19,2036503.28,-6.13
SM-10-B2,12,480515.3,2036275.1,-3.155
SM-10-B2,12,480515.3,2036275.1,-4.73
SM-07-B1,12,477905.7673,2036203.22,-0.2664
SM-07-B1,12,477905.7673,2036203.22,-5.4414
SM-07-B1,12,477905.7673,2036203.22,-11.7414
SM-07-B1,12,477905.7673,2036203.22,-11.9664
SM-07-B1,12,477905.7673,2036203.22,-12.1914
SM-07-B1,12,477905.7673,2036203.22,-18.4914
SM-55-P2,12,479329.18,2037687.79,-14.215
SM-55-P2,12,479329.18,2037687.79,-36.715
SM-13-P2,12,478456.28,2037422.21,-0.185
SM-13-P2,12,478456.28,2037422.21,-0.41
SM-13-P2,12,478456.28,2037422.21,-0.635
SM-13-P2,12,478456.28,2037422.21,-1.31
SM-13-P2,12,478456.28,2037422.21,-1.76
SM-25-P2,12,479793.28,2037531.65,-1.625
SM-25-P2,12,479793.28,2037531.65,-1.85
SM-25-P2,12,479793.28,2037531.65,-2.075
SM-25-P2,12,479793.28,2037531.65,-6.575
SM-25-P2,12,479793.28,2037531.65,-12.875
SM-25-P2,12,479793.28,2037531.65,-17.6
SM-66-P1,12,477629.99,2036277.02,1.335
SM-66-P1,12,477629.99,2036277.02,-17.115
SM-66-P1,12,477629.99,2036277.02,-18.015
SM-52-P1,12,478098.81,2037573.26,3.07
SM-52-P1,12,478098.81,2037573.26,2.62
SM-52-P1,12,478098.81,2037573.26,-5.48
SM-52-P1,12,478098.81,2037573.26,-9.08
SM-10-B1,12,477226.3,2037121.54,-11.825
SM-10-B1,12,477226.3,2037121.54,-13.175
SM-14-P2,12,479685.63,2037378.89,-4.71
SM-14-P2,12,479685.63,2037378.89,-19.335
SM-14-P2,12,479685.63,2037378.89,-21.585
SM-14-P2,12,479685.63,2037378.89,-21.81
SM-14-P2,12,479685.63,2037378.89,-22.035
SM-14-P2,12,479685.63,2037378.89,-23.61
SM-37-P2,12,479213.08,2036499.92,-1.435
SM-37-P2,12,479213.08,2036499.92,-5.485
SM-37-P2,12,479213.08,2036499.92,-7.06
SM-37-P2,12,479213.08,2036499.92,-8.185
SM-70-P3,12,481498.09,2036695.19,-10.755
SM-47-P1,12,478006.01,2038293.04,1.705
SM-47-P1,12,478006.01,2038293.04,1.48
SM-47-P1,12,478006.01,2038293.04,1.255
SM-47-P1,12,478006.01,2038293.04,-15.62
SM-47-P1,12,478006.01,2038293.04,-16.745
SM-47-P1,12,478006.01,2038293.04,-16.97
SM-47-P1,12,478006.01,2038293.04,-17.195
SM-47-P1,12,478006.01,2038293.04,-18.095
SM-28 P2,12,,,-2.025
SM-28 P2,12,,,-8.775
SM-28 P2,12,,,-16.875
SM-28 P2,12,,,-18.225
SM-07-B2,12,,,-2.475
SM-07-B2,12,,,-7.425
SM-01-B1,12,480286.37,2036030.34,-5.43
SM-20-P1,12,477576.5,2038152.22,2.385
SM-20-P1,12,477574.978,2038153.565,2.315
SM-20-P1,12,477576.5,2038152.22,-11.34
SM-20-P1,12,477574.978,2038153.565,-11.41
SM-20-P1,12,477576.5,2038152.22,-11.79
SM-20-P1,12,477574.978,2038153.565,-11.86
SM-20-P1,12,477576.5,2038152.22,-12.915
SM-20-P1,12,477574.978,2038153.565,-12.985
SM-69-P2,12,478614.71,2036398.52,-6.715
SM-57-P1,12,477640.14,2037208.59,-2.925
SM-57-P1,12,477640.14,2037208.59,-3.15
SM-57-P1,12,477640.14,2037208.59,-3.375
SM-57-P1,12,477640.14,2037208.59,-5.625
SM-57-P1,12,477640.14,2037208.59,-18.225
SM-74-P3,12,480593.73,2036997.8,-17.285
SM-74-P3,12,480593.73,2036997.8,-21.11
SM-74-P3,12,480593.73,2036997.8,-23.135
SM-74-P3,12,480593.73,2036997.8,-24.035
SM-74-P3,12,480593.73,2036997.8,-24.935
SM-74-P3,12,480593.73,2036997.8,-27.41
SM-38-P2,12,479622.12,2036497.16,-5.21
SM-38-P2,12,479622.12,2036497.16,-6.335
SM-38-P2,12,479622.12,2036497.16,-18.935
SM-38-P2,12,479622.12,2036497.16,-19.61
SM-38-P2,12,479622.12,2036497.16,-20.735
SM-38-P2,12,479622.12,2036497.16,-23.21
SM-38-P2,12,479622.12,2036497.16,-25.235
SM-63-P1,12,477393.97,2036611.25,3.185
SM-63-P1,12,477393.97,2036611.25,-5.14
SM-63-P1,12,477393.97,2036611.25,-5.815
SM-63-P1,12,477393.97,2036611.25,-18.19
SM-63-P1,12,477393.97,2036611.25,-29.215
SM-75-P1,12,477626.74,2037421.93,0.965
SM-75-P1,12,477626.74,2037421.93,-1.285
SM-75-P1,12,477626.74,2037421.93,-1.96
SM-75-P1,12,477626.74,2037421.93,-2.41
SM-75-P1,12,477626.74,2037421.93,-2.86
SM-75-P1,12,477626.74,2037421.93,-5.335
SM-75-P1,12,477626.74,2037421.93,-8.935
SM-75-P1,12,477626.74,2037421.93,-17.035
SM-09-B2,12,480263.7,2036758.9,-4.355
SM-76-P3,12,481243.38,2036665.86,1.085
SM-76-P3,12,481243.38,2036665.86,-1.615
SM-76-P3,12,481243.38,2036665.86,-3.415
SM-76-P3,12,481243.38,2036665.86,-7.915
SM-76-P3,12,481243.38,2036665.86,-14.215
SM-76-P3,12,481243.38,2036665.86,-16.465
SM-76-P3,12,481243.38,2036665.86,-23.215
SM-76-P3,12,481243.38,2036665.86,-25.465
SM-76-P3,12,481243.38,2036665.86,-35.815
SM-29-P2,12,479601.03,2037189.73,-1.38
SM-29-P2,12,479601.03,2037189.73,-3.63
SM-29-P2,12,479601.03,2037189.73,-7.005
SM-29-P2,12,479601.03,2037189.73,-8.805
SM-29-P2,12,479601.03,2037189.73,-16.68
SM-29-P2,12,479601.03,2037189.73,-25.905
SM-22-P2,12,478599.1,2037541.17,-2.315
SM-22-P2,12,478599.1,2037541.17,-5.465
SM-22-P2,12,478599.1,2037541.17,-6.14
SM-22-P2,12,478599.1,2037541.17,-10.415
SM-22-P2,12,478599.1,2037541.17,-10.64
SM-22-P2,12,478599.1,2037541.17,-10.865
SM-22-P2,12,478599.1,2037541.17,-15.365
SM-22-P2,12,478599.1,2037541.17,-32.915
SM-22-P2,12,478599.1,2037541.17,-34.715
SM-15-P2,12,479132.63,2036864.69,-5.49
SM-21-P3,11.5,481503.78,2037018.87,-4.26
SM-21-P3,11.5,481503.78,2037018.87,-7.41
SM-26-P2,11.5,478399.31,2037192.67,-4.29
SM-26-P2,11.5,478399.31,2037192.67,-5.64
SM-26-P2,11.5,478399.31,2037192.67,-15.09
SM-34-P2,11.5,479861.49,2036907.43,-5.99
SM-34-P2,11.5,479861.49,2036907.43,-8.69
SM-34-P2,11.5,479861.49,2036907.43,-15.89
SM-34-P2,11.5,479861.49,2036907.43,-16.34
SM-34-P2,11.5,479861.49,2036907.43,-23.54
SM-34-P2,11.5,479861.49,2036907.43,-25.79
SM-12-B1,11.5,477096.67,2038479.67,-7.17
SM-40-P1,11.5,477608.176,2038623.913,1.37
SM-40-P1,11.5,477608.176,2038623.913,-39.58
SM-03-B1,11.5,479599.92,2035977.75,-4.56
SM-11-B1,11.5,477167.57,2037681.46,-15.47
SM-11-B1,11.5,477167.57,2037681.46,-17.72
SM-11-B1,11.5,477167.57,2037681.46,-18.17
SM-65-P1,11.5,477374.93,2036265.02,-28.79
SM-65-P1,11.5,477374.93,2036265.02,-29.24
SM-65-P1,11.5,477374.93,2036265.02,-30.14
SM-48-P1,11.5,477235.12,2038040.99,-13.79
SM-30-P2,11.5,480015.16,2037202.47,-5.99
SM-68 P2,11.5,,,-3.15
SM-39-P2,11.5,480204.54,2036551.45,-12.28
SM-39-P2,11.5,480204.54,2036551.45,-13.63
SM-06-B2,11.5,,,-3.6
SM-06-B2,11.5,,,-13.5
SM-16-P2,11.5,478795.23,2036506.72,-12.53
SM-61-P1,11.5,478033.23,2036869.83,-0.91
SM-61-P1,11.5,478033.23,2036869.83,-3.61
SM-31-P2,11.5,478600.11,2036846.19,1.68
SM-31-P2,11.5,478600.11,2036846.19,-5.97
SM-59-P1,11.5,477834.91,2037045.31,-0.78
SM-23-P2,11.5,478975.93,2037540.89,0.78
SM-23-P2,11.5,478975.93,2037540.89,-9.57
SM-04-B1,11.5,479321.627,2036184.495,-8.3245
SM-17-P2,11.5,479997.31,2036524.08,-7.78
SM-17-P2,11.5,479997.31,2036524.08,-15.88
SM-17-P2,11.5,479997.31,2036524.08,-20.38
SM-08-B1 (2),11.5,,,-5.85
SM-08-B2,11.5,480108.48,2037238.9,-4.1
SM-08-B2,11.5,480108.48,2037238.9,-6.35
SM-08-B2,11.5,480108.48,2037238.9,-16.25
SM-60-P1,11.5,477583.84,2036816.3,-3.43
SM-18-P1,11.5,477502.42,2036933.38,-1.92
SM-18-P1,11.5,477502.42,2036933.38,-9.57
SM-09-B1,0,477265.19,2036624.23,-13.615
SM-09-B1,0,477265.19,2036624.23,-13.84
SM-67-P1,11.5,477857.4,2036377.24,-6.47
SM-67-P1,11.5,477857.4,2036377.24,-7.37
SM-67-P1,11.5,477857.4,2036377.24,-7.82
SM-67-P1,11.5,477857.4,2036377.24,-19.97
SM-35 P2,11.5,,,-10.35
SM-62 P2,11.5,,,-2.25
SM-02-B1,11.5,479959.6533,2036162.012,-0.706
SM-02-B1,11.5,479959.6533,2036162.012,-1.156
SM-51-P1,11.5,477639.95,2037631.92,1.05
SM-51-P1,11.5,477639.95,2037631.92,-6.15
SM-51-P1,11.5,477639.95,2037631.92,-11.55
SM-36-P2,11.5,478362.19,2036503.28,-4.78
SM-10-B2,11.5,480515.3,2036275.1,-14.18
SM-66-P1,11.5,477629.99,2036277.02,2.01
SM-10-B1,11.5,477226.3,2037121.54,-0.8
SM-10-B1,11.5,477226.3,2037121.54,-3.95
SM-53-P2,11.5,478414.1,2037512.4,-8.69
SM-14-P2,11.5,479685.63,2037378.89,-24.06
SM-37-P2,11.5,479213.08,2036499.92,-0.76
SM-47-P1,11.5,478006.01,2038293.04,-18.32
SM-28 P2,11.5,,,-17.1
SM-07-B2,11.5,,,-2.25
SM-07-B2,11.5,,,-3.15
SM-20-P1,11.5,477576.5,2038152.22,-12.69
SM-20-P1,11.5,477574.978,2038153.565,-12.76
SM-69-P2,11.5,478614.71,2036398.52,-6.94
SM-69-P2,11.5,478614.71,2036398.52,-15.04
SM-57-P1,11.5,477640.14,2037208.59,1.35
SM-57-P1,11.5,477640.14,2037208.59,-5.4
SM-74-P3,11.5,480593.73,2036997.8,-16.16
SM-74-P3,11.5,480593.73,2036997.8,-19.76
SM-38-P2,11.5,479622.12,2036497.16,-19.16
SM-63-P1,11.5,477393.97,2036611.25,-5.59
SM-63-P1,11.5,477393.97,2036611.25,-6.04
SM-63-P1,11.5,477393.97,2036611.25,-17.29
SM-63-P1,11.5,477393.97,2036611.25,-29.44
SM-75-P1,11.5,477626.74,2037421.93,0.74
SM-75-P1,11.5,477626.74,2037421.93,-0.61
SM-75-P1,11.5,477626.74,2037421.93,-3.76
SM-75-P1,11.5,477626.74,2037421.93,-9.61
SM-75-P1,11.5,477626.74,2037421.93,-10.51
SM-76-P3,11.5,481243.38,2036665.86,-0.04
SM-76-P3,11.5,481243.38,2036665.86,-1.39
SM-29-P2,11.5,479601.03,2037189.73,-25.68
SM-29-P2,11.5,479601.03,2037189.73,-26.13
SM-22-P2,11.5,478599.1,2037541.17,-5.24
SM-22-P2,11.5,478599.1,2037541.17,-10.19
SM-21-P3,11,481503.78,2037018.87,-4.035
SM-21-P3,11,481503.78,2037018.87,-7.185
SM-21-P3,11,481503.78,2037018.87,-7.86
SM-21-P3,11,481503.78,2037018.87,-8.535
SM-21-P3,11,481503.78,2037018.87,-29.235
SM-21-P3,11,481503.78,2037018.87,-29.46
SM-21-P3,11,481503.78,2037018.87,-29.685
SM-26-P2,11,478399.31,2037192.67,-3.615
SM-26-P2,11,478399.31,2037192.67,-5.415
SM-26-P2,11,478399.31,2037192.67,-7.44
SM-26-P2,11,478399.31,2037192.67,-9.015
SM-26-P2,11,478399.31,2037192.67,-22.515
SM-26-P2,11,478399.31,2037192.67,-23.19
SM-34-P2,11,479861.49,2036907.43,0.535
SM-34-P2,11,479861.49,2036907.43,-3.965
SM-34-P2,11,479861.49,2036907.43,-8.24
SM-34-P2,11,479861.49,2036907.43,-8.915
SM-34-P2,11,479861.49,2036907.43,-13.865
SM-34-P2,11,479861.49,2036907.43,-26.24
SM-12-B1,11,477096.67,2038479.67,-12.345
SM-40-P1,11,477608.176,2038623.913,1.145
SM-40-P1,11,477608.176,2038623.913,0.92
SM-40-P1,11,477608.176,2038623.913,0.695
SM-03-B1,11,479599.92,2035977.75,-3.885
SM-03-B1,11,479599.92,2035977.75,-5.235
SM-03-B1,11,479599.92,2035977.75,-6.81
SM-03-B1,11,479599.92,2035977.75,-9.51
SM-11-B1,11,477167.57,2037681.46,-12.545
SM-11-B1,11,477167.57,2037681.46,-15.695
SM-11-B1,11,477167.57,2037681.46,-17.945
SM-11-B1,11,477167.57,2037681.46,-19.97
SM-08-B1,11,,,-0.45
SM-08-B1,11,,,-7.875
SM-41-P1,11,477763.79,2038599.78,-7.52
SM-41-P1,11,477763.79,2038599.78,-15.395
SM-41-P1,11,477763.79,2038599.78,-16.295
SM-32-P2,11,479000.45,2036846.64,-5.565
SM-65-P1,11,477374.93,2036265.02,-0.665
SM-30-P2,11,480015.16,2037202.47,0.985
SM-30-P2,11,480015.16,2037202.47,-0.815
SM-30-P2,11,480015.16,2037202.47,-4.415
SM-30-P2,11,480015.16,2037202.47,-14.99
SM-73-P2,11,480177.03,2036206.51,-1.075
SM-73-P2,11,480177.03,2036206.51,-1.3
SM-73-P2,11,480177.03,2036206.51,-1.525
SM-73-P2,11,480177.03,2036206.51,-2.65
SM-73-P2,11,480177.03,2036206.51,-4
SM-73-P2,11,480177.03,2036206.51,-8.95
SM-68 P2,11,,,-0.225
SM-68 P2,11,,,-1.35
SM-68 P2,11,,,-3.375
SM-58-P1,11,478010.84,2037201.06,-1.575
SM-58-P1,11,478010.84,2037201.06,-1.8
SM-58-P1,11,478010.84,2037201.06,-2.025
SM-58-P1,11,478010.84,2037201.06,-11.925
SM-58-P1,11,478010.84,2037201.06,-13.275
SM-39-P2,11,480204.54,2036551.45,-3.055
SM-39-P2,11,480204.54,2036551.45,-4.405
SM-39-P2,11,480204.54,2036551.45,-8.455
SM-39-P2,11,480204.54,2036551.45,-12.055
SM-39-P2,11,480204.54,2036551.45,-14.755
SM-06-B2,11,,,-7.65
SM-16-P2,11,478795.23,2036506.72,-3.755
SM-16-P2,11,478795.23,2036506.72,-4.655
SM-16-P2,11,478795.23,2036506.72,-5.33
SM-54-P2,11,478894.52,2037846.9,-4.38
SM-61-P1,11,478033.23,2036869.83,2.24
SM-05-B2,11,478555.9,2037889.6,-0.745
SM-05-B2,11,478555.9,2037889.6,-17.62
SM-24-P2,11,479387.3,2037585.89,-8.45
SM-24-P2,11,479387.3,2037585.89,-11.375
SM-24-P2,11,479387.3,2037585.89,-13.625
SM-04-B2,11,478139.21,2037614.8,-11.695
SM-50-P1,11,477300,2037635,-8.515
SM-50-P1,11,477300,2037635,-31.465
SM-27-P2,11,478831.45,2037198.64,-0.25
SM-27-P2,11,478831.45,2037198.64,-2.725
SM-27-P2,11,478831.45,2037198.64,-3.625
SM-27-P2,11,478831.45,2037198.64,-8.8
SM-27-P2,11,478831.45,2037198.64,-14.425
SM-27-P2,11,478831.45,2037198.64,-17.125
SM-59-P1,11,477834.91,2037045.31,0.57
SM-59-P1,11,477834.91,2037045.31,0.12
SM-59-P1,11,477834.91,2037045.31,-0.555
SM-59-P1,11,477834.91,2037045.31,-3.255
SM-59-P1,11,477834.91,2037045.31,-15.405
SM-23-P2,11,478975.93,2037540.89,-16.995
SM-105-P2,11,,,-16.2
SM-105-P2,11,,,-17.55
SM-49-P1,11,477572.34,2038055.4,-9.605
SM-49-P1,11,477572.34,2038055.4,-13.205
SM-49-P1,11,477572.34,2038055.4,-15.005
SM-49-P1,11,477572.34,2038055.4,-21.53
SM-49-P1,11,477572.34,2038055.4,-37.505
SM-04-B1,11,479321.627,2036184.495,-4.9495
SM-04-B1,11,479321.627,2036184.495,-15.5245
SM-17-P2,11,479997.31,2036524.08,0.995
SM-17-P2,11,479997.31,2036524.08,0.32
SM-17-P2,11,479997.31,2036524.08,-13.405
SM-08-B1 (2),11,,,-6.075
SM-08-B1 (2),11,,,-8.775
SM-08-B2,11,480108.48,2037238.9,-4.55
SM-08-B2,11,480108.48,2037238.9,-5
SM-08-B2,11,480108.48,2037238.9,-5.675
SM-08-B2,11,480108.48,2037238.9,-5.9
SM-08-B2,11,480108.48,2037238.9,-6.125
SM-08-B2,11,480108.48,2037238.9,-15.125
SM-08-B2,11,480108.48,2037238.9,-15.8
SM-08-B2,11,480108.48,2037238.9,-16.475
SM-08-B2,11,480108.48,2037238.9,-20.975
SM-60-P1,11,477583.84,2036816.3,-1.855
SM-60-P1,11,477583.84,2036816.3,-4.555
SM-18-P1,11,477502.42,2036933.38,-2.145
SM-18-P1,11,477502.42,2036933.38,-2.82
SM-18-P1,11,477502.42,2036933.38,-3.72
SM-18-P1,11,477502.42,2036933.38,-5.97
SM-18-P1,11,477502.42,2036933.38,-6.42
SM-18-P1,11,477502.42,2036933.38,-9.795
SM-18-P1,11,477502.42,2036933.38,-10.47
SM-18-P1,11,477502.42,2036933.38,-30.945
SM-09-B1,0,477265.19,2036624.23,-14.065
SM-09-B1,3.5,477265.19,2036624.23,-14.29
SM-09-B1,7,477265.19,2036624.23,-14.515
SM-67-P1,11,477857.4,2036377.24,-4.445
SM-67-P1,11,477857.4,2036377.24,-6.695
SM-67-P1,11,477857.4,2036377.24,-6.92
SM-67-P1,11,477857.4,2036377.24,-7.145
SM-67-P1,11,477857.4,2036377.24,-8.045
SM-67-P1,11,477857.4,2036377.24,-12.995
SM-05-B1,41.5,478828.2306,2036140.498,-20.918
SM-05-B1,37,478828.2306,2036140.498,-21.143
SM-05-B1,37,478828.2306,2036140.498,-21.368
SM-35 P2,11,,,-0.45
SM-35 P2,11,,,-0.9
SM-35 P2,11,,,-1.575
SM-35 P2,11,,,-5.625
SM-35 P2,11,,,-10.575
SM-35 P2,11,,,-21.825
SM-62 P2,11,,,-3.375
SM-62 P2,11,,,-3.6
SM-62 P2,11,,,-3.825
SM-62 P2,11,,,-16.875
SM-72-P2,11,479543.59,2036219.22,-1.285
SM-72-P2,11,479543.59,2036219.22,-2.86
SM-02-B1,11,479959.6533,2036162.012,-1.831
SM-02-B1,11,479959.6533,2036162.012,-2.956
SM-19-P1,11,477471.6,2036261.55,-0.645
SM-19-P1,11,477471.6,2036261.55,-6.045
SM-51-P1,11,477639.95,2037631.92,-5.475
SM-51-P1,11,477639.95,2037631.92,-5.7
SM-51-P1,11,477639.95,2037631.92,-5.925
SM-36-P2,11,478362.19,2036503.28,-5.905
SM-36-P2,11,478362.19,2036503.28,-7.93
SM-55-P2,11,479329.18,2037687.79,-2.965
SM-55-P2,11,479329.18,2037687.79,-3.865
SM-13-P2,11,478456.28,2037422.21,0.715
SM-13-P2,11,478456.28,2037422.21,-1.535
SM-13-P2,11,478456.28,2037422.21,-3.335
SM-13-P2,11,478456.28,2037422.21,-3.56
SM-13-P2,11,478456.28,2037422.21,-3.785
SM-13-P2,11,478456.28,2037422.21,-6.035
SM-13-P2,11,478456.28,2037422.21,-6.935
SM-13-P2,11,478456.28,2037422.21,-7.835
SM-13-P2,11,478456.28,2037422.21,-8.06
SM-13-P2,11,478456.28,2037422.21,-8.285
SM-13-P2,11,478456.28,2037422.21,-10.085
SM-13-P2,11,478456.28,2037422.21,-16.61
SM-25-P2,11,479793.28,2037531.65,-3.2
SM-25-P2,11,479793.28,2037531.65,-17.375
SM-06-B1,11,478330.36,2036080.3,-3.48
SM-06-B1,11,478330.36,2036080.3,-5.055
SM-06-B1,11,478330.36,2036080.3,-5.73
SM-52-P1,11,478098.81,2037573.26,3.295
SM-52-P1,11,478098.81,2037573.26,2.395
SM-10-B1,11,477226.3,2037121.54,-2.15
SM-10-B1,11,477226.3,2037121.54,-3.5
SM-10-B1,11,477226.3,2037121.54,-5.525
SM-53-P2,11,478414.1,2037512.4,-3.065
SM-53-P2,11,478414.1,2037512.4,-12.515
SM-53-P2,11,478414.1,2037512.4,-16.115
SM-14-P2,11,479685.63,2037378.89,-5.16
SM-14-P2,11,479685.63,2037378.89,-15.285
SM-14-P2,11,479685.63,2037378.89,-23.385
SM-37-P2,11,479213.08,2036499.92,-1.66
SM-37-P2,11,479213.08,2036499.92,-2.56
SM-37-P2,11,479213.08,2036499.92,-3.685
SM-37-P2,11,479213.08,2036499.92,-25.735
SM-47-P1,11,478006.01,2038293.04,14.08
SM-47-P1,11,478006.01,2038293.04,4.855
SM-47-P1,11,478006.01,2038293.04,-15.395
SM-47-P1,11,478006.01,2038293.04,-18.545
SM-47-P1,11,478006.01,2038293.04,14.98
SM-28 P2,11,,,-3.825
SM-28 P2,11,,,-4.05
SM-28 P2,11,,,-4.275
SM-28 P2,11,,,-17.325
SM-07-B2,11,,,-2.025
SM-07-B2,11,,,-5.175
SM-07-B2,11,,,-5.4
SM-07-B2,11,,,-5.625
SM-01-B1,11,480286.37,2036030.34,-0.93
SM-01-B1,11,480286.37,2036030.34,-4.98
SM-20-P1,11,477576.5,2038152.22,-8.865
SM-20-P1,11,477574.978,2038153.565,-8.935
SM-20-P1,11,477576.5,2038152.22,-12.465
SM-20-P1,11,477574.978,2038153.565,-12.535
SM-20-P1,11,477576.5,2038152.22,-35.865
SM-20-P1,11,477574.978,2038153.565,-35.935
SM-69-P2,11,478614.71,2036398.52,-7.165
SM-69-P2,11,478614.71,2036398.52,-12.565
SM-57-P1,11,477640.14,2037208.59,-1.575
SM-57-P1,11,477640.14,2037208.59,-5.175
SM-57-P1,11,477640.14,2037208.59,-12.6
SM-74-P3,11,480593.73,2036997.8,-20.21
SM-38-P2,11,479622.12,2036497.16,-6.11
SM-38-P2,11,479622.12,2036497.16,-19.385
SM-38-P2,11,479622.12,2036497.16,-22.535
SM-63-P1,11,477393.97,2036611.25,-4.015
SM-63-P1,11,477393.97,2036611.25,-5.365
SM-63-P1,11,477393.97,2036611.25,-6.265
SM-63-P1,11,477393.97,2036611.25,-8.065
SM-63-P1,11,477393.97,2036611.25,-16.39
SM-63-P1,11,477393.97,2036611.25,-16.84
SM-63-P1,11,477393.97,2036611.25,-17.965
SM-63-P1,11,477393.97,2036611.25,-29.665
SM-63-P1,11,477393.97,2036611.25,-45.865
SM-75-P1,11,477626.74,2037421.93,0.515
SM-75-P1,11,477626.74,2037421.93,0.29
SM-75-P1,11,477626.74,2037421.93,0.065
SM-75-P1,11,477626.74,2037421.93,-1.51
SM-75-P1,11,477626.74,2037421.93,-3.31
SM-75-P1,11,477626.74,2037421.93,-8.71
SM-09-B2,11,480263.7,2036758.9,-3.005
SM-09-B2,11,480263.7,2036758.9,-4.13
SM-76-P3,11,481243.38,2036665.86,0.41
SM-76-P3,11,481243.38,2036665.86,-1.165
SM-76-P3,11,481243.38,2036665.86,-12.64
SM-76-P3,11,481243.38,2036665.86,-14.44
SM-76-P3,11,481243.38,2036665.86,-15.115
SM-76-P3,11,481243.38,2036665.86,-35.14
SM-29-P2,11,479601.03,2037189.73,-4.305
SM-29-P2,11,479601.03,2037189.73,-6.105
SM-29-P2,11,479601.03,2037189.73,-12.855
SM-29-P2,11,479601.03,2037189.73,-14.205
SM-29-P2,11,479601.03,2037189.73,-15.105
SM-29-P2,11,479601.03,2037189.73,-15.33
SM-29-P2,11,479601.03,2037189.73,-15.555
SM-29-P2,11,479601.03,2037189.73,-15.78
SM-29-P2,11,479601.03,2037189.73,-16.005
SM-29-P2,11,479601.03,2037189.73,-23.655
SM-29-P2,11,479601.03,2037189.73,-24.555
SM-29-P2,11,479601.03,2037189.73,-25.455
SM-29-P2,11,479601.03,2037189.73,-26.355
SM-22-P2,11,478599.1,2037541.17,1.735
SM-22-P2,11,478599.1,2037541.17,-2.54
SM-22-P2,11,478599.1,2037541.17,-3.215
SM-22-P2,11,478599.1,2037541.17,-5.015
SM-22-P2,11,478599.1,2037541.17,-6.815
SM-22-P2,11,478599.1,2037541.17,-8.165
SM-22-P2,11,478599.1,2037541.17,-8.39
SM-22-P2,11,478599.1,2037541.17,-8.615
SM-22-P2,11,478599.1,2037541.17,-9.965
SM-22-P2,11,478599.1,2037541.17,-33.815
SM-15-P2,11,479132.63,2036864.69,-3.465
SM-15-P2,11,479132.63,2036864.69,-5.265
SM-21-P3,10.5,481503.78,2037018.87,-6.06
SM-21-P3,10.5,481503.78,2037018.87,-8.31
SM-21-P3,10.5,481503.78,2037018.87,-29.01
SM-26-P2,10.5,478399.31,2037192.67,1.11
SM-26-P2,10.5,478399.31,2037192.67,0.66
SM-26-P2,10.5,478399.31,2037192.67,-6.09
SM-26-P2,10.5,478399.31,2037192.67,-22.74
SM-34-P2,10.5,479861.49,2036907.43,0.76
SM-34-P2,10.5,479861.49,2036907.43,-4.19
SM-34-P2,10.5,479861.49,2036907.43,-6.44
SM-40-P1,10.5,477608.176,2038623.913,-37.78
SM-03-B1,10.5,479599.92,2035977.75,-13.11
SM-65-P1,10.5,477374.93,2036265.02,-0.44
SM-30-P2,10.5,480015.16,2037202.47,-3.74
SM-68 P2,10.5,,,-18.9
SM-39-P2,10.5,480204.54,2036551.45,-14.53
SM-06-B2,10.5,,,-8.55
SM-61-P1,10.5,478033.23,2036869.83,0.89
SM-05-B2,10.5,478555.9,2037889.6,-1.42
SM-59-P1,10.5,477834.91,2037045.31,-10.68
SM-59-P1,10.5,477834.91,2037045.31,-15.18
SM-23-P2,10.5,478975.93,2037540.89,-2.37
SM-49-P1,10.5,477572.34,2038055.4,-5.33
SM-49-P1,10.5,477572.34,2038055.4,-10.73
SM-17-P2,10.5,479997.31,2036524.08,-12.28
SM-08-B1 (2),10.5,,,-4.95
SM-08-B1 (2),10.5,,,-5.4
SM-08-B1 (2),10.5,,,-8.55
SM-08-B1 (2),10.5,,,-9.45
SM-08-B2,10.5,480108.48,2037238.9,-15.35
SM-60-P1,10.5,477583.84,2036816.3,-1.63
SM-60-P1,10.5,477583.84,2036816.3,-4.33
SM-18-P1,10.5,477502.42,2036933.38,1.68
SM-18-P1,10.5,477502.42,2036933.38,-10.02
SM-18-P1,10.5,477502.42,2036933.38,-36.12
SM-09-B1,9,477265.19,2036624.23,-14.74
SM-67-P1,10.5,477857.4,2036377.24,0.73
SM-67-P1,10.5,477857.4,2036377.24,-4.67
SM-67-P1,10.5,477857.4,2036377.24,-18.17
SM-67-P1,10.5,477857.4,2036377.24,-22.67
SM-35 P2,10.5,,,-1.35
SM-35 P2,10.5,,,-9
SM-62 P2,10.5,,,-17.1
SM-72-P2,10.5,479543.59,2036219.22,-2.41
SM-02-B1,10.5,479959.6533,2036162.012,-1.606
SM-19-P1,10.5,477471.6,2036261.55,0.48
SM-19-P1,10.5,477471.6,2036261.55,-0.42
SM-19-P1,10.5,477471.6,2036261.55,-33.27
SM-51-P1,10.5,477639.95,2037631.92,-13.35
SM-51-P1,10.5,477639.95,2037631.92,-18.75
SM-51-P1,10.5,477639.95,2037631.92,-36.75
SM-10-B2,10.5,480515.3,2036275.1,-1.13
SM-10-B2,10.5,480515.3,2036275.1,-2.93
SM-10-B2,10.5,480515.3,2036275.1,-3.83
SM-07-B1,10.5,477905.7673,2036203.22,-5.2164
SM-55-P2,10.5,479329.18,2037687.79,-2.74
SM-55-P2,10.5,479329.18,2037687.79,-4.09
SM-13-P2,10.5,478456.28,2037422.21,0.04
SM-13-P2,10.5,478456.28,2037422.21,-5.36
SM-13-P2,10.5,478456.28,2037422.21,-7.16
SM-13-P2,10.5,478456.28,2037422.21,-7.61
SM-13-P2,10.5,478456.28,2037422.21,-8.51
SM-25-P2,10.5,479793.28,2037531.65,-2.75
SM-66-P1,10.5,477629.99,2036277.02,3.36
SM-10-B1,10.5,477226.3,2037121.54,-4.4
SM-53-P2,10.5,478414.1,2037512.4,-3.29
SM-53-P2,10.5,478414.1,2037512.4,-5.09
SM-14-P2,10.5,479685.63,2037378.89,-13.71
SM-14-P2,10.5,479685.63,2037378.89,-15.06
SM-14-P2,10.5,479685.63,2037378.89,-15.51
SM-47-P1,10.5,478006.01,2038293.04,-15.17
SM-47-P1,10.5,478006.01,2038293.04,-16.07
SM-28 P2,10.5,,,-0.9
SM-28 P2,10.5,,,-18
SM-01-B1,10.5,480286.37,2036030.34,-0.48
SM-01-B1,10.5,480286.37,2036030.34,-3.63
SM-20-P1,10.5,477576.5,2038152.22,2.16
SM-20-P1,10.5,477574.978,2038153.565,2.09
SM-69-P2,10.5,478614.71,2036398.52,-8.29
SM-57-P1,10.5,477640.14,2037208.59,-1.8
SM-57-P1,10.5,477640.14,2037208.59,-2.7
SM-57-P1,10.5,477640.14,2037208.59,-4.05
SM-57-P1,10.5,477640.14,2037208.59,-4.95
SM-74-P3,10.5,480593.73,2036997.8,-17.96
SM-74-P3,10.5,480593.73,2036997.8,-23.36
SM-74-P3,10.5,480593.73,2036997.8,-23.81
SM-38-P2,10.5,479622.12,2036497.16,-11.96
SM-38-P2,10.5,479622.12,2036497.16,-22.31
SM-38-P2,10.5,479622.12,2036497.16,-22.76
SM-63-P1,10.5,477393.97,2036611.25,1.61
SM-63-P1,10.5,477393.97,2036611.25,-3.79
SM-63-P1,10.5,477393.97,2036611.25,-28.99
SM-76-P3,10.5,481243.38,2036665.86,-14.89
SM-76-P3,10.5,481243.38,2036665.86,-37.39
SM-29-P2,10.5,479601.03,2037189.73,-4.08
SM-22-P2,10.5,478599.1,2037541.17,-2.99
SM-22-P2,10.5,478599.1,2037541.17,-7.04
SM-22-P2,10.5,478599.1,2037541.17,-8.84
SM-22-P2,10.5,478599.1,2037541.17,-9.74
SM-22-P2,10.5,478599.1,2037541.17,-15.14
SM-22-P2,10.5,478599.1,2037541.17,-16.04
SM-15-P2,10.5,479132.63,2036864.69,-3.24
SM-15-P2,10.5,479132.63,2036864.69,-3.69
SM-21-P3,10,481503.78,2037018.87,-3.81
SM-21-P3,10,481503.78,2037018.87,-6.96
SM-21-P3,10,481503.78,2037018.87,-8.085
SM-21-P3,10,481503.78,2037018.87,-28.785
SM-26-P2,10,478399.31,2037192.67,-2.265
SM-26-P2,10,478399.31,2037192.67,-3.39
SM-26-P2,10,478399.31,2037192.67,-3.84
SM-26-P2,10,478399.31,2037192.67,-6.765
SM-26-P2,10,478399.31,2037192.67,-20.265
SM-26-P2,10,478399.31,2037192.67,-20.49
SM-26-P2,10,478399.31,2037192.67,-20.715
SM-26-P2,10,478399.31,2037192.67,-22.965
SM-34-P2,10,479861.49,2036907.43,1.435
SM-34-P2,10,479861.49,2036907.43,1.21
SM-34-P2,10,479861.49,2036907.43,0.985
SM-34-P2,10,479861.49,2036907.43,-4.415
SM-34-P2,10,479861.49,2036907.43,-5.765
SM-34-P2,10,479861.49,2036907.43,-7.115
SM-34-P2,10,479861.49,2036907.43,-8.015
SM-34-P2,10,479861.49,2036907.43,-21.74
SM-03-B1,10,479599.92,2035977.75,-3.66
SM-03-B1,10,479599.92,2035977.75,-7.035
SM-11-B1,10,477167.57,2037681.46,-6.92
SM-11-B1,10,477167.57,2037681.46,-8.045
SM-11-B1,10,477167.57,2037681.46,-9.17
SM-11-B1,10,477167.57,2037681.46,-18.62
SM-11-B1,10,477167.57,2037681.46,-19.745
SM-08-B1,10,,,-0.675
SM-08-B1,10,,,-1.35
SM-08-B1,10,,,-6.525
SM-08-B1,10,,,-6.75
SM-08-B1,10,,,-6.975
SM-08-B1,10,,,-7.65
SM-41-P1,10,477763.79,2038599.78,-13.595
SM-32-P2,10,479000.45,2036846.64,-7.365
SM-65-P1,10,477374.93,2036265.02,-0.215
SM-65-P1,10,477374.93,2036265.02,-28.34
SM-48-P1,10,477235.12,2038040.99,-12.665
SM-30-P2,10,480015.16,2037202.47,0.085
SM-30-P2,10,480015.16,2037202.47,-12.515
SM-30-P2,10,480015.16,2037202.47,-14.765
SM-30-P2,10,480015.16,2037202.47,-18.815
SM-73-P2,10,480177.03,2036206.51,-0.85
SM-73-P2,10,480177.03,2036206.51,-1.75
SM-73-P2,10,480177.03,2036206.51,-4.225
SM-58-P1,10,478010.84,2037201.06,1.8
SM-58-P1,10,478010.84,2037201.06,-1.35
SM-39-P2,10,480204.54,2036551.45,0.095
SM-39-P2,10,480204.54,2036551.45,-12.73
SM-39-P2,10,480204.54,2036551.45,-14.305
SM-06-B2,10,,,-7.2
SM-06-B2,10,,,-12.6
SM-16-P2,10,478795.23,2036506.72,-2.405
SM-16-P2,10,478795.23,2036506.72,-6.455
SM-16-P2,10,478795.23,2036506.72,-6.68
SM-16-P2,10,478795.23,2036506.72,-6.905
SM-16-P2,10,478795.23,2036506.72,-8.93
SM-16-P2,10,478795.23,2036506.72,-12.305
SM-54-P2,10,478894.52,2037846.9,-0.78
SM-54-P2,10,478894.52,2037846.9,-1.905
SM-54-P2,10,478894.52,2037846.9,-4.605
SM-54-P2,10,478894.52,2037846.9,-6.63
SM-54-P2,10,478894.52,2037846.9,-8.88
SM-54-P2,10,478894.52,2037846.9,-9.78
SM-54-P2,10,478894.52,2037846.9,-19.905
SM-54-P2,10,478894.52,2037846.9,-30.255
SM-33-P2,10,479399.9,2036846.79,0.315
SM-33-P2,10,479399.9,2036846.79,-3.96
SM-33-P2,10,479399.9,2036846.79,-5.085
SM-61-P1,10,478033.23,2036869.83,1.565
SM-61-P1,10,478033.23,2036869.83,-1.135
SM-61-P1,10,478033.23,2036869.83,-9.685
SM-61-P1,10,478033.23,2036869.83,-17.335
SM-05-B2,10,478555.9,2037889.6,-3.22
SM-24-P2,10,479387.3,2037585.89,-8.9
SM-24-P2,10,479387.3,2037585.89,-9.8
SM-24-P2,10,479387.3,2037585.89,-11.15
SM-24-P2,10,479387.3,2037585.89,-11.6
SM-24-P2,10,479387.3,2037585.89,-12.275
SM-50-P1,10,477300,2037635,-5.815
SM-50-P1,10,477300,2037635,-7.165
SM-50-P1,10,477300,2037635,-13.24
SM-50-P1,10,477300,2037635,-16.615
SM-31-P2,10,478600.11,2036846.19,-2.145
SM-31-P2,10,478600.11,2036846.19,-6.195
SM-31-P2,10,478600.11,2036846.19,-6.42
SM-31-P2,10,478600.11,2036846.19,-6.645
SM-31-P2,10,478600.11,2036846.19,-13.395
SM-31-P2,10,478600.11,2036846.19,-14.745
SM-27-P2,10,478831.45,2037198.64,-2.95
SM-27-P2,10,478831.45,2037198.64,-3.4
SM-27-P2,10,478831.45,2037198.64,-4.3
SM-27-P2,10,478831.45,2037198.64,-4.975
SM-27-P2,10,478831.45,2037198.64,-5.2
SM-27-P2,10,478831.45,2037198.64,-5.425
SM-59-P1,10,477834.91,2037045.31,-14.955
SM-59-P1,10,477834.91,2037045.31,-35.205
SM-23-P2,10,478975.93,2037540.89,0.555
SM-105-P2,10,,,-1.125
SM-105-P2,10,,,-5.625
SM-105-P2,10,,,-11.475
SM-49-P1,10,477572.34,2038055.4,2.995
SM-49-P1,10,477572.34,2038055.4,-12.08
SM-49-P1,10,477572.34,2038055.4,-33.23
SM-49-P1,10,477572.34,2038055.4,-37.28
SM-49-P1,10,477572.34,2038055.4,-37.73
SM-49-P1,10,477572.34,2038055.4,-38.63
SM-04-B1,10,479321.627,2036184.495,-4.7245
SM-04-B1,10,479321.627,2036184.495,-6.2995
SM-17-P2,10,479997.31,2036524.08,-0.805
SM-17-P2,10,479997.31,2036524.08,-1.03
SM-17-P2,10,479997.31,2036524.08,-1.255
SM-17-P2,10,479997.31,2036524.08,-1.48
SM-17-P2,10,479997.31,2036524.08,-1.705
SM-17-P2,10,479997.31,2036524.08,-3.955
SM-17-P2,10,479997.31,2036524.08,-4.855
SM-17-P2,10,479997.31,2036524.08,-30.505
SM-08-B1 (2),10,,,-6.3
SM-08-B1 (2),10,,,-8.325
SM-08-B2,10,480108.48,2037238.9,-1.175
SM-08-B2,10,480108.48,2037238.9,-2.3
SM-08-B2,10,480108.48,2037238.9,-5.45
SM-08-B2,10,480108.48,2037238.9,-15.575
SM-60-P1,10,477583.84,2036816.3,-1.405
SM-60-P1,10,477583.84,2036816.3,-2.755
SM-60-P1,10,477583.84,2036816.3,-4.105
SM-60-P1,10,477583.84,2036816.3,-5.23
SM-60-P1,10,477583.84,2036816.3,-9.055
SM-18-P1,10,477502.42,2036933.38,0.33
SM-18-P1,10,477502.42,2036933.38,-3.945
SM-18-P1,10,477502.42,2036933.38,-4.845
SM-18-P1,10,477502.42,2036933.38,-5.745
SM-18-P1,10,477502.42,2036933.38,-6.645
SM-18-P1,10,477502.42,2036933.38,-10.245
SM-18-P1,10,477502.42,2036933.38,-34.995
SM-09-B1,11,477265.19,2036624.23,-14.965
SM-09-B1,10.5,477265.19,2036624.23,-15.19
SM-09-B1,10,477265.19,2036624.23,-15.415
SM-09-B1,18,477265.19,2036624.23,-15.64
SM-67-P1,10,477857.4,2036377.24,-1.295
SM-67-P1,10,477857.4,2036377.24,-3.545
SM-67-P1,10,477857.4,2036377.24,-4.22
SM-67-P1,10,477857.4,2036377.24,-4.895
SM-67-P1,10,477857.4,2036377.24,-19.52
SM-67-P1,10,477857.4,2036377.24,-26.27
SM-05-B1,37,478828.2306,2036140.498,-21.593
SM-05-B1,43,478828.2306,2036140.498,-21.818
SM-05-B1,49,478828.2306,2036140.498,-22.043
SM-35 P2,10,,,-0.225
SM-35 P2,10,,,-1.125
SM-35 P2,10,,,-2.7
SM-35 P2,10,,,-8.55
SM-62 P2,10,,,-17.325
SM-72-P2,10,479543.59,2036219.22,-3.085
SM-72-P2,10,479543.59,2036219.22,-10.51
SM-02-B1,10,479959.6533,2036162.012,-0.481
SM-02-B1,10,479959.6533,2036162.012,-1.381
SM-02-B1,10,479959.6533,2036162.012,-2.731
SM-02-B1,10,479959.6533,2036162.012,-9.256
SM-02-B1,10,479959.6533,2036162.012,-15.331
SM-19-P1,10,477471.6,2036261.55,-0.195
SM-19-P1,10,477471.6,2036261.55,-0.87
SM-19-P1,10,477471.6,2036261.55,-12.795
SM-19-P1,10,477471.6,2036261.55,-34.395
SM-19-P1,10,477471.6,2036261.55,-36.42
SM-51-P1,10,477639.95,2037631.92,1.725
SM-51-P1,10,477639.95,2037631.92,1.5
SM-51-P1,10,477639.95,2037631.92,1.275
SM-51-P1,10,477639.95,2037631.92,-7.95
SM-51-P1,10,477639.95,2037631.92,-11.325
SM-51-P1,10,477639.95,2037631.92,-37.425
SM-51-P1,10,477639.95,2037631.92,-39.675
SM-51-P1,10,477639.95,2037631.92,-41.925
SM-36-P2,10,478362.19,2036503.28,0.17
SM-07-B1,10,477905.7673,2036203.22,-5.6664
SM-07-B1,10,477905.7673,2036203.22,-14.6664
SM-55-P2,10,479329.18,2037687.79,-1.615
SM-55-P2,10,479329.18,2037687.79,-2.515
SM-55-P2,10,479329.18,2037687.79,-4.315
SM-55-P2,10,479329.18,2037687.79,-15.115
SM-55-P2,10,479329.18,2037687.79,-15.34
SM-55-P2,10,479329.18,2037687.79,-15.565
SM-13-P2,10,478456.28,2037422.21,0.94
SM-13-P2,10,478456.28,2037422.21,0.49
SM-13-P2,10,478456.28,2037422.21,-4.685
SM-13-P2,10,478456.28,2037422.21,-7.385
SM-13-P2,10,478456.28,2037422.21,-8.735
SM-13-P2,10,478456.28,2037422.21,-16.16
SM-25-P2,10,479793.28,2037531.65,-2.3
SM-25-P2,10,479793.28,2037531.65,-6.8
SM-25-P2,10,479793.28,2037531.65,-18.725
SM-06-B1,10,478330.36,2036080.3,1.02
SM-66-P1,10,477629.99,2036277.02,2.235
SM-66-P1,10,477629.99,2036277.02,-0.69
SM-10-B1,10,477226.3,2037121.54,-0.575
SM-10-B1,10,477226.3,2037121.54,-3.05
SM-10-B1,10,477226.3,2037121.54,-6.425
SM-53-P2,10,478414.1,2037512.4,0.085
SM-53-P2,10,478414.1,2037512.4,-0.14
SM-53-P2,10,478414.1,2037512.4,-0.365
SM-53-P2,10,478414.1,2037512.4,-3.515
SM-53-P2,10,478414.1,2037512.4,-3.74
SM-53-P2,10,478414.1,2037512.4,-3.965
SM-53-P2,10,478414.1,2037512.4,-4.64
SM-53-P2,10,478414.1,2037512.4,-6.665
SM-53-P2,10,478414.1,2037512.4,-7.565
SM-53-P2,10,478414.1,2037512.4,-7.79
SM-53-P2,10,478414.1,2037512.4,-8.015
SM-53-P2,10,478414.1,2037512.4,-32.315
SM-14-P2,10,479685.63,2037378.89,0.915
SM-14-P2,10,479685.63,2037378.89,-14.835
SM-14-P2,10,479685.63,2037378.89,-15.735
SM-14-P2,10,479685.63,2037378.89,-16.635
SM-14-P2,10,479685.63,2037378.89,-24.285
SM-37-P2,10,479213.08,2036499.92,-1.885
SM-44-P1,10,477193.08,2038327.98,3.95
SM-44-P1,10,477189.844,2038327.449,3.9
SM-70-P3,10,481498.09,2036695.19,-6.48
SM-70-P3,10,481498.09,2036695.19,-12.33
SM-47-P1,10,478006.01,2038293.04,-14.945
SM-47-P1,10,478006.01,2038293.04,-16.52
SM-28 P2,10,,,-17.55
SM-07-B2,10,,,-6.525
SM-01-B1,10,480286.37,2036030.34,1.095
SM-20-P1,10,477576.5,2038152.22,-18.765
SM-20-P1,10,477574.978,2038153.565,-18.835
SM-20-P1,10,477576.5,2038152.22,-37.44
SM-20-P1,10,477574.978,2038153.565,-37.51
SM-69-P2,10,478614.71,2036398.52,-2.665
SM-69-P2,10,478614.71,2036398.52,-3.34
SM-69-P2,10,478614.71,2036398.52,-12.79
SM-57-P1,10,477640.14,2037208.59,1.125
SM-57-P1,10,477640.14,2037208.59,-2.025
SM-57-P1,10,477640.14,2037208.59,-4.725
SM-57-P1,10,477640.14,2037208.59,-14.175
SM-57-P1,10,477640.14,2037208.59,-34.875
SM-74-P3,10,480593.73,2036997.8,-14.585
SM-74-P3,10,480593.73,2036997.8,-15.935
SM-74-P3,10,480593.73,2036997.8,-16.61
SM-74-P3,10,480593.73,2036997.8,-19.535
SM-74-P3,10,480593.73,2036997.8,-24.26
SM-74-P3,10,480593.73,2036997.8,-24.71
SM-38-P2,10,479622.12,2036497.16,-5.885
SM-38-P2,10,479622.12,2036497.16,-12.41
SM-38-P2,10,479622.12,2036497.16,-14.885
SM-38-P2,10,479622.12,2036497.16,-22.085
SM-38-P2,10,479622.12,2036497.16,-22.985
SM-63-P1,10,477393.97,2036611.25,-2.215
SM-63-P1,10,477393.97,2036611.25,-3.565
SM-63-P1,10,477393.97,2036611.25,-29.89
SM-63-P1,10,477393.97,2036611.25,-33.04
SM-75-P1,10,477626.74,2037421.93,-1.735
SM-75-P1,10,477626.74,2037421.93,-2.635
SM-75-P1,10,477626.74,2037421.93,-6.91
SM-75-P1,10,477626.74,2037421.93,-8.485
SM-09-B2,10,480263.7,2036758.9,-3.905
SM-76-P3,10,481243.38,2036665.86,-14.665
SM-76-P3,10,481243.38,2036665.86,-19.615
SM-29-P2,10,479601.03,2037189.73,-1.155
SM-29-P2,10,479601.03,2037189.73,-3.855
SM-29-P2,10,479601.03,2037189.73,-14.43
SM-29-P2,10,479601.03,2037189.73,-14.88
SM-22-P2,10,478599.1,2037541.17,-2.765
SM-22-P2,10,478599.1,2037541.17,-3.44
SM-22-P2,10,478599.1,2037541.17,-7.265
SM-22-P2,10,478599.1,2037541.17,-7.94
SM-22-P2,10,478599.1,2037541.17,-9.065
SM-22-P2,10,478599.1,2037541.17,-9.29
SM-22-P2,10,478599.1,2037541.17,-9.515
SM-22-P2,10,478599.1,2037541.17,-17.165
SM-15-P2,10,479132.63,2036864.69,0.135
SM-15-P2,10,479132.63,2036864.69,-0.09
SM-15-P2,10,479132.63,2036864.69,-0.315
SM-15-P2,10,479132.63,2036864.69,-3.015
SM-15-P2,10,479132.63,2036864.69,-3.915
SM-26-P2,9.5,478399.31,2037192.67,-2.04
SM-26-P2,9.5,478399.31,2037192.67,-2.49
SM-26-P2,9.5,478399.31,2037192.67,-6.54
SM-26-P2,9.5,478399.31,2037192.67,-6.99
SM-34-P2,9.5,479861.49,2036907.43,-7.34
SM-34-P2,9.5,479861.49,2036907.43,-7.79
SM-34-P2,9.5,479861.49,2036907.43,-13.64
SM-03-B1,9.5,479599.92,2035977.75,-8.61
SM-03-B1,9.5,479599.92,2035977.75,-9.06
SM-11-B1,9.5,477167.57,2037681.46,-17.27
SM-08-B1,9.5,,,-7.2
SM-41-P1,9.5,477763.79,2038599.78,-15.62
SM-41-P1,9.5,477763.79,2038599.78,-16.07
SM-48-P1,9.5,477235.12,2038040.99,-12.89
SM-30-P2,9.5,480015.16,2037202.47,-1.94
SM-30-P2,9.5,480015.16,2037202.47,-4.19
SM-68 P2,9.5,,,-18
SM-39-P2,9.5,480204.54,2036551.45,-2.83
SM-39-P2,9.5,480204.54,2036551.45,-4.63
SM-54-P2,9.5,478894.52,2037846.9,1.47
SM-54-P2,9.5,478894.52,2037846.9,-1.68
SM-33-P2,9.5,479399.9,2036846.79,-8.46
SM-61-P1,9.5,478033.23,2036869.83,1.79
SM-61-P1,9.5,478033.23,2036869.83,1.34
SM-61-P1,9.5,478033.23,2036869.83,-0.46
SM-05-B2,9.5,478555.9,2037889.6,2.18
SM-24-P2,9.5,479387.3,2037585.89,-4.85
SM-24-P2,9.5,479387.3,2037585.89,-12.05
SM-04-B2,9.5,478139.21,2037614.8,-11.47
SM-59-P1,9.5,477834.91,2037045.31,-0.33
SM-23-P2,9.5,478975.93,2037540.89,-14.97
SM-105-P2,9.5,,,-11.25
SM-49-P1,9.5,477572.34,2038055.4,-9.83
SM-49-P1,9.5,477572.34,2038055.4,-12.98
SM-04-B1,9.5,479321.627,2036184.495,-6.0745
SM-04-B1,9.5,479321.627,2036184.495,-9.2245
SM-17-P2,9.5,479997.31,2036524.08,-0.58
SM-17-P2,9.5,479997.31,2036524.08,-13.18
SM-17-P2,9.5,479997.31,2036524.08,-57.73
SM-08-B1 (2),9.5,,,-15.3
SM-08-B2,9.5,480108.48,2037238.9,-1.4
SM-08-B2,9.5,480108.48,2037238.9,-17.6
SM-60-P1,9.5,477583.84,2036816.3,1.52
SM-60-P1,9.5,477583.84,2036816.3,-2.98
SM-60-P1,9.5,477583.84,2036816.3,-4.78
SM-18-P1,9.5,477502.42,2036933.38,1.23
SM-18-P1,9.5,477502.42,2036933.38,-2.37
SM-18-P1,9.5,477502.42,2036933.38,-4.17
SM-18-P1,9.5,477502.42,2036933.38,-4.62
SM-09-B1,26,477265.19,2036624.23,-15.865
SM-67-P1,9.5,477857.4,2036377.24,-1.52
SM-67-P1,9.5,477857.4,2036377.24,-3.77
SM-67-P1,9.5,477857.4,2036377.24,-28.52
SM-05-B1,44,478828.2306,2036140.498,-22.268
SM-05-B1,39,478828.2306,2036140.498,-22.493
SM-35 P2,9.5,,,-2.25
SM-62 P2,9.5,,,-17.55
SM-72-P2,9.5,479543.59,2036219.22,-1.51
SM-19-P1,9.5,477471.6,2036261.55,-17.97
SM-51-P1,9.5,477639.95,2037631.92,-6.6
SM-51-P1,9.5,477639.95,2037631.92,-7.05
SM-36-P2,9.5,478362.19,2036503.28,-45.73
SM-36-P2,9.5,478362.19,2036503.28,-46.03
SM-55-P2,9.5,479329.18,2037687.79,-3.19
SM-55-P2,9.5,479329.18,2037687.79,-3.64
SM-06-B1,9.5,478330.36,2036080.3,-5.28
SM-52-P1,9.5,478098.81,2037573.26,2.17
SM-52-P1,9.5,478098.81,2037573.26,-9.53
SM-10-B1,9.5,477226.3,2037121.54,-1.25
SM-53-P2,9.5,478414.1,2037512.4,-6.44
SM-53-P2,9.5,478414.1,2037512.4,-8.24
SM-53-P2,9.5,478414.1,2037512.4,-19.49
SM-37-P2,9.5,479213.08,2036499.92,-3.46
SM-70-P3,9.5,481498.09,2036695.19,-10.98
SM-47-P1,9.5,478006.01,2038293.04,-18.77
SM-28 P2,9.5,,,-1.8
SM-28 P2,9.5,,,-11.25
SM-07-B2,9.5,,,-4.95
SM-57-P1,9.5,477640.14,2037208.59,-2.25
SM-74-P3,9.5,480593.73,2036997.8,-14.36
SM-74-P3,9.5,480593.73,2036997.8,-17.06
SM-38-P2,9.5,479622.12,2036497.16,-6.56
SM-38-P2,9.5,479622.12,2036497.16,-20.96
SM-38-P2,9.5,479622.12,2036497.16,-21.86
SM-63-P1,9.5,477393.97,2036611.25,-1.99
SM-09-B2,9.5,480263.7,2036758.9,-9.08
SM-09-B2,9.5,480263.7,2036758.9,0.82
SM-76-P3,9.5,481243.38,2036665.86,-13.54
SM-76-P3,9.5,481243.38,2036665.86,-34.69
SM-76-P3,9.5,481243.38,2036665.86,-35.59
SM-29-P2,9.5,479601.03,2037189.73,-16.23
SM-22-P2,9.5,478599.1,2037541.17,1.51
SM-22-P2,9.5,478599.1,2037541.17,-4.79
SM-22-P2,9.5,478599.1,2037541.17,-6.59
SM-22-P2,9.5,478599.1,2037541.17,-7.49
SM-22-P2,9.5,478599.1,2037541.17,-18.74
SM-21-P3,9,481503.78,2037018.87,0.915
SM-21-P3,9,481503.78,2037018.87,-0.435
SM-21-P3,9,481503.78,2037018.87,-3.135
SM-21-P3,9,481503.78,2037018.87,-3.36
SM-21-P3,9,481503.78,2037018.87,-3.585
SM-21-P3,9,481503.78,2037018.87,-6.285
SM-21-P3,9,481503.78,2037018.87,-6.51
SM-21-P3,9,481503.78,2037018.87,-6.735
SM-21-P3,9,481503.78,2037018.87,-13.26
SM-26-P2,9,478399.31,2037192.67,1.785
SM-26-P2,9,478399.31,2037192.67,1.56
SM-26-P2,9,478399.31,2037192.67,1.335
SM-26-P2,9,478399.31,2037192.67,0.435
SM-26-P2,9,478399.31,2037192.67,-1.815
SM-26-P2,9,478399.31,2037192.67,-2.715
SM-26-P2,9,478399.31,2037192.67,-2.94
SM-26-P2,9,478399.31,2037192.67,-3.165
SM-26-P2,9,478399.31,2037192.67,-4.065
SM-26-P2,9,478399.31,2037192.67,-6.315
SM-26-P2,9,478399.31,2037192.67,-7.215
SM-26-P2,9,478399.31,2037192.67,-20.04
SM-34-P2,9,479861.49,2036907.43,-6.89
SM-34-P2,9,479861.49,2036907.43,-7.565
SM-34-P2,9,479861.49,2036907.43,-24.89
SM-03-B1,9,479599.92,2035977.75,-3.435
SM-03-B1,9,479599.92,2035977.75,-9.735
SM-11-B1,9,477167.57,2037681.46,-9.62
SM-11-B1,9,477167.57,2037681.46,-14.345
SM-11-B1,9,477167.57,2037681.46,-15.02
SM-11-B1,9,477167.57,2037681.46,-15.92
SM-11-B1,9,477167.57,2037681.46,-19.52
SM-11-B1,9,477167.57,2037681.46,-21.545
SM-08-B1,9,,,-4.725
SM-08-B1,9,,,-5.625
SM-08-B1,9,,,-7.425
SM-41-P1,9,477763.79,2038599.78,-12.695
SM-41-P1,9,477763.79,2038599.78,-14.495
SM-41-P1,9,477763.79,2038599.78,-15.17
SM-41-P1,9,477763.79,2038599.78,-19.67
SM-32-P2,9,479000.45,2036846.64,-4.665
SM-48-P1,9,477235.12,2038040.99,-13.115
SM-30-P2,9,480015.16,2037202.47,-6.215
SM-30-P2,9,480015.16,2037202.47,-13.415
SM-30-P2,9,480015.16,2037202.47,-15.44
SM-30-P2,9,480015.16,2037202.47,-17.465
SM-73-P2,9,480177.03,2036206.51,-0.175
SM-73-P2,9,480177.03,2036206.51,-0.4
SM-73-P2,9,480177.03,2036206.51,-0.625
SM-73-P2,9,480177.03,2036206.51,-1.975
SM-73-P2,9,480177.03,2036206.51,-13
SM-73-P2,9,480177.03,2036206.51,-16.15
SM-68 P2,9,,,-0.45
SM-68 P2,9,,,-1.125
SM-68 P2,9,,,-3.6
SM-68 P2,9,,,-4.725
SM-58-P1,9,478010.84,2037201.06,-1.125
SM-39-P2,9,480204.54,2036551.45,0.32
SM-39-P2,9,480204.54,2036551.45,-0.13
SM-39-P2,9,480204.54,2036551.45,-7.105
SM-39-P2,9,480204.54,2036551.45,-13.405
SM-16-P2,9,478795.23,2036506.72,-1.055
SM-16-P2,9,478795.23,2036506.72,-3.08
SM-16-P2,9,478795.23,2036506.72,-5.555
SM-54-P2,9,478894.52,2037846.9,-1.455
SM-54-P2,9,478894.52,2037846.9,-8.205
SM-54-P2,9,478894.52,2037846.9,-19.68
SM-33-P2,9,479399.9,2036846.79,0.09
SM-61-P1,9,478033.23,2036869.83,2.015
SM-61-P1,9,478033.23,2036869.83,1.115
SM-61-P1,9,478033.23,2036869.83,-0.01
SM-61-P1,9,478033.23,2036869.83,-3.385
SM-05-B2,9,478555.9,2037889.6,-2.545
SM-05-B2,9,478555.9,2037889.6,-15.595
SM-05-B2,9,478555.9,2037889.6,-17.395
SM-24-P2,9,479387.3,2037585.89,-10.925
SM-24-P2,9,479387.3,2037585.89,-11.825
SM-24-P2,9,479387.3,2037585.89,-12.5
SM-50-P1,9,477300,2037635,-6.04
SM-50-P1,9,477300,2037635,-17.515
SM-31-P2,9,478600.11,2036846.19,0.105
SM-31-P2,9,478600.11,2036846.19,-1.92
SM-31-P2,9,478600.11,2036846.19,-2.37
SM-31-P2,9,478600.11,2036846.19,-13.62
SM-27-P2,9,478831.45,2037198.64,-1.6
SM-27-P2,9,478831.45,2037198.64,-2.5
SM-27-P2,9,478831.45,2037198.64,-3.175
SM-27-P2,9,478831.45,2037198.64,-9.025
SM-23-P2,9,478975.93,2037540.89,1.23
SM-105-P2,9,,,-0.9
SM-105-P2,9,,,-5.4
SM-105-P2,9,,,-8.325
SM-105-P2,9,,,-10.575
SM-105-P2,9,,,-10.8
SM-105-P2,9,,,-11.025
SM-49-P1,9,477572.34,2038055.4,-1.055
SM-49-P1,9,477572.34,2038055.4,-10.505
SM-49-P1,9,477572.34,2038055.4,-16.805
SM-49-P1,9,477572.34,2038055.4,-17.03
SM-49-P1,9,477572.34,2038055.4,-17.255
SM-49-P1,9,477572.34,2038055.4,-37.055
SM-49-P1,9,477572.34,2038055.4,-37.955
SM-04-B1,9,479321.627,2036184.495,-4.4995
SM-04-B1,9,479321.627,2036184.495,-5.8495
SM-04-B1,9,479321.627,2036184.495,-8.5495
SM-17-P2,9,479997.31,2036524.08,1.22
SM-17-P2,9,479997.31,2036524.08,0.095
SM-17-P2,9,479997.31,2036524.08,-0.13
SM-17-P2,9,479997.31,2036524.08,-0.355
SM-17-P2,9,479997.31,2036524.08,-3.73
SM-17-P2,9,479997.31,2036524.08,-11.83
SM-17-P2,9,479997.31,2036524.08,-19.93
SM-17-P2,9,479997.31,2036524.08,-20.605
SM-17-P2,9,479997.31,2036524.08,-25.555
SM-08-B1 (2),9,,,-5.175
SM-08-B1 (2),9,,,-6.525
SM-08-B2,9,480108.48,2037238.9,-1.625
SM-08-B2,9,480108.48,2037238.9,-4.325
SM-08-B2,9,480108.48,2037238.9,-5.225
SM-08-B2,9,480108.48,2037238.9,-7.7
SM-08-B2,9,480108.48,2037238.9,-12.65
SM-60-P1,9,477583.84,2036816.3,1.07
SM-60-P1,9,477583.84,2036816.3,0.395
SM-60-P1,9,477583.84,2036816.3,-3.205
SM-18-P1,9,477502.42,2036933.38,-0.57
SM-18-P1,9,477502.42,2036933.38,-4.395
SM-18-P1,9,477502.42,2036933.38,-8.445
SM-18-P1,9,477502.42,2036933.38,-9.12
SM-09-B1,20,477265.19,2036624.23,-16.09
SM-09-B1,14,477265.19,2036624.23,-16.315
SM-09-B1,13,477265.19,2036624.23,-16.54
SM-09-B1,12,477265.19,2036624.23,-16.765
SM-67-P1,9,477857.4,2036377.24,2.53
SM-67-P1,9,477857.4,2036377.24,0.955
SM-67-P1,9,477857.4,2036377.24,-1.745
SM-67-P1,9,477857.4,2036377.24,-2.645
SM-67-P1,9,477857.4,2036377.24,-3.995
SM-67-P1,9,477857.4,2036377.24,-14.795
SM-67-P1,9,477857.4,2036377.24,-15.02
SM-67-P1,9,477857.4,2036377.24,-15.245
SM-67-P1,9,477857.4,2036377.24,-17.045
SM-67-P1,9,477857.4,2036377.24,-20.195
SM-67-P1,9,477857.4,2036377.24,-21.095
SM-05-B1,39.5,478828.2306,2036140.498,-22.718
SM-05-B1,40,478828.2306,2036140.498,-22.943
SM-35 P2,9,,,-1.8
SM-35 P2,9,,,-3.375
SM-62 P2,9,,,-17.775
SM-72-P2,9,479543.59,2036219.22,-1.06
SM-72-P2,9,479543.59,2036219.22,-2.185
SM-72-P2,9,479543.59,2036219.22,-10.06
SM-19-P1,9,477471.6,2036261.55,-1.095
SM-19-P1,9,477471.6,2036261.55,-13.02
SM-19-P1,9,477471.6,2036261.55,-13.695
SM-19-P1,9,477471.6,2036261.55,-33.495
SM-51-P1,9,477639.95,2037631.92,-5.25
SM-51-P1,9,477639.95,2037631.92,-16.725
SM-51-P1,9,477639.95,2037631.92,-18.525
SM-51-P1,9,477639.95,2037631.92,-39.9
SM-51-P1,9,477639.95,2037631.92,-41.025
SM-51-P1,9,477639.95,2037631.92,-42.825
SM-36-P2,9,478362.19,2036503.28,-1.855
SM-36-P2,9,478362.19,2036503.28,-2.755
SM-36-P2,9,478362.19,2036503.28,-4.555
SM-36-P2,9,478362.19,2036503.28,-8.155
SM-10-B2,9,480515.3,2036275.1,0.445
SM-10-B2,9,480515.3,2036275.1,-2.705
SM-10-B2,9,480515.3,2036275.1,-4.505
SM-10-B2,9,480515.3,2036275.1,-28.355
SM-07-B1,9,477905.7673,2036203.22,-1.8414
SM-07-B1,9,477905.7673,2036203.22,-4.9914
SM-07-B1,9,477905.7673,2036203.22,-6.3414
SM-55-P2,9,479329.18,2037687.79,-1.84
SM-55-P2,9,479329.18,2037687.79,-2.29
SM-55-P2,9,479329.18,2037687.79,-11.515
SM-55-P2,9,479329.18,2037687.79,-12.415
SM-13-P2,9,478456.28,2037422.21,1.165
SM-13-P2,9,478456.28,2037422.21,0.265
SM-13-P2,9,478456.28,2037422.21,-6.26
SM-13-P2,9,478456.28,2037422.21,-6.71
SM-25-P2,9,479793.28,2037531.65,-3.425
SM-25-P2,9,479793.28,2037531.65,-4.775
SM-25-P2,9,479793.28,2037531.65,-11.075
SM-25-P2,9,479793.28,2037531.65,-12.65
SM-25-P2,9,479793.28,2037531.65,-18.95
SM-06-B1,9,478330.36,2036080.3,-3.255
SM-06-B1,9,478330.36,2036080.3,-13.38
SM-66-P1,9,477629.99,2036277.02,-1.815
SM-52-P1,9,478098.81,2037573.26,-18.305
SM-10-B1,9,477226.3,2037121.54,1.675
SM-10-B1,9,477226.3,2037121.54,1.45
SM-10-B1,9,477226.3,2037121.54,1.225
SM-10-B1,9,477226.3,2037121.54,-1.925
SM-10-B1,9,477226.3,2037121.54,-12.95
SM-10-B1,9,477226.3,2037121.54,-13.4
SM-53-P2,9,478414.1,2037512.4,-6.215
SM-53-P2,9,478414.1,2037512.4,-8.465
SM-53-P2,9,478414.1,2037512.4,-15.89
SM-14-P2,9,479685.63,2037378.89,0.015
SM-14-P2,9,479685.63,2037378.89,-15.96
SM-14-P2,9,479685.63,2037378.89,-16.41
SM-37-P2,9,479213.08,2036499.92,0.365
SM-37-P2,9,479213.08,2036499.92,-0.535
SM-37-P2,9,479213.08,2036499.92,-6.835
SM-37-P2,9,479213.08,2036499.92,-14.035
SM-47-P1,9,478006.01,2038293.04,13.855
SM-47-P1,9,478006.01,2038293.04,-14.045
SM-47-P1,9,478006.01,2038293.04,-14.72
SM-28 P2,9,,,-17.775
SM-28 P2,9,,,-29.925
SM-07-B2,9,,,-5.85
SM-01-B1,9,480286.37,2036030.34,-1.155
SM-20-P1,9,477576.5,2038152.22,1.935
SM-20-P1,9,477574.978,2038153.565,1.865
SM-20-P1,9,477576.5,2038152.22,1.035
SM-20-P1,9,477574.978,2038153.565,0.965
SM-20-P1,9,477576.5,2038152.22,-11.565
SM-20-P1,9,477574.978,2038153.565,-11.635
SM-20-P1,9,477576.5,2038152.22,-36.09
SM-20-P1,9,477574.978,2038153.565,-36.16
SM-69-P2,9,478614.71,2036398.52,-13.015
SM-57-P1,9,477640.14,2037208.59,-2.475
SM-57-P1,9,477640.14,2037208.59,-9.9
SM-74-P3,9,480593.73,2036997.8,-13.685
SM-74-P3,9,480593.73,2036997.8,-13.91
SM-74-P3,9,480593.73,2036997.8,-14.135
SM-74-P3,9,480593.73,2036997.8,-14.81
SM-74-P3,9,480593.73,2036997.8,-15.71
SM-74-P3,9,480593.73,2036997.8,-17.51
SM-74-P3,9,480593.73,2036997.8,-20.435
SM-74-P3,9,480593.73,2036997.8,-23.585
SM-74-P3,9,480593.73,2036997.8,-27.185
SM-38-P2,9,479622.12,2036497.16,-21.635
SM-63-P1,9,477393.97,2036611.25,-0.415
SM-63-P1,9,477393.97,2036611.25,-1.315
SM-63-P1,9,477393.97,2036611.25,-1.54
SM-63-P1,9,477393.97,2036611.25,-1.765
SM-63-P1,9,477393.97,2036611.25,-3.34
SM-63-P1,9,477393.97,2036611.25,-16.165
SM-63-P1,9,477393.97,2036611.25,-17.065
SM-63-P1,9,477393.97,2036611.25,-28.765
SM-63-P1,9,477393.97,2036611.25,-30.115
SM-75-P1,9,477626.74,2037421.93,-9.16
SM-75-P1,9,477626.74,2037421.93,-10.735
SM-75-P1,9,477626.74,2037421.93,-16.81
SM-09-B2,9,480263.7,2036758.9,-2.78
SM-09-B2,9,480263.7,2036758.9,-12.455
SM-09-B2,9,480263.7,2036758.9,-12.68
SM-09-B2,9,480263.7,2036758.9,-12.905
SM-76-P3,9,481243.38,2036665.86,0.185
SM-76-P3,9,481243.38,2036665.86,-2.29
SM-76-P3,9,481243.38,2036665.86,-2.74
SM-76-P3,9,481243.38,2036665.86,-9.94
SM-76-P3,9,481243.38,2036665.86,5.81
SM-29-P2,9,479601.03,2037189.73,-14.655
SM-22-P2,9,478599.1,2037541.17,-3.665
SM-22-P2,9,478599.1,2037541.17,-7.715
SM-22-P2,9,478599.1,2037541.17,-14.015
SM-22-P2,9,478599.1,2037541.17,-14.915
SM-15-P2,9,479132.63,2036864.69,-9.54
SM-15-P2,9,479132.63,2036864.69,-11.115
SM-15-P2,9,479132.63,2036864.69,-12.465
SM-21-P3,8.5,481503.78,2037018.87,-0.66
SM-21-P3,8.5,481503.78,2037018.87,-2.91
SM-26-P2,8.5,478399.31,2037192.67,0.21
SM-26-P2,8.5,478399.31,2037192.67,-1.59
SM-26-P2,8.5,478399.31,2037192.67,-20.94
SM-34-P2,8.5,479861.49,2036907.43,-5.54
SM-03-B1,8.5,479599.92,2035977.75,-3.21
SM-03-B1,8.5,479599.92,2035977.75,-4.11
SM-08-B1,8.5,,,-4.95
SM-08-B1,8.5,,,-5.4
SM-08-B1,8.5,,,-6.3
SM-41-P1,8.5,477763.79,2038599.78,-13.37
SM-32-P2,8.5,479000.45,2036846.64,1.41
SM-65-P1,8.5,477374.93,2036265.02,-0.89
SM-30-P2,8.5,480015.16,2037202.47,-0.59
SM-30-P2,8.5,480015.16,2037202.47,-2.39
SM-30-P2,8.5,480015.16,2037202.47,-17.69
SM-73-P2,8.5,480177.03,2036206.51,-2.2
SM-68 P2,8.5,,,-18.45
SM-58-P1,8.5,478010.84,2037201.06,-0.9
SM-39-P2,8.5,480204.54,2036551.45,-13.18
SM-06-B2,8.5,,,-1.8
SM-16-P2,8.5,478795.23,2036506.72,0.97
SM-54-P2,8.5,478894.52,2037846.9,0.12
SM-54-P2,8.5,478894.52,2037846.9,-8.43
SM-33-P2,8.5,479399.9,2036846.79,0.54
SM-05-B2,8.5,478555.9,2037889.6,-2.77
SM-05-B2,8.5,478555.9,2037889.6,-9.97
SM-05-B2,8.5,478555.9,2037889.6,-17.17
SM-31-P2,8.5,478600.11,2036846.19,0.33
SM-27-P2,8.5,478831.45,2037198.64,-4.75
SM-23-P2,8.5,478975.93,2037540.89,1.68
SM-105-P2,8.5,,,-1.35
SM-105-P2,8.5,,,-5.85
SM-105-P2,8.5,,,-8.55
SM-105-P2,8.5,,,-10.35
SM-49-P1,8.5,477572.34,2038055.4,-10.28
SM-17-P2,8.5,479997.31,2036524.08,-19.48
SM-17-P2,8.5,479997.31,2036524.08,-67.18
SM-08-B2,8.5,480108.48,2037238.9,-0.95
SM-08-B2,8.5,480108.48,2037238.9,-13.1
SM-08-B2,8.5,480108.48,2037238.9,-14.9
SM-60-P1,8.5,477583.84,2036816.3,-1.18
SM-60-P1,8.5,477583.84,2036816.3,-9.28
SM-18-P1,8.5,477502.42,2036933.38,-14.52
SM-09-B1,21,477265.19,2036624.23,-16.99
SM-09-B1,30,477265.19,2036624.23,-17.215
SM-67-P1,8.5,477857.4,2036377.24,-8.27
SM-67-P1,8.5,477857.4,2036377.24,-11.87
SM-67-P1,8.5,477857.4,2036377.24,-13.22
SM-67-P1,8.5,477857.4,2036377.24,-20.42
SM-67-P1,8.5,477857.4,2036377.24,-20.87
SM-05-B1,40.5,478828.2306,2036140.498,-23.168
SM-35 P2,8.5,,,-3.15
SM-35 P2,8.5,,,-3.6
SM-72-P2,8.5,479543.59,2036219.22,-1.96
SM-19-P1,8.5,477471.6,2036261.55,-12.57
SM-19-P1,8.5,477471.6,2036261.55,-13.47
SM-51-P1,8.5,477639.95,2037631.92,-37.2
SM-51-P1,8.5,477639.95,2037631.92,-40.8
SM-10-B2,8.5,480515.3,2036275.1,-4.28
SM-10-B2,8.5,480515.3,2036275.1,1.57
SM-07-B1,8.5,477905.7673,2036203.22,-2.0664
SM-07-B1,8.5,477905.7673,2036203.22,-4.7664
SM-07-B1,8.5,477905.7673,2036203.22,-6.1164
SM-55-P2,8.5,479329.18,2037687.79,-1.39
SM-55-P2,8.5,479329.18,2037687.79,-11.29
SM-55-P2,8.5,479329.18,2037687.79,-13.99
SM-13-P2,8.5,478456.28,2037422.21,-4.91
SM-13-P2,8.5,478456.28,2037422.21,-17.51
SM-25-P2,8.5,479793.28,2037531.65,-0.05
SM-66-P1,8.5,477629.99,2036277.02,-1.59
SM-66-P1,8.5,477629.99,2036277.02,-7.89
SM-52-P1,8.5,478098.81,2037573.26,-18.53
SM-10-B1,8.5,477226.3,2037121.54,1
SM-53-P2,8.5,478414.1,2037512.4,-4.19
SM-14-P2,8.5,479685.63,2037378.89,0.69
SM-70-P3,8.5,481498.09,2036695.19,5.67
SM-47-P1,8.5,478006.01,2038293.04,9.58
SM-47-P1,8.5,478006.01,2038293.04,-12.47
SM-47-P1,8.5,478006.01,2038293.04,-14.27
SM-07-B2,8.5,,,-6.3
SM-01-B1,8.5,480286.37,2036030.34,-1.38
SM-20-P1,8.5,477576.5,2038152.22,1.71
SM-20-P1,8.5,477574.978,2038153.565,1.64
SM-20-P1,8.5,477576.5,2038152.22,1.26
SM-20-P1,8.5,477574.978,2038153.565,1.19
SM-69-P2,8.5,478614.71,2036398.52,-2.89
SM-74-P3,8.5,480593.73,2036997.8,-20.66
SM-63-P1,8.5,477393.97,2036611.25,-8.29
SM-75-P1,8.5,477626.74,2037421.93,-1.06
SM-21-P3,8,481503.78,2037018.87,-0.885
SM-21-P3,8,481503.78,2037018.87,-2.235
SM-21-P3,8,481503.78,2037018.87,-2.46
SM-21-P3,8,481503.78,2037018.87,-2.685
SM-26-P2,8,478399.31,2037192.67,-0.015
SM-26-P2,8,478399.31,2037192.67,-0.915
SM-26-P2,8,478399.31,2037192.67,-1.14
SM-26-P2,8,478399.31,2037192.67,-1.365
SM-26-P2,8,478399.31,2037192.67,-19.815
SM-34-P2,8,479861.49,2036907.43,-2.165
SM-34-P2,8,479861.49,2036907.43,-2.39
SM-34-P2,8,479861.49,2036907.43,-2.615
SM-34-P2,8,479861.49,2036907.43,-3.74
SM-34-P2,8,479861.49,2036907.43,-4.64
SM-34-P2,8,479861.49,2036907.43,-6.665
SM-34-P2,8,479861.49,2036907.43,-13.415
SM-34-P2,8,479861.49,2036907.43,-16.115
SM-34-P2,8,479861.49,2036907.43,-23.315
SM-12-B1,8,477096.67,2038479.67,-6.945
SM-40-P1,8,477608.176,2038623.913,-17.08
SM-03-B1,8,479599.92,2035977.75,-2.985
SM-11-B1,8,477167.57,2037681.46,-5.345
SM-11-B1,8,477167.57,2037681.46,-7.145
SM-11-B1,8,477167.57,2037681.46,-18.845
SM-11-B1,8,477167.57,2037681.46,-19.07
SM-11-B1,8,477167.57,2037681.46,-19.295
SM-08-B1,8,,,-2.025
SM-08-B1,8,,,-2.25
SM-08-B1,8,,,-2.475
SM-08-B1,8,,,-2.7
SM-08-B1,8,,,-2.925
SM-08-B1,8,,,-4.5
SM-08-B1,8,,,-5.175
SM-08-B1,8,,,-5.85
SM-41-P1,8,477763.79,2038599.78,-12.92
SM-41-P1,8,477763.79,2038599.78,-14.72
SM-41-P1,8,477763.79,2038599.78,-15.845
SM-41-P1,8,477763.79,2038599.78,-16.52
SM-41-P1,8,477763.79,2038599.78,-18.095
SM-32-P2,8,479000.45,2036846.64,1.185
SM-32-P2,8,479000.45,2036846.64,0.285
SM-32-P2,8,479000.45,2036846.64,0.06
SM-32-P2,8,479000.45,2036846.64,-0.165
SM-32-P2,8,479000.45,2036846.64,-13.89
SM-65-P1,8,477374.93,2036265.02,-1.565
SM-65-P1,8,477374.93,2036265.02,-8.54
SM-48-P1,8,477235.12,2038040.99,-13.34
SM-30-P2,8,480015.16,2037202.47,-0.14
SM-30-P2,8,480015.16,2037202.47,-3.965
SM-30-P2,8,480015.16,2037202.47,-12.74
SM-30-P2,8,480015.16,2037202.47,-17.915
SM-73-P2,8,480177.03,2036206.51,-2.425
SM-68 P2,8,,,-0.9
SM-68 P2,8,,,-19.125
SM-58-P1,8,478010.84,2037201.06,-0.225
SM-58-P1,8,478010.84,2037201.06,-0.45
SM-58-P1,8,478010.84,2037201.06,-0.675
SM-58-P1,8,478010.84,2037201.06,-14.625
SM-39-P2,8,480204.54,2036551.45,0.545
SM-39-P2,8,480204.54,2036551.45,-0.355
SM-39-P2,8,480204.54,2036551.45,-2.605
SM-39-P2,8,480204.54,2036551.45,-4.855
SM-39-P2,8,480204.54,2036551.45,-6.88
SM-39-P2,8,480204.54,2036551.45,-12.955
SM-06-B2,8,,,-1.35
SM-06-B2,8,,,-7.425
SM-16-P2,8,478795.23,2036506.72,-3.98
SM-16-P2,8,478795.23,2036506.72,-4.43
SM-16-P2,8,478795.23,2036506.72,-14.105
SM-54-P2,8,478894.52,2037846.9,-1.23
SM-54-P2,8,478894.52,2037846.9,-8.655
SM-54-P2,8,478894.52,2037846.9,-10.455
SM-54-P2,8,478894.52,2037846.9,-19.455
SM-33-P2,8,479399.9,2036846.79,-0.135
SM-33-P2,8,479399.9,2036846.79,-3.285
SM-33-P2,8,479399.9,2036846.79,-3.51
SM-33-P2,8,479399.9,2036846.79,-3.735
SM-05-B2,8,478555.9,2037889.6,-2.995
SM-05-B2,8,478555.9,2037889.6,-15.37
SM-05-B2,8,478555.9,2037889.6,-16.945
SM-24-P2,8,479387.3,2037585.89,-7.325
SM-24-P2,8,479387.3,2037585.89,-8.225
SM-24-P2,8,479387.3,2037585.89,-9.575
SM-24-P2,8,479387.3,2037585.89,-12.725
SM-04-B2,8,478139.21,2037614.8,2.255
SM-04-B2,8,478139.21,2037614.8,-4.72
SM-04-B2,8,478139.21,2037614.8,-10.795
SM-04-B2,8,478139.21,2037614.8,-11.02
SM-04-B2,8,478139.21,2037614.8,-11.245
SM-50-P1,8,477300,2037635,3.635
SM-50-P1,8,477300,2037635,-6.265
SM-50-P1,8,477300,2037635,-13.465
SM-50-P1,8,477300,2037635,-15.04
SM-50-P1,8,477300,2037635,3.86
SM-31-P2,8,478600.11,2036846.19,0.555
SM-31-P2,8,478600.11,2036846.19,-1.695
SM-31-P2,8,478600.11,2036846.19,-2.595
SM-31-P2,8,478600.11,2036846.19,-2.82
SM-31-P2,8,478600.11,2036846.19,-3.045
SM-31-P2,8,478600.11,2036846.19,-10.02
SM-31-P2,8,478600.11,2036846.19,-13.845
SM-31-P2,8,478600.11,2036846.19,2.13
SM-27-P2,8,478831.45,2037198.64,-13.525
SM-27-P2,8,478831.45,2037198.64,-14.2
SM-59-P1,8,477834.91,2037045.31,0.795
SM-59-P1,8,477834.91,2037045.31,-0.105
SM-59-P1,8,477834.91,2037045.31,-32.055
SM-59-P1,8,477834.91,2037045.31,-32.955
SM-23-P2,8,478975.93,2037540.89,-2.145
SM-23-P2,8,478975.93,2037540.89,-10.695
SM-105-P2,8,,,-0.675
SM-105-P2,8,,,-5.175
SM-105-P2,8,,,-8.1
SM-105-P2,8,,,-8.775
SM-105-P2,8,,,-9
SM-105-P2,8,,,-9.225
SM-105-P2,8,,,-10.125
SM-49-P1,8,477572.34,2038055.4,-9.38
SM-49-P1,8,477572.34,2038055.4,-10.055
SM-49-P1,8,477572.34,2038055.4,-12.755
SM-49-P1,8,477572.34,2038055.4,-33.455
SM-49-P1,8,477572.34,2038055.4,-36.155
SM-49-P1,8,477572.34,2038055.4,-36.83
SM-49-P1,8,477572.34,2038055.4,-38.18
SM-04-B1,8,479321.627,2036184.495,1.3505
SM-04-B1,8,479321.627,2036184.495,-14.3995
SM-17-P2,8,479997.31,2036524.08,-1.93
SM-17-P2,8,479997.31,2036524.08,-2.605
SM-17-P2,8,479997.31,2036524.08,-3.505
SM-17-P2,8,479997.31,2036524.08,-8.005
SM-17-P2,8,479997.31,2036524.08,-12.505
SM-17-P2,8,479997.31,2036524.08,-12.73
SM-17-P2,8,479997.31,2036524.08,-12.955
SM-08-B1 (2),8,,,-0.225
SM-08-B1 (2),8,,,-3.825
SM-08-B2,8,480108.48,2037238.9,-1.85
SM-08-B2,8,480108.48,2037238.9,-22.775
SM-08-B2,8,480108.48,2037238.9,-24.125
SM-60-P1,8,477583.84,2036816.3,-5.005
SM-60-P1,8,477583.84,2036816.3,-6.13
SM-60-P1,8,477583.84,2036816.3,-14.005
SM-18-P1,8,477502.42,2036933.38,0.105
SM-18-P1,8,477502.42,2036933.38,-2.595
SM-09-B1,30.5,477265.19,2036624.23,-17.44
SM-09-B1,31,477265.19,2036624.23,-17.665
SM-67-P1,8,477857.4,2036377.24,1.855
SM-67-P1,8,477857.4,2036377.24,1.18
SM-67-P1,8,477857.4,2036377.24,-1.97
SM-67-P1,8,477857.4,2036377.24,-2.42
SM-67-P1,8,477857.4,2036377.24,-3.32
SM-67-P1,8,477857.4,2036377.24,-20.645
SM-05-B1,41,478828.2306,2036140.498,-23.393
SM-05-B1,42,478828.2306,2036140.498,-23.618
SM-05-B1,43,478828.2306,2036140.498,-23.843
SM-05-B1,36,478828.2306,2036140.498,-24.068
SM-35 P2,8,,,-2.925
SM-35 P2,8,,,-3.825
SM-35 P2,8,,,-4.05
SM-35 P2,8,,,-4.275
SM-35 P2,8,,,-8.775
SM-35 P2,8,,,-13.275
SM-62 P2,8,,,-15.75
SM-62 P2,8,,,-16.2
SM-72-P2,8,479543.59,2036219.22,-1.735
SM-72-P2,8,479543.59,2036219.22,-8.485
SM-72-P2,8,479543.59,2036219.22,-10.735
SM-19-P1,8,477471.6,2036261.55,-13.245
SM-19-P1,8,477471.6,2036261.55,-35.745
SM-19-P1,8,477471.6,2036261.55,-38.445
SM-51-P1,8,477639.95,2037631.92,-4.575
SM-51-P1,8,477639.95,2037631.92,-8.625
SM-51-P1,8,477639.95,2037631.92,-39.45
SM-51-P1,8,477639.95,2037631.92,-40.125
SM-51-P1,8,477639.95,2037631.92,-40.35
SM-51-P1,8,477639.95,2037631.92,-40.575
SM-51-P1,8,477639.95,2037631.92,-43.725
SM-36-P2,8,478362.19,2036503.28,-1.63
SM-36-P2,8,478362.19,2036503.28,-2.08
SM-36-P2,8,478362.19,2036503.28,-2.53
SM-36-P2,8,478362.19,2036503.28,-2.98
SM-10-B2,8,480515.3,2036275.1,0.67
SM-10-B2,8,480515.3,2036275.1,-1.805
SM-10-B2,8,480515.3,2036275.1,-4.055
SM-07-B1,8,477905.7673,2036203.22,-2.2914
SM-07-B1,8,477905.7673,2036203.22,-3.6414
SM-07-B1,8,477905.7673,2036203.22,-3.8664
SM-07-B1,8,477905.7673,2036203.22,-4.0914
SM-07-B1,8,477905.7673,2036203.22,-4.3164
SM-07-B1,8,477905.7673,2036203.22,-4.5414
SM-07-B1,8,477905.7673,2036203.22,-5.8914
SM-07-B1,8,477905.7673,2036203.22,-10.8414
SM-55-P2,8,479329.18,2037687.79,-2.065
SM-55-P2,8,479329.18,2037687.79,-3.415
SM-55-P2,8,479329.18,2037687.79,-4.54
SM-55-P2,8,479329.18,2037687.79,-11.065
SM-55-P2,8,479329.18,2037687.79,-11.74
SM-55-P2,8,479329.18,2037687.79,-12.19
SM-55-P2,8,479329.18,2037687.79,-12.64
SM-25-P2,8,479793.28,2037531.65,-2.525
SM-25-P2,8,479793.28,2037531.65,-7.025
SM-25-P2,8,479793.28,2037531.65,-7.25
SM-25-P2,8,479793.28,2037531.65,-7.475
SM-25-P2,8,479793.28,2037531.65,-8.825
SM-25-P2,8,479793.28,2037531.65,-10.175
SM-25-P2,8,479793.28,2037531.65,-18.05
SM-25-P2,8,479793.28,2037531.65,-19.175
SM-06-B1,8,478330.36,2036080.3,-2.355
SM-06-B1,8,478330.36,2036080.3,-3.03
SM-06-B1,8,478330.36,2036080.3,-5.505
SM-66-P1,8,477629.99,2036277.02,3.135
SM-66-P1,8,477629.99,2036277.02,-1.365
SM-52-P1,8,478098.81,2037573.26,1.945
SM-52-P1,8,478098.81,2037573.26,1.72
SM-52-P1,8,478098.81,2037573.26,1.495
SM-52-P1,8,478098.81,2037573.26,-18.755
SM-56-P1,8,477300.86,2037204.18,1.86
SM-10-B1,8,477226.3,2037121.54,0.775
SM-10-B1,8,477226.3,2037121.54,-0.35
SM-10-B1,8,477226.3,2037121.54,-12.05
SM-53-P2,8,478414.1,2037512.4,-5.315
SM-53-P2,8,478414.1,2037512.4,-6.89
SM-53-P2,8,478414.1,2037512.4,-7.34
SM-53-P2,8,478414.1,2037512.4,-11.615
SM-14-P2,8,479685.63,2037378.89,0.24
SM-14-P2,8,479685.63,2037378.89,-1.335
SM-14-P2,8,479685.63,2037378.89,-4.035
SM-14-P2,8,479685.63,2037378.89,-4.26
SM-14-P2,8,479685.63,2037378.89,-4.485
SM-14-P2,8,479685.63,2037378.89,-16.185
SM-37-P2,8,479213.08,2036499.92,-3.235
SM-47-P1,8,478006.01,2038293.04,-14.495
SM-47-P1,8,478006.01,2038293.04,-16.295
SM-47-P1,8,478006.01,2038293.04,-18.995
SM-28 P2,8,,,-1.125
SM-07-B2,8,,,-1.125
SM-07-B2,8,,,-1.8
SM-07-B2,8,,,-3.375
SM-07-B2,8,,,-4.725
SM-07-B2,8,,,-7.65
SM-07-B2,8,,,-8.325
SM-07-B2,8,,,-11.025
SM-07-B2,8,,,-14.175
SM-07-B2,8,,,-14.4
SM-07-B2,8,,,-14.625
SM-01-B1,8,480286.37,2036030.34,0.195
SM-01-B1,8,480286.37,2036030.34,-0.03
SM-01-B1,8,480286.37,2036030.34,-0.255
SM-01-B1,8,480286.37,2036030.34,-1.605
SM-01-B1,8,480286.37,2036030.34,-1.83
SM-01-B1,8,480286.37,2036030.34,-2.055
SM-01-B1,8,480286.37,2036030.34,-5.205
SM-20-P1,8,477576.5,2038152.22,1.485
SM-20-P1,8,477574.978,2038153.565,1.415
SM-69-P2,8,478614.71,2036398.52,-3.79
SM-69-P2,8,478614.71,2036398.52,-14.815
SM-57-P1,8,477640.14,2037208.59,-4.5
SM-74-P3,8,480593.73,2036997.8,-15.035
SM-74-P3,8,480593.73,2036997.8,-15.26
SM-74-P3,8,480593.73,2036997.8,-15.485
SM-74-P3,8,480593.73,2036997.8,-20.885
SM-74-P3,8,480593.73,2036997.8,-24.485
SM-38-P2,8,479622.12,2036497.16,-4.985
SM-38-P2,8,479622.12,2036497.16,-11.735
SM-38-P2,8,479622.12,2036497.16,-13.085
SM-38-P2,8,479622.12,2036497.16,-13.985
SM-38-P2,8,479622.12,2036497.16,-14.66
SM-38-P2,8,479622.12,2036497.16,-21.41
SM-63-P1,8,477393.97,2036611.25,-2.44
SM-63-P1,8,477393.97,2036611.25,-3.115
SM-63-P1,8,477393.97,2036611.25,-15.94
SM-63-P1,8,477393.97,2036611.25,3.41
SM-75-P1,8,477626.74,2037421.93,-3.535
SM-29-P2,8,479601.03,2037189.73,-9.705
SM-29-P2,8,479601.03,2037189.73,-11.505
SM-29-P2,8,479601.03,2037189.73,-11.73
SM-29-P2,8,479601.03,2037189.73,-11.955
SM-29-P2,8,479601.03,2037189.73,-16.455
SM-22-P2,8,478599.1,2037541.17,1.285
SM-22-P2,8,478599.1,2037541.17,1.06
SM-22-P2,8,478599.1,2037541.17,0.835
SM-22-P2,8,478599.1,2037541.17,-3.89
SM-22-P2,8,478599.1,2037541.17,-4.565
SM-22-P2,8,478599.1,2037541.17,-6.365
SM-22-P2,8,478599.1,2037541.17,-14.24
SM-22-P2,8,478599.1,2037541.17,-14.69
SM-22-P2,8,478599.1,2037541.17,-16.94
SM-15-P2,8,479132.63,2036864.69,-2.79
SM-21-P3,7.5,481503.78,2037018.87,-0.21
SM-21-P3,7.5,481503.78,2037018.87,-2.01
SM-34-P2,7.5,479861.49,2036907.43,-1.94
SM-11-B1,7.5,477167.57,2037681.46,-12.32
SM-11-B1,7.5,477167.57,2037681.46,-14.57
SM-08-B1,7.5,,,-3.15
SM-41-P1,7.5,477763.79,2038599.78,-12.02
SM-41-P1,7.5,477763.79,2038599.78,-13.82
SM-32-P2,7.5,479000.45,2036846.64,0.96
SM-32-P2,7.5,479000.45,2036846.64,0.51
SM-30-P2,7.5,480015.16,2037202.47,-13.19
SM-68 P2,7.5,,,-4.5
SM-68 P2,7.5,,,-17.55
SM-68 P2,7.5,,,0
SM-58-P1,7.5,478010.84,2037201.06,-14.4
SM-39-P2,7.5,480204.54,2036551.45,-3.28
SM-39-P2,7.5,480204.54,2036551.45,-4.18
SM-16-P2,7.5,478795.23,2036506.72,-13.88
SM-24-P2,7.5,479387.3,2037585.89,-7.1
SM-24-P2,7.5,479387.3,2037585.89,-13.4
SM-04-B2,7.5,478139.21,2037614.8,2.03
SM-04-B2,7.5,478139.21,2037614.8,-9.67
SM-50-P1,7.5,477300,2037635,-16.84
SM-31-P2,7.5,478600.11,2036846.19,-0.12
SM-31-P2,7.5,478600.11,2036846.19,-13.17
SM-31-P2,7.5,478600.11,2036846.19,-14.52
SM-23-P2,7.5,478975.93,2037540.89,0.33
SM-23-P2,7.5,478975.93,2037540.89,-10.92
SM-105-P2,7.5,,,-0.45
SM-105-P2,7.5,,,-9.45
SM-105-P2,7.5,,,-9.9
SM-105-P2,7.5,,,-11.7
SM-49-P1,7.5,477572.34,2038055.4,2.77
SM-49-P1,7.5,477572.34,2038055.4,-12.53
SM-49-P1,7.5,477572.34,2038055.4,-35.93
SM-49-P1,7.5,477572.34,2038055.4,-36.38
SM-04-B1,7.5,479321.627,2036184.495,-4.2745
SM-08-B1 (2),7.5,,,-0.45
SM-08-B2,7.5,480108.48,2037238.9,-16.7
SM-60-P1,7.5,477583.84,2036816.3,0.62
SM-60-P1,7.5,477583.84,2036816.3,0.17
SM-60-P1,7.5,477583.84,2036816.3,-2.08
SM-60-P1,7.5,477583.84,2036816.3,3.095
SM-18-P1,7.5,477502.42,2036933.38,-8.67
SM-09-B1,31,477265.19,2036624.23,-17.89
SM-67-P1,7.5,477857.4,2036377.24,1.63
SM-67-P1,7.5,477857.4,2036377.24,-2.87
SM-67-P1,7.5,477857.4,2036377.24,-17.27
SM-05-B1,29,478828.2306,2036140.498,-24.293
SM-05-B1,33,478828.2306,2036140.498,-24.518
SM-62 P2,7.5,,,-30.6
SM-51-P1,7.5,477639.95,2037631.92,-4.8
SM-51-P1,7.5,477639.95,2037631.92,-8.4
SM-51-P1,7.5,477639.95,2037631.92,-11.1
SM-10-B2,7.5,480515.3,2036275.1,-0.68
SM-25-P2,7.5,479793.28,2037531.65,-6.35
SM-06-B1,7.5,478330.36,2036080.3,-2.58
SM-66-P1,7.5,477629.99,2036277.02,2.46
SM-66-P1,7.5,477629.99,2036277.02,-1.14
SM-66-P1,7.5,477629.99,2036277.02,-15.99
SM-52-P1,7.5,478098.81,2037573.26,1.27
SM-52-P1,7.5,478098.81,2037573.26,-10.43
SM-10-B1,7.5,477226.3,2037121.54,-1.7
SM-53-P2,7.5,478414.1,2037512.4,0.31
SM-37-P2,7.5,479213.08,2036499.92,-2.11
SM-28 P2,7.5,,,-1.35
SM-07-B2,7.5,,,-0.9
SM-07-B2,7.5,,,-3.6
SM-69-P2,7.5,478614.71,2036398.52,-12.34
SM-57-P1,7.5,477640.14,2037208.59,-1.35
SM-38-P2,7.5,479622.12,2036497.16,-12.86
SM-63-P1,7.5,477393.97,2036611.25,-0.64
SM-63-P1,7.5,477393.97,2036611.25,-1.09
SM-76-P3,7.5,481243.38,2036665.86,-36.04
SM-29-P2,7.5,479601.03,2037189.73,-13.08
SM-29-P2,7.5,479601.03,2037189.73,-13.98
SM-22-P2,7.5,478599.1,2037541.17,1.96
SM-22-P2,7.5,478599.1,2037541.17,-4.34
SM-15-P2,7.5,479132.63,2036864.69,0.36
SM-15-P2,7.5,479132.63,2036864.69,-0.54
SM-15-P2,7.5,479132.63,2036864.69,-10.89
SM-21-P3,7,481503.78,2037018.87,-1.785
SM-26-P2,7,478399.31,2037192.67,2.01
SM-26-P2,7,478399.31,2037192.67,-0.24
SM-26-P2,7,478399.31,2037192.67,-0.69
SM-26-P2,7,478399.31,2037192.67,-9.24
SM-26-P2,7,478399.31,2037192.67,-15.315
SM-26-P2,7,478399.31,2037192.67,-15.54
SM-26-P2,7,478399.31,2037192.67,-15.765
SM-26-P2,7,478399.31,2037192.67,-21.165
SM-34-P2,7,479861.49,2036907.43,0.31
SM-34-P2,7,479861.49,2036907.43,-1.715
SM-34-P2,7,479861.49,2036907.43,-5.315
SM-34-P2,7,479861.49,2036907.43,-21.515
SM-40-P1,7,477608.176,2038623.913,-39.355
SM-03-B1,7,479599.92,2035977.75,-11.985
SM-11-B1,7,477167.57,2037681.46,-3.545
SM-11-B1,7,477167.57,2037681.46,-5.12
SM-11-B1,7,477167.57,2037681.46,-8.27
SM-11-B1,7,477167.57,2037681.46,-16.145
SM-11-B1,7,477167.57,2037681.46,-17.045
SM-08-B1,7,,,-1.8
SM-08-B1,7,,,-3.375
SM-08-B1,7,,,-4.275
SM-08-B1,7,,,-6.075
SM-41-P1,7,477763.79,2038599.78,-13.145
SM-41-P1,7,477763.79,2038599.78,-14.27
SM-41-P1,7,477763.79,2038599.78,-14.945
SM-32-P2,7,479000.45,2036846.64,0.735
SM-32-P2,7,479000.45,2036846.64,-0.39
SM-32-P2,7,479000.45,2036846.64,-4.44
SM-65-P1,7,477374.93,2036265.02,-1.34
SM-48-P1,7,477235.12,2038040.99,-13.565
SM-30-P2,7,480015.16,2037202.47,-11.165
SM-30-P2,7,480015.16,2037202.47,-12.29
SM-73-P2,7,480177.03,2036206.51,0.05
SM-68 P2,7,,,-0.675
SM-68 P2,7,,,-3.825
SM-58-P1,7,478010.84,2037201.06,0
SM-58-P1,7,478010.84,2037201.06,-13.5
SM-58-P1,7,478010.84,2037201.06,-14.175
SM-39-P2,7,480204.54,2036551.45,-5.755
SM-39-P2,7,480204.54,2036551.45,-6.655
SM-39-P2,7,480204.54,2036551.45,-9.355
SM-39-P2,7,480204.54,2036551.45,-10.255
SM-06-B2,7,,,-3.375
SM-06-B2,7,,,-13.725
SM-06-B2,7,,,-17.325
SM-16-P2,7,478795.23,2036506.72,-2.63
SM-16-P2,7,478795.23,2036506.72,-11.405
SM-16-P2,7,478795.23,2036506.72,-12.08
SM-16-P2,7,478795.23,2036506.72,-13.655
SM-54-P2,7,478894.52,2037846.9,1.245
SM-54-P2,7,478894.52,2037846.9,-1.005
SM-33-P2,7,479399.9,2036846.79,0.765
SM-33-P2,7,479399.9,2036846.79,-1.485
SM-05-B2,7,478555.9,2037889.6,-2.32
SM-05-B2,7,478555.9,2037889.6,-15.145
SM-24-P2,7,479387.3,2037585.89,-5.975
SM-24-P2,7,479387.3,2037585.89,-6.875
SM-24-P2,7,479387.3,2037585.89,-9.35
SM-24-P2,7,479387.3,2037585.89,-10.25
SM-04-B2,7,478139.21,2037614.8,1.805
SM-04-B2,7,478139.21,2037614.8,-0.895
SM-04-B2,7,478139.21,2037614.8,-9.22
SM-50-P1,7,477300,2037635,-7.39
SM-50-P1,7,477300,2037635,-17.29
SM-31-P2,7,478600.11,2036846.19,1.455
SM-27-P2,7,478831.45,2037198.64,-2.275
SM-27-P2,7,478831.45,2037198.64,-4.525
SM-27-P2,7,478831.45,2037198.64,-13.3
SM-59-P1,7,477834.91,2037045.31,-32.28
SM-59-P1,7,477834.91,2037045.31,-32.73
SM-23-P2,7,478975.93,2037540.89,-11.145
SM-23-P2,7,478975.93,2037540.89,-11.37
SM-23-P2,7,478975.93,2037540.89,-11.595
SM-23-P2,7,478975.93,2037540.89,-11.82
SM-23-P2,7,478975.93,2037540.89,-12.045
SM-23-P2,7,478975.93,2037540.89,-12.945
SM-23-P2,7,478975.93,2037540.89,-13.17
SM-23-P2,7,478975.93,2037540.89,-13.395
SM-23-P2,7,478975.93,2037540.89,-14.295
SM-105-P2,7,,,-0.225
SM-105-P2,7,,,-1.575
SM-105-P2,7,,,-6.075
SM-105-P2,7,,,-6.3
SM-105-P2,7,,,-6.525
SM-105-P2,7,,,-7.875
SM-105-P2,7,,,-9.675
SM-105-P2,7,,,-112.725
SM-105-P2,7,,,0
SM-49-P1,7,477572.34,2038055.4,-12.305
SM-49-P1,7,477572.34,2038055.4,-34.805
SM-49-P1,7,477572.34,2038055.4,-35.705
SM-49-P1,7,477572.34,2038055.4,-36.605
SM-49-P1,7,477572.34,2038055.4,-38.405
SM-04-B1,7,479321.627,2036184.495,-0.4495
SM-17-P2,7,479997.31,2036524.08,1.445
SM-17-P2,7,479997.31,2036524.08,-2.38
SM-17-P2,7,479997.31,2036524.08,-2.83
SM-17-P2,7,479997.31,2036524.08,-3.28
SM-17-P2,7,479997.31,2036524.08,-15.655
SM-17-P2,7,479997.31,2036524.08,-26.23
SM-08-B1 (2),7,,,-0.675
SM-08-B1 (2),7,,,-3.6
SM-08-B1 (2),7,,,-9
SM-08-B1 (2),7,,,-9.675
SM-08-B1 (2),7,,,-15.075
SM-08-B2,7,480108.48,2037238.9,-0.725
SM-08-B2,7,480108.48,2037238.9,-2.075
SM-08-B2,7,480108.48,2037238.9,-14.225
SM-08-B2,7,480108.48,2037238.9,-23
SM-60-P1,7,477583.84,2036816.3,1.745
SM-60-P1,7,477583.84,2036816.3,-0.505
SM-60-P1,7,477583.84,2036816.3,-0.73
SM-60-P1,7,477583.84,2036816.3,-0.955
SM-60-P1,7,477583.84,2036816.3,-2.53
SM-60-P1,7,477583.84,2036816.3,-5.68
SM-60-P1,7,477583.84,2036816.3,-9.505
SM-60-P1,7,477583.84,2036816.3,-13.78
SM-60-P1,7,477583.84,2036816.3,-14.905
SM-60-P1,7,477583.84,2036816.3,-10.63
SM-18-P1,7,477502.42,2036933.38,1.455
SM-18-P1,7,477502.42,2036933.38,-0.12
SM-18-P1,7,477502.42,2036933.38,-10.92
SM-18-P1,7,477502.42,2036933.38,-34.77
SM-18-P1,7,477502.42,2036933.38,-35.22
SM-09-B1,31,477265.19,2036624.23,-18.115
SM-09-B1,31.5,477265.19,2036624.23,-18.34
SM-09-B1,32,477265.19,2036624.23,-18.565
SM-09-B1,35.5,477265.19,2036624.23,-18.79
SM-09-B1,39,477265.19,2036624.23,-19.015
SM-67-P1,7,477857.4,2036377.24,2.08
SM-67-P1,7,477857.4,2036377.24,1.405
SM-67-P1,7,477857.4,2036377.24,-2.195
SM-05-B1,37,478828.2306,2036140.498,-24.743
SM-05-B1,38.5,478828.2306,2036140.498,-24.968
SM-05-B1,40,478828.2306,2036140.498,-25.193
SM-35 P2,7,,,-2.025
SM-35 P2,7,,,-14.175
SM-62 P2,7,,,-16.65
SM-72-P2,7,479543.59,2036219.22,-0.835
SM-72-P2,7,479543.59,2036219.22,-9.385
SM-02-B1,7,479959.6533,2036162.012,-11.281
SM-02-B1,7,479959.6533,2036162.012,-13.531
SM-19-P1,7,477471.6,2036261.55,0.03
SM-19-P1,7,477471.6,2036261.55,-7.17
SM-19-P1,7,477471.6,2036261.55,-8.295
SM-19-P1,7,477471.6,2036261.55,-12.345
SM-51-P1,7,477639.95,2037631.92,-5.025
SM-51-P1,7,477639.95,2037631.92,-6.825
SM-51-P1,7,477639.95,2037631.92,-8.175
SM-51-P1,7,477639.95,2037631.92,-14.025
SM-51-P1,7,477639.95,2037631.92,-36.975
SM-36-P2,7,478362.19,2036503.28,-0.955
SM-36-P2,7,478362.19,2036503.28,-1.18
SM-36-P2,7,478362.19,2036503.28,-1.405
SM-36-P2,7,478362.19,2036503.28,-2.305
SM-36-P2,7,478362.19,2036503.28,-3.205
SM-36-P2,7,478362.19,2036503.28,-3.43
SM-36-P2,7,478362.19,2036503.28,-3.655
SM-36-P2,7,478362.19,2036503.28,-4.33
SM-10-B2,7,480515.3,2036275.1,1.345
SM-10-B2,7,480515.3,2036275.1,1.12
SM-10-B2,7,480515.3,2036275.1,0.895
SM-10-B2,7,480515.3,2036275.1,-1.58
SM-10-B2,7,480515.3,2036275.1,-2.48
SM-07-B1,7,477905.7673,2036203.22,-1.6164
SM-07-B1,7,477905.7673,2036203.22,-9.4914
SM-07-B1,7,477905.7673,2036203.22,-11.5164
SM-07-B1,7,477905.7673,2036203.22,-12.8664
SM-55-P2,7,479329.18,2037687.79,-0.715
SM-55-P2,7,479329.18,2037687.79,-0.94
SM-55-P2,7,479329.18,2037687.79,-1.165
SM-55-P2,7,479329.18,2037687.79,-9.715
SM-55-P2,7,479329.18,2037687.79,-11.965
SM-55-P2,7,479329.18,2037687.79,-12.865
SM-13-P2,7,478456.28,2037422.21,1.39
SM-13-P2,7,478456.28,2037422.21,-5.135
SM-13-P2,7,478456.28,2037422.21,-6.485
SM-13-P2,7,478456.28,2037422.21,-16.835
SM-25-P2,7,479793.28,2037531.65,-5
SM-25-P2,7,479793.28,2037531.65,-8.6
SM-25-P2,7,479793.28,2037531.65,-9.05
SM-25-P2,7,479793.28,2037531.65,-10.85
SM-25-P2,7,479793.28,2037531.65,-14.225
SM-25-P2,7,479793.28,2037531.65,1.3
SM-06-B1,7,478330.36,2036080.3,-1.455
SM-06-B1,7,478330.36,2036080.3,-2.805
SM-06-B1,7,478330.36,2036080.3,-9.105
SM-66-P1,7,477629.99,2036277.02,-0.915
SM-52-P1,7,478098.81,2037573.26,1.045
SM-52-P1,7,478098.81,2037573.26,-8.855
SM-10-B1,7,477226.3,2037121.54,0.55
SM-10-B1,7,477226.3,2037121.54,-4.175
SM-10-B1,7,477226.3,2037121.54,-15.425
SM-53-P2,7,478414.1,2037512.4,0.985
SM-53-P2,7,478414.1,2037512.4,-0.59
SM-53-P2,7,478414.1,2037512.4,-2.84
SM-53-P2,7,478414.1,2037512.4,-4.415
SM-53-P2,7,478414.1,2037512.4,-15.665
SM-53-P2,7,478414.1,2037512.4,-16.34
SM-53-P2,7,478414.1,2037512.4,-17.015
SM-14-P2,7,479685.63,2037378.89,0.465
SM-14-P2,7,479685.63,2037378.89,-0.21
SM-14-P2,7,479685.63,2037378.89,-1.11
SM-14-P2,7,479685.63,2037378.89,-2.235
SM-14-P2,7,479685.63,2037378.89,-3.81
SM-14-P2,7,479685.63,2037378.89,-16.86
SM-70-P3,7,481498.09,2036695.19,-10.53
SM-70-P3,7,481498.09,2036695.19,-11.205
SM-47-P1,7,478006.01,2038293.04,13.63
SM-28 P2,7,,,-1.575
SM-28 P2,7,,,-11.925
SM-28 P2,7,,,-29.7
SM-07-B2,7,,,-0.675
SM-07-B2,7,,,-3.825
SM-07-B2,7,,,-4.5
SM-07-B2,7,,,-6.075
SM-07-B2,7,,,-12.375
SM-07-B2,7,,,-13.95
SM-01-B1,7,480286.37,2036030.34,0.87
SM-01-B1,7,480286.37,2036030.34,-2.955
SM-20-P1,7,477576.5,2038152.22,-36.315
SM-20-P1,7,477574.978,2038153.565,-36.385
SM-69-P2,7,478614.71,2036398.52,-3.115
SM-69-P2,7,478614.71,2036398.52,-5.815
SM-57-P1,7,477640.14,2037208.59,0.9
SM-57-P1,7,477640.14,2037208.59,0.225
SM-74-P3,7,480593.73,2036997.8,-16.835
SM-42-P1,7,477982.94,2038550.48,-18.895
SM-38-P2,7,479622.12,2036497.16,1.315
SM-38-P2,7,479622.12,2036497.16,-4.085
SM-38-P2,7,479622.12,2036497.16,-4.76
SM-38-P2,7,479622.12,2036497.16,-6.785
SM-38-P2,7,479622.12,2036497.16,-12.635
SM-38-P2,7,479622.12,2036497.16,-13.31
SM-38-P2,7,479622.12,2036497.16,-13.76
SM-38-P2,7,479622.12,2036497.16,-14.21
SM-38-P2,7,479622.12,2036497.16,-21.185
SM-63-P1,7,477393.97,2036611.25,1.385
SM-63-P1,7,477393.97,2036611.25,-0.19
SM-63-P1,7,477393.97,2036611.25,-2.89
SM-63-P1,7,477393.97,2036611.25,-15.715
SM-75-P1,7,477626.74,2037421.93,-7.585
SM-09-B2,7,480263.7,2036758.9,0.595
SM-09-B2,7,480263.7,2036758.9,-2.555
SM-76-P3,7,481243.38,2036665.86,-11.965
SM-76-P3,7,481243.38,2036665.86,-35.365
SM-29-P2,7,479601.03,2037189.73,-9.93
SM-22-P2,7,478599.1,2037541.17,-2.09
SM-22-P2,7,478599.1,2037541.17,-4.115
SM-22-P2,7,478599.1,2037541.17,-11.09
SM-22-P2,7,478599.1,2037541.17,-13.79
SM-22-P2,7,478599.1,2037541.17,-14.465
SM-22-P2,7,478599.1,2037541.17,-16.265
SM-15-P2,7,479132.63,2036864.69,-12.24
SM-21-P3,6.5,481503.78,2037018.87,-1.11
SM-21-P3,6.5,481503.78,2037018.87,-8.76
SM-34-P2,6.5,479861.49,2036907.43,-1.49
SM-34-P2,6.5,479861.49,2036907.43,-2.84
SM-34-P2,6.5,479861.49,2036907.43,-5.09
SM-34-P2,6.5,479861.49,2036907.43,-13.19
SM-03-B1,6.5,479599.92,2035977.75,-9.96
SM-08-B1,6.5,,,-3.6
SM-08-B1,6.5,,,-4.05
SM-08-B1,6.5,,,0
SM-41-P1,6.5,477763.79,2038599.78,-17.87
SM-65-P1,6.5,477374.93,2036265.02,-14.39
SM-73-P2,6.5,480177.03,2036206.51,-12.55
SM-68 P2,6.5,,,-4.05
SM-58-P1,6.5,478010.84,2037201.06,-12.15
SM-39-P2,6.5,480204.54,2036551.45,-5.98
SM-39-P2,6.5,480204.54,2036551.45,-6.43
SM-39-P2,6.5,480204.54,2036551.45,-9.58
SM-39-P2,6.5,480204.54,2036551.45,-10.03
SM-16-P2,6.5,478795.23,2036506.72,-1.28
SM-54-P2,6.5,478894.52,2037846.9,-10.23
SM-33-P2,6.5,479399.9,2036846.79,1.44
SM-05-B2,6.5,478555.9,2037889.6,-14.92
SM-24-P2,6.5,479387.3,2037585.89,-5.75
SM-50-P1,6.5,477300,2037635,-5.59
SM-50-P1,6.5,477300,2037635,-8.29
SM-50-P1,6.5,477300,2037635,-10.99
SM-50-P1,6.5,477300,2037635,-16.39
SM-31-P2,6.5,478600.11,2036846.19,-14.07
SM-27-P2,6.5,478831.45,2037198.64,-2.05
SM-27-P2,6.5,478831.45,2037198.64,-9.25
SM-27-P2,6.5,478831.45,2037198.64,-13.75
SM-23-P2,6.5,478975.93,2037540.89,-12.27
SM-23-P2,6.5,478975.93,2037540.89,-12.72
SM-23-P2,6.5,478975.93,2037540.89,-13.62
SM-23-P2,6.5,478975.93,2037540.89,-14.07
SM-23-P2,6.5,478975.93,2037540.89,-14.52
SM-105-P2,6.5,,,-4.95
SM-105-P2,6.5,,,-6.75
SM-49-P1,6.5,477572.34,2038055.4,-33.68
SM-17-P2,6.5,479997.31,2036524.08,-30.28
SM-08-B2,6.5,480108.48,2037238.9,-14.45
SM-60-P1,6.5,477583.84,2036816.3,-0.28
SM-60-P1,6.5,477583.84,2036816.3,-15.58
SM-09-B1,44.5,477265.19,2036624.23,-19.24
SM-09-B1,50,477265.19,2036624.23,-19.465
SM-09-B1,50,477265.19,2036624.23,-19.69
SM-67-P1,6.5,477857.4,2036377.24,-15.47
SM-67-P1,6.5,477857.4,2036377.24,-16.82
SM-05-B1,41,478828.2306,2036140.498,-25.418
SM-05-B1,42,478828.2306,2036140.498,-25.643
SM-72-P2,6.5,479543.59,2036219.22,-8.71
SM-72-P2,6.5,479543.59,2036219.22,-9.61
SM-02-B1,6.5,479959.6533,2036162.012,-15.106
SM-19-P1,6.5,477471.6,2036261.55,4.08
SM-36-P2,6.5,478362.19,2036503.28,-0.73
SM-10-B2,6.5,480515.3,2036275.1,-2.03
SM-07-B1,6.5,477905.7673,2036203.22,-3.4164
SM-55-P2,6.5,479329.18,2037687.79,-0.49
SM-55-P2,6.5,479329.18,2037687.79,-13.09
SM-13-P2,6.5,478456.28,2037422.21,-10.31
SM-25-P2,6.5,479793.28,2037531.65,-10.4
SM-25-P2,6.5,479793.28,2037531.65,-18.5
SM-06-B1,6.5,478330.36,2036080.3,-1.23
SM-66-P1,6.5,477629.99,2036277.02,2.91
SM-53-P2,6.5,478414.1,2037512.4,-5.99
SM-53-P2,6.5,478414.1,2037512.4,-15.44
SM-14-P2,6.5,479685.63,2037378.89,-2.46
SM-70-P3,6.5,481498.09,2036695.19,-11.43
SM-28 P2,6.5,,,-11.7
SM-07-B2,6.5,,,-1.35
SM-07-B2,6.5,,,-4.05
SM-07-B2,6.5,,,-10.8
SM-20-P1,6.5,477576.5,2038152.22,-36.54
SM-20-P1,6.5,477574.978,2038153.565,-36.61
SM-69-P2,6.5,478614.71,2036398.52,-2.44
SM-74-P3,6.5,480593.73,2036997.8,-13.46
SM-38-P2,6.5,479622.12,2036497.16,-4.31
SM-29-P2,6.5,479601.03,2037189.73,-11.28
SM-22-P2,6.5,478599.1,2037541.17,-16.49
SM-15-P2,6.5,479132.63,2036864.69,-11.34
SM-21-P3,6,481503.78,2037018.87,0.015
SM-21-P3,6,481503.78,2037018.87,-1.56
SM-26-P2,6,478399.31,2037192.67,-0.465
SM-26-P2,6,478399.31,2037192.67,-15.99
SM-26-P2,6,478399.31,2037192.67,-18.015
SM-34-P2,6,479861.49,2036907.43,-1.265
SM-34-P2,6,479861.49,2036907.43,-4.865
SM-34-P2,6,479861.49,2036907.43,-9.14
SM-43-P1,6,478112.67,2038510.48,7.17
SM-43-P1,6,478109.666,2038510.974,7.05
SM-03-B1,6,479599.92,2035977.75,-4.335
SM-03-B1,6,479599.92,2035977.75,-8.835
SM-11-B1,6,477167.57,2037681.46,-3.32
SM-11-B1,6,477167.57,2037681.46,-4.895
SM-11-B1,6,477167.57,2037681.46,-7.82
SM-11-B1,6,477167.57,2037681.46,-14.795
SM-11-B1,6,477167.57,2037681.46,3.88
SM-08-B1,6,,,-1.575
SM-08-B1,6,,,-3.825
SM-41-P1,6,477763.79,2038599.78,-12.47
SM-32-P2,6,479000.45,2036846.64,-0.615
SM-32-P2,6,479000.45,2036846.64,-3.765
SM-65-P1,6,477374.93,2036265.02,1.135
SM-65-P1,6,477374.93,2036265.02,-1.115
SM-65-P1,6,477374.93,2036265.02,-11.465
SM-48-P1,6,477235.12,2038040.99,-12.44
SM-30-P2,6,480015.16,2037202.47,-0.365
SM-30-P2,6,480015.16,2037202.47,-11.39
SM-30-P2,6,480015.16,2037202.47,-12.965
SM-30-P2,6,480015.16,2037202.47,-15.665
SM-73-P2,6,480177.03,2036206.51,-14.575
SM-73-P2,6,480177.03,2036206.51,-15.475
SM-73-P2,6,480177.03,2036206.51,-15.7
SM-73-P2,6,480177.03,2036206.51,-15.925
SM-68 P2,6,,,-4.275
SM-68 P2,6,,,-11.475
SM-68 P2,6,,,-14.175
SM-58-P1,6,478010.84,2037201.06,0.225
SM-58-P1,6,478010.84,2037201.06,-13.05
SM-39-P2,6,480204.54,2036551.45,0.77
SM-39-P2,6,480204.54,2036551.45,-0.58
SM-39-P2,6,480204.54,2036551.45,-6.205
SM-39-P2,6,480204.54,2036551.45,-9.805
SM-39-P2,6,480204.54,2036551.45,-10.48
SM-39-P2,6,480204.54,2036551.45,-11.155
SM-06-B2,6,,,-8.775
SM-06-B2,6,,,-11.475
SM-06-B2,6,,,-19.575
SM-06-B2,6,,,0
SM-16-P2,6,478795.23,2036506.72,-2.18
SM-16-P2,6,478795.23,2036506.72,-9.605
SM-54-P2,6,478894.52,2037846.9,1.02
SM-54-P2,6,478894.52,2037846.9,-6.855
SM-33-P2,6,479399.9,2036846.79,-1.26
SM-61-P1,6,478033.23,2036869.83,-0.235
SM-05-B2,6,478555.9,2037889.6,-14.695
SM-05-B2,6,478555.9,2037889.6,-15.82
SM-05-B2,6,478555.9,2037889.6,-16.72
SM-24-P2,6,479387.3,2037585.89,-5.075
SM-24-P2,6,479387.3,2037585.89,-5.3
SM-24-P2,6,479387.3,2037585.89,-5.525
SM-24-P2,6,479387.3,2037585.89,-9.125
SM-24-P2,6,479387.3,2037585.89,-12.95
SM-04-B2,6,478139.21,2037614.8,0.905
SM-04-B2,6,478139.21,2037614.8,-0.67
SM-50-P1,6,477300,2037635,-2.665
SM-31-P2,6,478600.11,2036846.19,0.78
SM-31-P2,6,478600.11,2036846.19,-0.345
SM-31-P2,6,478600.11,2036846.19,-0.57
SM-31-P2,6,478600.11,2036846.19,-0.795
SM-27-P2,6,478831.45,2037198.64,-0.025
SM-27-P2,6,478831.45,2037198.64,-1.825
SM-27-P2,6,478831.45,2037198.64,-12.625
SM-27-P2,6,478831.45,2037198.64,-12.85
SM-27-P2,6,478831.45,2037198.64,-13.075
SM-27-P2,6,478831.45,2037198.64,1.1
SM-59-P1,6,477834.91,2037045.31,-10.905
SM-59-P1,6,477834.91,2037045.31,-32.505
SM-46-P1,6,477751.46,2038302.66,3.66
SM-23-P2,6,478975.93,2037540.89,-12.495
SM-23-P2,6,478975.93,2037540.89,-13.845
SM-23-P2,6,478975.93,2037540.89,-14.745
SM-105-P2,6,,,-1.8
SM-105-P2,6,,,-6.975
SM-105-P2,6,,,-7.65
SM-105-P2,6,,,-17.325
SM-105-P2,6,,,-108.675
SM-49-P1,6,477572.34,2038055.4,0.295
SM-49-P1,6,477572.34,2038055.4,-5.555
SM-49-P1,6,477572.34,2038055.4,-34.58
SM-04-B1,6,479321.627,2036184.495,-4.0495
SM-04-B1,6,479321.627,2036184.495,-5.1745
SM-04-B1,6,479321.627,2036184.495,-9.8995
SM-04-B1,6,479321.627,2036184.495,-14.6245
SM-04-B1,6,479321.627,2036184.495,-15.2995
SM-17-P2,6,479997.31,2036524.08,-2.155
SM-17-P2,6,479997.31,2036524.08,-3.055
SM-08-B1 (2),6,,,-3.375
SM-08-B2,6,480108.48,2037238.9,-14.675
SM-08-B2,6,480108.48,2037238.9,-17.375
SM-08-B2,6,480108.48,2037238.9,-23.225
SM-60-P1,6,477583.84,2036816.3,0.845
SM-60-P1,6,477583.84,2036816.3,-0.055
SM-60-P1,6,477583.84,2036816.3,-13.555
SM-18-P1,6,477502.42,2036933.38,-0.345
SM-18-P1,6,477502.42,2036933.38,-8.895
SM-18-P1,6,477502.42,2036933.38,-31.17
SM-18-P1,6,477502.42,2036933.38,-35.895
SM-09-B1,50,477265.19,2036624.23,-19.915
SM-09-B1,45.5,477265.19,2036624.23,-20.14
SM-09-B1,41,477265.19,2036624.23,-20.365
SM-09-B1,45,477265.19,2036624.23,-20.59
SM-67-P1,6,477857.4,2036377.24,2.305
SM-67-P1,6,477857.4,2036377.24,-3.095
SM-67-P1,6,477857.4,2036377.24,-8.495
SM-67-P1,6,477857.4,2036377.24,-13.445
SM-67-P1,6,477857.4,2036377.24,-13.67
SM-67-P1,6,477857.4,2036377.24,-13.895
SM-67-P1,6,477857.4,2036377.24,-14.57
SM-67-P1,6,477857.4,2036377.24,-17.495
SM-67-P1,6,477857.4,2036377.24,-19.295
SM-67-P1,6,477857.4,2036377.24,-24.695
SM-05-B1,43,478828.2306,2036140.498,-25.868
SM-05-B1,44,478828.2306,2036140.498,-26.093
SM-05-B1,34.5,478828.2306,2036140.498,-26.318
SM-35 P2,6,,,-14.4
SM-62 P2,6,,,-1.575
SM-62 P2,6,,,-1.8
SM-62 P2,6,,,-2.025
SM-72-P2,6,479543.59,2036219.22,-9.16
SM-72-P2,6,479543.59,2036219.22,-9.835
SM-72-P2,6,479543.59,2036219.22,-10.96
SM-02-B1,6,479959.6533,2036162.012,-12.631
SM-19-P1,6,477471.6,2036261.55,-10.095
SM-51-P1,6,477639.95,2037631.92,-3.225
SM-51-P1,6,477639.95,2037631.92,-8.85
SM-51-P1,6,477639.95,2037631.92,-14.25
SM-51-P1,6,477639.95,2037631.92,-37.65
SM-51-P1,6,477639.95,2037631.92,-38.325
SM-51-P1,6,477639.95,2037631.92,-39.225
SM-51-P1,6,477639.95,2037631.92,-42.15
SM-36-P2,6,478362.19,2036503.28,-0.055
SM-36-P2,6,478362.19,2036503.28,-0.28
SM-36-P2,6,478362.19,2036503.28,-0.505
SM-36-P2,6,478362.19,2036503.28,-3.88
SM-36-P2,6,478362.19,2036503.28,-8.38
SM-10-B2,6,480515.3,2036275.1,0.22
SM-10-B2,6,480515.3,2036275.1,-1.355
SM-07-B1,6,477905.7673,2036203.22,-0.4914
SM-07-B1,6,477905.7673,2036203.22,-9.2664
SM-07-B1,6,477905.7673,2036203.22,-17.1414
SM-55-P2,6,479329.18,2037687.79,-0.265
SM-55-P2,6,479329.18,2037687.79,-4.765
SM-55-P2,6,479329.18,2037687.79,-5.665
SM-55-P2,6,479329.18,2037687.79,-9.94
SM-55-P2,6,479329.18,2037687.79,-10.84
SM-55-P2,6,479329.18,2037687.79,-13.315
SM-13-P2,6,478456.28,2037422.21,-14.135
SM-25-P2,6,479793.28,2037531.65,-8.375
SM-25-P2,6,479793.28,2037531.65,-9.275
SM-25-P2,6,479793.28,2037531.65,-9.95
SM-25-P2,6,479793.28,2037531.65,-12.425
SM-06-B1,6,478330.36,2036080.3,0.795
SM-06-B1,6,478330.36,2036080.3,-1.005
SM-52-P1,6,478098.81,2037573.26,0.145
SM-10-B1,6,477226.3,2037121.54,0.325
SM-10-B1,6,477226.3,2037121.54,0.1
SM-10-B1,6,477226.3,2037121.54,-0.125
SM-10-B1,6,477226.3,2037121.54,-1.475
SM-10-B1,6,477226.3,2037121.54,-3.275
SM-10-B1,6,477226.3,2037121.54,-12.725
SM-10-B1,6,477226.3,2037121.54,-13.625
SM-10-B1,6,477226.3,2037121.54,-14.525
SM-53-P2,6,478414.1,2037512.4,0.76
SM-53-P2,6,478414.1,2037512.4,-1.715
SM-53-P2,6,478414.1,2037512.4,-5.54
SM-53-P2,6,478414.1,2037512.4,-7.115
SM-53-P2,6,478414.1,2037512.4,-15.215
SM-14-P2,6,479685.63,2037378.89,-0.885
SM-14-P2,6,479685.63,2037378.89,-1.56
SM-14-P2,6,479685.63,2037378.89,-2.685
SM-14-P2,6,479685.63,2037378.89,-3.585
SM-14-P2,6,479685.63,2037378.89,-5.385
SM-14-P2,6,479685.63,2037378.89,-17.985
SM-37-P2,6,479213.08,2036499.92,-8.41
SM-70-P3,6,481498.09,2036695.19,-11.655
SM-70-P3,6,481498.09,2036695.19,-11.88
SM-70-P3,6,481498.09,2036695.19,-12.105
SM-47-P1,6,478006.01,2038293.04,-13.145
SM-28 P2,6,,,-11.475
SM-07-B2,6,,,-4.275
SM-07-B2,6,,,-8.1
SM-07-B2,6,,,-12.15
SM-07-B2,6,,,-12.6
SM-07-B2,6,,,-13.725
SM-01-B1,6,480286.37,2036030.34,0.42
SM-01-B1,6,480286.37,2036030.34,-2.28
SM-01-B1,6,480286.37,2036030.34,-3.18
SM-20-P1,6,477576.5,2038152.22,-36.765
SM-20-P1,6,477574.978,2038153.565,-36.835
SM-69-P2,6,478614.71,2036398.52,0.935
SM-69-P2,6,478614.71,2036398.52,-6.49
SM-69-P2,6,478614.71,2036398.52,-8.515
SM-69-P2,6,478614.71,2036398.52,-13.24
SM-57-P1,6,477640.14,2037208.59,0
SM-57-P1,6,477640.14,2037208.59,-4.275
SM-74-P3,6,480593.73,2036997.8,1.165
SM-74-P3,6,480593.73,2036997.8,-2.435
SM-74-P3,6,480593.73,2036997.8,-17.735
SM-42-P1,6,477982.94,2038550.48,0.005
SM-38-P2,6,479622.12,2036497.16,1.54
SM-38-P2,6,479622.12,2036497.16,0.415
SM-38-P2,6,479622.12,2036497.16,-3.86
SM-38-P2,6,479622.12,2036497.16,-4.535
SM-38-P2,6,479622.12,2036497.16,-7.01
SM-38-P2,6,479622.12,2036497.16,-13.535
SM-38-P2,6,479622.12,2036497.16,-14.435
SM-38-P2,6,479622.12,2036497.16,1.99
SM-63-P1,6,477393.97,2036611.25,1.16
SM-63-P1,6,477393.97,2036611.25,-0.865
SM-63-P1,6,477393.97,2036611.25,-2.665
SM-63-P1,6,477393.97,2036611.25,-8.515
SM-63-P1,6,477393.97,2036611.25,-8.74
SM-63-P1,6,477393.97,2036611.25,-8.965
SM-63-P1,6,477393.97,2036611.25,-15.49
SM-63-P1,6,477393.97,2036611.25,-32.815
SM-75-P1,6,477626.74,2037421.93,-9.385
SM-75-P1,6,477626.74,2037421.93,-16.585
SM-09-B2,6,480263.7,2036758.9,-11.105
SM-29-P2,6,479601.03,2037189.73,-10.155
SM-29-P2,6,479601.03,2037189.73,-10.38
SM-29-P2,6,479601.03,2037189.73,-10.605
SM-22-P2,6,478599.1,2037541.17,0.61
SM-22-P2,6,478599.1,2037541.17,-16.715
SM-15-P2,6,479132.63,2036864.69,1.035
SM-15-P2,6,479132.63,2036864.69,-1.665
SM-15-P2,6,479132.63,2036864.69,-2.565
SM-15-P2,6,479132.63,2036864.69,-10.665
SM-21-P3,5.5,481503.78,2037018.87,0.69
SM-26-P2,5.5,478399.31,2037192.67,-17.79
SM-34-P2,5.5,479861.49,2036907.43,-1.04
SM-40-P1,5.5,477608.176,2038623.913,-39.13
SM-03-B1,5.5,479599.92,2035977.75,-2.76
SM-11-B1,5.5,477167.57,2037681.46,-3.77
SM-08-B1,5.5,,,-4.05
SM-32-P2,5.5,479000.45,2036846.64,-3.99
SM-48-P1,5.5,477235.12,2038040.99,2.86
SM-30-P2,5.5,480015.16,2037202.47,-6.44
SM-73-P2,5.5,480177.03,2036206.51,-14.8
SM-73-P2,5.5,480177.03,2036206.51,-15.25
SM-73-P2,5.5,480177.03,2036206.51,0.95
SM-39-P2,5.5,480204.54,2036551.45,-2.38
SM-39-P2,5.5,480204.54,2036551.45,-8.68
SM-39-P2,5.5,480204.54,2036551.45,-10.93
SM-39-P2,5.5,480204.54,2036551.45,-11.83
SM-16-P2,5.5,478795.23,2036506.72,-6.23
SM-16-P2,5.5,478795.23,2036506.72,-11.63
SM-54-P2,5.5,478894.52,2037846.9,-10.68
SM-54-P2,5.5,478894.52,2037846.9,-19.23
SM-33-P2,5.5,479399.9,2036846.79,-3.06
SM-24-P2,5.5,479387.3,2037585.89,-10.7
SM-04-B2,5.5,478139.21,2037614.8,1.58
SM-50-P1,5.5,477300,2037635,-8.74
SM-31-P2,5.5,478600.11,2036846.19,1.23
SM-31-P2,5.5,478600.11,2036846.19,-1.47
SM-31-P2,5.5,478600.11,2036846.19,-3.27
SM-23-P2,5.5,478975.93,2037540.89,-1.92
SM-23-P2,5.5,478975.93,2037540.89,-10.47
SM-105-P2,5.5,,,-7.2
SM-49-P1,5.5,477572.34,2038055.4,-35.03
SM-49-P1,5.5,477572.34,2038055.4,-35.48
SM-04-B1,5.5,479321.627,2036184.495,1.1255
SM-04-B1,5.5,479321.627,2036184.495,-3.8245
SM-17-P2,5.5,479997.31,2036524.08,-8.23
SM-17-P2,5.5,479997.31,2036524.08,-25.78
SM-08-B1 (2),5.5,,,-14.85
SM-08-B2,5.5,480108.48,2037238.9,-14
SM-09-B1,49,477265.19,2036624.23,-20.815
SM-09-B1,49.5,477265.19,2036624.23,-21.04
SM-09-B1,50,477265.19,2036624.23,-21.265
SM-67-P1,5.5,477857.4,2036377.24,-17.72
SM-35 P2,5.5,,,-10.8
SM-35 P2,5.5,,,-13.5
SM-51-P1,5.5,477639.95,2037631.92,-3
SM-51-P1,5.5,477639.95,2037631.92,-4.35
SM-51-P1,5.5,477639.95,2037631.92,-18.3
SM-51-P1,5.5,477639.95,2037631.92,-38.55
SM-51-P1,5.5,477639.95,2037631.92,-39
SM-51-P1,5.5,477639.95,2037631.92,-42.6
SM-07-B1,5.5,477905.7673,2036203.22,-0.7164
SM-07-B1,5.5,477905.7673,2036203.22,-2.5164
SM-07-B1,5.5,477905.7673,2036203.22,-16.9164
SM-55-P2,5.5,479329.18,2037687.79,-5.89
SM-55-P2,5.5,479329.18,2037687.79,-9.49
SM-55-P2,5.5,479329.18,2037687.79,-13.54
SM-13-P2,5.5,478456.28,2037422.21,-13.91
SM-13-P2,5.5,478456.28,2037422.21,-14.36
SM-25-P2,5.5,479793.28,2037531.65,-11.3
SM-66-P1,5.5,477629.99,2036277.02,4.26
SM-52-P1,5.5,478098.81,2037573.26,-8.63
SM-53-P2,5.5,478414.1,2037512.4,-1.94
SM-53-P2,5.5,478414.1,2037512.4,-12.74
SM-14-P2,5.5,479685.63,2037378.89,-0.66
SM-14-P2,5.5,479685.63,2037378.89,-2.01
SM-14-P2,5.5,479685.63,2037378.89,-2.91
SM-14-P2,5.5,479685.63,2037378.89,-3.36
SM-14-P2,5.5,479685.63,2037378.89,-17.76
SM-47-P1,5.5,478006.01,2038293.04,-13.82
SM-07-B2,5.5,,,-0.45
SM-01-B1,5.5,480286.37,2036030.34,-2.73
SM-20-P1,5.5,477576.5,2038152.22,-36.99
SM-20-P1,5.5,477574.978,2038153.565,-37.06
SM-69-P2,5.5,478614.71,2036398.52,0.71
SM-69-P2,5.5,478614.71,2036398.52,-5.59
SM-57-P1,5.5,477640.14,2037208.59,0.45
SM-74-P3,5.5,480593.73,2036997.8,-2.66
SM-38-P2,5.5,479622.12,2036497.16,0.19
SM-63-P1,5.5,477393.97,2036611.25,-30.34
SM-75-P1,5.5,477626.74,2037421.93,-16.36
SM-09-B2,5.5,480263.7,2036758.9,0.37
SM-09-B2,5.5,480263.7,2036758.9,-12.23
SM-29-P2,5.5,479601.03,2037189.73,-10.83
SM-22-P2,5.5,478599.1,2037541.17,-17.39
SM-15-P2,5.5,479132.63,2036864.69,0.81
SM-15-P2,5.5,479132.63,2036864.69,-1.44
SM-21-P3,5,481503.78,2037018.87,-1.335
SM-21-P3,5,481503.78,2037018.87,-13.035
SM-26-P2,5,478399.31,2037192.67,2.235
SM-26-P2,5,478399.31,2037192.67,-16.215
SM-26-P2,5,478399.31,2037192.67,-17.565
SM-26-P2,5,478399.31,2037192.67,-18.24
SM-26-P2,5,478399.31,2037192.67,-19.59
SM-26-P2,5,478399.31,2037192.67,2.46
SM-34-P2,5,479861.49,2036907.43,-0.815
SM-34-P2,5,479861.49,2036907.43,-3.065
SM-34-P2,5,479861.49,2036907.43,-3.29
SM-34-P2,5,479861.49,2036907.43,-3.515
SM-34-P2,5,479861.49,2036907.43,-12.515
SM-34-P2,5,479861.49,2036907.43,-12.74
SM-34-P2,5,479861.49,2036907.43,-12.965
SM-43-P1,5,478112.67,2038510.48,6.945
SM-43-P1,5,478109.666,2038510.974,6.825
SM-11-B1,5,477167.57,2037681.46,-3.095
SM-11-B1,5,477167.57,2037681.46,-7.37
SM-11-B1,5,477167.57,2037681.46,-8.945
SM-11-B1,5,477167.57,2037681.46,-16.37
SM-11-B1,5,477167.57,2037681.46,-16.82
SM-41-P1,5,477763.79,2038599.78,-14.045
SM-41-P1,5,477763.79,2038599.78,-16.745
SM-41-P1,5,477763.79,2038599.78,-17.645
SM-41-P1,5,477763.79,2038599.78,-19.445
SM-32-P2,5,479000.45,2036846.64,-0.84
SM-32-P2,5,479000.45,2036846.64,-2.415
SM-32-P2,5,479000.45,2036846.64,-4.215
SM-32-P2,5,479000.45,2036846.64,-12.765
SM-30-P2,5,480015.16,2037202.47,-2.165
SM-30-P2,5,480015.16,2037202.47,-11.615
SM-30-P2,5,480015.16,2037202.47,-15.89
SM-30-P2,5,480015.16,2037202.47,-16.565
SM-30-P2,5,480015.16,2037202.47,-17.24
SM-73-P2,5,480177.03,2036206.51,0.275
SM-73-P2,5,480177.03,2036206.51,-9.175
SM-73-P2,5,480177.03,2036206.51,-13.225
SM-73-P2,5,480177.03,2036206.51,-15.025
SM-68 P2,5,,,-14.4
SM-58-P1,5,478010.84,2037201.06,1.575
SM-58-P1,5,478010.84,2037201.06,1.35
SM-58-P1,5,478010.84,2037201.06,1.125
SM-58-P1,5,478010.84,2037201.06,-13.95
SM-39-P2,5,480204.54,2036551.45,-1.705
SM-39-P2,5,480204.54,2036551.45,-10.705
SM-06-B2,5,,,-2.025
SM-06-B2,5,,,-3.15
SM-16-P2,5,478795.23,2036506.72,0.745
SM-16-P2,5,478795.23,2036506.72,-4.205
SM-16-P2,5,478795.23,2036506.72,-5.78
SM-16-P2,5,478795.23,2036506.72,-11.18
SM-54-P2,5,478894.52,2037846.9,0.795
SM-54-P2,5,478894.52,2037846.9,0.57
SM-54-P2,5,478894.52,2037846.9,0.345
SM-54-P2,5,478894.52,2037846.9,-10.005
SM-54-P2,5,478894.52,2037846.9,-12.255
SM-33-P2,5,479399.9,2036846.79,-1.035
SM-33-P2,5,479399.9,2036846.79,-1.71
SM-61-P1,5,478033.23,2036869.83,-9.91
SM-61-P1,5,478033.23,2036869.83,-11.485
SM-61-P1,5,478033.23,2036869.83,-15.985
SM-61-P1,5,478033.23,2036869.83,-17.11
SM-05-B2,5,478555.9,2037889.6,-1.645
SM-05-B2,5,478555.9,2037889.6,-1.87
SM-05-B2,5,478555.9,2037889.6,-2.095
SM-24-P2,5,479387.3,2037585.89,-6.2
SM-24-P2,5,479387.3,2037585.89,-6.65
SM-04-B2,5,478139.21,2037614.8,1.13
SM-04-B2,5,478139.21,2037614.8,0.68
SM-04-B2,5,478139.21,2037614.8,-0.445
SM-04-B2,5,478139.21,2037614.8,-8.545
SM-04-B2,5,478139.21,2037614.8,-10.57
SM-50-P1,5,477300,2037635,-15.715
SM-50-P1,5,477300,2037635,-17.065
SM-31-P2,5,478600.11,2036846.19,-12.945
SM-31-P2,5,478600.11,2036846.19,-14.295
SM-27-P2,5,478831.45,2037198.64,-12.4
SM-27-P2,5,478831.45,2037198.64,-13.975
SM-59-P1,5,477834.91,2037045.31,-14.73
SM-59-P1,5,477834.91,2037045.31,-34.98
SM-23-P2,5,478975.93,2037540.89,1.455
SM-23-P2,5,478975.93,2037540.89,0.105
SM-23-P2,5,478975.93,2037540.89,-9.795
SM-105-P2,5,,,-2.025
SM-105-P2,5,,,-3.375
SM-105-P2,5,,,-3.6
SM-105-P2,5,,,-3.825
SM-105-P2,5,,,-4.725
SM-105-P2,5,,,-7.425
SM-105-P2,5,,,-11.925
SM-105-P2,5,,,-17.1
SM-49-P1,5,477572.34,2038055.4,2.545
SM-49-P1,5,477572.34,2038055.4,1.645
SM-49-P1,5,477572.34,2038055.4,0.52
SM-49-P1,5,477572.34,2038055.4,-9.155
SM-49-P1,5,477572.34,2038055.4,-21.755
SM-49-P1,5,477572.34,2038055.4,-33.905
SM-49-P1,5,477572.34,2038055.4,-34.13
SM-49-P1,5,477572.34,2038055.4,-34.355
SM-04-B1,5,479321.627,2036184.495,-3.5995
SM-04-B1,5,479321.627,2036184.495,-5.6245
SM-04-B1,5,479321.627,2036184.495,-15.0745
SM-17-P2,5,479997.31,2036524.08,-8.905
SM-17-P2,5,479997.31,2036524.08,-11.605
SM-17-P2,5,479997.31,2036524.08,-57.505
SM-17-P2,5,479997.31,2036524.08,-66.955
SM-08-B1 (2),5,,,-0.9
SM-08-B1 (2),5,,,-9.45
SM-08-B2,5,480108.48,2037238.9,-0.5
SM-08-B2,5,480108.48,2037238.9,-7.925
SM-08-B2,5,480108.48,2037238.9,-17.15
SM-18-P1,5,477502.42,2036933.38,-12.045
SM-18-P1,5,477502.42,2036933.38,-35.67
SM-09-B1,49.5,477265.19,2036624.23,-21.49
SM-09-B1,49,477265.19,2036624.23,-21.715
SM-09-B1,48,477265.19,2036624.23,-21.94
SM-67-P1,5,477857.4,2036377.24,-8.72
SM-67-P1,5,477857.4,2036377.24,-17.945
SM-67-P1,5,477857.4,2036377.24,-22.895
SM-67-P1,5,477857.4,2036377.24,-27.845
SM-05-B1,25,478828.2306,2036140.498,-26.543
SM-05-B1,19.5,478828.2306,2036140.498,-26.768
SM-05-B1,14,478828.2306,2036140.498,-26.993
SM-05-B1,14.5,478828.2306,2036140.498,-27.218
SM-35 P2,5,,,-11.475
SM-35 P2,5,,,-13.95
SM-35 P2,5,,,-14.625
SM-62 P2,5,,,-0.225
SM-62 P2,5,,,-13.725
SM-62 P2,5,,,-28.575
SM-72-P2,5,479543.59,2036219.22,-8.935
SM-02-B1,5,479959.6533,2036162.012,-9.481
SM-02-B1,5,479959.6533,2036162.012,-11.506
SM-19-P1,5,477471.6,2036261.55,-10.995
SM-19-P1,5,477471.6,2036261.55,-13.92
SM-19-P1,5,477471.6,2036261.55,-14.595
SM-19-P1,5,477471.6,2036261.55,-22.245
SM-51-P1,5,477639.95,2037631.92,-2.775
SM-51-P1,5,477639.95,2037631.92,-9.525
SM-51-P1,5,477639.95,2037631.92,-9.75
SM-51-P1,5,477639.95,2037631.92,-9.975
SM-51-P1,5,477639.95,2037631.92,-10.2
SM-51-P1,5,477639.95,2037631.92,-10.425
SM-51-P1,5,477639.95,2037631.92,-10.65
SM-51-P1,5,477639.95,2037631.92,-10.875
SM-51-P1,5,477639.95,2037631.92,-13.8
SM-51-P1,5,477639.95,2037631.92,-14.475
SM-51-P1,5,477639.95,2037631.92,-14.7
SM-51-P1,5,477639.95,2037631.92,-14.925
SM-51-P1,5,477639.95,2037631.92,-16.95
SM-51-P1,5,477639.95,2037631.92,-38.775
SM-51-P1,5,477639.95,2037631.92,-41.7
SM-36-P2,5,478362.19,2036503.28,-4.105
SM-10-B2,5,480515.3,2036275.1,-2.255
SM-10-B2,5,480515.3,2036275.1,-13.955
SM-07-B1,5,477905.7673,2036203.22,-0.9414
SM-07-B1,5,477905.7673,2036203.22,-1.1664
SM-07-B1,5,477905.7673,2036203.22,-1.3914
SM-07-B1,5,477905.7673,2036203.22,-3.1914
SM-07-B1,5,477905.7673,2036203.22,-9.0414
SM-07-B1,5,477905.7673,2036203.22,-9.7164
SM-07-B1,5,477905.7673,2036203.22,-10.6164
SM-07-B1,5,477905.7673,2036203.22,-11.0664
SM-07-B1,5,477905.7673,2036203.22,-16.6914
SM-55-P2,5,479329.18,2037687.79,-4.99
SM-55-P2,5,479329.18,2037687.79,-5.44
SM-55-P2,5,479329.18,2037687.79,-6.115
SM-55-P2,5,479329.18,2037687.79,-7.015
SM-55-P2,5,479329.18,2037687.79,-7.915
SM-55-P2,5,479329.18,2037687.79,-10.165
SM-55-P2,5,479329.18,2037687.79,-13.765
SM-13-P2,5,478456.28,2037422.21,1.84
SM-13-P2,5,478456.28,2037422.21,1.615
SM-13-P2,5,478456.28,2037422.21,-13.685
SM-13-P2,5,478456.28,2037422.21,-14.585
SM-13-P2,5,478456.28,2037422.21,-15.935
SM-13-P2,5,478456.28,2037422.21,-17.06
SM-25-P2,5,479793.28,2037531.65,-5.225
SM-25-P2,5,479793.28,2037531.65,-7.7
SM-25-P2,5,479793.28,2037531.65,-9.5
SM-25-P2,5,479793.28,2037531.65,-10.625
SM-06-B1,5,478330.36,2036080.3,0.57
SM-06-B1,5,478330.36,2036080.3,-12.705
SM-06-B1,5,478330.36,2036080.3,-12.93
SM-06-B1,5,478330.36,2036080.3,-13.155
SM-66-P1,5,477629.99,2036277.02,2.685
SM-10-B1,5,477226.3,2037121.54,-12.5
SM-53-P2,5,478414.1,2037512.4,0.535
SM-53-P2,5,478414.1,2037512.4,-2.165
SM-53-P2,5,478414.1,2037512.4,-16.79
SM-53-P2,5,478414.1,2037512.4,-17.24
SM-53-P2,5,478414.1,2037512.4,-32.09
SM-53-P2,5,478414.1,2037512.4,1.21
SM-14-P2,5,479685.63,2037378.89,-0.435
SM-14-P2,5,479685.63,2037378.89,-3.135
SM-14-P2,5,479685.63,2037378.89,-5.61
SM-14-P2,5,479685.63,2037378.89,-12.135
SM-14-P2,5,479685.63,2037378.89,-12.36
SM-14-P2,5,479685.63,2037378.89,-12.585
SM-14-P2,5,479685.63,2037378.89,-17.535
SM-14-P2,5,479685.63,2037378.89,-18.21
SM-37-P2,5,479213.08,2036499.92,-2.335
SM-47-P1,5,478006.01,2038293.04,13.405
SM-47-P1,5,478006.01,2038293.04,-12.92
SM-28 P2,5,,,-15.075
SM-28 P2,5,,,-29.475
SM-07-B2,5,,,-1.575
SM-07-B2,5,,,-10.125
SM-07-B2,5,,,-10.35
SM-07-B2,5,,,-10.575
SM-07-B2,5,,,-11.25
SM-07-B2,5,,,-11.925
SM-07-B2,5,,,-12.825
SM-07-B2,5,,,-13.5
SM-07-B2,5,,,0
SM-01-B1,5,480286.37,2036030.34,-3.405
SM-20-P1,5,477576.5,2038152.22,-37.215
SM-20-P1,5,477574.978,2038153.565,-37.285
SM-69-P2,5,478614.71,2036398.52,0.485
SM-69-P2,5,478614.71,2036398.52,-1.315
SM-69-P2,5,478614.71,2036398.52,-1.54
SM-69-P2,5,478614.71,2036398.52,-1.765
SM-69-P2,5,478614.71,2036398.52,-4.465
SM-69-P2,5,478614.71,2036398.52,-11.215
SM-69-P2,5,478614.71,2036398.52,-14.59
SM-57-P1,5,477640.14,2037208.59,-0.225
SM-57-P1,5,477640.14,2037208.59,-10.125
SM-74-P3,5,480593.73,2036997.8,0.94
SM-74-P3,5,480593.73,2036997.8,-2.885
SM-74-P3,5,480593.73,2036997.8,-3.785
SM-74-P3,5,480593.73,2036997.8,-5.135
SM-74-P3,5,480593.73,2036997.8,-5.36
SM-74-P3,5,480593.73,2036997.8,-5.585
SM-74-P3,5,480593.73,2036997.8,-5.81
SM-74-P3,5,480593.73,2036997.8,-6.035
SM-74-P3,5,480593.73,2036997.8,-6.935
SM-38-P2,5,479622.12,2036497.16,1.765
SM-38-P2,5,479622.12,2036497.16,-0.035
SM-38-P2,5,479622.12,2036497.16,-0.26
SM-38-P2,5,479622.12,2036497.16,-0.485
SM-38-P2,5,479622.12,2036497.16,-1.385
SM-38-P2,5,479622.12,2036497.16,-2.735
SM-38-P2,5,479622.12,2036497.16,-2.96
SM-38-P2,5,479622.12,2036497.16,-3.185
SM-38-P2,5,479622.12,2036497.16,-3.41
SM-38-P2,5,479622.12,2036497.16,-3.635
SM-38-P2,5,479622.12,2036497.16,-7.235
SM-38-P2,5,479622.12,2036497.16,-11.51
SM-63-P1,5,477393.97,2036611.25,0.935
SM-63-P1,5,477393.97,2036611.25,0.71
SM-63-P1,5,477393.97,2036611.25,0.485
SM-63-P1,5,477393.97,2036611.25,0.26
SM-63-P1,5,477393.97,2036611.25,0.035
SM-63-P1,5,477393.97,2036611.25,-9.19
SM-63-P1,5,477393.97,2036611.25,-15.265
SM-75-P1,5,477626.74,2037421.93,-0.835
SM-75-P1,5,477626.74,2037421.93,-16.135
SM-09-B2,5,480263.7,2036758.9,-0.305
SM-09-B2,5,480263.7,2036758.9,-0.53
SM-09-B2,5,480263.7,2036758.9,-0.755
SM-76-P3,5,481243.38,2036665.86,-2.515
SM-76-P3,5,481243.38,2036665.86,-10.165
SM-76-P3,5,481243.38,2036665.86,-13.315
SM-29-P2,5,479601.03,2037189.73,-11.055
SM-22-P2,5,478599.1,2037541.17,-13.115
SM-22-P2,5,478599.1,2037541.17,-13.34
SM-22-P2,5,478599.1,2037541.17,-13.565
SM-15-P2,5,479132.63,2036864.69,0.585
SM-15-P2,5,479132.63,2036864.69,-0.765
SM-15-P2,5,479132.63,2036864.69,-0.99
SM-15-P2,5,479132.63,2036864.69,-1.215
SM-15-P2,5,479132.63,2036864.69,-1.89
SM-15-P2,5,479132.63,2036864.69,-2.34
SM-15-P2,5,479132.63,2036864.69,-10.44
SM-15-P2,5,479132.63,2036864.69,-12.015
SM-34-P2,4.5,479861.49,2036907.43,-0.59
SM-11-B1,4.5,477167.57,2037681.46,-2.87
SM-11-B1,4.5,477167.57,2037681.46,-8.72
SM-32-P2,4.5,479000.45,2036846.64,-3.54
SM-30-P2,4.5,480015.16,2037202.47,-10.94
SM-30-P2,4.5,480015.16,2037202.47,-11.84
SM-30-P2,4.5,480015.16,2037202.47,-16.34
SM-73-P2,4.5,480177.03,2036206.51,0.5
SM-73-P2,4.5,480177.03,2036206.51,-14.35
SM-58-P1,4.5,478010.84,2037201.06,0.45
SM-39-P2,4.5,480204.54,2036551.45,-1.48
SM-06-B2,4.5,,,-2.25
SM-06-B2,4.5,,,-11.25
SM-06-B2,4.5,,,-11.7
SM-06-B2,4.5,,,-17.55
SM-16-P2,4.5,478795.23,2036506.72,0.52
SM-16-P2,4.5,478795.23,2036506.72,-0.83
SM-33-P2,4.5,479399.9,2036846.79,0.99
SM-04-B2,4.5,478139.21,2037614.8,-0.22
SM-31-P2,4.5,478600.11,2036846.19,-1.02
SM-31-P2,4.5,478600.11,2036846.19,-12.72
SM-23-P2,4.5,478975.93,2037540.89,-0.12
SM-105-P2,4.5,,,-2.25
SM-04-B1,4.5,479321.627,2036184.495,-0.6745
SM-04-B1,4.5,479321.627,2036184.495,-14.1745
SM-17-P2,4.5,479997.31,2036524.08,-11.38
SM-08-B1 (2),4.5,,,-3.15
SM-67-P1,4.5,477857.4,2036377.24,-14.12
SM-05-B1,15,478828.2306,2036140.498,-27.443
SM-02-B1,4.5,479959.6533,2036162.012,-11.056
SM-02-B1,4.5,479959.6533,2036162.012,-13.306
SM-51-P1,4.5,477639.95,2037631.92,-2.55
SM-51-P1,4.5,477639.95,2037631.92,-9.3
SM-51-P1,4.5,477639.95,2037631.92,-41.25
SM-10-B2,4.5,480515.3,2036275.1,-13.73
SM-07-B1,4.5,477905.7673,2036203.22,-16.4664
SM-55-P2,4.5,479329.18,2037687.79,-0.04
SM-55-P2,4.5,479329.18,2037687.79,-6.34
SM-55-P2,4.5,479329.18,2037687.79,-6.79
SM-55-P2,4.5,479329.18,2037687.79,-8.14
SM-55-P2,4.5,479329.18,2037687.79,-10.39
SM-13-P2,4.5,478456.28,2037422.21,-14.81
SM-06-B1,4.5,478330.36,2036080.3,-0.78
SM-06-B1,4.5,478330.36,2036080.3,-12.48
SM-52-P1,4.5,478098.81,2037573.26,0.82
SM-53-P2,4.5,478414.1,2037512.4,-1.49
SM-14-P2,4.5,479685.63,2037378.89,-11.91
SM-14-P2,4.5,479685.63,2037378.89,-12.81
SM-14-P2,4.5,479685.63,2037378.89,-17.31
SM-47-P1,4.5,478006.01,2038293.04,13.18
SM-07-B2,4.5,,,-8.55
SM-07-B2,4.5,,,-13.05
SM-69-P2,4.5,478614.71,2036398.52,-1.09
SM-69-P2,4.5,478614.71,2036398.52,-4.69
SM-69-P2,4.5,478614.71,2036398.52,-10.99
SM-74-P3,4.5,480593.73,2036997.8,-2.21
SM-74-P3,4.5,480593.73,2036997.8,-4.01
SM-74-P3,4.5,480593.73,2036997.8,-4.91
SM-74-P3,4.5,480593.73,2036997.8,-6.26
SM-74-P3,4.5,480593.73,2036997.8,-6.71
SM-42-P1,4.5,477982.94,2038550.48,0.23
SM-38-P2,4.5,479622.12,2036497.16,1.09
SM-38-P2,4.5,479622.12,2036497.16,-1.61
SM-38-P2,4.5,479622.12,2036497.16,-2.51
SM-63-P1,4.5,477393.97,2036611.25,-32.59
SM-75-P1,4.5,477626.74,2037421.93,-10.96
SM-75-P1,4.5,477626.74,2037421.93,-15.91
SM-09-B2,4.5,480263.7,2036758.9,-0.08
SM-09-B2,4.5,480263.7,2036758.9,-2.33
SM-22-P2,4.5,478599.1,2037541.17,-12.89
SM-15-P2,4.5,479132.63,2036864.69,-11.79
SM-21-P3,4,481503.78,2037018.87,0.24
SM-21-P3,4,481503.78,2037018.87,-12.81
SM-26-P2,4,478399.31,2037192.67,-16.44
SM-26-P2,4,478399.31,2037192.67,-17.34
SM-26-P2,4,478399.31,2037192.67,-18.465
SM-26-P2,4,478399.31,2037192.67,-18.69
SM-26-P2,4,478399.31,2037192.67,-18.915
SM-34-P2,4,479861.49,2036907.43,-0.365
SM-34-P2,4,479861.49,2036907.43,-24.665
SM-34-P2,4,479861.49,2036907.43,-26.015
SM-40-P1,4,477608.176,2038623.913,-38.905
SM-03-B1,4,479599.92,2035977.75,-10.185
SM-11-B1,4,477167.57,2037681.46,-2.645
SM-11-B1,4,477167.57,2037681.46,-3.995
SM-11-B1,4,477167.57,2037681.46,-8.495
SM-11-B1,4,477167.57,2037681.46,-10.295
SM-11-B1,4,477167.57,2037681.46,-10.52
SM-11-B1,4,477167.57,2037681.46,-10.745
SM-11-B1,4,477167.57,2037681.46,-12.095
SM-41-P1,4,477763.79,2038599.78,1.93
SM-32-P2,4,479000.45,2036846.64,-1.065
SM-32-P2,4,479000.45,2036846.64,-2.19
SM-32-P2,4,479000.45,2036846.64,-12.54
SM-48-P1,4,477235.12,2038040.99,-10.865
SM-30-P2,4,480015.16,2037202.47,-12.065
SM-30-P2,4,480015.16,2037202.47,-16.115
SM-73-P2,4,480177.03,2036206.51,0.725
SM-73-P2,4,480177.03,2036206.51,-13.45
SM-68 P2,4,,,-12.375
SM-68 P2,4,,,-13.275
SM-68 P2,4,,,-13.95
SM-68 P2,4,,,-14.625
SM-68 P2,4,,,-18.225
SM-58-P1,4,478010.84,2037201.06,0.9
SM-39-P2,4,480204.54,2036551.45,0.995
SM-39-P2,4,480204.54,2036551.45,-0.805
SM-39-P2,4,480204.54,2036551.45,-1.03
SM-39-P2,4,480204.54,2036551.45,-1.255
SM-39-P2,4,480204.54,2036551.45,-1.93
SM-39-P2,4,480204.54,2036551.45,-3.505
SM-39-P2,4,480204.54,2036551.45,-3.73
SM-39-P2,4,480204.54,2036551.45,-3.955
SM-06-B2,4,,,-1.125
SM-06-B2,4,,,-2.475
SM-06-B2,4,,,-12.375
SM-16-P2,4,478795.23,2036506.72,0.295
SM-16-P2,4,478795.23,2036506.72,-1.505
SM-16-P2,4,478795.23,2036506.72,-2.855
SM-16-P2,4,478795.23,2036506.72,-9.38
SM-16-P2,4,478795.23,2036506.72,-11.855
SM-33-P2,4,479399.9,2036846.79,-0.36
SM-33-P2,4,479399.9,2036846.79,-8.685
SM-05-B2,4,478555.9,2037889.6,-12.895
SM-05-B2,4,478555.9,2037889.6,-14.47
SM-05-B2,4,478555.9,2037889.6,-16.495
SM-24-P2,4,479387.3,2037585.89,-13.175
SM-24-P2,4,479387.3,2037585.89,1.9
SM-04-B2,4,478139.21,2037614.8,1.355
SM-04-B2,4,478139.21,2037614.8,0.455
SM-04-B2,4,478139.21,2037614.8,0.23
SM-04-B2,4,478139.21,2037614.8,0.005
SM-04-B2,4,478139.21,2037614.8,-5.845
SM-50-P1,4,477300,2037635,-4.015
SM-50-P1,4,477300,2037635,-4.24
SM-50-P1,4,477300,2037635,-4.465
SM-50-P1,4,477300,2037635,-7.615
SM-50-P1,4,477300,2037635,-10.315
SM-50-P1,4,477300,2037635,-15.49
SM-50-P1,4,477300,2037635,-15.94
SM-31-P2,4,478600.11,2036846.19,1.005
SM-31-P2,4,478600.11,2036846.19,-10.245
SM-31-P2,4,478600.11,2036846.19,-11.145
SM-31-P2,4,478600.11,2036846.19,-11.37
SM-31-P2,4,478600.11,2036846.19,-11.595
SM-31-P2,4,478600.11,2036846.19,-11.82
SM-31-P2,4,478600.11,2036846.19,-12.045
SM-31-P2,4,478600.11,2036846.19,-12.27
SM-31-P2,4,478600.11,2036846.19,-12.495
SM-27-P2,4,478831.45,2037198.64,-9.475
SM-27-P2,4,478831.45,2037198.64,-9.7
SM-27-P2,4,478831.45,2037198.64,-9.925
SM-27-P2,4,478831.45,2037198.64,-11.725
SM-27-P2,4,478831.45,2037198.64,-11.95
SM-27-P2,4,478831.45,2037198.64,-12.175
SM-59-P1,4,477834.91,2037045.31,-31.83
SM-23-P2,4,478975.93,2037540.89,-0.345
SM-23-P2,4,478975.93,2037540.89,-10.02
SM-105-P2,4,,,-2.475
SM-105-P2,4,,,-3.15
SM-105-P2,4,,,-15.525
SM-105-P2,4,,,-16.875
SM-49-P1,4,477572.34,2038055.4,2.32
SM-49-P1,4,477572.34,2038055.4,1.87
SM-49-P1,4,477572.34,2038055.4,0.745
SM-49-P1,4,477572.34,2038055.4,-35.255
SM-49-P1,4,477572.34,2038055.4,3.67
SM-04-B1,4,479321.627,2036184.495,0.4505
SM-04-B1,4,479321.627,2036184.495,-2.6995
SM-04-B1,4,479321.627,2036184.495,-14.8495
SM-17-P2,4,479997.31,2036524.08,-8.68
SM-17-P2,4,479997.31,2036524.08,-10.705
SM-17-P2,4,479997.31,2036524.08,-10.93
SM-17-P2,4,479997.31,2036524.08,-11.155
SM-17-P2,4,479997.31,2036524.08,-19.705
SM-17-P2,4,479997.31,2036524.08,1.67
SM-08-B1 (2),4,,,-14.625
SM-08-B2,4,480108.48,2037238.9,-13.775
SM-08-B2,4,480108.48,2037238.9,-16.925
SM-60-P1,4,477583.84,2036816.3,-2.305
SM-60-P1,4,477583.84,2036816.3,-14.23
SM-18-P1,4,477502.42,2036933.38,-11.82
SM-18-P1,4,477502.42,2036933.38,-32.745
SM-18-P1,4,477502.42,2036933.38,-34.545
SM-18-P1,4,477502.42,2036933.38,-35.445
SM-09-B1,47,477265.19,2036624.23,-22.165
SM-09-B1,48.5,477265.19,2036624.23,-22.39
SM-09-B1,50,477265.19,2036624.23,-22.615
SM-09-B1,50,477265.19,2036624.23,-22.84
SM-67-P1,4,477857.4,2036377.24,-8.945
SM-67-P1,4,477857.4,2036377.24,-9.845
SM-67-P1,4,477857.4,2036377.24,-15.695
SM-67-P1,4,477857.4,2036377.24,-15.92
SM-67-P1,4,477857.4,2036377.24,-16.145
SM-67-P1,4,477857.4,2036377.24,-16.37
SM-67-P1,4,477857.4,2036377.24,-16.595
SM-05-B1,13,478828.2306,2036140.498,-27.668
SM-05-B1,11,478828.2306,2036140.498,-27.893
SM-35 P2,4,,,-13.05
SM-62 P2,4,,,-12.375
SM-62 P2,4,,,-13.5
SM-62 P2,4,,,-13.95
SM-62 P2,4,,,-15.075
SM-72-P2,4,479543.59,2036219.22,-11.185
SM-02-B1,4,479959.6533,2036162.012,-12.406
SM-02-B1,4,479959.6533,2036162.012,-12.856
SM-19-P1,4,477471.6,2036261.55,0.255
SM-19-P1,4,477471.6,2036261.55,-10.32
SM-19-P1,4,477471.6,2036261.55,-18.195
SM-19-P1,4,477471.6,2036261.55,-38.22
SM-51-P1,4,477639.95,2037631.92,-2.325
SM-51-P1,4,477639.95,2037631.92,-3.45
SM-51-P1,4,477639.95,2037631.92,-9.075
SM-51-P1,4,477639.95,2037631.92,-17.625
SM-51-P1,4,477639.95,2037631.92,-38.1
SM-36-P2,4,478362.19,2036503.28,-9.055
SM-36-P2,4,478362.19,2036503.28,-10.405
SM-10-B2,4,480515.3,2036275.1,-9.455
SM-10-B2,4,480515.3,2036275.1,-13.505
SM-07-B1,4,477905.7673,2036203.22,-2.9664
SM-07-B1,4,477905.7673,2036203.22,-13.9914
SM-07-B1,4,477905.7673,2036203.22,-16.2414
SM-55-P2,4,479329.18,2037687.79,-5.215
SM-55-P2,4,479329.18,2037687.79,-6.565
SM-55-P2,4,479329.18,2037687.79,-7.24
SM-55-P2,4,479329.18,2037687.79,-7.69
SM-55-P2,4,479329.18,2037687.79,-8.365
SM-55-P2,4,479329.18,2037687.79,-9.265
SM-55-P2,4,479329.18,2037687.79,-10.615
SM-13-P2,4,478456.28,2037422.21,-15.035
SM-25-P2,4,479793.28,2037531.65,0.175
SM-25-P2,4,479793.28,2037531.65,-8.15
SM-25-P2,4,479793.28,2037531.65,-9.725
SM-25-P2,4,479793.28,2037531.65,-12.2
SM-06-B1,4,478330.36,2036080.3,0.345
SM-06-B1,4,478330.36,2036080.3,-10.455
SM-06-B1,4,478330.36,2036080.3,-12.255
SM-52-P1,4,478098.81,2037573.26,0.37
SM-52-P1,4,478098.81,2037573.26,-6.155
SM-52-P1,4,478098.81,2037573.26,-8.405
SM-10-B1,4,477226.3,2037121.54,-12.275
SM-53-P2,4,478414.1,2037512.4,-0.815
SM-53-P2,4,478414.1,2037512.4,-2.39
SM-53-P2,4,478414.1,2037512.4,-5.765
SM-53-P2,4,478414.1,2037512.4,-18.365
SM-53-P2,4,478414.1,2037512.4,-18.59
SM-53-P2,4,478414.1,2037512.4,-18.815
SM-14-P2,4,479685.63,2037378.89,-1.785
SM-14-P2,4,479685.63,2037378.89,-5.835
SM-14-P2,4,479685.63,2037378.89,-9.435
SM-14-P2,4,479685.63,2037378.89,-10.335
SM-14-P2,4,479685.63,2037378.89,-10.56
SM-14-P2,4,479685.63,2037378.89,-10.785
SM-14-P2,4,479685.63,2037378.89,-11.685
SM-14-P2,4,479685.63,2037378.89,-13.035
SM-14-P2,4,479685.63,2037378.89,-13.26
SM-14-P2,4,479685.63,2037378.89,-13.485
SM-14-P2,4,479685.63,2037378.89,-17.085
SM-14-P2,4,479685.63,2037378.89,-18.435
SM-70-P3,4,481498.09,2036695.19,-9.855
SM-47-P1,4,478006.01,2038293.04,12.955
SM-47-P1,4,478006.01,2038293.04,12.73
SM-47-P1,4,478006.01,2038293.04,12.505
SM-47-P1,4,478006.01,2038293.04,11.605
SM-47-P1,4,478006.01,2038293.04,10.705
SM-47-P1,4,478006.01,2038293.04,9.805
SM-47-P1,4,478006.01,2038293.04,-12.695
SM-47-P1,4,478006.01,2038293.04,-13.37
SM-07-B2,4,,,-0.225
SM-07-B2,4,,,-7.875
SM-07-B2,4,,,-13.275
SM-07-B2,4,,,-14.85
SM-01-B1,4,480286.37,2036030.34,0.645
SM-01-B1,4,480286.37,2036030.34,-2.505
SM-69-P2,4,478614.71,2036398.52,-0.865
SM-69-P2,4,478614.71,2036398.52,-1.99
SM-69-P2,4,478614.71,2036398.52,-4.24
SM-69-P2,4,478614.71,2036398.52,-4.915
SM-69-P2,4,478614.71,2036398.52,-5.14
SM-69-P2,4,478614.71,2036398.52,-5.365
SM-69-P2,4,478614.71,2036398.52,-10.765
SM-69-P2,4,478614.71,2036398.52,-12.115
SM-69-P2,4,478614.71,2036398.52,-13.915
SM-57-P1,4,477640.14,2037208.59,0.675
SM-57-P1,4,477640.14,2037208.59,-1.125
SM-74-P3,4,480593.73,2036997.8,0.715
SM-74-P3,4,480593.73,2036997.8,0.49
SM-74-P3,4,480593.73,2036997.8,0.265
SM-74-P3,4,480593.73,2036997.8,-3.11
SM-74-P3,4,480593.73,2036997.8,-3.56
SM-74-P3,4,480593.73,2036997.8,-4.235
SM-74-P3,4,480593.73,2036997.8,-4.46
SM-74-P3,4,480593.73,2036997.8,-4.685
SM-74-P3,4,480593.73,2036997.8,-6.485
SM-74-P3,4,480593.73,2036997.8,-13.235
SM-38-P2,4,479622.12,2036497.16,0.64
SM-38-P2,4,479622.12,2036497.16,-0.71
SM-38-P2,4,479622.12,2036497.16,-1.16
SM-38-P2,4,479622.12,2036497.16,-1.835
SM-38-P2,4,479622.12,2036497.16,-2.06
SM-38-P2,4,479622.12,2036497.16,-2.285
SM-38-P2,4,479622.12,2036497.16,-7.46
SM-63-P1,4,477393.97,2036611.25,-9.415
SM-63-P1,4,477393.97,2036611.25,-31.015
SM-63-P1,4,477393.97,2036611.25,-31.24
SM-63-P1,4,477393.97,2036611.25,-31.465
SM-75-P1,4,477626.74,2037421.93,-15.685
SM-09-B2,4,480263.7,2036758.9,0.145
SM-76-P3,4,481243.38,2036665.86,-34.465
SM-76-P3,4,481243.38,2036665.86,-36.715
SM-29-P2,4,479601.03,2037189.73,-13.305
SM-29-P2,4,479601.03,2037189.73,-13.53
SM-29-P2,4,479601.03,2037189.73,-13.755
SM-22-P2,4,478599.1,2037541.17,2.185
SM-22-P2,4,478599.1,2037541.17,0.385
SM-22-P2,4,478599.1,2037541.17,0.16
SM-22-P2,4,478599.1,2037541.17,-0.065
SM-22-P2,4,478599.1,2037541.17,-12.665
SM-15-P2,4,479132.63,2036864.69,-2.115
SM-15-P2,4,479132.63,2036864.69,-9.765
SM-15-P2,4,479132.63,2036864.69,-9.99
SM-15-P2,4,479132.63,2036864.69,-10.215
SM-15-P2,4,479132.63,2036864.69,-11.565
SM-34-P2,3.5,479861.49,2036907.43,-0.14
SM-11-B1,3.5,477167.57,2037681.46,-10.07
SM-11-B1,3.5,477167.57,2037681.46,-10.97
SM-11-B1,3.5,477167.57,2037681.46,-11.87
SM-32-P2,3.5,479000.45,2036846.64,-1.29
SM-32-P2,3.5,479000.45,2036846.64,-2.64
SM-68 P2,3.5,,,-12.6
SM-68 P2,3.5,,,-13.05
SM-39-P2,3.5,480204.54,2036551.45,-9.13
SM-06-B2,3.5,,,-0.9
SM-06-B2,3.5,,,-2.7
SM-06-B2,3.5,,,-12.15
SM-06-B2,3.5,,,-17.1
SM-54-P2,3.5,478894.52,2037846.9,-12.03
SM-05-B2,3.5,478555.9,2037889.6,-16.27
SM-04-B2,3.5,478139.21,2037614.8,-6.07
SM-04-B2,3.5,478139.21,2037614.8,-8.32
SM-04-B2,3.5,478139.21,2037614.8,-8.77
SM-50-P1,3.5,477300,2037635,-3.79
SM-50-P1,3.5,477300,2037635,-4.69
SM-27-P2,3.5,478831.45,2037198.64,-10.15
SM-23-P2,3.5,478975.93,2037540.89,2.13
SM-105-P2,3.5,,,-2.7
SM-105-P2,3.5,,,-4.05
SM-105-P2,3.5,,,-4.5
SM-49-P1,3.5,477572.34,2038055.4,1.42
SM-49-P1,3.5,477572.34,2038055.4,-21.98
SM-04-B1,3.5,479321.627,2036184.495,0.6755
SM-04-B1,3.5,479321.627,2036184.495,-0.2245
SM-04-B1,3.5,479321.627,2036184.495,-2.4745
SM-04-B1,3.5,479321.627,2036184.495,-9.6745
SM-04-B1,3.5,479321.627,2036184.495,-10.1245
SM-45-P1,3.5,477444.49,2038334.58,3.89
SM-17-P2,3.5,479997.31,2036524.08,-9.13
SM-08-B1 (2),3.5,,,-9.9
SM-08-B1 (2),3.5,,,-14.4
SM-08-B2,3.5,480108.48,2037238.9,-8.15
SM-60-P1,3.5,477583.84,2036816.3,-9.73
SM-60-P1,3.5,477583.84,2036816.3,-14.68
SM-60-P1,3.5,477583.84,2036816.3,-15.13
SM-18-P1,3.5,477502.42,2036933.38,-32.52
SM-18-P1,3.5,477502.42,2036933.38,-34.32
SM-18-P1,3.5,477502.42,2036933.38,3.03
SM-09-B1,50,477265.19,2036624.23,-23.065
SM-67-P1,3.5,477857.4,2036377.24,-28.07
SM-67-P1,3.5,477857.4,2036377.24,4.33
SM-62 P2,3.5,,,-15.3
SM-72-P2,3.5,479543.59,2036219.22,-11.41
SM-02-B1,3.5,479959.6533,2036162.012,-9.706
SM-02-B1,3.5,479959.6533,2036162.012,-13.756
SM-19-P1,3.5,477471.6,2036261.55,-8.07
SM-19-P1,3.5,477471.6,2036261.55,-8.52
SM-19-P1,3.5,477471.6,2036261.55,-9.87
SM-19-P1,3.5,477471.6,2036261.55,-10.77
SM-19-P1,3.5,477471.6,2036261.55,-12.12
SM-36-P2,3.5,478362.19,2036503.28,-8.83
SM-36-P2,3.5,478362.19,2036503.28,-9.28
SM-36-P2,3.5,478362.19,2036503.28,-10.18
SM-36-P2,3.5,478362.19,2036503.28,2.42
SM-55-P2,3.5,479329.18,2037687.79,-8.59
SM-55-P2,3.5,479329.18,2037687.79,-9.04
SM-13-P2,3.5,478456.28,2037422.21,-13.46
SM-25-P2,3.5,479793.28,2037531.65,-5.45
SM-06-B1,3.5,478330.36,2036080.3,-9.33
SM-52-P1,3.5,478098.81,2037573.26,-5.93
SM-10-B1,3.5,477226.3,2037121.54,2.8
SM-53-P2,3.5,478414.1,2037512.4,-1.04
SM-53-P2,3.5,478414.1,2037512.4,-19.04
SM-14-P2,3.5,479685.63,2037378.89,-9.21
SM-14-P2,3.5,479685.63,2037378.89,-9.66
SM-14-P2,3.5,479685.63,2037378.89,-10.11
SM-14-P2,3.5,479685.63,2037378.89,-11.01
SM-14-P2,3.5,479685.63,2037378.89,-11.46
SM-47-P1,3.5,478006.01,2038293.04,12.28
SM-47-P1,3.5,478006.01,2038293.04,11.83
SM-47-P1,3.5,478006.01,2038293.04,10.48
SM-47-P1,3.5,478006.01,2038293.04,10.03
SM-28 P2,3.5,,,-12.15
SM-28 P2,3.5,,,-14.85
SM-07-B2,3.5,,,-11.7
SM-69-P2,3.5,478614.71,2036398.52,0.26
SM-69-P2,3.5,478614.71,2036398.52,-6.04
SM-69-P2,3.5,478614.71,2036398.52,-8.74
SM-69-P2,3.5,478614.71,2036398.52,-11.44
SM-69-P2,3.5,478614.71,2036398.52,-13.69
SM-74-P3,3.5,480593.73,2036997.8,0.04
SM-63-P1,3.5,477393.97,2036611.25,-9.64
SM-63-P1,3.5,477393.97,2036611.25,-31.69
SM-75-P1,3.5,477626.74,2037421.93,-7.36
SM-75-P1,3.5,477626.74,2037421.93,-15.46
SM-75-P1,3.5,477626.74,2037421.93,1.64
SM-09-B2,3.5,480263.7,2036758.9,-0.98
SM-09-B2,3.5,480263.7,2036758.9,-10.88
SM-76-P3,3.5,481243.38,2036665.86,-11.74
SM-76-P3,3.5,481243.38,2036665.86,-12.19
SM-76-P3,3.5,481243.38,2036665.86,-36.49
SM-22-P2,3.5,478599.1,2037541.17,-12.44
SM-21-P3,3,481503.78,2037018.87,-12.585
SM-26-P2,3,478399.31,2037192.67,-9.465
SM-26-P2,3,478399.31,2037192.67,-13.515
SM-26-P2,3,478399.31,2037192.67,-13.74
SM-26-P2,3,478399.31,2037192.67,-13.965
SM-26-P2,3,478399.31,2037192.67,-16.665
SM-26-P2,3,478399.31,2037192.67,-16.89
SM-26-P2,3,478399.31,2037192.67,-17.115
SM-26-P2,3,478399.31,2037192.67,-19.14
SM-34-P2,3,479861.49,2036907.43,0.085
SM-34-P2,3,479861.49,2036907.43,-10.265
SM-03-B1,3,479599.92,2035977.75,-0.285
SM-03-B1,3,479599.92,2035977.75,-1.635
SM-03-B1,3,479599.92,2035977.75,-1.86
SM-03-B1,3,479599.92,2035977.75,-2.085
SM-03-B1,3,479599.92,2035977.75,-2.31
SM-03-B1,3,479599.92,2035977.75,-2.535
SM-11-B1,3,477167.57,2037681.46,-9.845
SM-11-B1,3,477167.57,2037681.46,-11.195
SM-11-B1,3,477167.57,2037681.46,-11.42
SM-11-B1,3,477167.57,2037681.46,-11.645
SM-11-B1,3,477167.57,2037681.46,-16.595
SM-41-P1,3,477763.79,2038599.78,-7.295
SM-41-P1,3,477763.79,2038599.78,-12.245
SM-32-P2,3,479000.45,2036846.64,-1.515
SM-32-P2,3,479000.45,2036846.64,-1.74
SM-32-P2,3,479000.45,2036846.64,-1.965
SM-32-P2,3,479000.45,2036846.64,-3.315
SM-32-P2,3,479000.45,2036846.64,-12.315
SM-32-P2,3,479000.45,2036846.64,-12.99
SM-65-P1,3,477374.93,2036265.02,-11.24
SM-48-P1,3,477235.12,2038040.99,-11.09
SM-48-P1,3,477235.12,2038040.99,-11.765
SM-30-P2,3,480015.16,2037202.47,-8.015
SM-30-P2,3,480015.16,2037202.47,-16.79
SM-73-P2,3,480177.03,2036206.51,-13.675
SM-73-P2,3,480177.03,2036206.51,-13.9
SM-73-P2,3,480177.03,2036206.51,-14.125
SM-68 P2,3,,,-11.7
SM-68 P2,3,,,-12.825
SM-68 P2,3,,,-13.5
SM-58-P1,3,478010.84,2037201.06,0.675
SM-58-P1,3,478010.84,2037201.06,-13.725
SM-39-P2,3,480204.54,2036551.45,-2.155
SM-39-P2,3,480204.54,2036551.45,-11.38
SM-06-B2,3,,,-0.675
SM-06-B2,3,,,-2.925
SM-06-B2,3,,,-9
SM-06-B2,3,,,-11.025
SM-06-B2,3,,,-11.925
SM-16-P2,3,478795.23,2036506.72,0.07
SM-16-P2,3,478795.23,2036506.72,-1.73
SM-16-P2,3,478795.23,2036506.72,-9.83
SM-16-P2,3,478795.23,2036506.72,-10.955
SM-54-P2,3,478894.52,2037846.9,-10.905
SM-54-P2,3,478894.52,2037846.9,-12.48
SM-54-P2,3,478894.52,2037846.9,-19.005
SM-33-P2,3,479399.9,2036846.79,-1.935
SM-33-P2,3,479399.9,2036846.79,-2.835
SM-33-P2,3,479399.9,2036846.79,-8.91
SM-33-P2,3,479399.9,2036846.79,-9.585
SM-05-B2,3,478555.9,2037889.6,-11.095
SM-05-B2,3,478555.9,2037889.6,-16.045
SM-24-P2,3,479387.3,2037585.89,-6.425
SM-04-B2,3,478139.21,2037614.8,-6.295
SM-04-B2,3,478139.21,2037614.8,-9.895
SM-50-P1,3,477300,2037635,-2.89
SM-50-P1,3,477300,2037635,-3.565
SM-50-P1,3,477300,2037635,-4.915
SM-50-P1,3,477300,2037635,-5.14
SM-50-P1,3,477300,2037635,-5.365
SM-50-P1,3,477300,2037635,-7.84
SM-50-P1,3,477300,2037635,-15.265
SM-50-P1,3,477300,2037635,-16.165
SM-31-P2,3,478600.11,2036846.19,-1.245
SM-31-P2,3,478600.11,2036846.19,-3.495
SM-31-P2,3,478600.11,2036846.19,-10.47
SM-31-P2,3,478600.11,2036846.19,-10.92
SM-27-P2,3,478831.45,2037198.64,-10.375
SM-27-P2,3,478831.45,2037198.64,-10.6
SM-27-P2,3,478831.45,2037198.64,-10.825
SM-27-P2,3,478831.45,2037198.64,-11.5
SM-59-P1,3,477834.91,2037045.31,-11.13
SM-23-P2,3,478975.93,2037540.89,-0.57
SM-23-P2,3,478975.93,2037540.89,-1.695
SM-23-P2,3,478975.93,2037540.89,-10.245
SM-105-P2,3,,,-2.925
SM-105-P2,3,,,-15.75
SM-49-P1,3,477572.34,2038055.4,2.095
SM-49-P1,3,477572.34,2038055.4,0.97
SM-04-B1,3,479321.627,2036184.495,0.9005
SM-04-B1,3,479321.627,2036184.495,-2.2495
SM-17-P2,3,479997.31,2036524.08,-8.455
SM-17-P2,3,479997.31,2036524.08,-9.805
SM-17-P2,3,479997.31,2036524.08,-30.055
SM-08-B1 (2),3,,,-1.125
SM-08-B1 (2),3,,,-2.025
SM-08-B1 (2),3,,,-2.925
SM-08-B1 (2),3,,,-9.225
SM-08-B1 (2),3,,,-14.175
SM-08-B2,3,480108.48,2037238.9,-0.275
SM-08-B2,3,480108.48,2037238.9,-12.425
SM-08-B2,3,480108.48,2037238.9,-13.55
SM-60-P1,3,477583.84,2036816.3,-13.33
SM-18-P1,3,477502.42,2036933.38,-11.595
SM-18-P1,3,477502.42,2036933.38,-32.295
SM-18-P1,3,477502.42,2036933.38,-34.095
SM-09-B1,50,477265.19,2036624.23,-23.29
SM-67-P1,3,477857.4,2036377.24,-14.345
SM-05-B1,9.5,478828.2306,2036140.498,-28.118
SM-05-B1,8,478828.2306,2036140.498,-28.343
SM-35 P2,3,,,-13.725
SM-35 P2,3,,,-24.975
SM-62 P2,3,,,-13.275
SM-62 P2,3,,,-14.175
SM-62 P2,3,,,-15.525
SM-62 P2,3,,,-16.425
SM-72-P2,3,479543.59,2036219.22,-11.635
SM-02-B1,3,479959.6533,2036162.012,-11.731
SM-02-B1,3,479959.6533,2036162.012,-14.881
SM-19-P1,3,477471.6,2036261.55,-14.37
SM-19-P1,3,477471.6,2036261.55,-36.645
SM-19-P1,3,477471.6,2036261.55,-50.595
SM-51-P1,3,477639.95,2037631.92,-4.125
SM-51-P1,3,477639.95,2037631.92,-13.575
SM-51-P1,3,477639.95,2037631.92,-17.85
SM-36-P2,3,478362.19,2036503.28,-8.605
SM-36-P2,3,478362.19,2036503.28,-9.505
SM-36-P2,3,478362.19,2036503.28,-9.73
SM-36-P2,3,478362.19,2036503.28,-9.955
SM-10-B2,3,480515.3,2036275.1,-0.005
SM-07-B1,3,477905.7673,2036203.22,-2.7414
SM-07-B1,3,477905.7673,2036203.22,-9.9414
SM-07-B1,3,477905.7673,2036203.22,-13.7664
SM-07-B1,3,477905.7673,2036203.22,-14.2164
SM-55-P2,3,479329.18,2037687.79,0.185
SM-55-P2,3,479329.18,2037687.79,-7.465
SM-55-P2,3,479329.18,2037687.79,-8.815
SM-13-P2,3,478456.28,2037422.21,-17.285
SM-25-P2,3,479793.28,2037531.65,-6.125
SM-25-P2,3,479793.28,2037531.65,-18.275
SM-06-B1,3,478330.36,2036080.3,0.12
SM-06-B1,3,478330.36,2036080.3,-0.555
SM-06-B1,3,478330.36,2036080.3,-10.23
SM-06-B1,3,478330.36,2036080.3,-11.355
SM-06-B1,3,478330.36,2036080.3,-12.03
SM-52-P1,3,478098.81,2037573.26,-5.705
SM-10-B1,3,477226.3,2037121.54,-13.85
SM-10-B1,3,477226.3,2037121.54,-14.3
SM-53-P2,3,478414.1,2037512.4,-1.265
SM-53-P2,3,478414.1,2037512.4,-2.615
SM-53-P2,3,478414.1,2037512.4,-14.99
SM-53-P2,3,478414.1,2037512.4,-16.565
SM-53-P2,3,478414.1,2037512.4,-17.465
SM-53-P2,3,478414.1,2037512.4,-18.14
SM-53-P2,3,478414.1,2037512.4,-19.265
SM-14-P2,3,479685.63,2037378.89,-6.06
SM-14-P2,3,479685.63,2037378.89,-6.735
SM-14-P2,3,479685.63,2037378.89,-6.96
SM-14-P2,3,479685.63,2037378.89,-7.185
SM-14-P2,3,479685.63,2037378.89,-7.41
SM-14-P2,3,479685.63,2037378.89,-7.635
SM-14-P2,3,479685.63,2037378.89,-8.985
SM-14-P2,3,479685.63,2037378.89,-9.885
SM-14-P2,3,479685.63,2037378.89,-11.235
SM-70-P3,3,481498.09,2036695.19,-10.08
SM-47-P1,3,478006.01,2038293.04,12.055
SM-47-P1,3,478006.01,2038293.04,11.38
SM-47-P1,3,478006.01,2038293.04,10.93
SM-47-P1,3,478006.01,2038293.04,10.255
SM-07-B2,3,,,-9.9
SM-20-P1,3,477576.5,2038152.22,3.51
SM-20-P1,3,477574.978,2038153.565,3.44
SM-69-P2,3,478614.71,2036398.52,-0.64
SM-69-P2,3,478614.71,2036398.52,-2.215
SM-69-P2,3,478614.71,2036398.52,-4.015
SM-69-P2,3,478614.71,2036398.52,-10.54
SM-69-P2,3,478614.71,2036398.52,-11.89
SM-69-P2,3,478614.71,2036398.52,-13.465
SM-69-P2,3,478614.71,2036398.52,-14.14
SM-57-P1,3,477640.14,2037208.59,2.7
SM-74-P3,3,480593.73,2036997.8,-0.185
SM-74-P3,3,480593.73,2036997.8,-1.985
SM-74-P3,3,480593.73,2036997.8,-3.335
SM-74-P3,3,480593.73,2036997.8,-7.16
SM-42-P1,3,477982.94,2038550.48,0.905
SM-42-P1,3,477982.94,2038550.48,0.68
SM-42-P1,3,477982.94,2038550.48,0.455
SM-38-P2,3,479622.12,2036497.16,-0.935
SM-38-P2,3,479622.12,2036497.16,-7.685
SM-38-P2,3,479622.12,2036497.16,-7.91
SM-38-P2,3,479622.12,2036497.16,-8.135
SM-38-P2,3,479622.12,2036497.16,-8.36
SM-38-P2,3,479622.12,2036497.16,-8.585
SM-63-P1,3,477393.97,2036611.25,-9.865
SM-63-P1,3,477393.97,2036611.25,-30.79
SM-63-P1,3,477393.97,2036611.25,-31.915
SM-63-P1,3,477393.97,2036611.25,-32.14
SM-63-P1,3,477393.97,2036611.25,-32.365
SM-75-P1,3,477626.74,2037421.93,-15.235
SM-09-B2,3,480263.7,2036758.9,-1.655
SM-09-B2,3,480263.7,2036758.9,-11.33
SM-76-P3,3,481243.38,2036665.86,-36.265
SM-76-P3,3,481243.38,2036665.86,-36.94
SM-22-P2,3,478599.1,2037541.17,-0.29
SM-22-P2,3,478599.1,2037541.17,-12.215
SM-22-P2,3,478599.1,2037541.17,-18.515
SM-22-P2,3,478599.1,2037541.17,2.41
SM-21-P3,2.5,481503.78,2037018.87,-12.36
SM-21-P3,2.5,481503.78,2037018.87,2.04
SM-26-P2,2.5,478399.31,2037192.67,-9.69
SM-34-P2,2.5,479861.49,2036907.43,-12.29
SM-12-B1,2.5,477096.67,2038479.67,3.63
SM-03-B1,2.5,479599.92,2035977.75,-0.06
SM-03-B1,2.5,479599.92,2035977.75,-0.51
SM-32-P2,2.5,479000.45,2036846.64,-3.09
SM-32-P2,2.5,479000.45,2036846.64,-12.09
SM-48-P1,2.5,477235.12,2038040.99,-11.54
SM-48-P1,2.5,477235.12,2038040.99,-11.99
SM-30-P2,2.5,480015.16,2037202.47,-7.79
SM-30-P2,2.5,480015.16,2037202.47,-8.24
SM-73-P2,2.5,480177.03,2036206.51,-9.4
SM-06-B2,2.5,,,-0.45
SM-33-P2,2.5,479399.9,2036846.79,-0.81
SM-33-P2,2.5,479399.9,2036846.79,-2.16
SM-33-P2,2.5,479399.9,2036846.79,-2.61
SM-33-P2,2.5,479399.9,2036846.79,-9.36
SM-61-P1,2.5,478033.23,2036869.83,-11.26
SM-61-P1,2.5,478033.23,2036869.83,-11.71
SM-61-P1,2.5,478033.23,2036869.83,-15.76
SM-61-P1,2.5,478033.23,2036869.83,-16.21
SM-05-B2,2.5,478555.9,2037889.6,-11.32
SM-04-B2,2.5,478139.21,2037614.8,-6.52
SM-04-B2,2.5,478139.21,2037614.8,-10.12
SM-50-P1,2.5,477300,2037635,-10.09
SM-27-P2,2.5,478831.45,2037198.64,-11.05
SM-23-P2,2.5,478975.93,2037540.89,-1.47
SM-105-P2,2.5,,,-12.15
SM-04-B1,2.5,479321.627,2036184.495,-3.3745
SM-17-P2,2.5,479997.31,2036524.08,-9.58
SM-08-B1 (2),2.5,,,-1.35
SM-08-B1 (2),2.5,,,-1.8
SM-08-B1 (2),2.5,,,-2.25
SM-08-B1 (2),2.5,,,-2.7
SM-08-B2,2.5,480108.48,2037238.9,-0.05
SM-18-P1,2.5,477502.42,2036933.38,-11.37
SM-18-P1,2.5,477502.42,2036933.38,-12.27
SM-18-P1,2.5,477502.42,2036933.38,-32.07
SM-18-P1,2.5,477502.42,2036933.38,-32.97
SM-18-P1,2.5,477502.42,2036933.38,-33.87
SM-67-P1,2.5,477857.4,2036377.24,-27.62
SM-05-B1,7.5,478828.2306,2036140.498,-28.568
SM-35 P2,2.5,,,-11.25
SM-35 P2,2.5,,,-11.7
SM-35 P2,2.5,,,0
SM-02-B1,2.5,479959.6533,2036162.012,-11.956
SM-19-P1,2.5,477471.6,2036261.55,-11.22
SM-19-P1,2.5,477471.6,2036261.55,-14.82
SM-51-P1,2.5,477639.95,2037631.92,-3.9
SM-51-P1,2.5,477639.95,2037631.92,-17.4
SM-07-B1,2.5,477905.7673,2036203.22,-10.1664
SM-55-P2,2.5,479329.18,2037687.79,0.41
SM-55-P2,2.5,479329.18,2037687.79,0.635
SM-25-P2,2.5,479793.28,2037531.65,-5.9
SM-06-B1,2.5,478330.36,2036080.3,-0.33
SM-06-B1,2.5,478330.36,2036080.3,-10.68
SM-06-B1,2.5,478330.36,2036080.3,-11.58
SM-53-P2,2.5,478414.1,2037512.4,-17.69
SM-14-P2,2.5,479685.63,2037378.89,-6.51
SM-14-P2,2.5,479685.63,2037378.89,-7.86
SM-14-P2,2.5,479685.63,2037378.89,-8.76
SM-28 P2,2.5,,,-15.3
SM-57-P1,2.5,477640.14,2037208.59,-0.45
SM-57-P1,2.5,477640.14,2037208.59,-10.35
SM-74-P3,2.5,480593.73,2036997.8,-1.76
SM-42-P1,2.5,477982.94,2038550.48,1.13
SM-42-P1,2.5,477982.94,2038550.48,1.58
SM-38-P2,2.5,479622.12,2036497.16,-8.81
SM-09-B2,2.5,480263.7,2036758.9,-1.43
SM-09-B2,2.5,480263.7,2036758.9,-1.88
SM-76-P3,2.5,481243.38,2036665.86,-10.39
SM-22-P2,2.5,478599.1,2037541.17,-11.99
SM-22-P2,2.5,478599.1,2037541.17,-18.29
SM-21-P3,2,481503.78,2037018.87,0.465
SM-21-P3,2,481503.78,2037018.87,-8.985
SM-21-P3,2,481503.78,2037018.87,-9.21
SM-21-P3,2,481503.78,2037018.87,-9.435
SM-21-P3,2,481503.78,2037018.87,-9.66
SM-21-P3,2,481503.78,2037018.87,-9.885
SM-21-P3,2,481503.78,2037018.87,-10.11
SM-21-P3,2,481503.78,2037018.87,-10.335
SM-21-P3,2,481503.78,2037018.87,-10.56
SM-21-P3,2,481503.78,2037018.87,-10.785
SM-21-P3,2,481503.78,2037018.87,-11.01
SM-21-P3,2,481503.78,2037018.87,-11.235
SM-21-P3,2,481503.78,2037018.87,-11.46
SM-21-P3,2,481503.78,2037018.87,-11.685
SM-21-P3,2,481503.78,2037018.87,-11.91
SM-21-P3,2,481503.78,2037018.87,-12.135
SM-26-P2,2,478399.31,2037192.67,-9.915
SM-26-P2,2,478399.31,2037192.67,-11.715
SM-26-P2,2,478399.31,2037192.67,-19.365
SM-34-P2,2,479861.49,2036907.43,-10.49
SM-03-B1,2,479599.92,2035977.75,0.615
SM-03-B1,2,479599.92,2035977.75,0.39
SM-03-B1,2,479599.92,2035977.75,0.165
SM-03-B1,2,479599.92,2035977.75,-0.735
SM-03-B1,2,479599.92,2035977.75,-1.41
SM-03-B1,2,479599.92,2035977.75,-12.885
SM-11-B1,2,477167.57,2037681.46,-7.595
SM-32-P2,2,479000.45,2036846.64,-2.865
SM-32-P2,2,479000.45,2036846.64,-9.165
SM-32-P2,2,479000.45,2036846.64,-9.39
SM-32-P2,2,479000.45,2036846.64,-9.615
SM-32-P2,2,479000.45,2036846.64,-9.84
SM-32-P2,2,479000.45,2036846.64,-10.065
SM-32-P2,2,479000.45,2036846.64,-11.415
SM-32-P2,2,479000.45,2036846.64,-11.64
SM-32-P2,2,479000.45,2036846.64,-11.865
SM-48-P1,2,477235.12,2038040.99,-11.315
SM-48-P1,2,477235.12,2038040.99,-12.215
SM-30-P2,2,480015.16,2037202.47,-6.665
SM-30-P2,2,480015.16,2037202.47,-7.565
SM-30-P2,2,480015.16,2037202.47,-8.465
SM-30-P2,2,480015.16,2037202.47,-8.69
SM-30-P2,2,480015.16,2037202.47,-8.915
SM-30-P2,2,480015.16,2037202.47,-9.815
SM-30-P2,2,480015.16,2037202.47,-10.04
SM-30-P2,2,480015.16,2037202.47,-10.265
SM-30-P2,2,480015.16,2037202.47,-10.49
SM-30-P2,2,480015.16,2037202.47,-10.715
SM-30-P2,2,480015.16,2037202.47,1.21
SM-68 P2,2,,,-12.15
SM-68 P2,2,,,-13.725
SM-68 P2,2,,,-14.85
SM-58-P1,2,478010.84,2037201.06,-12.375
SM-58-P1,2,478010.84,2037201.06,2.25
SM-06-B2,2,,,-0.225
SM-06-B2,2,,,-17.775
SM-16-P2,2,478795.23,2036506.72,-0.155
SM-16-P2,2,478795.23,2036506.72,-1.955
SM-16-P2,2,478795.23,2036506.72,-9.155
SM-16-P2,2,478795.23,2036506.72,-10.73
SM-54-P2,2,478894.52,2037846.9,-11.805
SM-33-P2,2,479399.9,2036846.79,1.215
SM-33-P2,2,479399.9,2036846.79,-2.385
SM-33-P2,2,479399.9,2036846.79,-9.135
SM-61-P1,2,478033.23,2036869.83,-13.285
SM-05-B2,2,478555.9,2037889.6,-10.195
SM-05-B2,2,478555.9,2037889.6,-11.545
SM-05-B2,2,478555.9,2037889.6,-12.67
SM-05-B2,2,478555.9,2037889.6,-13.12
SM-05-B2,2,478555.9,2037889.6,-13.795
SM-05-B2,2,478555.9,2037889.6,-14.02
SM-05-B2,2,478555.9,2037889.6,-14.245
SM-24-P2,2,479387.3,2037585.89,-10.475
SM-04-B2,2,478139.21,2037614.8,-4.945
SM-04-B2,2,478139.21,2037614.8,-5.62
SM-04-B2,2,478139.21,2037614.8,-6.745
SM-04-B2,2,478139.21,2037614.8,-6.97
SM-04-B2,2,478139.21,2037614.8,-7.195
SM-04-B2,2,478139.21,2037614.8,-7.42
SM-04-B2,2,478139.21,2037614.8,-7.645
SM-04-B2,2,478139.21,2037614.8,-7.87
SM-04-B2,2,478139.21,2037614.8,-8.095
SM-04-B2,2,478139.21,2037614.8,-8.995
SM-04-B2,2,478139.21,2037614.8,-10.345
SM-50-P1,2,477300,2037635,-8.065
SM-50-P1,2,477300,2037635,-10.54
SM-31-P2,2,478600.11,2036846.19,-10.695
SM-27-P2,2,478831.45,2037198.64,-11.275
SM-23-P2,2,478975.93,2037540.89,-0.795
SM-23-P2,2,478975.93,2037540.89,-1.02
SM-23-P2,2,478975.93,2037540.89,-1.245
SM-105-P2,2,,,-4.275
SM-105-P2,2,,,-14.625
SM-105-P2,2,,,-15.3
SM-105-P2,2,,,-15.975
SM-49-P1,2,477572.34,2038055.4,1.195
SM-49-P1,2,477572.34,2038055.4,-22.205
SM-04-B1,2,479321.627,2036184.495,0.2255
SM-04-B1,2,479321.627,2036184.495,-0.8995
SM-04-B1,2,479321.627,2036184.495,-2.0245
SM-04-B1,2,479321.627,2036184.495,-2.9245
SM-04-B1,2,479321.627,2036184.495,-12.1495
SM-17-P2,2,479997.31,2036524.08,-9.355
SM-17-P2,2,479997.31,2036524.08,-10.48
SM-17-P2,2,479997.31,2036524.08,-26.005
SM-08-B1 (2),2,,,-1.575
SM-08-B1 (2),2,,,-2.475
SM-08-B2,2,480108.48,2037238.9,0.175
SM-08-B2,2,480108.48,2037238.9,-8.375
SM-08-B2,2,480108.48,2037238.9,-8.6
SM-08-B2,2,480108.48,2037238.9,-8.825
SM-08-B2,2,480108.48,2037238.9,-13.325
SM-60-P1,2,477583.84,2036816.3,-5.905
SM-18-P1,2,477502.42,2036933.38,-11.145
SM-18-P1,2,477502.42,2036933.38,-13.845
SM-18-P1,2,477502.42,2036933.38,-31.845
SM-18-P1,2,477502.42,2036933.38,-33.645
SM-09-B1,50,477265.19,2036624.23,-23.515
SM-09-B1,38,477265.19,2036624.23,-23.74
SM-67-P1,2,477857.4,2036377.24,-9.17
SM-67-P1,2,477857.4,2036377.24,-9.62
SM-67-P1,2,477857.4,2036377.24,-10.07
SM-67-P1,2,477857.4,2036377.24,-26.495
SM-67-P1,2,477857.4,2036377.24,-28.295
SM-05-B1,7,478828.2306,2036140.498,-28.793
SM-62 P2,2,,,-12.6
SM-62 P2,2,,,-14.85
SM-62 P2,2,,,-30.825
SM-02-B1,2,479959.6533,2036162.012,-9.931
SM-02-B1,2,479959.6533,2036162.012,-10.831
SM-02-B1,2,479959.6533,2036162.012,-12.181
SM-02-B1,2,479959.6533,2036162.012,-13.081
SM-19-P1,2,477471.6,2036261.55,-7.395
SM-19-P1,2,477471.6,2036261.55,-10.545
SM-51-P1,2,477639.95,2037631.92,-3.675
SM-51-P1,2,477639.95,2037631.92,-18.075
SM-51-P1,2,477639.95,2037631.92,-37.875
SM-51-P1,2,477639.95,2037631.92,-42.375
SM-10-B2,2,480515.3,2036275.1,-9.68
SM-10-B2,2,480515.3,2036275.1,-10.805
SM-10-B2,2,480515.3,2036275.1,-13.28
SM-07-B1,2,477905.7673,2036203.22,-10.3914
SM-07-B1,2,477905.7673,2036203.22,-11.2914
SM-07-B1,2,477905.7673,2036203.22,-13.5414
SM-07-B1,2,477905.7673,2036203.22,-14.4414
SM-55-P2,2,479329.18,2037687.79,0.635
SM-13-P2,2,478456.28,2037422.21,-10.535
SM-13-P2,2,478456.28,2037422.21,-12.335
SM-13-P2,2,478456.28,2037422.21,-13.235
SM-25-P2,2,479793.28,2037531.65,-5.675
SM-25-P2,2,479793.28,2037531.65,-7.925
SM-25-P2,2,479793.28,2037531.65,-11.525
SM-25-P2,2,479793.28,2037531.65,-11.75
SM-25-P2,2,479793.28,2037531.65,-11.975
SM-06-B1,2,478330.36,2036080.3,-0.105
SM-06-B1,2,478330.36,2036080.3,-10.005
SM-06-B1,2,478330.36,2036080.3,-11.13
SM-06-B1,2,478330.36,2036080.3,-11.805
SM-66-P1,2,477629.99,2036277.02,-9.015
SM-66-P1,2,477629.99,2036277.02,-13.515
SM-66-P1,2,477629.99,2036277.02,-14.415
SM-66-P1,2,477629.99,2036277.02,-14.64
SM-66-P1,2,477629.99,2036277.02,-14.865
SM-66-P1,2,477629.99,2036277.02,-15.09
SM-66-P1,2,477629.99,2036277.02,-15.315
SM-52-P1,2,478098.81,2037573.26,0.595
SM-52-P1,2,478098.81,2037573.26,-6.38
SM-52-P1,2,478098.81,2037573.26,-8.18
SM-52-P1,2,478098.81,2037573.26,-9.755
SM-53-P2,2,478414.1,2037512.4,-13.415
SM-53-P2,2,478414.1,2037512.4,-17.915
SM-14-P2,2,479685.63,2037378.89,-6.285
SM-14-P2,2,479685.63,2037378.89,-8.085
SM-14-P2,2,479685.63,2037378.89,-8.31
SM-14-P2,2,479685.63,2037378.89,-8.535
SM-37-P2,2,479213.08,2036499.92,-9.985
SM-37-P2,2,479213.08,2036499.92,-11.335
SM-37-P2,2,479213.08,2036499.92,-41.935
SM-70-P3,2,481498.09,2036695.19,-6.255
SM-70-P3,2,481498.09,2036695.19,-10.305
SM-47-P1,2,478006.01,2038293.04,11.155
SM-47-P1,2,478006.01,2038293.04,-13.595
SM-28 P2,2,,,-13.275
SM-28 P2,2,,,-14.625
SM-28 P2,2,,,0
SM-07-B2,2,,,-11.475
SM-69-P2,2,478614.71,2036398.52,0.035
SM-69-P2,2,478614.71,2036398.52,-0.19
SM-69-P2,2,478614.71,2036398.52,-0.415
SM-69-P2,2,478614.71,2036398.52,-10.315
SM-69-P2,2,478614.71,2036398.52,-11.665
SM-69-P2,2,478614.71,2036398.52,-14.365
SM-57-P1,2,477640.14,2037208.59,-0.9
SM-74-P3,2,480593.73,2036997.8,-1.535
SM-74-P3,2,480593.73,2036997.8,-7.835
SM-74-P3,2,480593.73,2036997.8,-13.01
SM-42-P1,2,477982.94,2038550.48,1.355
SM-38-P2,2,479622.12,2036497.16,0.865
SM-38-P2,2,479622.12,2036497.16,-9.035
SM-38-P2,2,479622.12,2036497.16,-9.26
SM-38-P2,2,479622.12,2036497.16,-9.485
SM-38-P2,2,479622.12,2036497.16,-11.285
SM-63-P1,2,477393.97,2036611.25,-12.565
SM-63-P1,2,477393.97,2036611.25,-30.565
SM-09-B2,2,480263.7,2036758.9,-1.205
SM-09-B2,2,480263.7,2036758.9,-2.105
SM-09-B2,2,480263.7,2036758.9,-9.755
SM-09-B2,2,480263.7,2036758.9,-12.005
SM-76-P3,2,481243.38,2036665.86,-11.065
SM-76-P3,2,481243.38,2036665.86,-37.165
SM-29-P2,2,479601.03,2037189.73,-21.855
SM-29-P2,2,479601.03,2037189.73,1.77
SM-22-P2,2,478599.1,2037541.17,-0.515
SM-22-P2,2,478599.1,2037541.17,-1.415
SM-22-P2,2,478599.1,2037541.17,-1.64
SM-22-P2,2,478599.1,2037541.17,-1.865
SM-22-P2,2,478599.1,2037541.17,-11.315
SM-22-P2,2,478599.1,2037541.17,-11.54
SM-22-P2,2,478599.1,2037541.17,-11.765
SM-22-P2,2,478599.1,2037541.17,-18.065
SM-26-P2,1.5,478399.31,2037192.67,-11.94
SM-26-P2,1.5,478399.31,2037192.67,-13.29
SM-34-P2,1.5,479861.49,2036907.43,-10.04
SM-03-B1,1.5,479599.92,2035977.75,-0.96
SM-32-P2,1.5,479000.45,2036846.64,-10.29
SM-30-P2,1.5,480015.16,2037202.47,-6.89
SM-30-P2,1.5,480015.16,2037202.47,-7.34
SM-58-P1,1.5,478010.84,2037201.06,-12.6
SM-06-B2,1.5,,,-10.8
SM-54-P2,1.5,478894.52,2037846.9,-11.13
SM-33-P2,1.5,479399.9,2036846.79,-9.81
SM-05-B2,1.5,478555.9,2037889.6,-10.87
SM-05-B2,1.5,478555.9,2037889.6,-11.77
SM-50-P1,1.5,477300,2037635,-3.34
SM-04-B1,1.5,479321.627,2036184.495,-1.1245
SM-04-B1,1.5,479321.627,2036184.495,-11.9245
SM-04-B1,1.5,479321.627,2036184.495,-12.3745
SM-17-P2,1.5,479997.31,2036524.08,-10.03
SM-08-B1 (2),1.5,,,-13.95
SM-08-B2,1.5,480108.48,2037238.9,-12.2
SM-18-P1,1.5,477502.42,2036933.38,-13.62
SM-18-P1,1.5,477502.42,2036933.38,-14.07
SM-18-P1,1.5,477502.42,2036933.38,-31.62
SM-18-P1,1.5,477502.42,2036933.38,-33.42
SM-62 P2,1.5,,,-13.05
SM-62 P2,1.5,,,-14.4
SM-02-B1,1.5,479959.6533,2036162.012,-10.156
SM-02-B1,1.5,479959.6533,2036162.012,-10.606
SM-02-B1,1.5,479959.6533,2036162.012,-14.656
SM-10-B2,1.5,480515.3,2036275.1,-0.23
SM-07-B1,1.5,477905.7673,2036203.22,-13.3164
SM-13-P2,1.5,478456.28,2037422.21,-12.11
SM-13-P2,1.5,478456.28,2037422.21,-12.56
SM-13-P2,1.5,478456.28,2037422.21,-13.01
SM-66-P1,1.5,477629.99,2036277.02,-13.29
SM-66-P1,1.5,477629.99,2036277.02,-13.74
SM-66-P1,1.5,477629.99,2036277.02,-14.19
SM-66-P1,1.5,477629.99,2036277.02,-15.54
SM-74-P3,1.5,480593.73,2036997.8,-0.41
SM-74-P3,1.5,480593.73,2036997.8,-1.31
SM-74-P3,1.5,480593.73,2036997.8,-7.61
SM-74-P3,1.5,480593.73,2036997.8,-8.06
SM-63-P1,1.5,477393.97,2036611.25,-10.09
SM-75-P1,1.5,477626.74,2037421.93,-15.01
SM-09-B2,1.5,480263.7,2036758.9,-9.53
SM-22-P2,1.5,478599.1,2037541.17,-0.74
SM-22-P2,1.5,478599.1,2037541.17,-1.19
SM-22-P2,1.5,478599.1,2037541.17,-17.84
SM-26-P2,1,478399.31,2037192.67,-10.14
SM-26-P2,1,478399.31,2037192.67,-11.49
SM-26-P2,1,478399.31,2037192.67,-12.165
SM-34-P2,1,479861.49,2036907.43,-9.365
SM-34-P2,1,479861.49,2036907.43,-10.715
SM-40-P1,1,477608.176,2038623.913,1.82
SM-03-B1,1,479599.92,2035977.75,-1.185
SM-32-P2,1,479000.45,2036846.64,-10.515
SM-32-P2,1,479000.45,2036846.64,-11.19
SM-32-P2,1,479000.45,2036846.64,-13.215
SM-32-P2,1,479000.45,2036846.64,-13.44
SM-32-P2,1,479000.45,2036846.64,-13.665
SM-30-P2,1,480015.16,2037202.47,-7.115
SM-30-P2,1,480015.16,2037202.47,-9.14
SM-30-P2,1,480015.16,2037202.47,-9.59
SM-30-P2,1,480015.16,2037202.47,-17.015
SM-58-P1,1,478010.84,2037201.06,-12.825
SM-39-P2,1,480204.54,2036551.45,1.22
SM-06-B2,1,,,-10.125
SM-06-B2,1,,,-15.975
SM-16-P2,1,478795.23,2036506.72,-0.38
SM-16-P2,1,478795.23,2036506.72,-6.005
SM-16-P2,1,478795.23,2036506.72,-10.505
SM-54-P2,1,478894.52,2037846.9,-11.58
SM-54-P2,1,478894.52,2037846.9,-12.705
SM-54-P2,1,478894.52,2037846.9,-14.055
SM-54-P2,1,478894.52,2037846.9,3.72
SM-33-P2,1,479399.9,2036846.79,-10.485
SM-33-P2,1,479399.9,2036846.79,-11.835
SM-33-P2,1,479399.9,2036846.79,-12.06
SM-33-P2,1,479399.9,2036846.79,-12.285
SM-61-P1,1,478033.23,2036869.83,-13.06
SM-61-P1,1,478033.23,2036869.83,-13.51
SM-05-B2,1,478555.9,2037889.6,-10.42
SM-05-B2,1,478555.9,2037889.6,-11.995
SM-05-B2,1,478555.9,2037889.6,-13.57
SM-04-B2,1,478139.21,2037614.8,-5.17
SM-50-P1,1,477300,2037635,-9.865
SM-105-P2,1,,,-14.4
SM-105-P2,1,,,-14.85
SM-04-B1,1,479321.627,2036184.495,-1.3495
SM-04-B1,1,479321.627,2036184.495,-1.5745
SM-04-B1,1,479321.627,2036184.495,-1.7995
SM-04-B1,1,479321.627,2036184.495,-5.3995
SM-04-B1,1,479321.627,2036184.495,-9.4495
SM-04-B1,1,479321.627,2036184.495,-10.3495
SM-04-B1,1,479321.627,2036184.495,-10.5745
SM-04-B1,1,479321.627,2036184.495,-10.7995
SM-04-B1,1,479321.627,2036184.495,-11.0245
SM-04-B1,1,479321.627,2036184.495,-11.2495
SM-04-B1,1,479321.627,2036184.495,-11.4745
SM-04-B1,1,479321.627,2036184.495,-11.6995
SM-04-B1,1,479321.627,2036184.495,-12.5995
SM-04-B1,1,479321.627,2036184.495,-12.8245
SM-04-B1,1,479321.627,2036184.495,-13.0495
SM-04-B1,1,479321.627,2036184.495,-13.2745
SM-04-B1,1,479321.627,2036184.495,-13.4995
SM-04-B1,1,479321.627,2036184.495,-13.7245
SM-04-B1,1,479321.627,2036184.495,-13.9495
SM-08-B1 (2),1,,,-10.575
SM-08-B1 (2),1,,,-10.8
SM-08-B1 (2),1,,,-11.025
SM-08-B1 (2),1,,,0
SM-08-B2,1,480108.48,2037238.9,-9.05
SM-18-P1,1,477502.42,2036933.38,-12.945
SM-18-P1,1,477502.42,2036933.38,-13.17
SM-18-P1,1,477502.42,2036933.38,-13.395
SM-18-P1,1,477502.42,2036933.38,-14.295
SM-18-P1,1,477502.42,2036933.38,-31.395
SM-18-P1,1,477502.42,2036933.38,-33.195
SM-67-P1,1,477857.4,2036377.24,-26.72
SM-05-B1,13.5,478828.2306,2036140.498,-29.018
SM-05-B1,20,478828.2306,2036140.498,-29.243
SM-02-B1,1,479959.6533,2036162.012,-10.381
SM-19-P1,1,477471.6,2036261.55,-7.62
SM-19-P1,1,477471.6,2036261.55,-9.645
SM-19-P1,1,477471.6,2036261.55,-14.145
SM-51-P1,1,477639.95,2037631.92,-17.175
SM-10-B2,1,480515.3,2036275.1,-10.58
SM-10-B2,1,480515.3,2036275.1,-11.03
SM-07-B1,1,477905.7673,2036203.22,-13.0914
SM-07-B1,1,477905.7673,2036203.22,1.0836
SM-13-P2,1,478456.28,2037422.21,-10.76
SM-13-P2,1,478456.28,2037422.21,-11.885
SM-13-P2,1,478456.28,2037422.21,-12.785
SM-06-B1,1,478330.36,2036080.3,-9.78
SM-06-B1,1,478330.36,2036080.3,-10.905
SM-66-P1,1,477629.99,2036277.02,-8.79
SM-66-P1,1,477629.99,2036277.02,-9.24
SM-66-P1,1,477629.99,2036277.02,-13.065
SM-66-P1,1,477629.99,2036277.02,-13.965
SM-66-P1,1,477629.99,2036277.02,-15.765
SM-52-P1,1,478098.81,2037573.26,-9.98
SM-53-P2,1,478414.1,2037512.4,-13.19
SM-53-P2,1,478414.1,2037512.4,-13.64
SM-37-P2,1,479213.08,2036499.92,-9.76
SM-28 P2,1,,,-13.05
SM-28 P2,1,,,-13.5
SM-28 P2,1,,,-14.4
SM-07-B2,1,,,-8.775
SM-07-B2,1,,,-9.675
SM-69-P2,1,478614.71,2036398.52,-8.965
SM-69-P2,1,478614.71,2036398.52,-10.09
SM-74-P3,1,480593.73,2036997.8,-1.085
SM-74-P3,1,480593.73,2036997.8,-7.385
SM-74-P3,1,480593.73,2036997.8,-8.285
SM-74-P3,1,480593.73,2036997.8,-12.335
SM-74-P3,1,480593.73,2036997.8,1.39
SM-38-P2,1,479622.12,2036497.16,-9.71
SM-38-P2,1,479622.12,2036497.16,-11.06
SM-63-P1,1,477393.97,2036611.25,-11.665
SM-63-P1,1,477393.97,2036611.25,-12.34
SM-63-P1,1,477393.97,2036611.25,-12.79
SM-09-B2,1,480263.7,2036758.9,-9.305
SM-09-B2,1,480263.7,2036758.9,-9.98
SM-09-B2,1,480263.7,2036758.9,-10.655
SM-09-B2,1,480263.7,2036758.9,-11.78
SM-76-P3,1,481243.38,2036665.86,-10.84
SM-76-P3,1,481243.38,2036665.86,-11.29
SM-22-P2,1,478599.1,2037541.17,-0.965
SM-22-P2,1,478599.1,2037541.17,-17.615
SM-26-P2,0.5,478399.31,2037192.67,-12.39
SM-34-P2,0.5,479861.49,2036907.43,-9.59
SM-34-P2,0.5,479861.49,2036907.43,-10.94
SM-32-P2,0.5,479000.45,2036846.64,-10.74
SM-06-B2,0.5,,,-9.9
SM-06-B2,0.5,,,-10.35
SM-06-B2,0.5,,,-16.2
SM-16-P2,0.5,478795.23,2036506.72,-10.28
SM-54-P2,0.5,478894.52,2037846.9,-12.93
SM-54-P2,0.5,478894.52,2037846.9,-13.83
SM-54-P2,0.5,478894.52,2037846.9,-14.28
SM-33-P2,0.5,479399.9,2036846.79,-10.26
SM-33-P2,0.5,479399.9,2036846.79,-10.71
SM-33-P2,0.5,479399.9,2036846.79,-11.61
SM-05-B2,0.5,478555.9,2037889.6,-12.22
SM-50-P1,0.5,477300,2037635,-9.64
SM-08-B1 (2),0.5,,,-10.35
SM-08-B1 (2),0.5,,,-11.25
SM-18-P1,0.5,477502.42,2036933.38,-12.72
SM-05-B1,35,478828.2306,2036140.498,-29.468
SM-05-B1,50,478828.2306,2036140.498,-29.693
SM-19-P1,0.5,477471.6,2036261.55,-9.42
SM-13-P2,0.5,478456.28,2037422.21,-11.66
SM-66-P1,0.5,477629.99,2036277.02,-12.84
SM-07-B2,0.5,,,-9
SM-07-B2,0.5,,,-9.45
SM-69-P2,0.5,478614.71,2036398.52,-9.19
SM-74-P3,0.5,480593.73,2036997.8,-0.86
SM-74-P3,0.5,480593.73,2036997.8,-8.51
SM-74-P3,0.5,480593.73,2036997.8,-12.11
SM-74-P3,0.5,480593.73,2036997.8,-12.56
SM-63-P1,0.5,477393.97,2036611.25,-11.44
SM-63-P1,0.5,477393.97,2036611.25,-11.89
SM-09-B2,0.5,480263.7,2036758.9,-10.43
SM-26-P2,0,478399.31,2037192.67,-10.365
SM-26-P2,0,478399.31,2037192.67,-10.59
SM-26-P2,0,478399.31,2037192.67,-10.815
SM-26-P2,0,478399.31,2037192.67,-11.04
SM-26-P2,0,478399.31,2037192.67,-11.265
SM-26-P2,0,478399.31,2037192.67,-12.615
SM-26-P2,0,478399.31,2037192.67,-12.84
SM-26-P2,0,478399.31,2037192.67,-13.065
SM-34-P2,0,479861.49,2036907.43,-9.815
SM-34-P2,0,479861.49,2036907.43,-11.165
SM-34-P2,0,479861.49,2036907.43,-11.39
SM-34-P2,0,479861.49,2036907.43,-11.615
SM-34-P2,0,479861.49,2036907.43,-11.84
SM-34-P2,0,479861.49,2036907.43,-12.065
SM-12-B1,0,477096.67,2038479.67,-16.145
SM-12-B1,0,477096.67,2038479.67,-16.61
SM-12-B1,0,477096.67,2038479.67,-16.985
SM-12-B1,0,477096.67,2038479.67,-17.435
SM-40-P1,0,477608.176,2038623.913,-13.405
SM-40-P1,0,477608.176,2038623.913,-13.815
SM-40-P1,0,477608.176,2038623.913,-14.23
SM-40-P1,0,477608.176,2038623.913,-14.68
SM-40-P1,0,477608.176,2038623.913,-15.205
SM-40-P1,0,477608.176,2038623.913,-15.63
SM-40-P1,0,477608.176,2038623.913,-16.105
SM-40-P1,0,477608.176,2038623.913,-16.555
SM-40-P1,0,477608.176,2038623.913,-17.005
SM-40-P1,0,477608.176,2038623.913,-37.555
SM-11-B1,0,477167.57,2037681.46,-25.745
SM-11-B1,0,477167.57,2037681.46,-29.795
SM-08-B1,0,,,0
SM-08-B1,0,,,0
SM-08-B1,0,,,0
SM-08-B1,0,,,0
SM-08-B1,0,,,0
SM-08-B1,0,,,0
SM-08-B1,0,,,0
SM-08-B1,0,,,0
SM-08-B1,0,,,0
SM-08-B1,0,,,0
SM-08-B1,0,,,0
SM-08-B1,0,,,0
SM-08-B1,0,,,0
SM-08-B1,0,,,0
SM-08-B1,0,,,0
SM-08-B1,0,,,0
SM-08-B1,0,,,0
SM-08-B1,0,,,0
SM-08-B1,0,,,0
SM-08-B1,0,,,0
SM-08-B1,0,,,0
SM-08-B1,0,,,0
SM-08-B1,0,,,0
SM-08-B1,0,,,0
SM-32-P2,0,479000.45,2036846.64,-10.965
SM-32-P2,0,479000.45,2036846.64,-42.115
SM-65-P1,0,477374.93,2036265.02,-8.765
SM-65-P1,0,477374.93,2036265.02,-8.99
SM-65-P1,0,477374.93,2036265.02,-9.215
SM-65-P1,0,477374.93,2036265.02,-9.44
SM-65-P1,0,477374.93,2036265.02,-9.665
SM-65-P1,0,477374.93,2036265.02,-9.89
SM-65-P1,0,477374.93,2036265.02,-10.115
SM-65-P1,0,477374.93,2036265.02,-10.34
SM-65-P1,0,477374.93,2036265.02,-10.565
SM-65-P1,0,477374.93,2036265.02,-10.79
SM-65-P1,0,477374.93,2036265.02,-11.015
SM-65-P1,0,477374.93,2036265.02,-13.265
SM-65-P1,0,477374.93,2036265.02,-13.49
SM-65-P1,0,477374.93,2036265.02,-13.715
SM-65-P1,0,477374.93,2036265.02,-13.94
SM-65-P1,0,477374.93,2036265.02,-14.165
SM-65-P1,0,477374.93,2036265.02,-28.565
SM-65-P1,0,477374.93,2036265.02,-29.465
SM-65-P1,0,477374.93,2036265.02,-29.69
SM-65-P1,0,477374.93,2036265.02,-29.915
SM-30-P2,0,480015.16,2037202.47,-9.365
SM-30-P2,0,480015.16,2037202.47,-31.115
SM-30-P2,0,480015.16,2037202.47,-40.105
SM-30-P2,0,480015.16,2037202.47,-43.715
SM-30-P2,0,480015.16,2037202.47,-45.95
SM-30-P2,0,480015.16,2037202.47,-46.79
SM-30-P2,0,480015.16,2037202.47,-47.825
SM-30-P2,0,480015.16,2037202.47,-48.665
SM-73-P2,0,480177.03,2036206.51,-9.625
SM-73-P2,0,480177.03,2036206.51,-9.85
SM-73-P2,0,480177.03,2036206.51,-10.075
SM-73-P2,0,480177.03,2036206.51,-10.3
SM-73-P2,0,480177.03,2036206.51,-10.525
SM-73-P2,0,480177.03,2036206.51,-10.75
SM-73-P2,0,480177.03,2036206.51,-10.975
SM-73-P2,0,480177.03,2036206.51,-11.2
SM-73-P2,0,480177.03,2036206.51,-11.425
SM-73-P2,0,480177.03,2036206.51,-11.65
SM-73-P2,0,480177.03,2036206.51,-11.875
SM-73-P2,0,480177.03,2036206.51,-12.1
SM-73-P2,0,480177.03,2036206.51,-12.325
SM-73-P2,0,480177.03,2036206.51,-29.565
SM-73-P2,0,480177.03,2036206.51,-29.95
SM-73-P2,0,480177.03,2036206.51,-38.565
SM-73-P2,0,480177.03,2036206.51,-39.925
SM-73-P2,0,480177.03,2036206.51,-40.375
SM-73-P2,0,480177.03,2036206.51,-40.8
SM-73-P2,0,480177.03,2036206.51,-41.265
SM-73-P2,0,480177.03,2036206.51,-41.635
SM-73-P2,0,480177.03,2036206.51,-42.095
SM-73-P2,0,480177.03,2036206.51,-42.55
SM-73-P2,0,480177.03,2036206.51,-43
SM-73-P2,0,480177.03,2036206.51,-43.525
SM-73-P2,0,480177.03,2036206.51,-44.86
SM-73-P2,0,480177.03,2036206.51,-45.325
SM-73-P2,0,480177.03,2036206.51,-45.775
SM-73-P2,0,480177.03,2036206.51,-46.67
SM-73-P2,0,480177.03,2036206.51,-47.115
SM-73-P2,0,480177.03,2036206.51,-47.565
SM-73-P2,0,480177.03,2036206.51,-47.95
SM-73-P2,0,480177.03,2036206.51,-48.4
SM-73-P2,0,480177.03,2036206.51,-48.85
SM-68 P2,0,,,-11.925
SM-68 P2,0,,,-15.075
SM-68 P2,0,,,-15.3
SM-68 P2,0,,,-15.525
SM-68 P2,0,,,-15.75
SM-68 P2,0,,,-15.975
SM-68 P2,0,,,-16.2
SM-68 P2,0,,,-16.425
SM-68 P2,0,,,-16.65
SM-68 P2,0,,,-16.875
SM-68 P2,0,,,-17.1
SM-68 P2,0,,,-17.325
SM-68 P2,0,,,-48.475
SM-68 P2,0,,,-48.935
SM-68 P2,0,,,-49.345
SM-68 P2,0,,,-49.79
SM-68 P2,0,,,-50.25
SM-68 P2,0,,,-50.68
SM-68 P2,0,,,-51.135
SM-68 P2,0,,,-25.65
SM-58-P1,0,478010.84,2037201.06,-41.775
SM-58-P1,0,478010.84,2037201.06,-42.15
SM-58-P1,0,478010.84,2037201.06,-42.675
SM-58-P1,0,478010.84,2037201.06,-43.1
SM-58-P1,0,478010.84,2037201.06,-43.535
SM-58-P1,0,478010.84,2037201.06,-44.075
SM-58-P1,0,478010.84,2037201.06,2.25
SM-58-P1,0,478010.84,2037201.06,2.25
SM-58-P1,0,478010.84,2037201.06,2.25
SM-58-P1,0,478010.84,2037201.06,2.25
SM-58-P1,0,478010.84,2037201.06,2.25
SM-58-P1,0,478010.84,2037201.06,2.25
SM-58-P1,0,478010.84,2037201.06,2.25
SM-58-P1,0,478010.84,2037201.06,2.25
SM-58-P1,0,478010.84,2037201.06,2.25
SM-39-P2,0,480204.54,2036551.45,-8.905
SM-39-P2,0,480204.54,2036551.45,-11.605
SM-39-P2,0,480204.54,2036551.45,-41.83
SM-06-B2,0,,,-9.225
SM-06-B2,0,,,-9.45
SM-06-B2,0,,,-9.675
SM-06-B2,0,,,-10.575
SM-06-B2,0,,,-16.425
SM-06-B2,0,,,-16.65
SM-06-B2,0,,,-16.875
SM-16-P2,0,478795.23,2036506.72,-0.605
SM-16-P2,0,478795.23,2036506.72,-10.055
SM-16-P2,0,478795.23,2036506.72,-43.03
SM-16-P2,0,478795.23,2036506.72,-43.495
SM-16-P2,0,478795.23,2036506.72,-43.955
SM-16-P2,0,478795.23,2036506.72,-44.395
SM-16-P2,0,478795.23,2036506.72,-44.85
SM-16-P2,0,478795.23,2036506.72,-45.745
SM-16-P2,0,478795.23,2036506.72,-46.19
SM-16-P2,0,478795.23,2036506.72,-46.64
SM-16-P2,0,478795.23,2036506.72,-47.03
SM-16-P2,0,478795.23,2036506.72,-47.545
SM-16-P2,0,478795.23,2036506.72,-47.915
SM-16-P2,0,478795.23,2036506.72,-48.38
SM-16-P2,0,478795.23,2036506.72,-48.905
SM-16-P2,0,478795.23,2036506.72,-49.28
SM-16-P2,0,478795.23,2036506.72,-49.73
SM-16-P2,0,478795.23,2036506.72,-50.23
SM-16-P2,0,478795.23,2036506.72,-50.63
SM-16-P2,0,478795.23,2036506.72,-51.07
SM-16-P2,0,478795.23,2036506.72,-51.53
SM-16-P2,0,478795.23,2036506.72,-53.855
SM-16-P2,0,478795.23,2036506.72,-54.3
SM-16-P2,0,478795.23,2036506.72,-54.745
SM-16-P2,0,478795.23,2036506.72,-55.13
SM-16-P2,0,478795.23,2036506.72,-55.58
SM-16-P2,0,478795.23,2036506.72,-56.025
SM-16-P2,0,478795.23,2036506.72,-56.47
SM-16-P2,0,478795.23,2036506.72,-56.98
SM-16-P2,0,478795.23,2036506.72,-57.38
SM-16-P2,0,478795.23,2036506.72,-57.905
SM-16-P2,0,478795.23,2036506.72,-58.27
SM-16-P2,0,478795.23,2036506.72,-58.805
SM-16-P2,0,478795.23,2036506.72,-59.18
SM-16-P2,0,478795.23,2036506.72,-59.69
SM-16-P2,0,478795.23,2036506.72,-60.03
SM-16-P2,0,478795.23,2036506.72,-60.505
SM-16-P2,0,478795.23,2036506.72,-60.98
SM-16-P2,0,478795.23,2036506.72,-61.505
SM-16-P2,0,478795.23,2036506.72,-61.95
SM-16-P2,0,478795.23,2036506.72,-62.405
SM-16-P2,0,478795.23,2036506.72,-62.78
SM-16-P2,0,478795.23,2036506.72,-63.23
SM-16-P2,0,478795.23,2036506.72,-63.67
SM-16-P2,0,478795.23,2036506.72,-64.13
SM-16-P2,0,478795.23,2036506.72,-64.56
SM-16-P2,0,478795.23,2036506.72,-65.025
SM-16-P2,0,478795.23,2036506.72,-65.53
SM-16-P2,0,478795.23,2036506.72,-65.92
SM-16-P2,0,478795.23,2036506.72,-66.405
SM-16-P2,0,478795.23,2036506.72,-66.82
SM-16-P2,0,478795.23,2036506.72,-67.28
SM-16-P2,0,478795.23,2036506.72,-67.685
SM-16-P2,0,478795.23,2036506.72,-68.14
SM-16-P2,0,478795.23,2036506.72,-68.59
SM-16-P2,0,478795.23,2036506.72,-69.065
SM-16-P2,0,478795.23,2036506.72,-69.515
SM-16-P2,0,478795.23,2036506.72,-69.955
SM-16-P2,0,478795.23,2036506.72,-70.43
SM-16-P2,0,478795.23,2036506.72,-70.88
SM-16-P2,0,478795.23,2036506.72,-71.315
SM-16-P2,0,478795.23,2036506.72,-71.77
SM-16-P2,0,478795.23,2036506.72,-72.21
SM-16-P2,0,478795.23,2036506.72,-72.67
SM-16-P2,0,478795.23,2036506.72,-73.115
SM-16-P2,0,478795.23,2036506.72,-73.57
SM-16-P2,0,478795.23,2036506.72,-74
SM-16-P2,0,478795.23,2036506.72,-74.455
SM-16-P2,0,478795.23,2036506.72,-74.89
SM-16-P2,0,478795.23,2036506.72,-75.38
SM-16-P2,0,478795.23,2036506.72,-75.79
SM-16-P2,0,478795.23,2036506.72,-76.355
SM-16-P2,0,478795.23,2036506.72,-76.73
SM-16-P2,0,478795.23,2036506.72,-77.175
SM-16-P2,0,478795.23,2036506.72,-77.63
SM-16-P2,0,478795.23,2036506.72,-78.06
SM-16-P2,0,478795.23,2036506.72,-78.525
SM-16-P2,0,478795.23,2036506.72,-78.98
SM-16-P2,0,478795.23,2036506.72,-79.42
SM-16-P2,0,478795.23,2036506.72,-79.88
SM-16-P2,0,478795.23,2036506.72,-80.385
SM-16-P2,0,478795.23,2036506.72,-80.775
SM-16-P2,0,478795.23,2036506.72,-81.23
SM-16-P2,0,478795.23,2036506.72,-81.675
SM-16-P2,0,478795.23,2036506.72,-82.205
SM-16-P2,0,478795.23,2036506.72,-82.65
SM-16-P2,0,478795.23,2036506.72,-83.08
SM-16-P2,0,478795.23,2036506.72,-83.555
SM-16-P2,0,478795.23,2036506.72,-84
SM-16-P2,0,478795.23,2036506.72,-41.33
SM-54-P2,0,478894.52,2037846.9,-11.355
SM-54-P2,0,478894.52,2037846.9,-13.155
SM-54-P2,0,478894.52,2037846.9,-13.38
SM-54-P2,0,478894.52,2037846.9,-13.605
SM-54-P2,0,478894.52,2037846.9,-14.505
SM-54-P2,0,478894.52,2037846.9,-14.73
SM-54-P2,0,478894.52,2037846.9,-14.955
SM-54-P2,0,478894.52,2037846.9,-15.18
SM-54-P2,0,478894.52,2037846.9,-15.405
SM-54-P2,0,478894.52,2037846.9,-42.03
SM-54-P2,0,478894.52,2037846.9,-42.48
SM-33-P2,0,479399.9,2036846.79,-0.585
SM-33-P2,0,479399.9,2036846.79,-10.035
SM-33-P2,0,479399.9,2036846.79,-10.935
SM-33-P2,0,479399.9,2036846.79,-11.16
SM-33-P2,0,479399.9,2036846.79,-11.385
SM-33-P2,0,479399.9,2036846.79,-46.17
SM-61-P1,0,478033.23,2036869.83,-10.135
SM-61-P1,0,478033.23,2036869.83,-10.36
SM-61-P1,0,478033.23,2036869.83,-10.585
SM-61-P1,0,478033.23,2036869.83,-10.81
SM-61-P1,0,478033.23,2036869.83,-11.035
SM-61-P1,0,478033.23,2036869.83,-11.935
SM-61-P1,0,478033.23,2036869.83,-12.16
SM-61-P1,0,478033.23,2036869.83,-12.385
SM-61-P1,0,478033.23,2036869.83,-12.61
SM-61-P1,0,478033.23,2036869.83,-12.835
SM-61-P1,0,478033.23,2036869.83,-13.735
SM-61-P1,0,478033.23,2036869.83,-13.96
SM-61-P1,0,478033.23,2036869.83,-14.185
SM-61-P1,0,478033.23,2036869.83,-14.41
SM-61-P1,0,478033.23,2036869.83,-14.635
SM-61-P1,0,478033.23,2036869.83,-14.86
SM-61-P1,0,478033.23,2036869.83,-15.085
SM-61-P1,0,478033.23,2036869.83,-15.31
SM-61-P1,0,478033.23,2036869.83,-15.535
SM-61-P1,0,478033.23,2036869.83,-16.435
SM-61-P1,0,478033.23,2036869.83,-16.66
SM-61-P1,0,478033.23,2036869.83,-16.885
SM-61-P1,0,478033.23,2036869.83,-38.175
SM-61-P1,0,478033.23,2036869.83,-41.86
SM-61-P1,0,478033.23,2036869.83,-43.645
SM-61-P1,0,478033.23,2036869.83,-44.08
SM-61-P1,0,478033.23,2036869.83,2.69
SM-05-B2,0,478555.9,2037889.6,1.955
SM-05-B2,0,478555.9,2037889.6,-10.645
SM-05-B2,0,478555.9,2037889.6,-12.445
SM-05-B2,0,478555.9,2037889.6,-13.345
SM-24-P2,0,479387.3,2037585.89,-46.575
SM-24-P2,0,479387.3,2037585.89,-47.125
SM-04-B2,0,478139.21,2037614.8,-5.395
SM-50-P1,0,477300,2037635,-3.115
SM-50-P1,0,477300,2037635,-8.965
SM-50-P1,0,477300,2037635,-9.19
SM-50-P1,0,477300,2037635,-9.415
SM-50-P1,0,477300,2037635,-10.765
SM-50-P1,0,477300,2037635,-27.115
SM-50-P1,0,477300,2037635,-36.165
SM-50-P1,0,477300,2037635,-36.54
SM-50-P1,0,477300,2037635,-37
SM-50-P1,0,477300,2037635,-37.38
SM-50-P1,0,477300,2037635,-46.965
SM-50-P1,0,477300,2037635,-47.29
SM-50-P1,0,477300,2037635,-21.79
SM-31-P2,0,478600.11,2036846.19,-46.695
SM-31-P2,0,478600.11,2036846.19,-48.495
SM-27-P2,0,478831.45,2037198.64,-48.7
SM-59-P1,0,477834.91,2037045.31,-11.355
SM-59-P1,0,477834.91,2037045.31,-11.58
SM-59-P1,0,477834.91,2037045.31,-11.805
SM-59-P1,0,477834.91,2037045.31,-12.03
SM-59-P1,0,477834.91,2037045.31,-12.255
SM-59-P1,0,477834.91,2037045.31,-12.48
SM-59-P1,0,477834.91,2037045.31,-12.705
SM-59-P1,0,477834.91,2037045.31,-12.93
SM-59-P1,0,477834.91,2037045.31,-13.155
SM-59-P1,0,477834.91,2037045.31,-13.38
SM-59-P1,0,477834.91,2037045.31,-13.605
SM-59-P1,0,477834.91,2037045.31,-13.83
SM-59-P1,0,477834.91,2037045.31,-14.055
SM-59-P1,0,477834.91,2037045.31,-14.28
SM-59-P1,0,477834.91,2037045.31,-14.505
SM-59-P1,0,477834.91,2037045.31,-31.605
SM-59-P1,0,477834.91,2037045.31,-34.755
SM-59-P1,0,477834.91,2037045.31,3.72
SM-46-P1,0,477751.46,2038302.66,-0.34
SM-46-P1,0,477751.46,2038302.66,-4.34
SM-46-P1,0,477751.46,2038302.66,-4.79
SM-46-P1,0,477751.46,2038302.66,-5.24
SM-46-P1,0,477751.46,2038302.66,-5.69
SM-46-P1,0,477751.46,2038302.66,-6.14
SM-46-P1,0,477751.46,2038302.66,-8.84
SM-46-P1,0,477751.46,2038302.66,-11.54
SM-46-P1,0,477751.46,2038302.66,-11.84
SM-46-P1,0,477751.46,2038302.66,-12.14
SM-46-P1,0,477751.46,2038302.66,-12.44
SM-46-P1,0,477751.46,2038302.66,-12.74
SM-46-P1,0,477751.46,2038302.66,-14.04
SM-46-P1,0,477751.46,2038302.66,-15.34
SM-46-P1,0,477751.46,2038302.66,-15.64
SM-46-P1,0,477751.46,2038302.66,-15.94
SM-46-P1,0,477751.46,2038302.66,-16.14
SM-46-P1,0,477751.46,2038302.66,-16.34
SM-46-P1,0,477751.46,2038302.66,-17.39
SM-46-P1,0,477751.46,2038302.66,-18.44
SM-46-P1,0,477751.46,2038302.66,-18.74
SM-46-P1,0,477751.46,2038302.66,-19.04
SM-46-P1,0,477751.46,2038302.66,-19.34
SM-46-P1,0,477751.46,2038302.66,-19.64
SM-46-P1,0,477751.46,2038302.66,-24.39
SM-46-P1,0,477751.46,2038302.66,-29.14
SM-46-P1,0,477751.46,2038302.66,-29.59
SM-46-P1,0,477751.46,2038302.66,-30.04
SM-46-P1,0,477751.46,2038302.66,-31.59
SM-46-P1,0,477751.46,2038302.66,-33.14
SM-46-P1,0,477751.46,2038302.66,-33.44
SM-46-P1,0,477751.46,2038302.66,-33.74
SM-46-P1,0,477751.46,2038302.66,-34.04
SM-46-P1,0,477751.46,2038302.66,-34.34
SM-46-P1,0,477751.46,2038302.66,-34.64
SM-46-P1,0,477751.46,2038302.66,-34.94
SM-46-P1,0,477751.46,2038302.66,-35.24
SM-46-P1,0,477751.46,2038302.66,-35.54
SM-46-P1,0,477751.46,2038302.66,-35.84
SM-46-P1,0,477751.46,2038302.66,-36.14
SM-46-P1,0,477751.46,2038302.66,-36.44
SM-46-P1,0,477751.46,2038302.66,-36.74
SM-46-P1,0,477751.46,2038302.66,-37.04
SM-46-P1,0,477751.46,2038302.66,-16.84
SM-23-P2,0,478975.93,2037540.89,-44.58
SM-23-P2,0,478975.93,2037540.89,-44.97
SM-105-P2,0,,,-12.375
SM-105-P2,0,,,-12.6
SM-105-P2,0,,,-12.825
SM-105-P2,0,,,-13.05
SM-105-P2,0,,,-13.275
SM-105-P2,0,,,-13.5
SM-105-P2,0,,,-13.725
SM-105-P2,0,,,-13.95
SM-105-P2,0,,,-14.175
SM-105-P2,0,,,-15.075
SM-105-P2,0,,,-58.9
SM-105-P2,0,,,-60.675
SM-105-P2,0,,,-61.1
SM-105-P2,0,,,-61.6
SM-105-P2,0,,,-74.625
SM-105-P2,0,,,-77.835
SM-105-P2,0,,,-78.125
SM-105-P2,0,,,-78.6
SM-105-P2,0,,,-79.485
SM-105-P2,0,,,-79.95
SM-105-P2,0,,,-83.2
SM-105-P2,0,,,-84
SM-105-P2,0,,,-84.525
SM-105-P2,0,,,-84.975
SM-105-P2,0,,,-85.35
SM-105-P2,0,,,-88.175
SM-105-P2,0,,,-99.375
SM-105-P2,0,,,-99.75
SM-105-P2,0,,,-100.2
SM-04-B1,0,479321.627,2036184.495,0.0005
SM-04-B1,0,479321.627,2036184.495,-3.1495
SM-45-P1,0,477444.49,2038334.58,3.515
SM-45-P1,0,477444.49,2038334.58,-40.585
SM-45-P1,0,477444.49,2038334.58,-45.985
SM-17-P2,0,479997.31,2036524.08,-10.255
SM-17-P2,0,479997.31,2036524.08,-24.715
SM-17-P2,0,479997.31,2036524.08,-39.165
SM-17-P2,0,479997.31,2036524.08,-39.58
SM-17-P2,0,479997.31,2036524.08,-46.43
SM-17-P2,0,479997.31,2036524.08,-46.89
SM-17-P2,0,479997.31,2036524.08,-47.305
SM-17-P2,0,479997.31,2036524.08,-47.68
SM-17-P2,0,479997.31,2036524.08,-48.13
SM-17-P2,0,479997.31,2036524.08,-54.455
SM-17-P2,0,479997.31,2036524.08,-54.88
SM-17-P2,0,479997.31,2036524.08,-59.455
SM-17-P2,0,479997.31,2036524.08,-65.755
SM-17-P2,0,479997.31,2036524.08,-66.13
SM-17-P2,0,479997.31,2036524.08,-73.405
SM-17-P2,0,479997.31,2036524.08,-73.78
SM-17-P2,0,479997.31,2036524.08,-75.615
SM-17-P2,0,479997.31,2036524.08,-76.105
SM-17-P2,0,479997.31,2036524.08,-76.555
SM-17-P2,0,479997.31,2036524.08,-77.43
SM-17-P2,0,479997.31,2036524.08,-77.905
SM-17-P2,0,479997.31,2036524.08,-78.355
SM-08-B1 (2),0,,,-10.125
SM-08-B1 (2),0,,,-11.475
SM-08-B1 (2),0,,,-11.7
SM-08-B1 (2),0,,,-11.925
SM-08-B1 (2),0,,,-12.15
SM-08-B1 (2),0,,,-12.375
SM-08-B1 (2),0,,,-12.6
SM-08-B1 (2),0,,,-12.825
SM-08-B1 (2),0,,,-13.05
SM-08-B1 (2),0,,,-13.275
SM-08-B1 (2),0,,,-13.5
SM-08-B1 (2),0,,,-13.725
SM-08-B2,0,480108.48,2037238.9,-9.275
SM-08-B2,0,480108.48,2037238.9,-9.5
SM-08-B2,0,480108.48,2037238.9,-9.725
SM-08-B2,0,480108.48,2037238.9,-9.95
SM-08-B2,0,480108.48,2037238.9,-10.175
SM-08-B2,0,480108.48,2037238.9,-10.4
SM-08-B2,0,480108.48,2037238.9,-10.625
SM-08-B2,0,480108.48,2037238.9,-10.85
SM-08-B2,0,480108.48,2037238.9,-11.075
SM-08-B2,0,480108.48,2037238.9,-11.3
SM-08-B2,0,480108.48,2037238.9,-11.525
SM-08-B2,0,480108.48,2037238.9,-11.75
SM-08-B2,0,480108.48,2037238.9,-11.975
SM-60-P1,0,477583.84,2036816.3,-9.955
SM-60-P1,0,477583.84,2036816.3,-10.18
SM-60-P1,0,477583.84,2036816.3,-10.405
SM-60-P1,0,477583.84,2036816.3,-10.63
SM-60-P1,0,477583.84,2036816.3,-10.855
SM-60-P1,0,477583.84,2036816.3,-11.08
SM-60-P1,0,477583.84,2036816.3,-11.305
SM-60-P1,0,477583.84,2036816.3,-11.53
SM-60-P1,0,477583.84,2036816.3,-11.755
SM-60-P1,0,477583.84,2036816.3,-11.98
SM-60-P1,0,477583.84,2036816.3,-12.205
SM-60-P1,0,477583.84,2036816.3,-12.43
SM-60-P1,0,477583.84,2036816.3,-12.655
SM-60-P1,0,477583.84,2036816.3,-12.88
SM-60-P1,0,477583.84,2036816.3,-13.105
SM-60-P1,0,477583.84,2036816.3,-14.455
SM-60-P1,0,477583.84,2036816.3,-15.355
SM-18-P1,0,477502.42,2036933.38,-12.495
SM-18-P1,0,477502.42,2036933.38,-72.095
SM-18-P1,0,477502.42,2036933.38,-72.55
SM-18-P1,0,477502.42,2036933.38,-73.005
SM-18-P1,0,477502.42,2036933.38,-73.445
SM-18-P1,0,477502.42,2036933.38,-75.245
SM-18-P1,0,477502.42,2036933.38,-75.695
SM-09-B1,26,477265.19,2036624.23,-23.965
SM-09-B1,26,477265.19,2036624.23,-24.19
SM-09-B1,26,477265.19,2036624.23,-24.415
SM-09-B1,38,477265.19,2036624.23,-24.64
SM-09-B1,50,477265.19,2036624.23,-24.865
SM-09-B1,50,477265.19,2036624.23,-25.09
SM-09-B1,50,477265.19,2036624.23,-25.315
SM-09-B1,50,477265.19,2036624.23,-25.54
SM-09-B1,50,477265.19,2036624.23,-25.765
SM-09-B1,50,477265.19,2036624.23,-25.99
SM-09-B1,50,477265.19,2036624.23,-26.14
SM-09-B1,25,477265.19,2036624.23,-26.29
SM-09-B1,0,477265.19,2036624.23,-26.365
SM-09-B1,25,477265.19,2036624.23,-26.44
SM-09-B1,50,477265.19,2036624.23,-26.665
SM-09-B1,50,477265.19,2036624.23,-26.89
SM-09-B1,50,477265.19,2036624.23,-27.1
SM-09-B1,25,477265.19,2036624.23,-27.31
SM-09-B1,0,477265.19,2036624.23,-27.325
SM-67-P1,0,477857.4,2036377.24,-9.395
SM-67-P1,0,477857.4,2036377.24,-10.295
SM-67-P1,0,477857.4,2036377.24,-10.52
SM-67-P1,0,477857.4,2036377.24,-10.745
SM-67-P1,0,477857.4,2036377.24,-10.97
SM-67-P1,0,477857.4,2036377.24,-11.195
SM-67-P1,0,477857.4,2036377.24,-11.42
SM-67-P1,0,477857.4,2036377.24,-11.645
SM-67-P1,0,477857.4,2036377.24,-26.945
SM-67-P1,0,477857.4,2036377.24,-27.17
SM-67-P1,0,477857.4,2036377.24,-27.395
SM-05-B1,40.5,478828.2306,2036140.498,-29.918
SM-05-B1,31,478828.2306,2036140.498,-30.143
SM-05-B1,40.5,478828.2306,2036140.498,-30.368
SM-05-B1,50,478828.2306,2036140.498,-30.593
SM-05-B1,50,478828.2306,2036140.498,-30.818
SM-05-B1,50,478828.2306,2036140.498,-31.043
SM-05-B1,47,478828.2306,2036140.498,-31.268
SM-05-B1,44,478828.2306,2036140.498,-31.493
SM-05-B1,46,478828.2306,2036140.498,-31.718
SM-05-B1,48,478828.2306,2036140.498,-31.943
SM-05-B1,49,478828.2306,2036140.498,-32.168
SM-05-B1,50,478828.2306,2036140.498,-32.393
SM-05-B1,50,478828.2306,2036140.498,-32.618
SM-05-B1,50,478828.2306,2036140.498,-32.843
SM-05-B1,50,478828.2306,2036140.498,-33.068
SM-05-B1,50,478828.2306,2036140.498,-33.293
SM-05-B1,50,478828.2306,2036140.498,-33.518
SM-05-B1,50,478828.2306,2036140.498,-33.743
SM-35 P2,0,,,-11.025
SM-35 P2,0,,,-11.925
SM-35 P2,0,,,-12.15
SM-35 P2,0,,,-12.375
SM-35 P2,0,,,-12.6
SM-35 P2,0,,,-12.825
SM-35 P2,0,,,0
SM-35 P2,0,,,0
SM-62 P2,0,,,-12.825
SM-62 P2,0,,,-14.625
SM-62 P2,0,,,-49.8
SM-62 P2,0,,,-50.325
SM-62 P2,0,,,-25.2
SM-72-P2,0,479543.59,2036219.22,-30.685
SM-72-P2,0,479543.59,2036219.22,-36.51
SM-72-P2,0,479543.59,2036219.22,-36.975
SM-72-P2,0,479543.59,2036219.22,-37.425
SM-72-P2,0,479543.59,2036219.22,-38.335
SM-72-P2,0,479543.59,2036219.22,-38.77
SM-72-P2,0,479543.59,2036219.22,-45.535
SM-72-P2,0,479543.59,2036219.22,-45.96
SM-72-P2,0,479543.59,2036219.22,-46.42
SM-72-P2,0,479543.59,2036219.22,-46.885
SM-02-B1,0,479959.6533,2036162.012,-13.981
SM-02-B1,0,479959.6533,2036162.012,-14.206
SM-02-B1,0,479959.6533,2036162.012,-14.431
SM-19-P1,0,477471.6,2036261.55,-7.845
SM-19-P1,0,477471.6,2036261.55,-8.745
SM-19-P1,0,477471.6,2036261.55,-8.97
SM-19-P1,0,477471.6,2036261.55,-9.195
SM-19-P1,0,477471.6,2036261.55,-11.445
SM-19-P1,0,477471.6,2036261.55,-11.67
SM-19-P1,0,477471.6,2036261.55,-11.895
SM-19-P1,0,477471.6,2036261.55,-15.27
SM-19-P1,0,477471.6,2036261.55,-28.685
SM-19-P1,0,477471.6,2036261.55,-38.205
SM-19-P1,0,477471.6,2036261.55,-40
SM-19-P1,0,477471.6,2036261.55,-41.805
SM-19-P1,0,477471.6,2036261.55,-51.71
SM-19-P1,0,477471.6,2036261.55,-52.16
SM-19-P1,0,477471.6,2036261.55,-52.505
SM-19-P1,0,477471.6,2036261.55,-53.045
SM-19-P1,0,477471.6,2036261.55,-53.365
SM-19-P1,0,477471.6,2036261.55,-53.885
SM-19-P1,0,477471.6,2036261.55,-54.325
SM-19-P1,0,477471.6,2036261.55,-54.715
SM-19-P1,0,477471.6,2036261.55,-55.225
SM-19-P1,0,477471.6,2036261.55,-55.67
SM-19-P1,0,477471.6,2036261.55,-56.05
SM-19-P1,0,477471.6,2036261.55,-56.585
SM-19-P1,0,477471.6,2036261.55,-59.28
SM-19-P1,0,477471.6,2036261.55,-59.74
SM-19-P1,0,477471.6,2036261.55,-60.245
SM-19-P1,0,477471.6,2036261.55,-60.705
SM-19-P1,0,477471.6,2036261.55,-61.15
SM-19-P1,0,477471.6,2036261.55,-61.555
SM-19-P1,0,477471.6,2036261.55,-62.01
SM-19-P1,0,477471.6,2036261.55,-62.44
SM-19-P1,0,477471.6,2036261.55,-62.84
SM-19-P1,0,477471.6,2036261.55,-63.33
SM-19-P1,0,477471.6,2036261.55,-63.735
SM-19-P1,0,477471.6,2036261.55,-64.74
SM-19-P1,0,477471.6,2036261.55,-65.115
SM-19-P1,0,477471.6,2036261.55,-65.575
SM-19-P1,0,477471.6,2036261.55,-66.94
SM-19-P1,0,477471.6,2036261.55,-67.385
SM-19-P1,0,477471.6,2036261.55,-67.835
SM-19-P1,0,477471.6,2036261.55,-68.285
SM-19-P1,0,477471.6,2036261.55,-68.81
SM-19-P1,0,477471.6,2036261.55,-69.235
SM-19-P1,0,477471.6,2036261.55,-69.695
SM-19-P1,0,477471.6,2036261.55,-70.15
SM-19-P1,0,477471.6,2036261.55,-70.535
SM-19-P1,0,477471.6,2036261.55,-70.985
SM-19-P1,0,477471.6,2036261.55,-71.44
SM-19-P1,0,477471.6,2036261.55,-71.875
SM-19-P1,0,477471.6,2036261.55,-72.38
SM-19-P1,0,477471.6,2036261.55,-72.855
SM-19-P1,0,477471.6,2036261.55,-73.23
SM-19-P1,0,477471.6,2036261.55,-73.75
SM-19-P1,0,477471.6,2036261.55,-74.21
SM-19-P1,0,477471.6,2036261.55,-75.03
SM-19-P1,0,477471.6,2036261.55,-76.01
SM-19-P1,0,477471.6,2036261.55,-76.31
SM-51-P1,0,477639.95,2037631.92,-41.475
SM-36-P2,0,478362.19,2036503.28,-45.655
SM-36-P2,0,478362.19,2036503.28,-46.105
SM-36-P2,0,478362.19,2036503.28,-46.525
SM-10-B2,0,480515.3,2036275.1,-0.455
SM-10-B2,0,480515.3,2036275.1,-9.905
SM-10-B2,0,480515.3,2036275.1,-10.13
SM-10-B2,0,480515.3,2036275.1,-10.355
SM-10-B2,0,480515.3,2036275.1,-11.255
SM-10-B2,0,480515.3,2036275.1,-11.48
SM-10-B2,0,480515.3,2036275.1,-11.705
SM-10-B2,0,480515.3,2036275.1,-5.18
SM-10-B2,0,480515.3,2036275.1,1.57
SM-10-B2,0,480515.3,2036275.1,-5.405
SM-10-B2,0,480515.3,2036275.1,-12.605
SM-10-B2,0,480515.3,2036275.1,-12.83
SM-10-B2,0,480515.3,2036275.1,-13.055
SM-07-B1,0,477905.7673,2036203.22,1.0836
SM-13-P2,0,478456.28,2037422.21,-10.985
SM-13-P2,0,478456.28,2037422.21,-11.21
SM-13-P2,0,478456.28,2037422.21,-11.435
SM-25-P2,0,479793.28,2037531.65,-46.325
SM-25-P2,0,479793.28,2037531.65,-46.75
SM-06-B1,0,478330.36,2036080.3,-9.555
SM-66-P1,0,477629.99,2036277.02,-8.115
SM-66-P1,0,477629.99,2036277.02,-8.34
SM-66-P1,0,477629.99,2036277.02,-8.565
SM-66-P1,0,477629.99,2036277.02,-9.465
SM-66-P1,0,477629.99,2036277.02,-9.69
SM-66-P1,0,477629.99,2036277.02,-9.915
SM-66-P1,0,477629.99,2036277.02,-10.14
SM-66-P1,0,477629.99,2036277.02,-10.365
SM-66-P1,0,477629.99,2036277.02,-10.59
SM-66-P1,0,477629.99,2036277.02,-10.815
SM-66-P1,0,477629.99,2036277.02,-11.04
SM-66-P1,0,477629.99,2036277.02,-11.265
SM-66-P1,0,477629.99,2036277.02,-11.49
SM-66-P1,0,477629.99,2036277.02,-11.715
SM-66-P1,0,477629.99,2036277.02,-11.94
SM-66-P1,0,477629.99,2036277.02,-12.165
SM-66-P1,0,477629.99,2036277.02,-12.39
SM-66-P1,0,477629.99,2036277.02,-12.615
SM-66-P1,0,477629.99,2036277.02,-29.415
SM-66-P1,0,477629.99,2036277.02,-29.865
SM-66-P1,0,477629.99,2036277.02,-30.765
SM-66-P1,0,477629.99,2036277.02,-31.215
SM-66-P1,0,477629.99,2036277.02,-31.665
SM-66-P1,0,477629.99,2036277.02,-32.115
SM-52-P1,0,478098.81,2037573.26,-6.605
SM-52-P1,0,478098.81,2037573.26,-6.83
SM-52-P1,0,478098.81,2037573.26,-7.055
SM-52-P1,0,478098.81,2037573.26,-7.28
SM-52-P1,0,478098.81,2037573.26,-7.505
SM-52-P1,0,478098.81,2037573.26,-7.73
SM-52-P1,0,478098.81,2037573.26,-7.955
SM-52-P1,0,478098.81,2037573.26,-10.205
SM-52-P1,0,478098.81,2037573.26,-25.655
SM-52-P1,0,478098.81,2037573.26,-36.98
SM-52-P1,0,478098.81,2037573.26,-37.43
SM-52-P1,0,478098.81,2037573.26,-38.03
SM-52-P1,0,478098.81,2037573.26,-38.93
SM-52-P1,0,478098.81,2037573.26,-39.455
SM-52-P1,0,478098.81,2037573.26,-43.055
SM-52-P1,0,478098.81,2037573.26,-43.505
SM-52-P1,0,478098.81,2037573.26,-44.18
SM-52-P1,0,478098.81,2037573.26,-44.63
SM-52-P1,0,478098.81,2037573.26,-45.605
SM-52-P1,0,478098.81,2037573.26,-47.405
SM-52-P1,0,478098.81,2037573.26,3.52
SM-56-P1,0,477300.86,2037204.18,1.26
SM-56-P1,0,477300.86,2037204.18,0.66
SM-56-P1,0,477300.86,2037204.18,0.36
SM-56-P1,0,477300.86,2037204.18,0.06
SM-56-P1,0,477300.86,2037204.18,-0.24
SM-56-P1,0,477300.86,2037204.18,-0.54
SM-56-P1,0,477300.86,2037204.18,-0.84
SM-56-P1,0,477300.86,2037204.18,-1.14
SM-56-P1,0,477300.86,2037204.18,-3.14
SM-56-P1,0,477300.86,2037204.18,-5.14
SM-56-P1,0,477300.86,2037204.18,-5.44
SM-56-P1,0,477300.86,2037204.18,-5.74
SM-56-P1,0,477300.86,2037204.18,-6.04
SM-56-P1,0,477300.86,2037204.18,-6.34
SM-56-P1,0,477300.86,2037204.18,-6.64
SM-56-P1,0,477300.86,2037204.18,-6.94
SM-56-P1,0,477300.86,2037204.18,-7.24
SM-56-P1,0,477300.86,2037204.18,-7.54
SM-56-P1,0,477300.86,2037204.18,-7.84
SM-56-P1,0,477300.86,2037204.18,-8.14
SM-56-P1,0,477300.86,2037204.18,-9.14
SM-56-P1,0,477300.86,2037204.18,-10.14
SM-56-P1,0,477300.86,2037204.18,-10.365
SM-56-P1,0,477300.86,2037204.18,-10.59
SM-56-P1,0,477300.86,2037204.18,-10.815
SM-56-P1,0,477300.86,2037204.18,-11.04
SM-56-P1,0,477300.86,2037204.18,-12.34
SM-56-P1,0,477300.86,2037204.18,-13.64
SM-56-P1,0,477300.86,2037204.18,-13.865
SM-56-P1,0,477300.86,2037204.18,-14.09
SM-56-P1,0,477300.86,2037204.18,-14.315
SM-56-P1,0,477300.86,2037204.18,-14.54
SM-56-P1,0,477300.86,2037204.18,-15.34
SM-56-P1,0,477300.86,2037204.18,-16.14
SM-56-P1,0,477300.86,2037204.18,-16.44
SM-56-P1,0,477300.86,2037204.18,-16.74
SM-56-P1,0,477300.86,2037204.18,-17.04
SM-56-P1,0,477300.86,2037204.18,-17.34
SM-56-P1,0,477300.86,2037204.18,-20.49
SM-56-P1,0,477300.86,2037204.18,-21.24
SM-56-P1,0,477300.86,2037204.18,-25.14
SM-56-P1,0,477300.86,2037204.18,-25.365
SM-56-P1,0,477300.86,2037204.18,-25.59
SM-56-P1,0,477300.86,2037204.18,-25.815
SM-56-P1,0,477300.86,2037204.18,-26.04
SM-56-P1,0,477300.86,2037204.18,-29.09
SM-56-P1,0,477300.86,2037204.18,-32.14
SM-56-P1,0,477300.86,2037204.18,-32.44
SM-56-P1,0,477300.86,2037204.18,-32.74
SM-56-P1,0,477300.86,2037204.18,-33.04
SM-56-P1,0,477300.86,2037204.18,-33.34
SM-56-P1,0,477300.86,2037204.18,-33.64
SM-56-P1,0,477300.86,2037204.18,-33.94
SM-56-P1,0,477300.86,2037204.18,-37.79
SM-56-P1,0,477300.86,2037204.18,-41.64
SM-56-P1,0,477300.86,2037204.18,-41.94
SM-56-P1,0,477300.86,2037204.18,-42.24
SM-56-P1,0,477300.86,2037204.18,-42.54
SM-10-B1,0,477226.3,2037121.54,-14.075
SM-53-P2,0,478414.1,2037512.4,-12.965
SM-53-P2,0,478414.1,2037512.4,-13.865
SM-53-P2,0,478414.1,2037512.4,-14.09
SM-53-P2,0,478414.1,2037512.4,-14.315
SM-53-P2,0,478414.1,2037512.4,-14.54
SM-53-P2,0,478414.1,2037512.4,-14.765
SM-53-P2,0,478414.1,2037512.4,-31.865
SM-53-P2,0,478414.1,2037512.4,-52.315
SM-53-P2,0,478414.1,2037512.4,-52.68
SM-37-P2,0,479213.08,2036499.92,-8.635
SM-37-P2,0,479213.08,2036499.92,-8.86
SM-37-P2,0,479213.08,2036499.92,-9.085
SM-37-P2,0,479213.08,2036499.92,-9.31
SM-37-P2,0,479213.08,2036499.92,-9.535
SM-44-P1,0,477193.08,2038327.98,-40.5
SM-44-P1,0,477189.844,2038327.449,-40.55
SM-44-P1,0,477193.08,2038327.98,-40.97
SM-44-P1,0,477189.844,2038327.449,-41.02
SM-44-P1,0,477193.08,2038327.98,-41.41
SM-44-P1,0,477189.844,2038327.449,-41.46
SM-44-P1,0,477193.08,2038327.98,-41.875
SM-44-P1,0,477189.844,2038327.449,-41.925
SM-44-P1,0,477193.08,2038327.98,-43.675
SM-44-P1,0,477189.844,2038327.449,-43.725
SM-44-P1,0,477193.08,2038327.98,-44.125
SM-44-P1,0,477189.844,2038327.449,-44.175
SM-44-P1,0,477193.08,2038327.98,-44.575
SM-44-P1,0,477189.844,2038327.449,-44.625
SM-44-P1,0,477193.08,2038327.98,-45
SM-44-P1,0,477189.844,2038327.449,-45.05
SM-47-P1,0,478006.01,2038293.04,-6.995
SM-47-P1,0,478006.01,2038293.04,-39.795
SM-47-P1,0,478006.01,2038293.04,-40.295
SM-47-P1,0,478006.01,2038293.04,-40.71
SM-47-P1,0,478006.01,2038293.04,-43.87
SM-47-P1,0,478006.01,2038293.04,-44.27
SM-28 P2,0,,,-12.375
SM-28 P2,0,,,-12.6
SM-28 P2,0,,,-12.825
SM-28 P2,0,,,-13.725
SM-28 P2,0,,,-13.95
SM-28 P2,0,,,-14.175
SM-28 P2,0,,,-15.525
SM-28 P2,0,,,-45.365
SM-07-B2,0,,,-9.225
SM-07-B2,0,,,-15.075
SM-20-P1,0,477576.5,2038152.22,-41.405
SM-20-P1,0,477574.978,2038153.565,-41.475
SM-20-P1,0,477576.5,2038152.22,-41.865
SM-20-P1,0,477574.978,2038153.565,-41.935
SM-20-P1,0,477576.5,2038152.22,-42.29
SM-20-P1,0,477574.978,2038153.565,-42.36
SM-20-P1,0,477576.5,2038152.22,-42.735
SM-20-P1,0,477574.978,2038153.565,-42.805
SM-20-P1,0,477576.5,2038152.22,-43.14
SM-20-P1,0,477574.978,2038153.565,-43.21
SM-20-P1,0,477576.5,2038152.22,-54.075
SM-20-P1,0,477574.978,2038153.565,-54.145
SM-20-P1,0,477576.5,2038152.22,-54.415
SM-20-P1,0,477574.978,2038153.565,-54.485
SM-20-P1,0,477576.5,2038152.22,-54.875
SM-20-P1,0,477574.978,2038153.565,-54.945
SM-20-P1,0,477576.5,2038152.22,-55.29
SM-20-P1,0,477574.978,2038153.565,-55.36
SM-20-P1,0,477576.5,2038152.22,-55.79
SM-20-P1,0,477574.978,2038153.565,-55.86
SM-20-P1,0,477576.5,2038152.22,-56.23
SM-20-P1,0,477574.978,2038153.565,-56.3
SM-20-P1,0,477576.5,2038152.22,-56.665
SM-20-P1,0,477574.978,2038153.565,-56.735
SM-20-P1,0,477576.5,2038152.22,-57.125
SM-20-P1,0,477574.978,2038153.565,-57.195
SM-20-P1,0,477576.5,2038152.22,-57.54
SM-20-P1,0,477574.978,2038153.565,-57.61
SM-20-P1,0,477576.5,2038152.22,-58.015
SM-20-P1,0,477574.978,2038153.565,-58.085
SM-20-P1,0,477576.5,2038152.22,-58.515
SM-20-P1,0,477574.978,2038153.565,-58.585
SM-20-P1,0,477576.5,2038152.22,-58.945
SM-20-P1,0,477574.978,2038153.565,-59.015
SM-20-P1,0,477576.5,2038152.22,-59.34
SM-20-P1,0,477574.978,2038153.565,-59.41
SM-20-P1,0,477576.5,2038152.22,-59.845
SM-20-P1,0,477574.978,2038153.565,-59.915
SM-20-P1,0,477576.5,2038152.22,-62.565
SM-20-P1,0,477574.978,2038153.565,-62.635
SM-20-P1,0,477576.5,2038152.22,-64.415
SM-20-P1,0,477574.978,2038153.565,-64.485
SM-20-P1,0,477576.5,2038152.22,-67.055
SM-20-P1,0,477574.978,2038153.565,-67.125
SM-20-P1,0,477576.5,2038152.22,-67.415
SM-20-P1,0,477574.978,2038153.565,-67.485
SM-20-P1,0,477576.5,2038152.22,-67.89
SM-20-P1,0,477574.978,2038153.565,-67.96
SM-20-P1,0,477576.5,2038152.22,-68.31
SM-20-P1,0,477574.978,2038153.565,-68.38
SM-20-P1,0,477576.5,2038152.22,-68.765
SM-20-P1,0,477574.978,2038153.565,-68.835
SM-20-P1,0,477576.5,2038152.22,-69.205
SM-20-P1,0,477574.978,2038153.565,-69.275
SM-20-P1,0,477576.5,2038152.22,-69.68
SM-20-P1,0,477574.978,2038153.565,-69.75
SM-20-P1,0,477576.5,2038152.22,-70.125
SM-20-P1,0,477574.978,2038153.565,-70.195
SM-20-P1,0,477576.5,2038152.22,-70.565
SM-20-P1,0,477574.978,2038153.565,-70.635
SM-20-P1,0,477576.5,2038152.22,-71.01
SM-20-P1,0,477574.978,2038153.565,-71.08
SM-20-P1,0,477576.5,2038152.22,-71.455
SM-20-P1,0,477574.978,2038153.565,-71.525
SM-20-P1,0,477576.5,2038152.22,-71.965
SM-20-P1,0,477574.978,2038153.565,-72.035
SM-20-P1,0,477576.5,2038152.22,-72.425
SM-20-P1,0,477574.978,2038153.565,-72.495
SM-20-P1,0,477576.5,2038152.22,-72.84
SM-20-P1,0,477574.978,2038153.565,-72.91
SM-20-P1,0,477576.5,2038152.22,-73.265
SM-20-P1,0,477574.978,2038153.565,-73.335
SM-20-P1,0,477576.5,2038152.22,-73.725
SM-20-P1,0,477574.978,2038153.565,-73.795
SM-20-P1,0,477576.5,2038152.22,-74.17
SM-20-P1,0,477574.978,2038153.565,-74.24
SM-20-P1,0,477576.5,2038152.22,-74.635
SM-20-P1,0,477574.978,2038153.565,-74.705
SM-20-P1,0,477576.5,2038152.22,-75.065
SM-20-P1,0,477574.978,2038153.565,-75.135
SM-20-P1,0,477576.5,2038152.22,-75.54
SM-20-P1,0,477574.978,2038153.565,-75.61
SM-20-P1,0,477576.5,2038152.22,-75.975
SM-20-P1,0,477574.978,2038153.565,-76.045
SM-20-P1,0,477576.5,2038152.22,-76.415
SM-20-P1,0,477574.978,2038153.565,-76.485
SM-20-P1,0,477576.5,2038152.22,-76.87
SM-20-P1,0,477574.978,2038153.565,-76.94
SM-20-P1,0,477576.5,2038152.22,-77.31
SM-20-P1,0,477574.978,2038153.565,-77.38
SM-20-P1,0,477576.5,2038152.22,-77.765
SM-20-P1,0,477574.978,2038153.565,-77.835
SM-20-P1,0,477576.5,2038152.22,-78.225
SM-20-P1,0,477574.978,2038153.565,-78.295
SM-20-P1,0,477576.5,2038152.22,-78.685
SM-20-P1,0,477574.978,2038153.565,-78.755
SM-20-P1,0,477576.5,2038152.22,-79.115
SM-20-P1,0,477574.978,2038153.565,-79.185
SM-20-P1,0,477576.5,2038152.22,-79.56
SM-20-P1,0,477574.978,2038153.565,-79.63
SM-20-P1,0,477576.5,2038152.22,-79.99
SM-20-P1,0,477574.978,2038153.565,-80.06
SM-20-P1,0,477576.5,2038152.22,-80.52
SM-20-P1,0,477574.978,2038153.565,-80.59
SM-20-P1,0,477576.5,2038152.22,-80.94
SM-20-P1,0,477574.978,2038153.565,-81.01
SM-20-P1,0,477576.5,2038152.22,-81.415
SM-20-P1,0,477574.978,2038153.565,-81.485
SM-20-P1,0,477576.5,2038152.22,-81.84
SM-20-P1,0,477574.978,2038153.565,-81.91
SM-20-P1,0,477576.5,2038152.22,-39.24
SM-20-P1,0,477574.978,2038153.565,-39.31
SM-69-P2,0,478614.71,2036398.52,-6.265
SM-69-P2,0,478614.71,2036398.52,-9.415
SM-69-P2,0,478614.71,2036398.52,-9.64
SM-69-P2,0,478614.71,2036398.52,-9.865
SM-69-P2,0,478614.71,2036398.52,-46.84
SM-69-P2,0,478614.71,2036398.52,-47.365
SM-69-P2,0,478614.71,2036398.52,-47.8
SM-57-P1,0,477640.14,2037208.59,-0.675
SM-57-P1,0,477640.14,2037208.59,-10.575
SM-57-P1,0,477640.14,2037208.59,-10.8
SM-57-P1,0,477640.14,2037208.59,-11.025
SM-57-P1,0,477640.14,2037208.59,-11.25
SM-57-P1,0,477640.14,2037208.59,-11.475
SM-57-P1,0,477640.14,2037208.59,-11.7
SM-57-P1,0,477640.14,2037208.59,-11.925
SM-57-P1,0,477640.14,2037208.59,-12.15
SM-57-P1,0,477640.14,2037208.59,-12.375
SM-74-P3,0,480593.73,2036997.8,-0.635
SM-74-P3,0,480593.73,2036997.8,-8.735
SM-74-P3,0,480593.73,2036997.8,-8.96
SM-74-P3,0,480593.73,2036997.8,-9.185
SM-74-P3,0,480593.73,2036997.8,-9.41
SM-74-P3,0,480593.73,2036997.8,-9.86
SM-74-P3,0,480593.73,2036997.8,-10.31
SM-74-P3,0,480593.73,2036997.8,-10.535
SM-74-P3,0,480593.73,2036997.8,-10.76
SM-74-P3,0,480593.73,2036997.8,-10.985
SM-74-P3,0,480593.73,2036997.8,-11.21
SM-74-P3,0,480593.73,2036997.8,-11.435
SM-74-P3,0,480593.73,2036997.8,-11.66
SM-74-P3,0,480593.73,2036997.8,-11.885
SM-74-P3,0,480593.73,2036997.8,-12.785
SM-38-P2,0,479622.12,2036497.16,-9.935
SM-38-P2,0,479622.12,2036497.16,-10.16
SM-38-P2,0,479622.12,2036497.16,-10.385
SM-38-P2,0,479622.12,2036497.16,-10.61
SM-38-P2,0,479622.12,2036497.16,-10.835
SM-63-P1,0,477393.97,2036611.25,-10.315
SM-63-P1,0,477393.97,2036611.25,-10.54
SM-63-P1,0,477393.97,2036611.25,-10.765
SM-63-P1,0,477393.97,2036611.25,-10.99
SM-63-P1,0,477393.97,2036611.25,-11.215
SM-63-P1,0,477393.97,2036611.25,-12.115
SM-63-P1,0,477393.97,2036611.25,-13.015
SM-63-P1,0,477393.97,2036611.25,-13.24
SM-63-P1,0,477393.97,2036611.25,-13.465
SM-75-P1,0,477626.74,2037421.93,-7.135
SM-75-P1,0,477626.74,2037421.93,-11.185
SM-75-P1,0,477626.74,2037421.93,-11.41
SM-75-P1,0,477626.74,2037421.93,-11.635
SM-75-P1,0,477626.74,2037421.93,-11.86
SM-75-P1,0,477626.74,2037421.93,-12.085
SM-75-P1,0,477626.74,2037421.93,-12.31
SM-75-P1,0,477626.74,2037421.93,-12.535
SM-75-P1,0,477626.74,2037421.93,-12.76
SM-75-P1,0,477626.74,2037421.93,-12.985
SM-75-P1,0,477626.74,2037421.93,-13.21
SM-75-P1,0,477626.74,2037421.93,-13.435
SM-75-P1,0,477626.74,2037421.93,-13.66
SM-75-P1,0,477626.74,2037421.93,-13.885
SM-75-P1,0,477626.74,2037421.93,-14.11
SM-75-P1,0,477626.74,2037421.93,-14.335
SM-75-P1,0,477626.74,2037421.93,-14.56
SM-75-P1,0,477626.74,2037421.93,-14.785
SM-09-B2,0,480263.7,2036758.9,-10.205
SM-09-B2,0,480263.7,2036758.9,-11.555
SM-09-B2,0,480263.7,2036758.9,-33.355
SM-09-B2,0,480263.7,2036758.9,-33.805
SM-09-B2,0,480263.7,2036758.9,-16.505
SM-76-P3,0,481243.38,2036665.86,-10.615
SM-76-P3,0,481243.38,2036665.86,-11.515
SM-76-P3,0,481243.38,2036665.86,-12.415
SM-29-P2,0,479601.03,2037189.73,-46.73
SM-72-P2,,479543.59,2036219.22,1.19
