Proffundidad,w,Sondeo,X,Y,Zmsn,Z
0.115,29.1,SM-26-P2,478399.31,2037192.67,2.46,2.345
0.34,11.1,SM-26-P2,478399.31,2037192.67,2.46,2.12
0.675,8.1,SM-26-P2,478399.31,2037192.67,2.46,1.785
1.125,7.1,SM-26-P2,478399.31,2037192.67,2.46,1.335
1.575,16.8,SM-26-P2,478399.31,2037192.67,2.46,0.885
2.025,22.9,SM-26-P2,478399.31,2037192.67,2.46,0.435
2.475,22.2,SM-26-P2,478399.31,2037192.67,2.46,-0.015
2.925,33.2,SM-26-P2,478399.31,2037192.67,2.46,-0.465
3.375,18.9,SM-26-P2,478399.31,2037192.67,2.46,-0.915
3.825,17.3,SM-26-P2,478399.31,2037192.67,2.46,-1.365
4.275,15.6,SM-26-P2,478399.31,2037192.67,2.46,-1.815
4.725,18.5,SM-26-P2,478399.31,2037192.67,2.46,-2.265
5.175,16.3,SM-26-P2,478399.31,2037192.67,2.46,-2.715
5.625,22,SM-26-P2,478399.31,2037192.67,2.46,-3.165
6.075,22.6,SM-26-P2,478399.31,2037192.67,2.46,-3.615
6.525,18.7,SM-26-P2,478399.31,2037192.67,2.46,-4.065
6.975,19.1,SM-26-P2,478399.31,2037192.67,2.46,-4.515
7.425,20.2,SM-26-P2,478399.31,2037192.67,2.46,-4.965
7.875,18.5,SM-26-P2,478399.31,2037192.67,2.46,-5.415
8.775,19.1,SM-26-P2,478399.31,2037192.67,2.46,-6.315
9.225,18.4,SM-26-P2,478399.31,2037192.67,2.46,-6.765
9.675,20.6,SM-26-P2,478399.31,2037192.67,2.46,-7.215
10.125,21.4,SM-26-P2,478399.31,2037192.67,2.46,-7.665
10.575,22.3,SM-26-P2,478399.31,2037192.67,2.46,-8.115
11.025,23.1,SM-26-P2,478399.31,2037192.67,2.46,-8.565
11.475,21.2,SM-26-P2,478399.31,2037192.67,2.46,-9.015
11.815,23.2,SM-26-P2,478399.31,2037192.67,2.46,-9.355
12.04,7.25,SM-26-P2,478399.31,2037192.67,2.46,-9.58
12.375,29.2,SM-26-P2,478399.31,2037192.67,2.46,-9.915
12.825,38.4,SM-26-P2,478399.31,2037192.67,2.46,-10.365
13.275,42.8,SM-26-P2,478399.31,2037192.67,2.46,-10.815
13.725,46.2,SM-26-P2,478399.31,2037192.67,2.46,-11.265
14.175,52.7,SM-26-P2,478399.31,2037192.67,2.46,-11.715
14.625,54.2,SM-26-P2,478399.31,2037192.67,2.46,-12.165
15.075,57.3,SM-26-P2,478399.31,2037192.67,2.46,-12.615
15.525,57.7,SM-26-P2,478399.31,2037192.67,2.46,-13.065
15.975,52.7,SM-26-P2,478399.31,2037192.67,2.46,-13.515
16.315,26.7,SM-26-P2,478399.31,2037192.67,2.46,-13.855
16.54,18.1,SM-26-P2,478399.31,2037192.67,2.46,-14.08
16.875,17.4,SM-26-P2,478399.31,2037192.67,2.46,-14.415
17.325,15.9,SM-26-P2,478399.31,2037192.67,2.46,-14.865
17.775,15.5,SM-26-P2,478399.31,2037192.67,2.46,-15.315
18.225,22.7,SM-26-P2,478399.31,2037192.67,2.46,-15.765
18.675,22.2,SM-26-P2,478399.31,2037192.67,2.46,-16.215
19.125,20.6,SM-26-P2,478399.31,2037192.67,2.46,-16.665
19.575,25.8,SM-26-P2,478399.31,2037192.67,2.46,-17.115
20.025,25.6,SM-26-P2,478399.31,2037192.67,2.46,-17.565
20.475,24,SM-26-P2,478399.31,2037192.67,2.46,-18.015
20.925,26.9,SM-26-P2,478399.31,2037192.67,2.46,-18.465
21.375,25.7,SM-26-P2,478399.31,2037192.67,2.46,-18.915
21.825,24.9,SM-26-P2,478399.31,2037192.67,2.46,-19.365
22.275,25.1,SM-26-P2,478399.31,2037192.67,2.46,-19.815
22.725,21.4,SM-26-P2,478399.31,2037192.67,2.46,-20.265
23.175,22.6,SM-26-P2,478399.31,2037192.67,2.46,-20.715
23.625,28.9,SM-26-P2,478399.31,2037192.67,2.46,-21.165
24.075,23.5,SM-26-P2,478399.31,2037192.67,2.46,-21.615
24.525,22.1,SM-26-P2,478399.31,2037192.67,2.46,-22.065
24.975,24.4,SM-26-P2,478399.31,2037192.67,2.46,-22.515
25.425,40.6,SM-26-P2,478399.31,2037192.67,2.46,-22.965
25.875,33.6,SM-26-P2,478399.31,2037192.67,2.46,-23.415
26.325,31.2,SM-26-P2,478399.31,2037192.67,2.46,-23.865
26.775,28.4,SM-26-P2,478399.31,2037192.67,2.46,-24.315
27.225,32,SM-26-P2,478399.31,2037192.67,2.46,-24.765
27.675,29.4,SM-26-P2,478399.31,2037192.67,2.46,-25.215
28.125,27.2,SM-26-P2,478399.31,2037192.67,2.46,-25.665
28.575,26.1,SM-26-P2,478399.31,2037192.67,2.46,-26.115
29.025,25,SM-26-P2,478399.31,2037192.67,2.46,-26.565
29.365,21.8,SM-26-P2,478399.31,2037192.67,2.46,-26.905
29.59,24,SM-26-P2,478399.31,2037192.67,2.46,-27.13
29.815,21.5,SM-26-P2,478399.31,2037192.67,2.46,-27.355
30.04,20.1,SM-26-P2,478399.31,2037192.67,2.46,-27.58
30.375,18.9,SM-26-P2,478399.31,2037192.67,2.46,-27.915
30.715,22.4,SM-26-P2,478399.31,2037192.67,2.46,-28.255
30.94,19.1,SM-26-P2,478399.31,2037192.67,2.46,-28.48
31.275,23.9,SM-26-P2,478399.31,2037192.67,2.46,-28.815
31.725,21.4,SM-26-P2,478399.31,2037192.67,2.46,-29.265
32.175,23,SM-26-P2,478399.31,2037192.67,2.46,-29.715
32.515,20.5,SM-26-P2,478399.31,2037192.67,2.46,-30.055
32.74,27.2,SM-26-P2,478399.31,2037192.67,2.46,-30.28
33.075,36.6,SM-26-P2,478399.31,2037192.67,2.46,-30.615
33.525,25.3,SM-26-P2,478399.31,2037192.67,2.46,-31.065
33.975,25.4,SM-26-P2,478399.31,2037192.67,2.46,-31.515
34.425,25.5,SM-26-P2,478399.31,2037192.67,2.46,-31.965
34.875,26.4,SM-26-P2,478399.31,2037192.67,2.46,-32.415
35.325,28.4,SM-26-P2,478399.31,2037192.67,2.46,-32.865
35.775,27.9,SM-26-P2,478399.31,2037192.67,2.46,-33.315
36.225,29.3,SM-26-P2,478399.31,2037192.67,2.46,-33.765
36.56,29.6,SM-26-P2,478399.31,2037192.67,2.46,-34.1
36.785,19.1,SM-26-P2,478399.31,2037192.67,2.46,-34.325
37.125,19.4,SM-26-P2,478399.31,2037192.67,2.46,-34.665
37.575,21.2,SM-26-P2,478399.31,2037192.67,2.46,-35.115
37.915,25.4,SM-26-P2,478399.31,2037192.67,2.46,-35.455
38.14,26,SM-26-P2,478399.31,2037192.67,2.46,-35.68
38.475,31.1,SM-26-P2,478399.31,2037192.67,2.46,-36.015
38.925,29.2,SM-26-P2,478399.31,2037192.67,2.46,-36.465
39.375,32.2,SM-26-P2,478399.31,2037192.67,2.46,-36.915
39.825,31.9,SM-26-P2,478399.31,2037192.67,2.46,-37.365
40.165,31.3,SM-26-P2,478399.31,2037192.67,2.46,-37.705
40.39,30.1,SM-26-P2,478399.31,2037192.67,2.46,-37.93
40.615,32.2,SM-26-P2,478399.31,2037192.67,2.46,-38.155
40.84,24.5,SM-26-P2,478399.31,2037192.67,2.46,-38.38
41.175,23.2,SM-26-P2,478399.31,2037192.67,2.46,-38.715
41.625,18.2,SM-26-P2,478399.31,2037192.67,2.46,-39.165
42.075,19.1,SM-26-P2,478399.31,2037192.67,2.46,-39.615
42.525,19.9,SM-26-P2,478399.31,2037192.67,2.46,-40.065
42.865,21.6,SM-26-P2,478399.31,2037192.67,2.46,-40.405
43.09,21,SM-26-P2,478399.31,2037192.67,2.46,-40.63
43.425,18.4,SM-26-P2,478399.31,2037192.67,2.46,-40.965
43.725,20.5,SM-26-P2,478399.31,2037192.67,2.46,-41.265
43.875,28.4,SM-26-P2,478399.31,2037192.67,2.46,-41.415
44.025,23.2,SM-26-P2,478399.31,2037192.67,2.46,-41.565
44.215,24.9,SM-26-P2,478399.31,2037192.67,2.46,-41.755
44.44,27.3,SM-26-P2,478399.31,2037192.67,2.46,-41.98
44.775,22,SM-26-P2,478399.31,2037192.67,2.46,-42.315
45.225,22.5,SM-26-P2,478399.31,2037192.67,2.46,-42.765
45.675,25.8,SM-26-P2,478399.31,2037192.67,2.46,-43.215
46.125,32.4,SM-26-P2,478399.31,2037192.67,2.46,-43.665
46.575,28.8,SM-26-P2,478399.31,2037192.67,2.46,-44.115
47.025,27.4,SM-26-P2,478399.31,2037192.67,2.46,-44.565
47.475,33.5,SM-26-P2,478399.31,2037192.67,2.46,-45.015
47.925,30.9,SM-26-P2,478399.31,2037192.67,2.46,-45.465
48.375,27.8,SM-26-P2,478399.31,2037192.67,2.46,-45.915
48.825,29.2,SM-26-P2,478399.31,2037192.67,2.46,-46.365
49.275,27.2,SM-26-P2,478399.31,2037192.67,2.46,-46.815
49.725,28.8,SM-26-P2,478399.31,2037192.67,2.46,-47.265
50.175,32.4,SM-26-P2,478399.31,2037192.67,2.46,-47.715
50.625,36,SM-26-P2,478399.31,2037192.67,2.46,-48.165
51.075,28.3,SM-26-P2,478399.31,2037192.67,2.46,-48.615
51.525,28.3,SM-26-P2,478399.31,2037192.67,2.46,-49.065
51.975,31.3,SM-26-P2,478399.31,2037192.67,2.46,-49.515
52.425,31.1,SM-26-P2,478399.31,2037192.67,2.46,-49.965
52.875,27.7,SM-26-P2,478399.31,2037192.67,2.46,-50.415
53.325,28.9,SM-26-P2,478399.31,2037192.67,2.46,-50.865
53.775,25.5,SM-26-P2,478399.31,2037192.67,2.46,-51.315
54.115,33.1,SM-26-P2,478399.31,2037192.67,2.46,-51.655
54.34,22.8,SM-26-P2,478399.31,2037192.67,2.46,-51.88
54.675,35.4,SM-26-P2,478399.31,2037192.67,2.46,-52.215
55.125,36.5,SM-26-P2,478399.31,2037192.67,2.46,-52.665
55.35,35.3,SM-26-P2,478399.31,2037192.67,2.46,-52.89
55.575,18.3,SM-26-P2,478399.31,2037192.67,2.46,-53.115
56.025,19.2,SM-26-P2,478399.31,2037192.67,2.46,-53.565
56.475,19.2,SM-26-P2,478399.31,2037192.67,2.46,-54.015
56.925,19.6,SM-26-P2,478399.31,2037192.67,2.46,-54.465
57.375,16.4,SM-26-P2,478399.31,2037192.67,2.46,-54.915
57.825,14.2,SM-26-P2,478399.31,2037192.67,2.46,-55.365
58.275,17.2,SM-26-P2,478399.31,2037192.67,2.46,-55.815
58.725,16.1,SM-26-P2,478399.31,2037192.67,2.46,-56.265
59.175,15.6,SM-26-P2,478399.31,2037192.67,2.46,-56.715
59.625,17,SM-26-P2,478399.31,2037192.67,2.46,-57.165
60.075,23.6,SM-26-P2,478399.31,2037192.67,2.46,-57.615
60.525,16.7,SM-26-P2,478399.31,2037192.67,2.46,-58.065
60.975,32.5,SM-26-P2,478399.31,2037192.67,2.46,-58.515
61.425,41.2,SM-26-P2,478399.31,2037192.67,2.46,-58.965
61.875,33.8,SM-26-P2,478399.31,2037192.67,2.46,-59.415
62.325,31.9,SM-26-P2,478399.31,2037192.67,2.46,-59.865
62.775,34,SM-26-P2,478399.31,2037192.67,2.46,-60.315
63.225,39.7,SM-26-P2,478399.31,2037192.67,2.46,-60.765
63.675,43.7,SM-26-P2,478399.31,2037192.67,2.46,-61.215
64.125,50.5,SM-26-P2,478399.31,2037192.67,2.46,-61.665
64.575,37,SM-26-P2,478399.31,2037192.67,2.46,-62.115
65.025,33.6,SM-26-P2,478399.31,2037192.67,2.46,-62.565
65.475,29.4,SM-26-P2,478399.31,2037192.67,2.46,-63.015
65.925,26.8,SM-26-P2,478399.31,2037192.67,2.46,-63.465
66.375,24.5,SM-26-P2,478399.31,2037192.67,2.46,-63.915
66.825,22.8,SM-26-P2,478399.31,2037192.67,2.46,-64.365
67.275,21.2,SM-26-P2,478399.31,2037192.67,2.46,-64.815
67.725,20.4,SM-26-P2,478399.31,2037192.67,2.46,-65.265
68.175,20.6,SM-26-P2,478399.31,2037192.67,2.46,-65.715
68.625,21.2,SM-26-P2,478399.31,2037192.67,2.46,-66.165
69.075,22.6,SM-26-P2,478399.31,2037192.67,2.46,-66.615
69.525,22.6,SM-26-P2,478399.31,2037192.67,2.46,-67.065
0.11,25.9,SM-34-P2,479861.49,2036907.43,1.66,1.55
0.34,23.1,SM-34-P2,479861.49,2036907.43,1.66,1.32
0.68,32.3,SM-34-P2,479861.49,2036907.43,1.66,0.98
1.13,35.5,SM-34-P2,479861.49,2036907.43,1.66,0.53
1.46,37.7,SM-34-P2,479861.49,2036907.43,1.66,0.2
1.69,23.9,SM-34-P2,479861.49,2036907.43,1.66,-0.03
2.03,24.7,SM-34-P2,479861.49,2036907.43,1.66,-0.37
2.48,23.2,SM-34-P2,479861.49,2036907.43,1.66,-0.82
2.93,25.4,SM-34-P2,479861.49,2036907.43,1.66,-1.27
3.38,23.4,SM-34-P2,479861.49,2036907.43,1.66,-1.72
3.83,22.1,SM-34-P2,479861.49,2036907.43,1.66,-2.17
4.28,22.2,SM-34-P2,479861.49,2036907.43,1.66,-2.62
4.72,21.1,SM-34-P2,479861.49,2036907.43,1.66,-3.06
5.18,18.1,SM-34-P2,479861.49,2036907.43,1.66,-3.52
5.63,17.6,SM-34-P2,479861.49,2036907.43,1.66,-3.97
6.07,16.4,SM-34-P2,479861.49,2036907.43,1.66,-4.41
6.53,17.7,SM-34-P2,479861.49,2036907.43,1.66,-4.87
6.98,16.4,SM-34-P2,479861.49,2036907.43,1.66,-5.32
7.43,18,SM-34-P2,479861.49,2036907.43,1.66,-5.77
7.88,20.2,SM-34-P2,479861.49,2036907.43,1.66,-6.22
8.32,22.6,SM-34-P2,479861.49,2036907.43,1.66,-6.66
8.78,19.4,SM-34-P2,479861.49,2036907.43,1.66,-7.12
9.23,19.2,SM-34-P2,479861.49,2036907.43,1.66,-7.57
9.68,22.2,SM-34-P2,479861.49,2036907.43,1.66,-8.02
10.13,21.2,SM-34-P2,479861.49,2036907.43,1.66,-8.47
10.58,18.8,SM-34-P2,479861.49,2036907.43,1.66,-8.92
10.91,52.8,SM-34-P2,479861.49,2036907.43,1.66,-9.25
11.14,22.7,SM-34-P2,479861.49,2036907.43,1.66,-9.48
11.48,55,SM-34-P2,479861.49,2036907.43,1.66,-9.82
11.93,58.8,SM-34-P2,479861.49,2036907.43,1.66,-10.27
12.38,49.4,SM-34-P2,479861.49,2036907.43,1.66,-10.72
12.83,52.7,SM-34-P2,479861.49,2036907.43,1.66,-11.17
13.28,53.9,SM-34-P2,479861.49,2036907.43,1.66,-11.62
13.73,39.6,SM-34-P2,479861.49,2036907.43,1.66,-12.07
14.18,32.6,SM-34-P2,479861.49,2036907.43,1.66,-12.52
14.48,23.2,SM-34-P2,479861.49,2036907.43,1.66,-12.82
14.63,37.9,SM-34-P2,479861.49,2036907.43,1.66,-12.97
14.77,20,SM-34-P2,479861.49,2036907.43,1.66,-13.11
14.96,48.3,SM-34-P2,479861.49,2036907.43,1.66,-13.3
15.19,19.3,SM-34-P2,479861.49,2036907.43,1.66,-13.53
15.38,20.5,SM-34-P2,479861.49,2036907.43,1.66,-13.72
15.52,20.3,SM-34-P2,479861.49,2036907.43,1.66,-13.86
15.68,27.9,SM-34-P2,479861.49,2036907.43,1.66,-14.02
15.86,20.2,SM-34-P2,479861.49,2036907.43,1.66,-14.2
16.09,17.3,SM-34-P2,479861.49,2036907.43,1.66,-14.43
16.31,22,SM-34-P2,479861.49,2036907.43,1.66,-14.65
16.54,23.2,SM-34-P2,479861.49,2036907.43,1.66,-14.88
16.88,23.5,SM-34-P2,479861.49,2036907.43,1.66,-15.22
17.33,26.8,SM-34-P2,479861.49,2036907.43,1.66,-15.67
17.77,28.5,SM-34-P2,479861.49,2036907.43,1.66,-16.11
18.23,25.6,SM-34-P2,479861.49,2036907.43,1.66,-16.57
18.52,25.6,SM-34-P2,479861.49,2036907.43,1.66,-16.86
18.68,23.6,SM-34-P2,479861.49,2036907.43,1.66,-17.02
18.83,20.4,SM-34-P2,479861.49,2036907.43,1.66,-17.17
19.13,22.5,SM-34-P2,479861.49,2036907.43,1.66,-17.47
19.58,21.8,SM-34-P2,479861.49,2036907.43,1.66,-17.92
20.02,22.4,SM-34-P2,479861.49,2036907.43,1.66,-18.36
20.48,23.3,SM-34-P2,479861.49,2036907.43,1.66,-18.82
20.92,21.4,SM-34-P2,479861.49,2036907.43,1.66,-19.26
21.38,20.8,SM-34-P2,479861.49,2036907.43,1.66,-19.72
21.83,26.4,SM-34-P2,479861.49,2036907.43,1.66,-20.17
22.28,28.2,SM-34-P2,479861.49,2036907.43,1.66,-20.62
22.73,28.8,SM-34-P2,479861.49,2036907.43,1.66,-21.07
23.06,23.5,SM-34-P2,479861.49,2036907.43,1.66,-21.4
23.29,30.7,SM-34-P2,479861.49,2036907.43,1.66,-21.63
23.51,37.5,SM-34-P2,479861.49,2036907.43,1.66,-21.85
23.74,49.1,SM-34-P2,479861.49,2036907.43,1.66,-22.08
24.08,23.5,SM-34-P2,479861.49,2036907.43,1.66,-22.42
24.53,21,SM-34-P2,479861.49,2036907.43,1.66,-22.87
24.86,17.3,SM-34-P2,479861.49,2036907.43,1.66,-23.2
25.09,29.4,SM-34-P2,479861.49,2036907.43,1.66,-23.43
25.42,32.8,SM-34-P2,479861.49,2036907.43,1.66,-23.76
25.76,24.9,SM-34-P2,479861.49,2036907.43,1.66,-24.1
25.99,30.4,SM-34-P2,479861.49,2036907.43,1.66,-24.33
26.33,33.1,SM-34-P2,479861.49,2036907.43,1.66,-24.67
26.78,32.9,SM-34-P2,479861.49,2036907.43,1.66,-25.12
27.23,33.3,SM-34-P2,479861.49,2036907.43,1.66,-25.57
27.67,31.2,SM-34-P2,479861.49,2036907.43,1.66,-26.01
28.13,29.7,SM-34-P2,479861.49,2036907.43,1.66,-26.47
28.58,18.9,SM-34-P2,479861.49,2036907.43,1.66,-26.92
28.91,20.2,SM-34-P2,479861.49,2036907.43,1.66,-27.25
29.14,20.1,SM-34-P2,479861.49,2036907.43,1.66,-27.48
29.36,20.9,SM-34-P2,479861.49,2036907.43,1.66,-27.7
29.59,21,SM-34-P2,479861.49,2036907.43,1.66,-27.93
29.92,20.2,SM-34-P2,479861.49,2036907.43,1.66,-28.26
30.38,17.5,SM-34-P2,479861.49,2036907.43,1.66,-28.72
30.83,17.2,SM-34-P2,479861.49,2036907.43,1.66,-29.17
31.28,17.5,SM-34-P2,479861.49,2036907.43,1.66,-29.62
31.73,16,SM-34-P2,479861.49,2036907.43,1.66,-30.07
32.06,13.6,SM-34-P2,479861.49,2036907.43,1.66,-30.4
32.29,14,SM-34-P2,479861.49,2036907.43,1.66,-30.63
32.51,13.7,SM-34-P2,479861.49,2036907.43,1.66,-30.85
32.74,26.2,SM-34-P2,479861.49,2036907.43,1.66,-31.08
33.08,25.6,SM-34-P2,479861.49,2036907.43,1.66,-31.42
33.53,24.1,SM-34-P2,479861.49,2036907.43,1.66,-31.87
33.98,19,SM-34-P2,479861.49,2036907.43,1.66,-32.32
34.28,16.9,SM-34-P2,479861.49,2036907.43,1.66,-32.62
34.42,27.2,SM-34-P2,479861.49,2036907.43,1.66,-32.76
34.58,17,SM-34-P2,479861.49,2036907.43,1.66,-32.92
34.88,21.7,SM-34-P2,479861.49,2036907.43,1.66,-33.22
35.21,27.18,SM-34-P2,479861.49,2036907.43,1.66,-33.55
35.44,21.8,SM-34-P2,479861.49,2036907.43,1.66,-33.78
35.78,26.1,SM-34-P2,479861.49,2036907.43,1.66,-34.12
36.23,23.8,SM-34-P2,479861.49,2036907.43,1.66,-34.57
36.67,27.7,SM-34-P2,479861.49,2036907.43,1.66,-35.01
37.13,24.8,SM-34-P2,479861.49,2036907.43,1.66,-35.47
37.58,23.9,SM-34-P2,479861.49,2036907.43,1.66,-35.92
38.03,23.6,SM-34-P2,479861.49,2036907.43,1.66,-36.37
38.48,25.4,SM-34-P2,479861.49,2036907.43,1.66,-36.82
0.56,36.9,SM-03-B1,479599.92,2035977.75,0.84,0.28
0.79,41,SM-03-B1,479599.92,2035977.75,0.84,0.05
1.01,45,SM-03-B1,479599.92,2035977.75,0.84,-0.17
1.24,44.4,SM-03-B1,479599.92,2035977.75,0.84,-0.4
1.58,45.4,SM-03-B1,479599.92,2035977.75,0.84,-0.74
2.03,48.7,SM-03-B1,479599.92,2035977.75,0.84,-1.19
2.36,54.7,SM-03-B1,479599.92,2035977.75,0.84,-1.52
2.59,58.7,SM-03-B1,479599.92,2035977.75,0.84,-1.75
2.93,29.6,SM-03-B1,479599.92,2035977.75,0.84,-2.09
3.38,34.4,SM-03-B1,479599.92,2035977.75,0.84,-2.54
3.83,28.1,SM-03-B1,479599.92,2035977.75,0.84,-2.99
4.28,26.1,SM-03-B1,479599.92,2035977.75,0.84,-3.44
4.72,27.7,SM-03-B1,479599.92,2035977.75,0.84,-3.88
5.06,43.3,SM-03-B1,479599.92,2035977.75,0.84,-4.22
5.29,27.5,SM-03-B1,479599.92,2035977.75,0.84,-4.45
5.63,23.9,SM-03-B1,479599.92,2035977.75,0.84,-4.79
5.93,24.8,SM-03-B1,479599.92,2035977.75,0.84,-5.09
6.08,36.1,SM-03-B1,479599.92,2035977.75,0.84,-5.24
6.23,34.6,SM-03-B1,479599.92,2035977.75,0.84,-5.39
6.41,34.1,SM-03-B1,479599.92,2035977.75,0.84,-5.57
6.64,16.7,SM-03-B1,479599.92,2035977.75,0.84,-5.8
6.98,21.2,SM-03-B1,479599.92,2035977.75,0.84,-6.14
7.26,24.4,SM-03-B1,479599.92,2035977.75,0.84,-6.42
7.37,17.5,SM-03-B1,479599.92,2035977.75,0.84,-6.53
7.48,19.6,SM-03-B1,479599.92,2035977.75,0.84,-6.64
7.59,23.5,SM-03-B1,479599.92,2035977.75,0.84,-6.75
7.88,18.7,SM-03-B1,479599.92,2035977.75,0.84,-7.04
8.32,24.6,SM-03-B1,479599.92,2035977.75,0.84,-7.48
8.78,20.3,SM-03-B1,479599.92,2035977.75,0.84,-7.94
9.23,21.2,SM-03-B1,479599.92,2035977.75,0.84,-8.39
9.68,19.7,SM-03-B1,479599.92,2035977.75,0.84,-8.84
10.01,18.3,SM-03-B1,479599.92,2035977.75,0.84,-9.17
10.24,20.7,SM-03-B1,479599.92,2035977.75,0.84,-9.4
10.46,20,SM-03-B1,479599.92,2035977.75,0.84,-9.62
10.69,27,SM-03-B1,479599.92,2035977.75,0.84,-9.85
11.03,94.1,SM-03-B1,479599.92,2035977.75,0.84,-10.19
11.31,42.4,SM-03-B1,479599.92,2035977.75,0.84,-10.47
11.42,97.4,SM-03-B1,479599.92,2035977.75,0.84,-10.58
11.53,152,SM-03-B1,479599.92,2035977.75,0.84,-10.69
11.64,105,SM-03-B1,479599.92,2035977.75,0.84,-10.8
12.21,118.5,SM-03-B1,479599.92,2035977.75,0.84,-11.37
12.32,222.6,SM-03-B1,479599.92,2035977.75,0.84,-11.48
12.43,111.2,SM-03-B1,479599.92,2035977.75,0.84,-11.59
12.54,54.8,SM-03-B1,479599.92,2035977.75,0.84,-11.7
12.68,92.5,SM-03-B1,479599.92,2035977.75,0.84,-11.84
12.83,26.6,SM-03-B1,479599.92,2035977.75,0.84,-11.99
12.98,31.4,SM-03-B1,479599.92,2035977.75,0.84,-12.14
13.13,32.7,SM-03-B1,479599.92,2035977.75,0.84,-12.29
13.27,17.6,SM-03-B1,479599.92,2035977.75,0.84,-12.43
13.43,19.2,SM-03-B1,479599.92,2035977.75,0.84,-12.59
13.61,20.1,SM-03-B1,479599.92,2035977.75,0.84,-12.77
13.84,23.1,SM-03-B1,479599.92,2035977.75,0.84,-13
14.06,19.5,SM-03-B1,479599.92,2035977.75,0.84,-13.22
14.29,22.6,SM-03-B1,479599.92,2035977.75,0.84,-13.45
14.63,20.8,SM-03-B1,479599.92,2035977.75,0.84,-13.79
15.08,19.6,SM-03-B1,479599.92,2035977.75,0.84,-14.24
15.53,19.6,SM-03-B1,479599.92,2035977.75,0.84,-14.69
15.98,18.8,SM-03-B1,479599.92,2035977.75,0.84,-15.14
16.42,19.1,SM-03-B1,479599.92,2035977.75,0.84,-15.58
16.88,19.5,SM-03-B1,479599.92,2035977.75,0.84,-16.04
17.33,21.8,SM-03-B1,479599.92,2035977.75,0.84,-16.49
17.77,21.2,SM-03-B1,479599.92,2035977.75,0.84,-16.93
18.23,19.1,SM-03-B1,479599.92,2035977.75,0.84,-17.39
18.56,19.3,SM-03-B1,479599.92,2035977.75,0.84,-17.72
18.79,25.5,SM-03-B1,479599.92,2035977.75,0.84,-17.95
19.01,21,SM-03-B1,479599.92,2035977.75,0.84,-18.17
19.24,25.8,SM-03-B1,479599.92,2035977.75,0.84,-18.4
19.58,19.2,SM-03-B1,479599.92,2035977.75,0.84,-18.74
20.02,20.7,SM-03-B1,479599.92,2035977.75,0.84,-19.18
20.48,26.7,SM-03-B1,479599.92,2035977.75,0.84,-19.64
20.92,25,SM-03-B1,479599.92,2035977.75,0.84,-20.08
21.38,18.5,SM-03-B1,479599.92,2035977.75,0.84,-20.54
21.83,22.3,SM-03-B1,479599.92,2035977.75,0.84,-20.99
22.28,20.8,SM-03-B1,479599.92,2035977.75,0.84,-21.44
22.55,22.7,SM-03-B1,479599.92,2035977.75,0.84,-21.71
22.64,35.1,SM-03-B1,479599.92,2035977.75,0.84,-21.8
22.73,21.5,SM-03-B1,479599.92,2035977.75,0.84,-21.89
22.82,31.9,SM-03-B1,479599.92,2035977.75,0.84,-21.98
22.91,27.2,SM-03-B1,479599.92,2035977.75,0.84,-22.07
23.03,26.6,SM-03-B1,479599.92,2035977.75,0.84,-22.19
23.18,36.4,SM-03-B1,479599.92,2035977.75,0.84,-22.34
23.33,30.9,SM-03-B1,479599.92,2035977.75,0.84,-22.49
23.51,35,SM-03-B1,479599.92,2035977.75,0.84,-22.67
23.74,18.5,SM-03-B1,479599.92,2035977.75,0.84,-22.9
24.08,22,SM-03-B1,479599.92,2035977.75,0.84,-23.24
24.38,19.2,SM-03-B1,479599.92,2035977.75,0.84,-23.54
24.53,30,SM-03-B1,479599.92,2035977.75,0.84,-23.69
24.68,17.2,SM-03-B1,479599.92,2035977.75,0.84,-23.84
24.98,19.7,SM-03-B1,479599.92,2035977.75,0.84,-24.14
,89,SM-03-B1,479599.92,2035977.75,0.84,0.84
0.11,6.76,SM-11-B1,477167.57,2037681.46,3.88,3.77
0.34,15.2,SM-11-B1,477167.57,2037681.46,3.88,3.54
0.68,14.2,SM-11-B1,477167.57,2037681.46,3.88,3.2
0.96,22.1,SM-11-B1,477167.57,2037681.46,3.88,2.92
1.07,14.8,SM-11-B1,477167.57,2037681.46,3.88,2.81
1.18,30.7,SM-11-B1,477167.57,2037681.46,3.88,2.7
1.29,19,SM-11-B1,477167.57,2037681.46,3.88,2.59
1.58,16.8,SM-11-B1,477167.57,2037681.46,3.88,2.3
2.03,21.9,SM-11-B1,477167.57,2037681.46,3.88,1.85
2.36,20.7,SM-11-B1,477167.57,2037681.46,3.88,1.52
2.59,23.9,SM-11-B1,477167.57,2037681.46,3.88,1.29
2.93,22.5,SM-11-B1,477167.57,2037681.46,3.88,0.95
3.38,24.3,SM-11-B1,477167.57,2037681.46,3.88,0.5
3.83,22.3,SM-11-B1,477167.57,2037681.46,3.88,0.05
4.28,22.9,SM-11-B1,477167.57,2037681.46,3.88,-0.4
4.72,22,SM-11-B1,477167.57,2037681.46,3.88,-0.84
5.18,19.6,SM-11-B1,477167.57,2037681.46,3.88,-1.3
5.63,22.8,SM-11-B1,477167.57,2037681.46,3.88,-1.75
6.07,21.2,SM-11-B1,477167.57,2037681.46,3.88,-2.19
6.53,65.5,SM-11-B1,477167.57,2037681.46,3.88,-2.65
6.98,56.8,SM-11-B1,477167.57,2037681.46,3.88,-3.1
7.43,37.2,SM-11-B1,477167.57,2037681.46,3.88,-3.55
7.88,61.2,SM-11-B1,477167.57,2037681.46,3.88,-4
8.32,33.4,SM-11-B1,477167.57,2037681.46,3.88,-4.44
8.78,35.6,SM-11-B1,477167.57,2037681.46,3.88,-4.9
9.23,38.9,SM-11-B1,477167.57,2037681.46,3.88,-5.35
9.68,31.8,SM-11-B1,477167.57,2037681.46,3.88,-5.8
10.01,35.3,SM-11-B1,477167.57,2037681.46,3.88,-6.13
10.24,46.1,SM-11-B1,477167.57,2037681.46,3.88,-6.36
10.58,43.4,SM-11-B1,477167.57,2037681.46,3.88,-6.7
10.91,44,SM-11-B1,477167.57,2037681.46,3.88,-7.03
11.14,46.6,SM-11-B1,477167.57,2037681.46,3.88,-7.26
11.48,45.5,SM-11-B1,477167.57,2037681.46,3.88,-7.6
11.77,37.7,SM-11-B1,477167.57,2037681.46,3.88,-7.89
11.93,44.3,SM-11-B1,477167.57,2037681.46,3.88,-8.05
12.08,49,SM-11-B1,477167.57,2037681.46,3.88,-8.2
12.23,49.94,SM-11-B1,477167.57,2037681.46,3.88,-8.35
12.38,40.1,SM-11-B1,477167.57,2037681.46,3.88,-8.5
12.52,47.43,SM-11-B1,477167.57,2037681.46,3.88,-8.64
12.68,42.6,SM-11-B1,477167.57,2037681.46,3.88,-8.8
12.83,34.41,SM-11-B1,477167.57,2037681.46,3.88,-8.95
12.98,44.91,SM-11-B1,477167.57,2037681.46,3.88,-9.1
13.28,42.56,SM-11-B1,477167.57,2037681.46,3.88,-9.4
13.73,45.16,SM-11-B1,477167.57,2037681.46,3.88,-9.85
14.18,44.13,SM-11-B1,477167.57,2037681.46,3.88,-10.3
14.63,43.7,SM-11-B1,477167.57,2037681.46,3.88,-10.75
15.08,45.7,SM-11-B1,477167.57,2037681.46,3.88,-11.2
15.38,44,SM-11-B1,477167.57,2037681.46,3.88,-11.5
15.52,33.01,SM-11-B1,477167.57,2037681.46,3.88,-11.64
15.68,43.07,SM-11-B1,477167.57,2037681.46,3.88,-11.8
15.86,52.47,SM-11-B1,477167.57,2037681.46,3.88,-11.98
16.09,35.73,SM-11-B1,477167.57,2037681.46,3.88,-12.21
16.42,39.32,SM-11-B1,477167.57,2037681.46,3.88,-12.54
16.76,29.49,SM-11-B1,477167.57,2037681.46,3.88,-12.88
16.99,31.67,SM-11-B1,477167.57,2037681.46,3.88,-13.11
17.18,30.2,SM-11-B1,477167.57,2037681.46,3.88,-13.3
17.33,47.24,SM-11-B1,477167.57,2037681.46,3.88,-13.45
17.48,27.13,SM-11-B1,477167.57,2037681.46,3.88,-13.6
17.77,35.15,SM-11-B1,477167.57,2037681.46,3.88,-13.89
18.05,60.19,SM-11-B1,477167.57,2037681.46,3.88,-14.17
18.13,27.77,SM-11-B1,477167.57,2037681.46,3.88,-14.25
18.23,34.65,SM-11-B1,477167.57,2037681.46,3.88,-14.35
18.31,31.85,SM-11-B1,477167.57,2037681.46,3.88,-14.43
18.41,34.6,SM-11-B1,477167.57,2037681.46,3.88,-14.53
18.67,41.47,SM-11-B1,477167.57,2037681.46,3.88,-14.79
20.02,19.6,SM-11-B1,477167.57,2037681.46,3.88,-16.14
20.48,19.7,SM-11-B1,477167.57,2037681.46,3.88,-16.6
20.92,21.9,SM-11-B1,477167.57,2037681.46,3.88,-17.04
21.38,26.4,SM-11-B1,477167.57,2037681.46,3.88,-17.5
21.83,26.2,SM-11-B1,477167.57,2037681.46,3.88,-17.95
22.28,25.5,SM-11-B1,477167.57,2037681.46,3.88,-18.4
22.73,21.6,SM-11-B1,477167.57,2037681.46,3.88,-18.85
23.17,22.22,SM-11-B1,477167.57,2037681.46,3.88,-19.29
23.63,22.8,SM-11-B1,477167.57,2037681.46,3.88,-19.75
24.08,20.5,SM-11-B1,477167.57,2037681.46,3.88,-20.2
24.53,22.9,SM-11-B1,477167.57,2037681.46,3.88,-20.65
24.98,24.2,SM-11-B1,477167.57,2037681.46,3.88,-21.1
25.42,24.3,SM-11-B1,477167.57,2037681.46,3.88,-21.54
25.88,24.7,SM-11-B1,477167.57,2037681.46,3.88,-22
26.33,23.2,SM-11-B1,477167.57,2037681.46,3.88,-22.45
26.78,20.8,SM-11-B1,477167.57,2037681.46,3.88,-22.9
27.23,20.1,SM-11-B1,477167.57,2037681.46,3.88,-23.35
27.67,25.1,SM-11-B1,477167.57,2037681.46,3.88,-23.79
28.13,23.2,SM-11-B1,477167.57,2037681.46,3.88,-24.25
28.58,24.7,SM-11-B1,477167.57,2037681.46,3.88,-24.7
29.03,23.1,SM-11-B1,477167.57,2037681.46,3.88,-25.15
29.4,23.7,SM-11-B1,477167.57,2037681.46,3.88,-25.52
29.78,19.9,SM-11-B1,477167.57,2037681.46,3.88,-25.9
29.93,57.8,SM-11-B1,477167.57,2037681.46,3.88,-26.05
30.08,25.1,SM-11-B1,477167.57,2037681.46,3.88,-26.2
30.38,22.4,SM-11-B1,477167.57,2037681.46,3.88,-26.5
30.83,29.2,SM-11-B1,477167.57,2037681.46,3.88,-26.95
31.28,30.2,SM-11-B1,477167.57,2037681.46,3.88,-27.4
31.73,28.3,SM-11-B1,477167.57,2037681.46,3.88,-27.85
32.17,26,SM-11-B1,477167.57,2037681.46,3.88,-28.29
32.63,27.3,SM-11-B1,477167.57,2037681.46,3.88,-28.75
33.08,28.6,SM-11-B1,477167.57,2037681.46,3.88,-29.2
33.45,24,SM-11-B1,477167.57,2037681.46,3.88,-29.57
33.98,25.4,SM-11-B1,477167.57,2037681.46,3.88,-30.1
34.42,28.9,SM-11-B1,477167.57,2037681.46,3.88,-30.54
34.88,26.3,SM-11-B1,477167.57,2037681.46,3.88,-31
35.17,25.7,SM-11-B1,477167.57,2037681.46,3.88,-31.29
35.33,22.1,SM-11-B1,477167.57,2037681.46,3.88,-31.45
35.47,32.8,SM-11-B1,477167.57,2037681.46,3.88,-31.59
35.78,22.4,SM-11-B1,477167.57,2037681.46,3.88,-31.9
36.23,21.7,SM-11-B1,477167.57,2037681.46,3.88,-32.35
36.67,21.1,SM-11-B1,477167.57,2037681.46,3.88,-32.79
37.01,27,SM-11-B1,477167.57,2037681.46,3.88,-33.13
37.24,26.2,SM-11-B1,477167.57,2037681.46,3.88,-33.36
37.58,27.5,SM-11-B1,477167.57,2037681.46,3.88,-33.7
37.91,26.1,SM-11-B1,477167.57,2037681.46,3.88,-34.03
38.14,25,SM-11-B1,477167.57,2037681.46,3.88,-34.26
,112,SM-11-B1,477167.57,2037681.46,3.88,3.88
,0,SM-08-B1,,,,0
0.11,22.2,SM-32-P2,479000.45,2036846.64,1.41,1.3
0.34,19.1,SM-32-P2,479000.45,2036846.64,1.41,1.07
0.68,23.6,SM-32-P2,479000.45,2036846.64,1.41,0.73
1.13,22.8,SM-32-P2,479000.45,2036846.64,1.41,0.28
1.58,23.9,SM-32-P2,479000.45,2036846.64,1.41,-0.17
2.03,26.8,SM-32-P2,479000.45,2036846.64,1.41,-0.62
2.48,25.7,SM-32-P2,479000.45,2036846.64,1.41,-1.07
2.93,31.7,SM-32-P2,479000.45,2036846.64,1.41,-1.52
3.38,47.6,SM-32-P2,479000.45,2036846.64,1.41,-1.97
3.71,32.7,SM-32-P2,479000.45,2036846.64,1.41,-2.3
3.94,46.6,SM-32-P2,479000.45,2036846.64,1.41,-2.53
4.13,25.3,SM-32-P2,479000.45,2036846.64,1.41,-2.72
4.28,38.8,SM-32-P2,479000.45,2036846.64,1.41,-2.87
4.43,56.9,SM-32-P2,479000.45,2036846.64,1.41,-3.02
4.61,28.8,SM-32-P2,479000.45,2036846.64,1.41,-3.2
4.84,24.5,SM-32-P2,479000.45,2036846.64,1.41,-3.43
5.18,25.2,SM-32-P2,479000.45,2036846.64,1.41,-3.77
5.63,25.2,SM-32-P2,479000.45,2036846.64,1.41,-4.22
6.07,23,SM-32-P2,479000.45,2036846.64,1.41,-4.66
6.41,21.6,SM-32-P2,479000.45,2036846.64,1.41,-5
6.64,21.5,SM-32-P2,479000.45,2036846.64,1.41,-5.23
6.98,25.2,SM-32-P2,479000.45,2036846.64,1.41,-5.57
7.43,22,SM-32-P2,479000.45,2036846.64,1.41,-6.02
7.88,21.1,SM-32-P2,479000.45,2036846.64,1.41,-6.47
8.32,23.1,SM-32-P2,479000.45,2036846.64,1.41,-6.91
8.78,22.8,SM-32-P2,479000.45,2036846.64,1.41,-7.37
9.23,23.2,SM-32-P2,479000.45,2036846.64,1.41,-7.82
9.68,21.5,SM-32-P2,479000.45,2036846.64,1.41,-8.27
10.13,19.9,SM-32-P2,479000.45,2036846.64,1.41,-8.72
10.58,48.9,SM-32-P2,479000.45,2036846.64,1.41,-9.17
11.03,50.3,SM-32-P2,479000.45,2036846.64,1.41,-9.62
11.48,52.2,SM-32-P2,479000.45,2036846.64,1.41,-10.07
11.93,47.2,SM-32-P2,479000.45,2036846.64,1.41,-10.52
12.38,43.6,SM-32-P2,479000.45,2036846.64,1.41,-10.97
12.83,53.1,SM-32-P2,479000.45,2036846.64,1.41,-11.42
13.28,53.6,SM-32-P2,479000.45,2036846.64,1.41,-11.87
13.61,51.7,SM-32-P2,479000.45,2036846.64,1.41,-12.2
13.84,34.1,SM-32-P2,479000.45,2036846.64,1.41,-12.43
14.02,57.1,SM-32-P2,479000.45,2036846.64,1.41,-12.61
14.18,73.6,SM-32-P2,479000.45,2036846.64,1.41,-12.77
14.33,122.6,SM-32-P2,479000.45,2036846.64,1.41,-12.92
14.63,30.9,SM-32-P2,479000.45,2036846.64,1.41,-13.22
15.08,30.1,SM-32-P2,479000.45,2036846.64,1.41,-13.67
15.41,25.8,SM-32-P2,479000.45,2036846.64,1.41,-14
15.64,26.2,SM-32-P2,479000.45,2036846.64,1.41,-14.23
15.98,21.6,SM-32-P2,479000.45,2036846.64,1.41,-14.57
16.42,22.4,SM-32-P2,479000.45,2036846.64,1.41,-15.01
16.88,24.1,SM-32-P2,479000.45,2036846.64,1.41,-15.47
17.33,28.6,SM-32-P2,479000.45,2036846.64,1.41,-15.92
17.77,19.9,SM-32-P2,479000.45,2036846.64,1.41,-16.36
18.23,20.3,SM-32-P2,479000.45,2036846.64,1.41,-16.82
18.67,21.4,SM-32-P2,479000.45,2036846.64,1.41,-17.26
19.13,22.4,SM-32-P2,479000.45,2036846.64,1.41,-17.72
19.58,21.3,SM-32-P2,479000.45,2036846.64,1.41,-18.17
20.02,24.9,SM-32-P2,479000.45,2036846.64,1.41,-18.61
20.48,23.4,SM-32-P2,479000.45,2036846.64,1.41,-19.07
20.92,20.7,SM-32-P2,479000.45,2036846.64,1.41,-19.51
21.38,23.2,SM-32-P2,479000.45,2036846.64,1.41,-19.97
21.71,16.7,SM-32-P2,479000.45,2036846.64,1.41,-20.3
21.94,26.9,SM-32-P2,479000.45,2036846.64,1.41,-20.53
22.16,15.3,SM-32-P2,479000.45,2036846.64,1.41,-20.75
22.39,18.2,SM-32-P2,479000.45,2036846.64,1.41,-20.98
22.58,31.4,SM-32-P2,479000.45,2036846.64,1.41,-21.17
22.73,44.3,SM-32-P2,479000.45,2036846.64,1.41,-21.32
22.88,21.4,SM-32-P2,479000.45,2036846.64,1.41,-21.47
23.06,26.1,SM-32-P2,479000.45,2036846.64,1.41,-21.65
23.29,26.2,SM-32-P2,479000.45,2036846.64,1.41,-21.88
23.63,25.9,SM-32-P2,479000.45,2036846.64,1.41,-22.22
24.08,29.1,SM-32-P2,479000.45,2036846.64,1.41,-22.67
24.53,28.7,SM-32-P2,479000.45,2036846.64,1.41,-23.12
24.98,29.2,SM-32-P2,479000.45,2036846.64,1.41,-23.57
25.42,27.7,SM-32-P2,479000.45,2036846.64,1.41,-24.01
25.88,27.7,SM-32-P2,479000.45,2036846.64,1.41,-24.47
26.33,27.6,SM-32-P2,479000.45,2036846.64,1.41,-24.92
26.78,26.2,SM-32-P2,479000.45,2036846.64,1.41,-25.37
27.23,27.6,SM-32-P2,479000.45,2036846.64,1.41,-25.82
27.67,21.5,SM-32-P2,479000.45,2036846.64,1.41,-26.26
27.98,23,SM-32-P2,479000.45,2036846.64,1.41,-26.57
28.13,25.5,SM-32-P2,479000.45,2036846.64,1.41,-26.72
28.28,21.6,SM-32-P2,479000.45,2036846.64,1.41,-26.87
28.4,21.9,SM-32-P2,479000.45,2036846.64,1.41,-26.99
28.49,16.9,SM-32-P2,479000.45,2036846.64,1.41,-27.08
28.58,33.8,SM-32-P2,479000.45,2036846.64,1.41,-27.17
28.67,27.6,SM-32-P2,479000.45,2036846.64,1.41,-27.26
28.76,28.1,SM-32-P2,479000.45,2036846.64,1.41,-27.35
28.91,24.9,SM-32-P2,479000.45,2036846.64,1.41,-27.5
29.14,28.1,SM-32-P2,479000.45,2036846.64,1.41,-27.73
29.33,28.8,SM-32-P2,479000.45,2036846.64,1.41,-27.92
29.48,23.6,SM-32-P2,479000.45,2036846.64,1.41,-28.07
29.63,27.8,SM-32-P2,479000.45,2036846.64,1.41,-28.22
29.78,27.9,SM-32-P2,479000.45,2036846.64,1.41,-28.37
29.93,28.3,SM-32-P2,479000.45,2036846.64,1.41,-28.52
30.08,32.3,SM-32-P2,479000.45,2036846.64,1.41,-28.67
30.23,28.4,SM-32-P2,479000.45,2036846.64,1.41,-28.82
30.38,29.3,SM-32-P2,479000.45,2036846.64,1.41,-28.97
30.53,30.6,SM-32-P2,479000.45,2036846.64,1.41,-29.12
30.68,32,SM-32-P2,479000.45,2036846.64,1.41,-29.27
30.83,30.4,SM-32-P2,479000.45,2036846.64,1.41,-29.42
30.98,30.7,SM-32-P2,479000.45,2036846.64,1.41,-29.57
31.16,38.4,SM-32-P2,479000.45,2036846.64,1.41,-29.75
31.39,38,SM-32-P2,479000.45,2036846.64,1.41,-29.98
31.58,38.6,SM-32-P2,479000.45,2036846.64,1.41,-30.17
31.73,41.1,SM-32-P2,479000.45,2036846.64,1.41,-30.32
31.88,33.1,SM-32-P2,479000.45,2036846.64,1.41,-30.47
32.03,41,SM-32-P2,479000.45,2036846.64,1.41,-30.62
32.17,34.5,SM-32-P2,479000.45,2036846.64,1.41,-30.76
32.33,35.4,SM-32-P2,479000.45,2036846.64,1.41,-30.92
32.63,27.8,SM-32-P2,479000.45,2036846.64,1.41,-31.22
32.92,36.2,SM-32-P2,479000.45,2036846.64,1.41,-31.51
33.08,30.5,SM-32-P2,479000.45,2036846.64,1.41,-31.67
33.22,25.7,SM-32-P2,479000.45,2036846.64,1.41,-31.81
33.53,24.1,SM-32-P2,479000.45,2036846.64,1.41,-32.12
33.98,26.3,SM-32-P2,479000.45,2036846.64,1.41,-32.57
34.31,27.7,SM-32-P2,479000.45,2036846.64,1.41,-32.9
34.54,24,SM-32-P2,479000.45,2036846.64,1.41,-33.13
34.88,25.1,SM-32-P2,479000.45,2036846.64,1.41,-33.47
35.33,28.8,SM-32-P2,479000.45,2036846.64,1.41,-33.92
35.78,21.4,SM-32-P2,479000.45,2036846.64,1.41,-34.37
36.23,23.6,SM-32-P2,479000.45,2036846.64,1.41,-34.82
36.67,23.9,SM-32-P2,479000.45,2036846.64,1.41,-35.26
37.01,24.6,SM-32-P2,479000.45,2036846.64,1.41,-35.6
37.24,20.8,SM-32-P2,479000.45,2036846.64,1.41,-35.83
37.58,26.4,SM-32-P2,479000.45,2036846.64,1.41,-36.17
38.03,29,SM-32-P2,479000.45,2036846.64,1.41,-36.62
38.48,25.6,SM-32-P2,479000.45,2036846.64,1.41,-37.07
38.76,23.1,SM-32-P2,479000.45,2036846.64,1.41,-37.35
38.87,24.7,SM-32-P2,479000.45,2036846.64,1.41,-37.46
38.98,20,SM-32-P2,479000.45,2036846.64,1.41,-37.57
39.09,25.5,SM-32-P2,479000.45,2036846.64,1.41,-37.68
39.26,28.8,SM-32-P2,479000.45,2036846.64,1.41,-37.85
39.49,28,SM-32-P2,479000.45,2036846.64,1.41,-38.08
39.83,27.9,SM-32-P2,479000.45,2036846.64,1.41,-38.42
40.28,33.1,SM-32-P2,479000.45,2036846.64,1.41,-38.87
40.56,30.5,SM-32-P2,479000.45,2036846.64,1.41,-39.15
40.67,28.4,SM-32-P2,479000.45,2036846.64,1.41,-39.26
40.78,31.5,SM-32-P2,479000.45,2036846.64,1.41,-39.37
40.89,26.8,SM-32-P2,479000.45,2036846.64,1.41,-39.48
41.18,25.9,SM-32-P2,479000.45,2036846.64,1.41,-39.77
41.63,24.5,SM-32-P2,479000.45,2036846.64,1.41,-40.22
41.96,24,SM-32-P2,479000.45,2036846.64,1.41,-40.55
42.19,24.1,SM-32-P2,479000.45,2036846.64,1.41,-40.78
42.53,22.4,SM-32-P2,479000.45,2036846.64,1.41,-41.12
42.98,24.6,SM-32-P2,479000.45,2036846.64,1.41,-41.57
43.3,21.5,SM-32-P2,479000.45,2036846.64,1.41,-41.89
43.88,24.7,SM-32-P2,479000.45,2036846.64,1.41,-42.47
44.21,22.2,SM-32-P2,479000.45,2036846.64,1.41,-42.8
44.44,25,SM-32-P2,479000.45,2036846.64,1.41,-43.03
44.78,21.6,SM-32-P2,479000.45,2036846.64,1.41,-43.37
45.23,21.6,SM-32-P2,479000.45,2036846.64,1.41,-43.82
45.56,23.2,SM-32-P2,479000.45,2036846.64,1.41,-44.15
45.79,27.2,SM-32-P2,479000.45,2036846.64,1.41,-44.38
46.13,25.4,SM-32-P2,479000.45,2036846.64,1.41,-44.72
46.58,29.2,SM-32-P2,479000.45,2036846.64,1.41,-45.17
47.03,33.5,SM-32-P2,479000.45,2036846.64,1.41,-45.62
47.48,31.6,SM-32-P2,479000.45,2036846.64,1.41,-46.07
47.93,32.8,SM-32-P2,479000.45,2036846.64,1.41,-46.52
48.38,30.9,SM-32-P2,479000.45,2036846.64,1.41,-46.97
48.83,34,SM-32-P2,479000.45,2036846.64,1.41,-47.42
49.28,34.2,SM-32-P2,479000.45,2036846.64,1.41,-47.87
49.73,39,SM-32-P2,479000.45,2036846.64,1.41,-48.32
50.18,37.1,SM-32-P2,479000.45,2036846.64,1.41,-48.77
50.63,33.8,SM-32-P2,479000.45,2036846.64,1.41,-49.22
51.08,30.3,SM-32-P2,479000.45,2036846.64,1.41,-49.67
51.53,31.6,SM-32-P2,479000.45,2036846.64,1.41,-50.12
51.98,35.4,SM-32-P2,479000.45,2036846.64,1.41,-50.57
0.23,23.4,SM-30-P2,480015.16,2037202.47,1.21,0.98
0.68,24.3,SM-30-P2,480015.16,2037202.47,1.21,0.53
1.01,28.5,SM-30-P2,480015.16,2037202.47,1.21,0.2
1.24,17.9,SM-30-P2,480015.16,2037202.47,1.21,-0.03
1.58,18.6,SM-30-P2,480015.16,2037202.47,1.21,-0.37
3.71,40.3,SM-30-P2,480015.16,2037202.47,1.21,-2.5
3.94,20.4,SM-30-P2,480015.16,2037202.47,1.21,-2.73
4.28,21.5,SM-30-P2,480015.16,2037202.47,1.21,-3.07
4.72,20.8,SM-30-P2,480015.16,2037202.47,1.21,-3.51
5.18,19.4,SM-30-P2,480015.16,2037202.47,1.21,-3.97
5.63,19.9,SM-30-P2,480015.16,2037202.47,1.21,-4.42
6.07,17.9,SM-30-P2,480015.16,2037202.47,1.21,-4.86
6.53,22.4,SM-30-P2,480015.16,2037202.47,1.21,-5.32
6.98,18.3,SM-30-P2,480015.16,2037202.47,1.21,-5.77
7.31,22.6,SM-30-P2,480015.16,2037202.47,1.21,-6.1
7.54,53.2,SM-30-P2,480015.16,2037202.47,1.21,-6.33
7.88,50.3,SM-30-P2,480015.16,2037202.47,1.21,-6.67
8.32,43.5,SM-30-P2,480015.16,2037202.47,1.21,-7.11
8.78,45.1,SM-30-P2,480015.16,2037202.47,1.21,-7.57
9.68,54.8,SM-30-P2,480015.16,2037202.47,1.21,-8.47
10.13,47.8,SM-30-P2,480015.16,2037202.47,1.21,-8.92
10.58,49.1,SM-30-P2,480015.16,2037202.47,1.21,-9.37
11.03,51.4,SM-30-P2,480015.16,2037202.47,1.21,-9.82
11.93,54,SM-30-P2,480015.16,2037202.47,1.21,-10.72
12.38,53.9,SM-30-P2,480015.16,2037202.47,1.21,-11.17
12.83,33.3,SM-30-P2,480015.16,2037202.47,1.21,-11.62
13.61,29.5,SM-30-P2,480015.16,2037202.47,1.21,-12.4
13.84,20.7,SM-30-P2,480015.16,2037202.47,1.21,-12.63
14.18,19.7,SM-30-P2,480015.16,2037202.47,1.21,-12.97
14.63,23.2,SM-30-P2,480015.16,2037202.47,1.21,-13.42
15.08,21.6,SM-30-P2,480015.16,2037202.47,1.21,-13.87
15.53,22.3,SM-30-P2,480015.16,2037202.47,1.21,-14.32
15.98,26.5,SM-30-P2,480015.16,2037202.47,1.21,-14.77
16.42,27.5,SM-30-P2,480015.16,2037202.47,1.21,-15.21
17.33,30.2,SM-30-P2,480015.16,2037202.47,1.21,-16.12
18.23,30.4,SM-30-P2,480015.16,2037202.47,1.21,-17.02
18.67,26.8,SM-30-P2,480015.16,2037202.47,1.21,-17.46
19.13,31.2,SM-30-P2,480015.16,2037202.47,1.21,-17.92
20.02,29.2,SM-30-P2,480015.16,2037202.47,1.21,-18.81
20.48,25,SM-30-P2,480015.16,2037202.47,1.21,-19.27
20.92,25.3,SM-30-P2,480015.16,2037202.47,1.21,-19.71
21.38,26.1,SM-30-P2,480015.16,2037202.47,1.21,-20.17
21.83,21.6,SM-30-P2,480015.16,2037202.47,1.21,-20.62
22.28,31.5,SM-30-P2,480015.16,2037202.47,1.21,-21.07
22.73,28.1,SM-30-P2,480015.16,2037202.47,1.21,-21.52
23.17,36.8,SM-30-P2,480015.16,2037202.47,1.21,-21.96
23.63,23.9,SM-30-P2,480015.16,2037202.47,1.21,-22.42
24.08,37.3,SM-30-P2,480015.16,2037202.47,1.21,-22.87
24.53,38.6,SM-30-P2,480015.16,2037202.47,1.21,-23.32
24.98,42.2,SM-30-P2,480015.16,2037202.47,1.21,-23.77
25.42,38,SM-30-P2,480015.16,2037202.47,1.21,-24.21
25.88,35.8,SM-30-P2,480015.16,2037202.47,1.21,-24.67
26.33,33.6,SM-30-P2,480015.16,2037202.47,1.21,-25.12
26.78,33.5,SM-30-P2,480015.16,2037202.47,1.21,-25.57
27.23,30.7,SM-30-P2,480015.16,2037202.47,1.21,-26.02
27.67,25.5,SM-30-P2,480015.16,2037202.47,1.21,-26.46
28.13,24.2,SM-30-P2,480015.16,2037202.47,1.21,-26.92
28.58,19,SM-30-P2,480015.16,2037202.47,1.21,-27.37
29.03,17.5,SM-30-P2,480015.16,2037202.47,1.21,-27.82
29.48,18.7,SM-30-P2,480015.16,2037202.47,1.21,-28.27
29.92,18.3,SM-30-P2,480015.16,2037202.47,1.21,-28.71
30.38,16.1,SM-30-P2,480015.16,2037202.47,1.21,-29.17
30.83,17.4,SM-30-P2,480015.16,2037202.47,1.21,-29.62
31.16,19.1,SM-30-P2,480015.16,2037202.47,1.21,-29.95
31.39,16.7,SM-30-P2,480015.16,2037202.47,1.21,-30.18
31.73,25.2,SM-30-P2,480015.16,2037202.47,1.21,-30.52
32.1,18.6,SM-30-P2,480015.16,2037202.47,1.21,-30.89
32.51,24.9,SM-30-P2,480015.16,2037202.47,1.21,-31.3
32.74,21.6,SM-30-P2,480015.16,2037202.47,1.21,-31.53
32.96,14.4,SM-30-P2,480015.16,2037202.47,1.21,-31.75
33.19,35.4,SM-30-P2,480015.16,2037202.47,1.21,-31.98
33.53,22.8,SM-30-P2,480015.16,2037202.47,1.21,-32.32
33.98,25.2,SM-30-P2,480015.16,2037202.47,1.21,-32.77
34.31,16.2,SM-30-P2,480015.16,2037202.47,1.21,-33.1
34.54,26.5,SM-30-P2,480015.16,2037202.47,1.21,-33.33
34.88,28.9,SM-30-P2,480015.16,2037202.47,1.21,-33.67
35.33,22.6,SM-30-P2,480015.16,2037202.47,1.21,-34.12
35.78,26.4,SM-30-P2,480015.16,2037202.47,1.21,-34.57
36.23,27.5,SM-30-P2,480015.16,2037202.47,1.21,-35.02
36.67,27.1,SM-30-P2,480015.16,2037202.47,1.21,-35.46
37.13,27.1,SM-30-P2,480015.16,2037202.47,1.21,-35.92
37.58,29.1,SM-30-P2,480015.16,2037202.47,1.21,-36.37
38.03,27.1,SM-30-P2,480015.16,2037202.47,1.21,-36.82
38.48,25.9,SM-30-P2,480015.16,2037202.47,1.21,-37.27
38.92,27.1,SM-30-P2,480015.16,2037202.47,1.21,-37.71
39.38,33.4,SM-30-P2,480015.16,2037202.47,1.21,-38.17
39.83,25.4,SM-30-P2,480015.16,2037202.47,1.21,-38.62
40.28,25.5,SM-30-P2,480015.16,2037202.47,1.21,-39.07
40.73,26.3,SM-30-P2,480015.16,2037202.47,1.21,-39.52
41.09,25,SM-30-P2,480015.16,2037202.47,1.21,-39.88
41.63,27,SM-30-P2,480015.16,2037202.47,1.21,-40.42
42.08,24.4,SM-30-P2,480015.16,2037202.47,1.21,-40.87
42.53,39.7,SM-30-P2,480015.16,2037202.47,1.21,-41.32
42.98,24,SM-30-P2,480015.16,2037202.47,1.21,-41.77
43.43,16.2,SM-30-P2,480015.16,2037202.47,1.21,-42.22
43.88,32.2,SM-30-P2,480015.16,2037202.47,1.21,-42.67
44.33,22.2,SM-30-P2,480015.16,2037202.47,1.21,-43.12
44.7,17.5,SM-30-P2,480015.16,2037202.47,1.21,-43.49
45.23,21.3,SM-30-P2,480015.16,2037202.47,1.21,-44.02
45.68,15.8,SM-30-P2,480015.16,2037202.47,1.21,-44.47
46.13,21.5,SM-30-P2,480015.16,2037202.47,1.21,-44.92
46.58,21.9,SM-30-P2,480015.16,2037202.47,1.21,-45.37
46.94,13.8,SM-30-P2,480015.16,2037202.47,1.21,-45.73
47.48,15.9,SM-30-P2,480015.16,2037202.47,1.21,-46.27
47.78,14.3,SM-30-P2,480015.16,2037202.47,1.21,-46.57
48.38,17.2,SM-30-P2,480015.16,2037202.47,1.21,-47.17
48.81,18.1,SM-30-P2,480015.16,2037202.47,1.21,-47.6
49.28,19.4,SM-30-P2,480015.16,2037202.47,1.21,-48.07
49.65,20.4,SM-30-P2,480015.16,2037202.47,1.21,-48.44
50.18,17.7,SM-30-P2,480015.16,2037202.47,1.21,-48.97
,110,SM-30-P2,480015.16,2037202.47,1.21,1.21
0.11,35.27,SM-58-P1,478010.84,2037201.06,2.25,2.14
0.34,36.21,SM-58-P1,478010.84,2037201.06,2.25,1.91
0.56,39.46,SM-58-P1,478010.84,2037201.06,2.25,1.69
0.79,38.8,SM-58-P1,478010.84,2037201.06,2.25,1.46
1.01,34.47,SM-58-P1,478010.84,2037201.06,2.25,1.24
1.24,33.89,SM-58-P1,478010.84,2037201.06,2.25,1.01
1.46,34.54,SM-58-P1,478010.84,2037201.06,2.25,0.79
1.69,35.09,SM-58-P1,478010.84,2037201.06,2.25,0.56
1.86,41.46,SM-58-P1,478010.84,2037201.06,2.25,0.39
1.97,40.37,SM-58-P1,478010.84,2037201.06,2.25,0.28
2.08,19.34,SM-58-P1,478010.84,2037201.06,2.25,0.17
2.19,20.83,SM-58-P1,478010.84,2037201.06,2.25,0.06
2.36,23.69,SM-58-P1,478010.84,2037201.06,2.25,-0.11
2.59,24.14,SM-58-P1,478010.84,2037201.06,2.25,-0.34
2.81,24.53,SM-58-P1,478010.84,2037201.06,2.25,-0.56
3.04,27.95,SM-58-P1,478010.84,2037201.06,2.25,-0.79
3.26,21.89,SM-58-P1,478010.84,2037201.06,2.25,-1.01
3.49,22.73,SM-58-P1,478010.84,2037201.06,2.25,-1.24
3.71,20.82,SM-58-P1,478010.84,2037201.06,2.25,-1.46
3.94,21.91,SM-58-P1,478010.84,2037201.06,2.25,-1.69
4.16,19.74,SM-58-P1,478010.84,2037201.06,2.25,-1.91
4.39,20.03,SM-58-P1,478010.84,2037201.06,2.25,-2.14
4.61,23.66,SM-58-P1,478010.84,2037201.06,2.25,-2.36
4.84,22.17,SM-58-P1,478010.84,2037201.06,2.25,-2.59
5.06,21.3,SM-58-P1,478010.84,2037201.06,2.25,-2.81
5.29,21.98,SM-58-P1,478010.84,2037201.06,2.25,-3.04
5.51,18.23,SM-58-P1,478010.84,2037201.06,2.25,-3.26
5.74,19.94,SM-58-P1,478010.84,2037201.06,2.25,-3.49
5.96,17.36,SM-58-P1,478010.84,2037201.06,2.25,-3.71
6.19,17.43,SM-58-P1,478010.84,2037201.06,2.25,-3.94
6.41,20.72,SM-58-P1,478010.84,2037201.06,2.25,-4.16
6.64,19.66,SM-58-P1,478010.84,2037201.06,2.25,-4.39
6.86,21.47,SM-58-P1,478010.84,2037201.06,2.25,-4.61
7.09,20.61,SM-58-P1,478010.84,2037201.06,2.25,-4.84
7.31,24.95,SM-58-P1,478010.84,2037201.06,2.25,-5.06
7.54,26.22,SM-58-P1,478010.84,2037201.06,2.25,-5.29
7.76,19.89,SM-58-P1,478010.84,2037201.06,2.25,-5.51
7.99,20.13,SM-58-P1,478010.84,2037201.06,2.25,-5.74
8.21,21.54,SM-58-P1,478010.84,2037201.06,2.25,-5.96
8.44,21.7,SM-58-P1,478010.84,2037201.06,2.25,-6.19
8.66,20.41,SM-58-P1,478010.84,2037201.06,2.25,-6.41
8.89,20.6,SM-58-P1,478010.84,2037201.06,2.25,-6.64
9.11,22.57,SM-58-P1,478010.84,2037201.06,2.25,-6.86
9.34,22.53,SM-58-P1,478010.84,2037201.06,2.25,-7.09
9.56,21.78,SM-58-P1,478010.84,2037201.06,2.25,-7.31
9.79,22.57,SM-58-P1,478010.84,2037201.06,2.25,-7.54
10.01,24.97,SM-58-P1,478010.84,2037201.06,2.25,-7.76
10.24,25.01,SM-58-P1,478010.84,2037201.06,2.25,-7.99
10.46,23.29,SM-58-P1,478010.84,2037201.06,2.25,-8.21
10.69,23.95,SM-58-P1,478010.84,2037201.06,2.25,-8.44
10.88,21.64,SM-58-P1,478010.84,2037201.06,2.25,-8.63
11.02,22.45,SM-58-P1,478010.84,2037201.06,2.25,-8.77
11.18,40.85,SM-58-P1,478010.84,2037201.06,2.25,-8.93
11.36,18.81,SM-58-P1,478010.84,2037201.06,2.25,-9.11
11.59,19.39,SM-58-P1,478010.84,2037201.06,2.25,-9.34
11.81,21.24,SM-58-P1,478010.84,2037201.06,2.25,-9.56
12.04,21.84,SM-58-P1,478010.84,2037201.06,2.25,-9.79
12.26,17.67,SM-58-P1,478010.84,2037201.06,2.25,-10.01
12.49,17.88,SM-58-P1,478010.84,2037201.06,2.25,-10.24
12.71,19.87,SM-58-P1,478010.84,2037201.06,2.25,-10.46
12.94,26.29,SM-58-P1,478010.84,2037201.06,2.25,-10.69
13.16,22.53,SM-58-P1,478010.84,2037201.06,2.25,-10.91
13.39,22.52,SM-58-P1,478010.84,2037201.06,2.25,-11.14
13.61,31.91,SM-58-P1,478010.84,2037201.06,2.25,-11.36
13.84,28.87,SM-58-P1,478010.84,2037201.06,2.25,-11.59
14.06,35.85,SM-58-P1,478010.84,2037201.06,2.25,-11.81
14.29,34.52,SM-58-P1,478010.84,2037201.06,2.25,-12.04
14.51,51.02,SM-58-P1,478010.84,2037201.06,2.25,-12.26
14.74,48,SM-58-P1,478010.84,2037201.06,2.25,-12.49
14.96,57.86,SM-58-P1,478010.84,2037201.06,2.25,-12.71
15.19,57.12,SM-58-P1,478010.84,2037201.06,2.25,-12.94
15.41,58.2,SM-58-P1,478010.84,2037201.06,2.25,-13.16
15.64,58.6,SM-58-P1,478010.84,2037201.06,2.25,-13.39
15.86,61.14,SM-58-P1,478010.84,2037201.06,2.25,-13.61
16.09,51.83,SM-58-P1,478010.84,2037201.06,2.25,-13.84
16.31,51.03,SM-58-P1,478010.84,2037201.06,2.25,-14.06
16.54,31.04,SM-58-P1,478010.84,2037201.06,2.25,-14.29
16.71,29.47,SM-58-P1,478010.84,2037201.06,2.25,-14.46
16.82,34.52,SM-58-P1,478010.84,2037201.06,2.25,-14.57
16.93,43.45,SM-58-P1,478010.84,2037201.06,2.25,-14.68
17.04,99.8,SM-58-P1,478010.84,2037201.06,2.25,-14.79
17.16,99.98,SM-58-P1,478010.84,2037201.06,2.25,-14.91
17.27,18.1,SM-58-P1,478010.84,2037201.06,2.25,-15.02
17.38,23.41,SM-58-P1,478010.84,2037201.06,2.25,-15.13
17.49,18.35,SM-58-P1,478010.84,2037201.06,2.25,-15.24
17.63,17.85,SM-58-P1,478010.84,2037201.06,2.25,-15.38
17.77,18.58,SM-58-P1,478010.84,2037201.06,2.25,-15.52
17.93,23.92,SM-58-P1,478010.84,2037201.06,2.25,-15.68
18.06,22.7,SM-58-P1,478010.84,2037201.06,2.25,-15.81
18.17,23.67,SM-58-P1,478010.84,2037201.06,2.25,-15.92
18.28,27.77,SM-58-P1,478010.84,2037201.06,2.25,-16.03
18.39,22.97,SM-58-P1,478010.84,2037201.06,2.25,-16.14
18.56,26.57,SM-58-P1,478010.84,2037201.06,2.25,-16.31
18.79,25.59,SM-58-P1,478010.84,2037201.06,2.25,-16.54
19.01,27.1,SM-58-P1,478010.84,2037201.06,2.25,-16.76
19.24,26.08,SM-58-P1,478010.84,2037201.06,2.25,-16.99
19.46,27.12,SM-58-P1,478010.84,2037201.06,2.25,-17.21
19.69,28.1,SM-58-P1,478010.84,2037201.06,2.25,-17.44
19.91,24.51,SM-58-P1,478010.84,2037201.06,2.25,-17.66
20.14,23.37,SM-58-P1,478010.84,2037201.06,2.25,-17.89
20.36,22.37,SM-58-P1,478010.84,2037201.06,2.25,-18.11
20.59,21.96,SM-58-P1,478010.84,2037201.06,2.25,-18.34
20.81,21.68,SM-58-P1,478010.84,2037201.06,2.25,-18.56
21.04,21.84,SM-58-P1,478010.84,2037201.06,2.25,-18.79
21.26,21.78,SM-58-P1,478010.84,2037201.06,2.25,-19.01
21.49,21.48,SM-58-P1,478010.84,2037201.06,2.25,-19.24
21.71,22.87,SM-58-P1,478010.84,2037201.06,2.25,-19.46
21.94,23.56,SM-58-P1,478010.84,2037201.06,2.25,-19.69
22.16,21.93,SM-58-P1,478010.84,2037201.06,2.25,-19.91
22.39,21.5,SM-58-P1,478010.84,2037201.06,2.25,-20.14
22.61,21.91,SM-58-P1,478010.84,2037201.06,2.25,-20.36
22.84,22.18,SM-58-P1,478010.84,2037201.06,2.25,-20.59
23.06,21.41,SM-58-P1,478010.84,2037201.06,2.25,-20.81
23.29,20.3,SM-58-P1,478010.84,2037201.06,2.25,-21.04
23.51,23.26,SM-58-P1,478010.84,2037201.06,2.25,-21.26
23.74,22.39,SM-58-P1,478010.84,2037201.06,2.25,-21.49
23.96,20.65,SM-58-P1,478010.84,2037201.06,2.25,-21.71
24.19,21.2,SM-58-P1,478010.84,2037201.06,2.25,-21.94
24.41,23.76,SM-58-P1,478010.84,2037201.06,2.25,-22.16
24.64,24.53,SM-58-P1,478010.84,2037201.06,2.25,-22.39
24.86,24.64,SM-58-P1,478010.84,2037201.06,2.25,-22.61
25.09,23.24,SM-58-P1,478010.84,2037201.06,2.25,-22.84
25.31,22.88,SM-58-P1,478010.84,2037201.06,2.25,-23.06
25.54,23.93,SM-58-P1,478010.84,2037201.06,2.25,-23.29
25.76,23.48,SM-58-P1,478010.84,2037201.06,2.25,-23.51
25.99,22.04,SM-58-P1,478010.84,2037201.06,2.25,-23.74
26.21,18.89,SM-58-P1,478010.84,2037201.06,2.25,-23.96
26.44,17.8,SM-58-P1,478010.84,2037201.06,2.25,-24.19
26.66,35.94,SM-58-P1,478010.84,2037201.06,2.25,-24.41
26.89,34.7,SM-58-P1,478010.84,2037201.06,2.25,-24.64
27.11,24.86,SM-58-P1,478010.84,2037201.06,2.25,-24.86
27.34,27.94,SM-58-P1,478010.84,2037201.06,2.25,-25.09
27.51,20.58,SM-58-P1,478010.84,2037201.06,2.25,-25.26
27.62,45.97,SM-58-P1,478010.84,2037201.06,2.25,-25.37
27.73,49.97,SM-58-P1,478010.84,2037201.06,2.25,-25.48
27.84,26.26,SM-58-P1,478010.84,2037201.06,2.25,-25.59
28.01,26.46,SM-58-P1,478010.84,2037201.06,2.25,-25.76
28.24,26.16,SM-58-P1,478010.84,2037201.06,2.25,-25.99
28.46,27.81,SM-58-P1,478010.84,2037201.06,2.25,-26.21
28.69,26.8,SM-58-P1,478010.84,2037201.06,2.25,-26.44
28.91,29.95,SM-58-P1,478010.84,2037201.06,2.25,-26.66
29.14,29.33,SM-58-P1,478010.84,2037201.06,2.25,-26.89
29.36,29.52,SM-58-P1,478010.84,2037201.06,2.25,-27.11
29.59,29.98,SM-58-P1,478010.84,2037201.06,2.25,-27.34
29.81,27.41,SM-58-P1,478010.84,2037201.06,2.25,-27.56
30.04,28.17,SM-58-P1,478010.84,2037201.06,2.25,-27.79
30.26,27.29,SM-58-P1,478010.84,2037201.06,2.25,-28.01
30.49,27.63,SM-58-P1,478010.84,2037201.06,2.25,-28.24
30.71,25.41,SM-58-P1,478010.84,2037201.06,2.25,-28.46
30.94,25.78,SM-58-P1,478010.84,2037201.06,2.25,-28.69
31.16,27.54,SM-58-P1,478010.84,2037201.06,2.25,-28.91
31.39,27.8,SM-58-P1,478010.84,2037201.06,2.25,-29.14
31.61,24.73,SM-58-P1,478010.84,2037201.06,2.25,-29.36
31.84,23.83,SM-58-P1,478010.84,2037201.06,2.25,-29.59
32.03,38.8,SM-58-P1,478010.84,2037201.06,2.25,-29.78
32.17,154.31,SM-58-P1,478010.84,2037201.06,2.25,-29.92
32.33,109.9,SM-58-P1,478010.84,2037201.06,2.25,-30.08
32.51,49.19,SM-58-P1,478010.84,2037201.06,2.25,-30.26
32.74,31.83,SM-58-P1,478010.84,2037201.06,2.25,-30.49
32.96,21.71,SM-58-P1,478010.84,2037201.06,2.25,-30.71
33.19,21.87,SM-58-P1,478010.84,2037201.06,2.25,-30.94
33.38,19.19,SM-58-P1,478010.84,2037201.06,2.25,-31.13
33.53,16.32,SM-58-P1,478010.84,2037201.06,2.25,-31.28
33.67,16.14,SM-58-P1,478010.84,2037201.06,2.25,-31.42
33.86,17.92,SM-58-P1,478010.84,2037201.06,2.25,-31.61
34.09,17.21,SM-58-P1,478010.84,2037201.06,2.25,-31.84
34.31,19.1,SM-58-P1,478010.84,2037201.06,2.25,-32.06
34.54,19.08,SM-58-P1,478010.84,2037201.06,2.25,-32.29
34.76,28.52,SM-58-P1,478010.84,2037201.06,2.25,-32.51
34.99,23.6,SM-58-P1,478010.84,2037201.06,2.25,-32.74
35.21,21.51,SM-58-P1,478010.84,2037201.06,2.25,-32.96
35.44,21.86,SM-58-P1,478010.84,2037201.06,2.25,-33.19
35.66,20.21,SM-58-P1,478010.84,2037201.06,2.25,-33.41
35.89,19.13,SM-58-P1,478010.84,2037201.06,2.25,-33.64
36.11,19.52,SM-58-P1,478010.84,2037201.06,2.25,-33.86
36.34,20.37,SM-58-P1,478010.84,2037201.06,2.25,-34.09
36.56,24.26,SM-58-P1,478010.84,2037201.06,2.25,-34.31
36.79,25.04,SM-58-P1,478010.84,2037201.06,2.25,-34.54
37.01,22.87,SM-58-P1,478010.84,2037201.06,2.25,-34.76
37.24,24.41,SM-58-P1,478010.84,2037201.06,2.25,-34.99
37.46,23.14,SM-58-P1,478010.84,2037201.06,2.25,-35.21
37.69,22.03,SM-58-P1,478010.84,2037201.06,2.25,-35.44
37.91,23.63,SM-58-P1,478010.84,2037201.06,2.25,-35.66
38.14,24.12,SM-58-P1,478010.84,2037201.06,2.25,-35.89
38.36,23.41,SM-58-P1,478010.84,2037201.06,2.25,-36.11
38.59,22.65,SM-58-P1,478010.84,2037201.06,2.25,-36.34
38.81,21.84,SM-58-P1,478010.84,2037201.06,2.25,-36.56
39.04,21.66,SM-58-P1,478010.84,2037201.06,2.25,-36.79
39.26,22.32,SM-58-P1,478010.84,2037201.06,2.25,-37.01
39.49,21.91,SM-58-P1,478010.84,2037201.06,2.25,-37.24
39.71,19.74,SM-58-P1,478010.84,2037201.06,2.25,-37.46
39.94,19.15,SM-58-P1,478010.84,2037201.06,2.25,-37.69
40.16,17.88,SM-58-P1,478010.84,2037201.06,2.25,-37.91
40.39,17.72,SM-58-P1,478010.84,2037201.06,2.25,-38.14
40.61,18,SM-58-P1,478010.84,2037201.06,2.25,-38.36
40.84,16.22,SM-58-P1,478010.84,2037201.06,2.25,-38.59
41.06,18.74,SM-58-P1,478010.84,2037201.06,2.25,-38.81
41.29,19.54,SM-58-P1,478010.84,2037201.06,2.25,-39.04
41.51,19.47,SM-58-P1,478010.84,2037201.06,2.25,-39.26
41.74,19.51,SM-58-P1,478010.84,2037201.06,2.25,-39.49
41.96,17,SM-58-P1,478010.84,2037201.06,2.25,-39.71
42.19,16.56,SM-58-P1,478010.84,2037201.06,2.25,-39.94
42.41,16.43,SM-58-P1,478010.84,2037201.06,2.25,-40.16
42.64,16.17,SM-58-P1,478010.84,2037201.06,2.25,-40.39
42.86,17.69,SM-58-P1,478010.84,2037201.06,2.25,-40.61
43.09,18.5,SM-58-P1,478010.84,2037201.06,2.25,-40.84
43.31,16,SM-58-P1,478010.84,2037201.06,2.25,-41.06
43.54,15.45,SM-58-P1,478010.84,2037201.06,2.25,-41.29
43.72,18.99,SM-58-P1,478010.84,2037201.06,2.25,-41.47
43.88,17.54,SM-58-P1,478010.84,2037201.06,2.25,-41.63
44.14,18.74,SM-58-P1,478010.84,2037201.06,2.25,-41.89
44.21,17.74,SM-58-P1,478010.84,2037201.06,2.25,-41.96
44.63,17.55,SM-58-P1,478010.84,2037201.06,2.25,-42.38
44.78,17.85,SM-58-P1,478010.84,2037201.06,2.25,-42.53
45.06,19.2,SM-58-P1,478010.84,2037201.06,2.25,-42.81
45.19,19.33,SM-58-P1,478010.84,2037201.06,2.25,-42.94
45.51,16.44,SM-58-P1,478010.84,2037201.06,2.25,-43.26
45.62,16.71,SM-58-P1,478010.84,2037201.06,2.25,-43.37
46,15.76,SM-58-P1,478010.84,2037201.06,2.25,-43.75
46.2,16.19,SM-58-P1,478010.84,2037201.06,2.25,-43.95
46.46,23.03,SM-58-P1,478010.84,2037201.06,2.25,-44.21
46.69,23.73,SM-58-P1,478010.84,2037201.06,2.25,-44.44
46.91,22.34,SM-58-P1,478010.84,2037201.06,2.25,-44.66
47.14,21.95,SM-58-P1,478010.84,2037201.06,2.25,-44.89
47.33,23.4,SM-58-P1,478010.84,2037201.06,2.25,-45.08
47.47,24.01,SM-58-P1,478010.84,2037201.06,2.25,-45.22
47.63,24.57,SM-58-P1,478010.84,2037201.06,2.25,-45.38
47.81,30.68,SM-58-P1,478010.84,2037201.06,2.25,-45.56
48.04,30.82,SM-58-P1,478010.84,2037201.06,2.25,-45.79
48.26,26.58,SM-58-P1,478010.84,2037201.06,2.25,-46.01
48.49,26.7,SM-58-P1,478010.84,2037201.06,2.25,-46.24
48.71,21.55,SM-58-P1,478010.84,2037201.06,2.25,-46.46
48.94,21.66,SM-58-P1,478010.84,2037201.06,2.25,-46.69
49.16,24.42,SM-58-P1,478010.84,2037201.06,2.25,-46.91
49.39,24.51,SM-58-P1,478010.84,2037201.06,2.25,-47.14
49.61,24.3,SM-58-P1,478010.84,2037201.06,2.25,-47.36
49.84,25.36,SM-58-P1,478010.84,2037201.06,2.25,-47.59
50.03,25.35,SM-58-P1,478010.84,2037201.06,2.25,-47.78
50.18,23.59,SM-58-P1,478010.84,2037201.06,2.25,-47.93
12.83,41.3,SM-39-P2,480204.54,2036551.45,1.22,-11.61
13.16,22.9,SM-39-P2,480204.54,2036551.45,1.22,-11.94
13.39,38.2,SM-39-P2,480204.54,2036551.45,1.22,-12.17
14.18,26.4,SM-39-P2,480204.54,2036551.45,1.22,-12.96
14.63,22.9,SM-39-P2,480204.54,2036551.45,1.22,-13.41
14.93,22.9,SM-39-P2,480204.54,2036551.45,1.22,-13.71
15.08,21.1,SM-39-P2,480204.54,2036551.45,1.22,-13.86
15.23,20.7,SM-39-P2,480204.54,2036551.45,1.22,-14.01
15.41,22,SM-39-P2,480204.54,2036551.45,1.22,-14.19
15.64,22.2,SM-39-P2,480204.54,2036551.45,1.22,-14.42
15.81,135.6,SM-39-P2,480204.54,2036551.45,1.22,-14.59
15.92,75.6,SM-39-P2,480204.54,2036551.45,1.22,-14.7
16.03,261.1,SM-39-P2,480204.54,2036551.45,1.22,-14.81
16.14,129.1,SM-39-P2,480204.54,2036551.45,1.22,-14.92
16.31,24.7,SM-39-P2,480204.54,2036551.45,1.22,-15.09
16.54,19.3,SM-39-P2,480204.54,2036551.45,1.22,-15.32
16.88,23.6,SM-39-P2,480204.54,2036551.45,1.22,-15.66
17.33,20.5,SM-39-P2,480204.54,2036551.45,1.22,-16.11
17.77,20.8,SM-39-P2,480204.54,2036551.45,1.22,-16.55
18.23,19.5,SM-39-P2,480204.54,2036551.45,1.22,-17.01
18.67,20.8,SM-39-P2,480204.54,2036551.45,1.22,-17.45
19.13,22.2,SM-39-P2,480204.54,2036551.45,1.22,-17.91
19.43,23.2,SM-39-P2,480204.54,2036551.45,1.22,-18.21
19.58,20,SM-39-P2,480204.54,2036551.45,1.22,-18.36
19.73,22.7,SM-39-P2,480204.54,2036551.45,1.22,-18.51
19.91,21.3,SM-39-P2,480204.54,2036551.45,1.22,-18.69
20.14,21.9,SM-39-P2,480204.54,2036551.45,1.22,-18.92
20.48,19.8,SM-39-P2,480204.54,2036551.45,1.22,-19.26
20.81,19.8,SM-39-P2,480204.54,2036551.45,1.22,-19.59
21.04,19.1,SM-39-P2,480204.54,2036551.45,1.22,-19.82
21.38,18.9,SM-39-P2,480204.54,2036551.45,1.22,-20.16
21.71,21,SM-39-P2,480204.54,2036551.45,1.22,-20.49
21.94,18.5,SM-39-P2,480204.54,2036551.45,1.22,-20.72
22.28,21.1,SM-39-P2,480204.54,2036551.45,1.22,-21.06
22.73,22.7,SM-39-P2,480204.54,2036551.45,1.22,-21.51
23.06,22.1,SM-39-P2,480204.54,2036551.45,1.22,-21.84
23.29,26.5,SM-39-P2,480204.54,2036551.45,1.22,-22.07
23.63,21.9,SM-39-P2,480204.54,2036551.45,1.22,-22.41
23.96,30.2,SM-39-P2,480204.54,2036551.45,1.22,-22.74
24.19,36.9,SM-39-P2,480204.54,2036551.45,1.22,-22.97
24.53,37.3,SM-39-P2,480204.54,2036551.45,1.22,-23.31
24.98,17.8,SM-39-P2,480204.54,2036551.45,1.22,-23.76
25.42,29.7,SM-39-P2,480204.54,2036551.45,1.22,-24.2
25.88,31.9,SM-39-P2,480204.54,2036551.45,1.22,-24.66
26.33,28.9,SM-39-P2,480204.54,2036551.45,1.22,-25.11
26.78,30.2,SM-39-P2,480204.54,2036551.45,1.22,-25.56
27.23,28.4,SM-39-P2,480204.54,2036551.45,1.22,-26.01
27.67,26,SM-39-P2,480204.54,2036551.45,1.22,-26.45
28.13,26.1,SM-39-P2,480204.54,2036551.45,1.22,-26.91
28.46,29.8,SM-39-P2,480204.54,2036551.45,1.22,-27.24
28.69,60,SM-39-P2,480204.54,2036551.45,1.22,-27.47
28.91,23.1,SM-39-P2,480204.54,2036551.45,1.22,-27.69
29.14,23.9,SM-39-P2,480204.54,2036551.45,1.22,-27.92
29.31,25.2,SM-39-P2,480204.54,2036551.45,1.22,-28.09
29.42,23.9,SM-39-P2,480204.54,2036551.45,1.22,-28.2
29.53,26.3,SM-39-P2,480204.54,2036551.45,1.22,-28.31
29.64,29.1,SM-39-P2,480204.54,2036551.45,1.22,-28.42
29.81,28.5,SM-39-P2,480204.54,2036551.45,1.22,-28.59
30.04,30,SM-39-P2,480204.54,2036551.45,1.22,-28.82
30.26,35.7,SM-39-P2,480204.54,2036551.45,1.22,-29.04
30.49,31.9,SM-39-P2,480204.54,2036551.45,1.22,-29.27
30.68,36.2,SM-39-P2,480204.54,2036551.45,1.22,-29.46
30.83,31.3,SM-39-P2,480204.54,2036551.45,1.22,-29.61
30.98,35.3,SM-39-P2,480204.54,2036551.45,1.22,-29.76
31.16,29.2,SM-39-P2,480204.54,2036551.45,1.22,-29.94
31.39,32.8,SM-39-P2,480204.54,2036551.45,1.22,-30.17
31.58,39.1,SM-39-P2,480204.54,2036551.45,1.22,-30.36
31.73,28,SM-39-P2,480204.54,2036551.45,1.22,-30.51
31.88,37,SM-39-P2,480204.54,2036551.45,1.22,-30.66
32.06,31.8,SM-39-P2,480204.54,2036551.45,1.22,-30.84
32.29,34.8,SM-39-P2,480204.54,2036551.45,1.22,-31.07
32.51,27.89,SM-39-P2,480204.54,2036551.45,1.22,-31.29
32.74,31.3,SM-39-P2,480204.54,2036551.45,1.22,-31.52
32.92,32.7,SM-39-P2,480204.54,2036551.45,1.22,-31.7
33.08,29.3,SM-39-P2,480204.54,2036551.45,1.22,-31.86
33.22,26.4,SM-39-P2,480204.54,2036551.45,1.22,-32
33.41,28.2,SM-39-P2,480204.54,2036551.45,1.22,-32.19
33.64,23.2,SM-39-P2,480204.54,2036551.45,1.22,-32.42
33.98,21.8,SM-39-P2,480204.54,2036551.45,1.22,-32.76
34.31,21,SM-39-P2,480204.54,2036551.45,1.22,-33.09
34.54,20.4,SM-39-P2,480204.54,2036551.45,1.22,-33.32
34.72,22,SM-39-P2,480204.54,2036551.45,1.22,-33.5
34.88,31.7,SM-39-P2,480204.54,2036551.45,1.22,-33.66
35.03,26.8,SM-39-P2,480204.54,2036551.45,1.22,-33.81
35.33,25.4,SM-39-P2,480204.54,2036551.45,1.22,-34.11
35.61,26.2,SM-39-P2,480204.54,2036551.45,1.22,-34.39
35.72,24,SM-39-P2,480204.54,2036551.45,1.22,-34.5
35.83,20.4,SM-39-P2,480204.54,2036551.45,1.22,-34.61
35.94,16.1,SM-39-P2,480204.54,2036551.45,1.22,-34.72
36.11,19.4,SM-39-P2,480204.54,2036551.45,1.22,-34.89
36.34,19.8,SM-39-P2,480204.54,2036551.45,1.22,-35.12
36.53,21.6,SM-39-P2,480204.54,2036551.45,1.22,-35.31
36.67,21,SM-39-P2,480204.54,2036551.45,1.22,-35.45
36.83,20.5,SM-39-P2,480204.54,2036551.45,1.22,-35.61
37.13,18.2,SM-39-P2,480204.54,2036551.45,1.22,-35.91
37.46,22.3,SM-39-P2,480204.54,2036551.45,1.22,-36.24
37.69,20.8,SM-39-P2,480204.54,2036551.45,1.22,-36.47
37.91,19.2,SM-39-P2,480204.54,2036551.45,1.22,-36.69
38.14,20,SM-39-P2,480204.54,2036551.45,1.22,-36.92
38.31,17.7,SM-39-P2,480204.54,2036551.45,1.22,-37.09
38.42,18.7,SM-39-P2,480204.54,2036551.45,1.22,-37.2
38.53,22.2,SM-39-P2,480204.54,2036551.45,1.22,-37.31
38.64,23.4,SM-39-P2,480204.54,2036551.45,1.22,-37.42
38.81,22.8,SM-39-P2,480204.54,2036551.45,1.22,-37.59
39.04,24.4,SM-39-P2,480204.54,2036551.45,1.22,-37.82
39.26,27.7,SM-39-P2,480204.54,2036551.45,1.22,-38.04
39.49,23.5,SM-39-P2,480204.54,2036551.45,1.22,-38.27
39.83,26.5,SM-39-P2,480204.54,2036551.45,1.22,-38.61
40.28,29.5,SM-39-P2,480204.54,2036551.45,1.22,-39.06
40.58,31,SM-39-P2,480204.54,2036551.45,1.22,-39.36
40.72,31.6,SM-39-P2,480204.54,2036551.45,1.22,-39.5
40.88,27.7,SM-39-P2,480204.54,2036551.45,1.22,-39.66
41.18,30.8,SM-39-P2,480204.54,2036551.45,1.22,-39.96
41.51,26.4,SM-39-P2,480204.54,2036551.45,1.22,-40.29
41.74,26,SM-39-P2,480204.54,2036551.45,1.22,-40.52
42.08,27.1,SM-39-P2,480204.54,2036551.45,1.22,-40.86
42.38,28.2,SM-39-P2,480204.54,2036551.45,1.22,-41.16
42.53,22.8,SM-39-P2,480204.54,2036551.45,1.22,-41.31
42.68,18.3,SM-39-P2,480204.54,2036551.45,1.22,-41.46
42.79,20.7,SM-39-P2,480204.54,2036551.45,1.22,-41.57
42.86,13.3,SM-39-P2,480204.54,2036551.45,1.22,-41.64
43.43,15.5,SM-39-P2,480204.54,2036551.45,1.22,-42.21
43.72,23.8,SM-39-P2,480204.54,2036551.45,1.22,-42.5
43.88,32.1,SM-39-P2,480204.54,2036551.45,1.22,-42.66
44.03,20.1,SM-39-P2,480204.54,2036551.45,1.22,-42.81
44.33,21.6,SM-39-P2,480204.54,2036551.45,1.22,-43.11
44.78,23.5,SM-39-P2,480204.54,2036551.45,1.22,-43.56
45.23,26.4,SM-39-P2,480204.54,2036551.45,1.22,-44.01
45.68,26.7,SM-39-P2,480204.54,2036551.45,1.22,-44.46
46.13,28.2,SM-39-P2,480204.54,2036551.45,1.22,-44.91
46.46,28.9,SM-39-P2,480204.54,2036551.45,1.22,-45.24
46.69,26.7,SM-39-P2,480204.54,2036551.45,1.22,-45.47
47.03,30.6,SM-39-P2,480204.54,2036551.45,1.22,-45.81
47.36,30.3,SM-39-P2,480204.54,2036551.45,1.22,-46.14
47.59,31.8,SM-39-P2,480204.54,2036551.45,1.22,-46.37
47.81,30.4,SM-39-P2,480204.54,2036551.45,1.22,-46.59
48.04,30.3,SM-39-P2,480204.54,2036551.45,1.22,-46.82
48.38,20.5,SM-39-P2,480204.54,2036551.45,1.22,-47.16
48.83,18.5,SM-39-P2,480204.54,2036551.45,1.22,-47.61
49.16,16.5,SM-39-P2,480204.54,2036551.45,1.22,-47.94
49.39,26.6,SM-39-P2,480204.54,2036551.45,1.22,-48.17
49.61,28.5,SM-39-P2,480204.54,2036551.45,1.22,-48.39
49.84,24.3,SM-39-P2,480204.54,2036551.45,1.22,-48.62
50.18,18.9,SM-39-P2,480204.54,2036551.45,1.22,-48.96
0.23,27.8,SM-16-P2,478795.23,2036506.72,1.42,1.19
0.68,34.6,SM-16-P2,478795.23,2036506.72,1.42,0.74
1.01,44,SM-16-P2,478795.23,2036506.72,1.42,0.41
1.24,48.5,SM-16-P2,478795.23,2036506.72,1.42,0.18
1.58,48.1,SM-16-P2,478795.23,2036506.72,1.42,-0.16
1.91,51.5,SM-16-P2,478795.23,2036506.72,1.42,-0.49
2.14,36,SM-16-P2,478795.23,2036506.72,1.42,-0.72
2.93,21.6,SM-16-P2,478795.23,2036506.72,1.42,-1.51
3.83,34.9,SM-16-P2,478795.23,2036506.72,1.42,-2.41
4.28,24.6,SM-16-P2,478795.23,2036506.72,1.42,-2.86
4.61,50.5,SM-16-P2,478795.23,2036506.72,1.42,-3.19
4.84,18.2,SM-16-P2,478795.23,2036506.72,1.42,-3.42
5.18,19.8,SM-16-P2,478795.23,2036506.72,1.42,-3.76
5.51,53.3,SM-16-P2,478795.23,2036506.72,1.42,-4.09
5.74,22.4,SM-16-P2,478795.23,2036506.72,1.42,-4.32
6.07,21.8,SM-16-P2,478795.23,2036506.72,1.42,-4.65
6.53,17.6,SM-16-P2,478795.23,2036506.72,1.42,-5.11
6.98,27.7,SM-16-P2,478795.23,2036506.72,1.42,-5.56
7.43,50.4,SM-16-P2,478795.23,2036506.72,1.42,-6.01
7.76,45.4,SM-16-P2,478795.23,2036506.72,1.42,-6.34
7.99,20.3,SM-16-P2,478795.23,2036506.72,1.42,-6.57
8.32,20.4,SM-16-P2,478795.23,2036506.72,1.42,-6.9
8.78,20.8,SM-16-P2,478795.23,2036506.72,1.42,-7.36
9.23,18.4,SM-16-P2,478795.23,2036506.72,1.42,-7.81
9.68,16.7,SM-16-P2,478795.23,2036506.72,1.42,-8.26
10.13,16.7,SM-16-P2,478795.23,2036506.72,1.42,-8.71
10.58,55.3,SM-16-P2,478795.23,2036506.72,1.42,-9.16
11.03,55.8,SM-16-P2,478795.23,2036506.72,1.42,-9.61
11.48,49,SM-16-P2,478795.23,2036506.72,1.42,-10.06
11.93,45.4,SM-16-P2,478795.23,2036506.72,1.42,-10.51
12.38,38.25,SM-16-P2,478795.23,2036506.72,1.42,-10.96
12.71,22.3,SM-16-P2,478795.23,2036506.72,1.42,-11.29
12.94,22,SM-16-P2,478795.23,2036506.72,1.42,-11.52
13.28,18.6,SM-16-P2,478795.23,2036506.72,1.42,-11.86
13.61,19.8,SM-16-P2,478795.23,2036506.72,1.42,-12.19
13.84,37.1,SM-16-P2,478795.23,2036506.72,1.42,-12.42
14.18,35.7,SM-16-P2,478795.23,2036506.72,1.42,-12.76
14.63,23.6,SM-16-P2,478795.23,2036506.72,1.42,-13.21
14.96,21.2,SM-16-P2,478795.23,2036506.72,1.42,-13.54
15.19,25.8,SM-16-P2,478795.23,2036506.72,1.42,-13.77
15.53,42.2,SM-16-P2,478795.23,2036506.72,1.42,-14.11
15.86,21.7,SM-16-P2,478795.23,2036506.72,1.42,-14.44
16.09,22.6,SM-16-P2,478795.23,2036506.72,1.42,-14.67
16.42,18.5,SM-16-P2,478795.23,2036506.72,1.42,-15
16.88,22.1,SM-16-P2,478795.23,2036506.72,1.42,-15.46
17.33,22.9,SM-16-P2,478795.23,2036506.72,1.42,-15.91
17.77,26.2,SM-16-P2,478795.23,2036506.72,1.42,-16.35
18.23,22.8,SM-16-P2,478795.23,2036506.72,1.42,-16.81
18.67,21.6,SM-16-P2,478795.23,2036506.72,1.42,-17.25
19.13,20.6,SM-16-P2,478795.23,2036506.72,1.42,-17.71
19.46,21.8,SM-16-P2,478795.23,2036506.72,1.42,-18.04
19.69,24.9,SM-16-P2,478795.23,2036506.72,1.42,-18.27
19.91,22.1,SM-16-P2,478795.23,2036506.72,1.42,-18.49
20.14,23.6,SM-16-P2,478795.23,2036506.72,1.42,-18.72
20.36,24.6,SM-16-P2,478795.23,2036506.72,1.42,-18.94
20.59,23.3,SM-16-P2,478795.23,2036506.72,1.42,-19.17
20.92,21.7,SM-16-P2,478795.23,2036506.72,1.42,-19.5
21.38,20.4,SM-16-P2,478795.23,2036506.72,1.42,-19.96
21.83,19.8,SM-16-P2,478795.23,2036506.72,1.42,-20.41
22.28,22.9,SM-16-P2,478795.23,2036506.72,1.42,-20.86
22.61,24.7,SM-16-P2,478795.23,2036506.72,1.42,-21.19
22.84,40.2,SM-16-P2,478795.23,2036506.72,1.42,-21.42
23.06,37.4,SM-16-P2,478795.23,2036506.72,1.42,-21.64
23.29,23.9,SM-16-P2,478795.23,2036506.72,1.42,-21.87
23.51,25,SM-16-P2,478795.23,2036506.72,1.42,-22.09
23.74,26.69,SM-16-P2,478795.23,2036506.72,1.42,-22.32
24.08,28.5,SM-16-P2,478795.23,2036506.72,1.42,-22.66
24.53,21.8,SM-16-P2,478795.23,2036506.72,1.42,-23.11
24.98,27.7,SM-16-P2,478795.23,2036506.72,1.42,-23.56
25.42,26.8,SM-16-P2,478795.23,2036506.72,1.42,-24
25.88,23.4,SM-16-P2,478795.23,2036506.72,1.42,-24.46
26.33,21.5,SM-16-P2,478795.23,2036506.72,1.42,-24.91
26.78,23,SM-16-P2,478795.23,2036506.72,1.42,-25.36
27.23,20,SM-16-P2,478795.23,2036506.72,1.42,-25.81
27.67,22.6,SM-16-P2,478795.23,2036506.72,1.42,-26.25
28.13,24.6,SM-16-P2,478795.23,2036506.72,1.42,-26.71
28.58,25.8,SM-16-P2,478795.23,2036506.72,1.42,-27.16
29.03,26.3,SM-16-P2,478795.23,2036506.72,1.42,-27.61
29.48,20.2,SM-16-P2,478795.23,2036506.72,1.42,-28.06
29.92,20.4,SM-16-P2,478795.23,2036506.72,1.42,-28.5
30.38,20.5,SM-16-P2,478795.23,2036506.72,1.42,-28.96
30.83,22.3,SM-16-P2,478795.23,2036506.72,1.42,-29.41
31.16,20.6,SM-16-P2,478795.23,2036506.72,1.42,-29.74
31.39,30.4,SM-16-P2,478795.23,2036506.72,1.42,-29.97
31.73,53.1,SM-16-P2,478795.23,2036506.72,1.42,-30.31
32.06,30.1,SM-16-P2,478795.23,2036506.72,1.42,-30.64
32.29,31,SM-16-P2,478795.23,2036506.72,1.42,-30.87
32.63,27.6,SM-16-P2,478795.23,2036506.72,1.42,-31.21
33.08,26.2,SM-16-P2,478795.23,2036506.72,1.42,-31.66
33.53,25.8,SM-16-P2,478795.23,2036506.72,1.42,-32.11
33.98,27.1,SM-16-P2,478795.23,2036506.72,1.42,-32.56
34.42,26.9,SM-16-P2,478795.23,2036506.72,1.42,-33
34.88,25.3,SM-16-P2,478795.23,2036506.72,1.42,-33.46
35.33,25.2,SM-16-P2,478795.23,2036506.72,1.42,-33.91
35.78,24.9,SM-16-P2,478795.23,2036506.72,1.42,-34.36
36.23,29.8,SM-16-P2,478795.23,2036506.72,1.42,-34.81
36.56,30.6,SM-16-P2,478795.23,2036506.72,1.42,-35.14
36.79,24.3,SM-16-P2,478795.23,2036506.72,1.42,-35.37
37.13,23.4,SM-16-P2,478795.23,2036506.72,1.42,-35.71
37.58,28.1,SM-16-P2,478795.23,2036506.72,1.42,-36.16
38.03,26.4,SM-16-P2,478795.23,2036506.72,1.42,-36.61
38.48,26.9,SM-16-P2,478795.23,2036506.72,1.42,-37.06
38.92,27.8,SM-16-P2,478795.23,2036506.72,1.42,-37.5
39.38,26.4,SM-16-P2,478795.23,2036506.72,1.42,-37.96
39.83,21.5,SM-16-P2,478795.23,2036506.72,1.42,-38.41
40.28,25.3,SM-16-P2,478795.23,2036506.72,1.42,-38.86
40.73,27.7,SM-16-P2,478795.23,2036506.72,1.42,-39.31
41.06,28.2,SM-16-P2,478795.23,2036506.72,1.42,-39.64
41.29,27,SM-16-P2,478795.23,2036506.72,1.42,-39.87
41.63,23.2,SM-16-P2,478795.23,2036506.72,1.42,-40.21
42.08,18.3,SM-16-P2,478795.23,2036506.72,1.42,-40.66
42.53,17.4,SM-16-P2,478795.23,2036506.72,1.42,-41.11
42.98,21.7,SM-16-P2,478795.23,2036506.72,1.42,-41.56
43.43,22,SM-16-P2,478795.23,2036506.72,1.42,-42.01
43.76,18.9,SM-16-P2,478795.23,2036506.72,1.42,-42.34
43.99,21.8,SM-16-P2,478795.23,2036506.72,1.42,-42.57
44.23,16.8,SM-16-P2,478795.23,2036506.72,1.42,-42.81
44.69,19,SM-16-P2,478795.23,2036506.72,1.42,-43.27
45.15,22.7,SM-16-P2,478795.23,2036506.72,1.42,-43.73
45.59,28.4,SM-16-P2,478795.23,2036506.72,1.42,-44.17
46.05,20,SM-16-P2,478795.23,2036506.72,1.42,-44.63
46.58,23.2,SM-16-P2,478795.23,2036506.72,1.42,-45.16
46.94,21.7,SM-16-P2,478795.23,2036506.72,1.42,-45.52
47.39,20.2,SM-16-P2,478795.23,2036506.72,1.42,-45.97
47.84,24.8,SM-16-P2,478795.23,2036506.72,1.42,-46.42
48.22,24,SM-16-P2,478795.23,2036506.72,1.42,-46.8
48.74,28.5,SM-16-P2,478795.23,2036506.72,1.42,-47.32
49.11,20,SM-16-P2,478795.23,2036506.72,1.42,-47.69
49.58,17,SM-16-P2,478795.23,2036506.72,1.42,-48.16
50.1,16.1,SM-16-P2,478795.23,2036506.72,1.42,-48.68
50.47,14.6,SM-16-P2,478795.23,2036506.72,1.42,-49.05
50.93,14.9,SM-16-P2,478795.23,2036506.72,1.42,-49.51
51.43,12.8,SM-16-P2,478795.23,2036506.72,1.42,-50.01
51.83,11.2,SM-16-P2,478795.23,2036506.72,1.42,-50.41
52.27,19.8,SM-16-P2,478795.23,2036506.72,1.42,-50.85
52.72,18.6,SM-16-P2,478795.23,2036506.72,1.42,-51.3
53.33,18.8,SM-16-P2,478795.23,2036506.72,1.42,-51.91
53.78,15.6,SM-16-P2,478795.23,2036506.72,1.42,-52.36
54.23,13.3,SM-16-P2,478795.23,2036506.72,1.42,-52.81
54.68,14.4,SM-16-P2,478795.23,2036506.72,1.42,-53.26
55.05,25.8,SM-16-P2,478795.23,2036506.72,1.42,-53.63
55.5,29.2,SM-16-P2,478795.23,2036506.72,1.42,-54.08
55.94,27.1,SM-16-P2,478795.23,2036506.72,1.42,-54.52
56.29,20.1,SM-16-P2,478795.23,2036506.72,1.42,-54.87
56.36,27.8,SM-16-P2,478795.23,2036506.72,1.42,-54.94
56.78,22.5,SM-16-P2,478795.23,2036506.72,1.42,-55.36
57.22,23.3,SM-16-P2,478795.23,2036506.72,1.42,-55.8
57.67,23,SM-16-P2,478795.23,2036506.72,1.42,-56.25
58.18,28.8,SM-16-P2,478795.23,2036506.72,1.42,-56.76
58.58,26.7,SM-16-P2,478795.23,2036506.72,1.42,-57.16
59.1,29.6,SM-16-P2,478795.23,2036506.72,1.42,-57.68
59.47,26,SM-16-P2,478795.23,2036506.72,1.42,-58.05
60,27.3,SM-16-P2,478795.23,2036506.72,1.42,-58.58
60.38,28.6,SM-16-P2,478795.23,2036506.72,1.42,-58.96
60.82,41.6,SM-16-P2,478795.23,2036506.72,1.42,-59.4
60.95,33.6,SM-16-P2,478795.23,2036506.72,1.42,-59.53
61.23,24.1,SM-16-P2,478795.23,2036506.72,1.42,-59.81
61.7,24.8,SM-16-P2,478795.23,2036506.72,1.42,-60.28
62.18,16.9,SM-16-P2,478795.23,2036506.72,1.42,-60.76
62.7,45.8,SM-16-P2,478795.23,2036506.72,1.42,-61.28
63.15,40.9,SM-16-P2,478795.23,2036506.72,1.42,-61.73
63.6,30.4,SM-16-P2,478795.23,2036506.72,1.42,-62.18
63.97,28.5,SM-16-P2,478795.23,2036506.72,1.42,-62.55
64.43,25.8,SM-16-P2,478795.23,2036506.72,1.42,-63.01
64.87,26.3,SM-16-P2,478795.23,2036506.72,1.42,-63.45
65.33,20,SM-16-P2,478795.23,2036506.72,1.42,-63.91
65.76,23.9,SM-16-P2,478795.23,2036506.72,1.42,-64.34
66.22,21.1,SM-16-P2,478795.23,2036506.72,1.42,-64.8
66.72,25,SM-16-P2,478795.23,2036506.72,1.42,-65.3
67.12,19.6,SM-16-P2,478795.23,2036506.72,1.42,-65.7
67.6,16.9,SM-16-P2,478795.23,2036506.72,1.42,-66.18
68.02,23.2,SM-16-P2,478795.23,2036506.72,1.42,-66.6
68.47,21.1,SM-16-P2,478795.23,2036506.72,1.42,-67.05
68.88,24.4,SM-16-P2,478795.23,2036506.72,1.42,-67.46
69.34,21.1,SM-16-P2,478795.23,2036506.72,1.42,-67.92
69.79,20.3,SM-16-P2,478795.23,2036506.72,1.42,-68.37
70.26,23.9,SM-16-P2,478795.23,2036506.72,1.42,-68.84
70.71,32,SM-16-P2,478795.23,2036506.72,1.42,-69.29
71.15,23.3,SM-16-P2,478795.23,2036506.72,1.42,-69.73
71.63,25.7,SM-16-P2,478795.23,2036506.72,1.42,-70.21
72.08,27.8,SM-16-P2,478795.23,2036506.72,1.42,-70.66
72.51,27.4,SM-16-P2,478795.23,2036506.72,1.42,-71.09
72.97,28.6,SM-16-P2,478795.23,2036506.72,1.42,-71.55
73.41,24.1,SM-16-P2,478795.23,2036506.72,1.42,-71.99
73.87,24.1,SM-16-P2,478795.23,2036506.72,1.42,-72.45
74.31,54.6,SM-16-P2,478795.23,2036506.72,1.42,-72.89
74.77,26.6,SM-16-P2,478795.23,2036506.72,1.42,-73.35
75.19,13,SM-16-P2,478795.23,2036506.72,1.42,-73.77
75.65,24.5,SM-16-P2,478795.23,2036506.72,1.42,-74.23
76.09,20.5,SM-16-P2,478795.23,2036506.72,1.42,-74.67
76.58,26.9,SM-16-P2,478795.23,2036506.72,1.42,-75.16
76.99,25.1,SM-16-P2,478795.23,2036506.72,1.42,-75.57
77.55,25,SM-16-P2,478795.23,2036506.72,1.42,-76.13
77.93,25.7,SM-16-P2,478795.23,2036506.72,1.42,-76.51
78.37,22.6,SM-16-P2,478795.23,2036506.72,1.42,-76.95
78.83,28.3,SM-16-P2,478795.23,2036506.72,1.42,-77.41
79.26,25.2,SM-16-P2,478795.23,2036506.72,1.42,-77.84
79.72,21.6,SM-16-P2,478795.23,2036506.72,1.42,-78.3
80.18,25.9,SM-16-P2,478795.23,2036506.72,1.42,-78.76
80.62,26.1,SM-16-P2,478795.23,2036506.72,1.42,-79.2
81.08,25.1,SM-16-P2,478795.23,2036506.72,1.42,-79.66
81.58,24.5,SM-16-P2,478795.23,2036506.72,1.42,-80.16
81.97,31.7,SM-16-P2,478795.23,2036506.72,1.42,-80.55
82.43,19,SM-16-P2,478795.23,2036506.72,1.42,-81.01
82.87,19.4,SM-16-P2,478795.23,2036506.72,1.42,-81.45
83.4,34.6,SM-16-P2,478795.23,2036506.72,1.42,-81.98
83.85,29.8,SM-16-P2,478795.23,2036506.72,1.42,-82.43
84.28,27.5,SM-16-P2,478795.23,2036506.72,1.42,-82.86
84.75,32.1,SM-16-P2,478795.23,2036506.72,1.42,-83.33
85.2,31.7,SM-16-P2,478795.23,2036506.72,1.42,-83.78
0.225,26.4,SM-33-P2,479399.9,2036846.79,1.44,1.215
0.675,28.5,SM-33-P2,479399.9,2036846.79,1.44,0.765
1.125,24.6,SM-33-P2,479399.9,2036846.79,1.44,0.315
1.575,27.1,SM-33-P2,479399.9,2036846.79,1.44,-0.135
2.365,25.8,SM-33-P2,479399.9,2036846.79,1.44,-0.925
2.59,31.5,SM-33-P2,479399.9,2036846.79,1.44,-1.15
2.925,29.4,SM-33-P2,479399.9,2036846.79,1.44,-1.485
3.375,26.6,SM-33-P2,479399.9,2036846.79,1.44,-1.935
3.825,27.5,SM-33-P2,479399.9,2036846.79,1.44,-2.385
4.275,28.6,SM-33-P2,479399.9,2036846.79,1.44,-2.835
4.725,28.7,SM-33-P2,479399.9,2036846.79,1.44,-3.285
5.175,26.4,SM-33-P2,479399.9,2036846.79,1.44,-3.735
5.625,25,SM-33-P2,479399.9,2036846.79,1.44,-4.185
5.965,24.2,SM-33-P2,479399.9,2036846.79,1.44,-4.525
6.19,20.4,SM-33-P2,479399.9,2036846.79,1.44,-4.75
6.525,20.9,SM-33-P2,479399.9,2036846.79,1.44,-5.085
6.975,19.1,SM-33-P2,479399.9,2036846.79,1.44,-5.535
7.425,26.4,SM-33-P2,479399.9,2036846.79,1.44,-5.985
7.875,21.8,SM-33-P2,479399.9,2036846.79,1.44,-6.435
8.325,23.2,SM-33-P2,479399.9,2036846.79,1.44,-6.885
8.775,26.4,SM-33-P2,479399.9,2036846.79,1.44,-7.335
9.225,24.1,SM-33-P2,479399.9,2036846.79,1.44,-7.785
9.675,21.2,SM-33-P2,479399.9,2036846.79,1.44,-8.235
10.125,48.9,SM-33-P2,479399.9,2036846.79,1.44,-8.685
10.465,22.6,SM-33-P2,479399.9,2036846.79,1.44,-9.025
10.69,48.3,SM-33-P2,479399.9,2036846.79,1.44,-9.25
11.025,50.5,SM-33-P2,479399.9,2036846.79,1.44,-9.585
11.475,51.2,SM-33-P2,479399.9,2036846.79,1.44,-10.035
11.925,48.3,SM-33-P2,479399.9,2036846.79,1.44,-10.485
12.375,53.3,SM-33-P2,479399.9,2036846.79,1.44,-10.935
12.825,39.3,SM-33-P2,479399.9,2036846.79,1.44,-11.385
13.275,33.2,SM-33-P2,479399.9,2036846.79,1.44,-11.835
14.005,20.2,SM-33-P2,479399.9,2036846.79,1.44,-12.565
14.12,145.6,SM-33-P2,479399.9,2036846.79,1.44,-12.68
14.235,46.7,SM-33-P2,479399.9,2036846.79,1.44,-12.795
14.345,15,SM-33-P2,479399.9,2036846.79,1.44,-12.905
14.625,16.3,SM-33-P2,479399.9,2036846.79,1.44,-13.185
14.965,20.8,SM-33-P2,479399.9,2036846.79,1.44,-13.525
15.19,17,SM-33-P2,479399.9,2036846.79,1.44,-13.75
15.525,21.5,SM-33-P2,479399.9,2036846.79,1.44,-14.085
15.865,22.3,SM-33-P2,479399.9,2036846.79,1.44,-14.425
16.09,22,SM-33-P2,479399.9,2036846.79,1.44,-14.65
16.425,24,SM-33-P2,479399.9,2036846.79,1.44,-14.985
16.875,24.3,SM-33-P2,479399.9,2036846.79,1.44,-15.435
17.215,21.8,SM-33-P2,479399.9,2036846.79,1.44,-15.775
17.44,22.4,SM-33-P2,479399.9,2036846.79,1.44,-16
17.775,25.3,SM-33-P2,479399.9,2036846.79,1.44,-16.335
18.115,22.3,SM-33-P2,479399.9,2036846.79,1.44,-16.675
18.34,24.7,SM-33-P2,479399.9,2036846.79,1.44,-16.9
18.675,25.2,SM-33-P2,479399.9,2036846.79,1.44,-17.235
19.125,27,SM-33-P2,479399.9,2036846.79,1.44,-17.685
19.575,26.5,SM-33-P2,479399.9,2036846.79,1.44,-18.135
20.025,24.8,SM-33-P2,479399.9,2036846.79,1.44,-18.585
20.475,27.6,SM-33-P2,479399.9,2036846.79,1.44,-19.035
20.925,30.4,SM-33-P2,479399.9,2036846.79,1.44,-19.485
21.375,25.2,SM-33-P2,479399.9,2036846.79,1.44,-19.935
21.825,28,SM-33-P2,479399.9,2036846.79,1.44,-20.385
22.275,23.8,SM-33-P2,479399.9,2036846.79,1.44,-20.835
22.725,22.6,SM-33-P2,479399.9,2036846.79,1.44,-21.285
23.175,35.4,SM-33-P2,479399.9,2036846.79,1.44,-21.735
23.625,21,SM-33-P2,479399.9,2036846.79,1.44,-22.185
24.075,22.6,SM-33-P2,479399.9,2036846.79,1.44,-22.635
24.525,22.7,SM-33-P2,479399.9,2036846.79,1.44,-23.085
24.975,27.3,SM-33-P2,479399.9,2036846.79,1.44,-23.535
25.425,24.8,SM-33-P2,479399.9,2036846.79,1.44,-23.985
25.875,29.7,SM-33-P2,479399.9,2036846.79,1.44,-24.435
26.325,27.8,SM-33-P2,479399.9,2036846.79,1.44,-24.885
26.775,28,SM-33-P2,479399.9,2036846.79,1.44,-25.335
27.225,26.2,SM-33-P2,479399.9,2036846.79,1.44,-25.785
27.675,25,SM-33-P2,479399.9,2036846.79,1.44,-26.235
28.125,25.1,SM-33-P2,479399.9,2036846.79,1.44,-26.685
28.35,31.2,SM-33-P2,479399.9,2036846.79,1.44,-26.91
28.575,28.3,SM-33-P2,479399.9,2036846.79,1.44,-27.135
29.025,27,SM-33-P2,479399.9,2036846.79,1.44,-27.585
29.475,28.9,SM-33-P2,479399.9,2036846.79,1.44,-28.035
29.925,32.5,SM-33-P2,479399.9,2036846.79,1.44,-28.485
30.375,33.5,SM-33-P2,479399.9,2036846.79,1.44,-28.935
30.825,30.7,SM-33-P2,479399.9,2036846.79,1.44,-29.385
31.05,34.8,SM-33-P2,479399.9,2036846.79,1.44,-29.61
31.05,34.7,SM-33-P2,479399.9,2036846.79,1.44,-29.61
31.275,40.2,SM-33-P2,479399.9,2036846.79,1.44,-29.835
31.725,22.3,SM-33-P2,479399.9,2036846.79,1.44,-30.285
32.175,7.9,SM-33-P2,479399.9,2036846.79,1.44,-30.735
32.4,25.9,SM-33-P2,479399.9,2036846.79,1.44,-30.96
32.625,14.6,SM-33-P2,479399.9,2036846.79,1.44,-31.185
33.075,17.4,SM-33-P2,479399.9,2036846.79,1.44,-31.635
33.525,17.4,SM-33-P2,479399.9,2036846.79,1.44,-32.085
33.975,19.7,SM-33-P2,479399.9,2036846.79,1.44,-32.535
34.425,17.9,SM-33-P2,479399.9,2036846.79,1.44,-32.985
34.875,19.6,SM-33-P2,479399.9,2036846.79,1.44,-33.435
35.1,13.5,SM-33-P2,479399.9,2036846.79,1.44,-33.66
35.325,19.8,SM-33-P2,479399.9,2036846.79,1.44,-33.885
35.775,22.3,SM-33-P2,479399.9,2036846.79,1.44,-34.335
36.225,20.2,SM-33-P2,479399.9,2036846.79,1.44,-34.785
36.675,20.3,SM-33-P2,479399.9,2036846.79,1.44,-35.235
36.9,19,SM-33-P2,479399.9,2036846.79,1.44,-35.46
37.125,23.2,SM-33-P2,479399.9,2036846.79,1.44,-35.685
37.575,32.5,SM-33-P2,479399.9,2036846.79,1.44,-36.135
38.025,30.3,SM-33-P2,479399.9,2036846.79,1.44,-36.585
38.475,24.1,SM-33-P2,479399.9,2036846.79,1.44,-37.035
38.7,24.2,SM-33-P2,479399.9,2036846.79,1.44,-37.26
38.925,26.6,SM-33-P2,479399.9,2036846.79,1.44,-37.485
39.15,14.9,SM-33-P2,479399.9,2036846.79,1.44,-37.71
39.375,25.9,SM-33-P2,479399.9,2036846.79,1.44,-37.935
39.825,24.1,SM-33-P2,479399.9,2036846.79,1.44,-38.385
40.05,27.5,SM-33-P2,479399.9,2036846.79,1.44,-38.61
40.275,18.4,SM-33-P2,479399.9,2036846.79,1.44,-38.835
40.725,26.4,SM-33-P2,479399.9,2036846.79,1.44,-39.285
41.175,24.6,SM-33-P2,479399.9,2036846.79,1.44,-39.735
41.625,22.7,SM-33-P2,479399.9,2036846.79,1.44,-40.185
42.075,27.3,SM-33-P2,479399.9,2036846.79,1.44,-40.635
42.525,20.2,SM-33-P2,479399.9,2036846.79,1.44,-41.085
42.975,14.9,SM-33-P2,479399.9,2036846.79,1.44,-41.535
43.425,26.5,SM-33-P2,479399.9,2036846.79,1.44,-41.985
43.875,18.8,SM-33-P2,479399.9,2036846.79,1.44,-42.435
44.325,16,SM-33-P2,479399.9,2036846.79,1.44,-42.885
44.775,21.2,SM-33-P2,479399.9,2036846.79,1.44,-43.335
45,32.9,SM-33-P2,479399.9,2036846.79,1.44,-43.56
45.225,21.2,SM-33-P2,479399.9,2036846.79,1.44,-43.785
45.675,24.3,SM-33-P2,479399.9,2036846.79,1.44,-44.235
45.9,17.6,SM-33-P2,479399.9,2036846.79,1.44,-44.46
45.9,21,SM-33-P2,479399.9,2036846.79,1.44,-44.46
46.125,11,SM-33-P2,479399.9,2036846.79,1.44,-44.685
46.575,15.7,SM-33-P2,479399.9,2036846.79,1.44,-45.135
47.025,13.2,SM-33-P2,479399.9,2036846.79,1.44,-45.585
47.385,12.4,SM-33-P2,479399.9,2036846.79,1.44,-45.945
47.925,15,SM-33-P2,479399.9,2036846.79,1.44,-46.485
48.15,8.3,SM-33-P2,479399.9,2036846.79,1.44,-46.71
48.375,16.3,SM-33-P2,479399.9,2036846.79,1.44,-46.935
48.6,20,SM-33-P2,479399.9,2036846.79,1.44,-47.16
48.825,16.6,SM-33-P2,479399.9,2036846.79,1.44,-47.385
49.275,26.4,SM-33-P2,479399.9,2036846.79,1.44,-47.835
49.725,15.9,SM-33-P2,479399.9,2036846.79,1.44,-48.285
50.175,11.8,SM-33-P2,479399.9,2036846.79,1.44,-48.735
0.23,18.7,SM-24-P2,479387.3,2037585.89,1.9,1.67
0.56,21,SM-24-P2,479387.3,2037585.89,1.9,1.34
0.79,16,SM-24-P2,479387.3,2037585.89,1.9,1.11
1.01,16.4,SM-24-P2,479387.3,2037585.89,1.9,0.89
1.24,17.8,SM-24-P2,479387.3,2037585.89,1.9,0.66
1.41,19.1,SM-24-P2,479387.3,2037585.89,1.9,0.49
1.52,20.7,SM-24-P2,479387.3,2037585.89,1.9,0.38
1.63,23.9,SM-24-P2,479387.3,2037585.89,1.9,0.27
1.74,27.2,SM-24-P2,479387.3,2037585.89,1.9,0.16
1.91,28,SM-24-P2,479387.3,2037585.89,1.9,-0.01
2.14,21.9,SM-24-P2,479387.3,2037585.89,1.9,-0.24
2.48,17.1,SM-24-P2,479387.3,2037585.89,1.9,-0.58
2.81,24.2,SM-24-P2,479387.3,2037585.89,1.9,-0.91
3.04,19.1,SM-24-P2,479387.3,2037585.89,1.9,-1.14
3.26,16.7,SM-24-P2,479387.3,2037585.89,1.9,-1.36
3.49,19,SM-24-P2,479387.3,2037585.89,1.9,-1.59
3.71,20.1,SM-24-P2,479387.3,2037585.89,1.9,-1.81
3.94,19.1,SM-24-P2,479387.3,2037585.89,1.9,-2.04
4.28,22.3,SM-24-P2,479387.3,2037585.89,1.9,-2.38
4.72,26.8,SM-24-P2,479387.3,2037585.89,1.9,-2.82
5.18,23.9,SM-24-P2,479387.3,2037585.89,1.9,-3.28
5.63,25.9,SM-24-P2,479387.3,2037585.89,1.9,-3.73
5.96,18,SM-24-P2,479387.3,2037585.89,1.9,-4.06
6.19,16.1,SM-24-P2,479387.3,2037585.89,1.9,-4.29
6.41,22.2,SM-24-P2,479387.3,2037585.89,1.9,-4.51
6.64,35.5,SM-24-P2,479387.3,2037585.89,1.9,-4.74
6.98,47.6,SM-24-P2,479387.3,2037585.89,1.9,-5.08
7.43,47.4,SM-24-P2,479387.3,2037585.89,1.9,-5.53
7.76,30.6,SM-24-P2,479387.3,2037585.89,1.9,-5.86
7.99,39.5,SM-24-P2,479387.3,2037585.89,1.9,-6.09
8.18,45.5,SM-24-P2,479387.3,2037585.89,1.9,-6.28
8.32,38.4,SM-24-P2,479387.3,2037585.89,1.9,-6.42
8.48,45.3,SM-24-P2,479387.3,2037585.89,1.9,-6.58
8.66,45.1,SM-24-P2,479387.3,2037585.89,1.9,-6.76
8.89,36.8,SM-24-P2,479387.3,2037585.89,1.9,-6.99
9.11,48.1,SM-24-P2,479387.3,2037585.89,1.9,-7.21
9.34,36.1,SM-24-P2,479387.3,2037585.89,1.9,-7.44
9.68,43.2,SM-24-P2,479387.3,2037585.89,1.9,-7.78
9.98,36.8,SM-24-P2,479387.3,2037585.89,1.9,-8.08
10.13,48.7,SM-24-P2,479387.3,2037585.89,1.9,-8.23
10.27,39.7,SM-24-P2,479387.3,2037585.89,1.9,-8.37
10.58,43.5,SM-24-P2,479387.3,2037585.89,1.9,-8.68
10.88,43.2,SM-24-P2,479387.3,2037585.89,1.9,-8.98
11.02,43.4,SM-24-P2,479387.3,2037585.89,1.9,-9.12
11.18,45.9,SM-24-P2,479387.3,2037585.89,1.9,-9.28
11.33,41.3,SM-24-P2,479387.3,2037585.89,1.9,-9.43
11.48,42.9,SM-24-P2,479387.3,2037585.89,1.9,-9.58
11.63,41.2,SM-24-P2,479387.3,2037585.89,1.9,-9.73
11.93,45.2,SM-24-P2,479387.3,2037585.89,1.9,-10.03
12.23,42.2,SM-24-P2,479387.3,2037585.89,1.9,-10.33
12.38,39.3,SM-24-P2,479387.3,2037585.89,1.9,-10.48
12.52,48.2,SM-24-P2,479387.3,2037585.89,1.9,-10.62
12.83,45.6,SM-24-P2,479387.3,2037585.89,1.9,-10.93
13.28,43,SM-24-P2,479387.3,2037585.89,1.9,-11.38
13.73,43.2,SM-24-P2,479387.3,2037585.89,1.9,-11.83
14.18,51.9,SM-24-P2,479387.3,2037585.89,1.9,-12.28
14.63,48.7,SM-24-P2,479387.3,2037585.89,1.9,-12.73
15.08,49.9,SM-24-P2,479387.3,2037585.89,1.9,-13.18
15.53,52.6,SM-24-P2,479387.3,2037585.89,1.9,-13.63
15.98,54,SM-24-P2,479387.3,2037585.89,1.9,-14.08
16.27,38.4,SM-24-P2,479387.3,2037585.89,1.9,-14.37
16.43,25.2,SM-24-P2,479387.3,2037585.89,1.9,-14.53
16.58,31.6,SM-24-P2,479387.3,2037585.89,1.9,-14.68
16.73,20.1,SM-24-P2,479387.3,2037585.89,1.9,-14.83
16.88,16.2,SM-24-P2,479387.3,2037585.89,1.9,-14.98
17.02,15.6,SM-24-P2,479387.3,2037585.89,1.9,-15.12
17.33,16.6,SM-24-P2,479387.3,2037585.89,1.9,-15.43
17.77,17.1,SM-24-P2,479387.3,2037585.89,1.9,-15.87
18.23,21.8,SM-24-P2,479387.3,2037585.89,1.9,-16.33
18.67,17.3,SM-24-P2,479387.3,2037585.89,1.9,-16.77
19.13,21.7,SM-24-P2,479387.3,2037585.89,1.9,-17.23
19.58,21.8,SM-24-P2,479387.3,2037585.89,1.9,-17.68
20.02,23.2,SM-24-P2,479387.3,2037585.89,1.9,-18.12
20.48,25.7,SM-24-P2,479387.3,2037585.89,1.9,-18.58
20.92,23.8,SM-24-P2,479387.3,2037585.89,1.9,-19.02
21.38,23.3,SM-24-P2,479387.3,2037585.89,1.9,-19.48
21.83,23,SM-24-P2,479387.3,2037585.89,1.9,-19.93
22.16,23.4,SM-24-P2,479387.3,2037585.89,1.9,-20.26
22.39,20.4,SM-24-P2,479387.3,2037585.89,1.9,-20.49
22.73,24.6,SM-24-P2,479387.3,2037585.89,1.9,-20.83
23.17,22.7,SM-24-P2,479387.3,2037585.89,1.9,-21.27
23.63,21.6,SM-24-P2,479387.3,2037585.89,1.9,-21.73
24.08,20.8,SM-24-P2,479387.3,2037585.89,1.9,-22.18
24.53,23.9,SM-24-P2,479387.3,2037585.89,1.9,-22.63
24.98,22.5,SM-24-P2,479387.3,2037585.89,1.9,-23.08
25.42,20,SM-24-P2,479387.3,2037585.89,1.9,-23.52
25.88,24.6,SM-24-P2,479387.3,2037585.89,1.9,-23.98
26.33,24.8,SM-24-P2,479387.3,2037585.89,1.9,-24.43
26.78,36,SM-24-P2,479387.3,2037585.89,1.9,-24.88
27.23,26.4,SM-24-P2,479387.3,2037585.89,1.9,-25.33
27.67,30.4,SM-24-P2,479387.3,2037585.89,1.9,-25.77
28.13,24.4,SM-24-P2,479387.3,2037585.89,1.9,-26.23
28.58,24.2,SM-24-P2,479387.3,2037585.89,1.9,-26.68
29.03,25.7,SM-24-P2,479387.3,2037585.89,1.9,-27.13
29.48,26.1,SM-24-P2,479387.3,2037585.89,1.9,-27.58
29.92,27.3,SM-24-P2,479387.3,2037585.89,1.9,-28.02
30.38,28.1,SM-24-P2,479387.3,2037585.89,1.9,-28.48
30.83,21.4,SM-24-P2,479387.3,2037585.89,1.9,-28.93
31.28,23.4,SM-24-P2,479387.3,2037585.89,1.9,-29.38
31.73,25.9,SM-24-P2,479387.3,2037585.89,1.9,-29.83
32.17,24,SM-24-P2,479387.3,2037585.89,1.9,-30.27
32.47,20.8,SM-24-P2,479387.3,2037585.89,1.9,-30.57
32.63,32.8,SM-24-P2,479387.3,2037585.89,1.9,-30.73
32.78,19,SM-24-P2,479387.3,2037585.89,1.9,-30.88
33.08,23.8,SM-24-P2,479387.3,2037585.89,1.9,-31.18
33.53,24,SM-24-P2,479387.3,2037585.89,1.9,-31.63
33.98,24.7,SM-24-P2,479387.3,2037585.89,1.9,-32.08
34.42,32.7,SM-24-P2,479387.3,2037585.89,1.9,-32.52
34.88,27.9,SM-24-P2,479387.3,2037585.89,1.9,-32.98
35.33,33.1,SM-24-P2,479387.3,2037585.89,1.9,-33.43
35.78,31.1,SM-24-P2,479387.3,2037585.89,1.9,-33.88
36.23,22.4,SM-24-P2,479387.3,2037585.89,1.9,-34.33
36.56,23.9,SM-24-P2,479387.3,2037585.89,1.9,-34.66
36.79,33.5,SM-24-P2,479387.3,2037585.89,1.9,-34.89
37.13,22.2,SM-24-P2,479387.3,2037585.89,1.9,-35.23
37.46,26.3,SM-24-P2,479387.3,2037585.89,1.9,-35.56
37.69,22.4,SM-24-P2,479387.3,2037585.89,1.9,-35.79
38.03,28.4,SM-24-P2,479387.3,2037585.89,1.9,-36.13
38.48,28.9,SM-24-P2,479387.3,2037585.89,1.9,-36.58
38.92,30.6,SM-24-P2,479387.3,2037585.89,1.9,-37.02
39.38,29.6,SM-24-P2,479387.3,2037585.89,1.9,-37.48
39.83,30.7,SM-24-P2,479387.3,2037585.89,1.9,-37.93
40.28,30.7,SM-24-P2,479387.3,2037585.89,1.9,-38.38
40.73,23,SM-24-P2,479387.3,2037585.89,1.9,-38.83
41.18,20,SM-24-P2,479387.3,2037585.89,1.9,-39.28
41.63,22.1,SM-24-P2,479387.3,2037585.89,1.9,-39.73
41.96,25.7,SM-24-P2,479387.3,2037585.89,1.9,-40.06
42.19,21,SM-24-P2,479387.3,2037585.89,1.9,-40.29
42.53,21.3,SM-24-P2,479387.3,2037585.89,1.9,-40.63
42.98,20.2,SM-24-P2,479387.3,2037585.89,1.9,-41.08
43.43,23.6,SM-24-P2,479387.3,2037585.89,1.9,-41.53
43.72,23.2,SM-24-P2,479387.3,2037585.89,1.9,-41.82
43.88,25.5,SM-24-P2,479387.3,2037585.89,1.9,-41.98
44.03,24,SM-24-P2,479387.3,2037585.89,1.9,-42.13
44.33,24.4,SM-24-P2,479387.3,2037585.89,1.9,-42.43
44.78,20,SM-24-P2,479387.3,2037585.89,1.9,-42.88
45.23,19.7,SM-24-P2,479387.3,2037585.89,1.9,-43.33
45.68,20.8,SM-24-P2,479387.3,2037585.89,1.9,-43.78
45.97,23.5,SM-24-P2,479387.3,2037585.89,1.9,-44.07
46.13,24.6,SM-24-P2,479387.3,2037585.89,1.9,-44.23
46.28,24,SM-24-P2,479387.3,2037585.89,1.9,-44.38
46.41,24.9,SM-24-P2,479387.3,2037585.89,1.9,-44.51
46.52,26.8,SM-24-P2,479387.3,2037585.89,1.9,-44.62
46.63,19.9,SM-24-P2,479387.3,2037585.89,1.9,-44.73
46.74,19.7,SM-24-P2,479387.3,2037585.89,1.9,-44.84
46.91,21.7,SM-24-P2,479387.3,2037585.89,1.9,-45.01
47.14,24.1,SM-24-P2,479387.3,2037585.89,1.9,-45.24
47.33,25.2,SM-24-P2,479387.3,2037585.89,1.9,-45.43
47.47,26.2,SM-24-P2,479387.3,2037585.89,1.9,-45.57
47.63,21.7,SM-24-P2,479387.3,2037585.89,1.9,-45.73
47.93,19.7,SM-24-P2,479387.3,2037585.89,1.9,-46.03
48.25,18.3,SM-24-P2,479387.3,2037585.89,1.9,-46.35
48.8,18.7,SM-24-P2,479387.3,2037585.89,1.9,-46.9
49.28,21.8,SM-24-P2,479387.3,2037585.89,1.9,-47.38
49.73,20.6,SM-24-P2,479387.3,2037585.89,1.9,-47.83
50.18,21.1,SM-24-P2,479387.3,2037585.89,1.9,-48.28
50.63,21.7,SM-24-P2,479387.3,2037585.89,1.9,-48.73
0.23,19.4,SM-50-P1,477300,2037635,3.86,3.63
0.68,16,SM-50-P1,477300,2037635,3.86,3.18
1.13,15,SM-50-P1,477300,2037635,3.86,2.73
1.58,19.8,SM-50-P1,477300,2037635,3.86,2.28
2.03,22.3,SM-50-P1,477300,2037635,3.86,1.83
2.48,20.5,SM-50-P1,477300,2037635,3.86,1.38
2.93,19.2,SM-50-P1,477300,2037635,3.86,0.93
3.38,20.4,SM-50-P1,477300,2037635,3.86,0.48
3.83,17.8,SM-50-P1,477300,2037635,3.86,0.03
4.16,17.1,SM-50-P1,477300,2037635,3.86,-0.3
4.39,22.1,SM-50-P1,477300,2037635,3.86,-0.53
4.58,22.1,SM-50-P1,477300,2037635,3.86,-0.72
4.72,21.3,SM-50-P1,477300,2037635,3.86,-0.86
4.88,16.3,SM-50-P1,477300,2037635,3.86,-1.02
5.18,20.8,SM-50-P1,477300,2037635,3.86,-1.32
5.63,21.1,SM-50-P1,477300,2037635,3.86,-1.77
6.07,19.7,SM-50-P1,477300,2037635,3.86,-2.21
6.98,50.2,SM-50-P1,477300,2037635,3.86,-3.12
7.28,55,SM-50-P1,477300,2037635,3.86,-3.42
7.43,196.4,SM-50-P1,477300,2037635,3.86,-3.57
7.58,50.5,SM-50-P1,477300,2037635,3.86,-3.72
7.88,52.9,SM-50-P1,477300,2037635,3.86,-4.02
8.32,42.2,SM-50-P1,477300,2037635,3.86,-4.46
8.78,33.3,SM-50-P1,477300,2037635,3.86,-4.92
9.11,34.6,SM-50-P1,477300,2037635,3.86,-5.25
9.34,40.8,SM-50-P1,477300,2037635,3.86,-5.48
9.68,42,SM-50-P1,477300,2037635,3.86,-5.82
10.13,31.1,SM-50-P1,477300,2037635,3.86,-6.27
10.58,25.9,SM-50-P1,477300,2037635,3.86,-6.72
11.48,43.3,SM-50-P1,477300,2037635,3.86,-7.62
11.81,49.6,SM-50-P1,477300,2037635,3.86,-7.95
12.04,44.8,SM-50-P1,477300,2037635,3.86,-8.18
12.38,45.3,SM-50-P1,477300,2037635,3.86,-8.52
12.83,42.4,SM-50-P1,477300,2037635,3.86,-8.97
13.28,41,SM-50-P1,477300,2037635,3.86,-9.42
13.73,42.2,SM-50-P1,477300,2037635,3.86,-9.87
14.18,44,SM-50-P1,477300,2037635,3.86,-10.32
14.63,45.8,SM-50-P1,477300,2037635,3.86,-10.77
14.96,49.6,SM-50-P1,477300,2037635,3.86,-11.1
15.19,34.7,SM-50-P1,477300,2037635,3.86,-11.33
15.53,30,SM-50-P1,477300,2037635,3.86,-11.67
15.98,30.9,SM-50-P1,477300,2037635,3.86,-12.12
16.42,23.9,SM-50-P1,477300,2037635,3.86,-12.56
16.88,27.6,SM-50-P1,477300,2037635,3.86,-13.02
17.33,38.3,SM-50-P1,477300,2037635,3.86,-13.47
17.77,26.5,SM-50-P1,477300,2037635,3.86,-13.91
18.23,25.8,SM-50-P1,477300,2037635,3.86,-14.37
18.56,38,SM-50-P1,477300,2037635,3.86,-14.7
18.79,27,SM-50-P1,477300,2037635,3.86,-14.93
19.13,39.7,SM-50-P1,477300,2037635,3.86,-15.27
19.58,43.9,SM-50-P1,477300,2037635,3.86,-15.72
20.02,46.6,SM-50-P1,477300,2037635,3.86,-16.16
20.48,211.3,SM-50-P1,477300,2037635,3.86,-16.62
20.92,20.7,SM-50-P1,477300,2037635,3.86,-17.06
21.38,21.4,SM-50-P1,477300,2037635,3.86,-17.52
21.66,20.7,SM-50-P1,477300,2037635,3.86,-17.8
21.77,21.6,SM-50-P1,477300,2037635,3.86,-17.91
21.88,19.4,SM-50-P1,477300,2037635,3.86,-18.02
21.99,23,SM-50-P1,477300,2037635,3.86,-18.13
22.13,21.5,SM-50-P1,477300,2037635,3.86,-18.27
22.28,19.9,SM-50-P1,477300,2037635,3.86,-18.42
22.43,20.2,SM-50-P1,477300,2037635,3.86,-18.57
22.55,22.1,SM-50-P1,477300,2037635,3.86,-18.69
22.64,20.7,SM-50-P1,477300,2037635,3.86,-18.78
22.73,20.9,SM-50-P1,477300,2037635,3.86,-18.87
22.82,19.6,SM-50-P1,477300,2037635,3.86,-18.96
22.91,20.1,SM-50-P1,477300,2037635,3.86,-19.05
23.17,20.2,SM-50-P1,477300,2037635,3.86,-19.31
23.51,21.8,SM-50-P1,477300,2037635,3.86,-19.65
23.74,20.2,SM-50-P1,477300,2037635,3.86,-19.88
23.96,17.77,SM-50-P1,477300,2037635,3.86,-20.1
24.19,20.3,SM-50-P1,477300,2037635,3.86,-20.33
24.41,19.7,SM-50-P1,477300,2037635,3.86,-20.55
24.64,19.3,SM-50-P1,477300,2037635,3.86,-20.78
24.86,20.7,SM-50-P1,477300,2037635,3.86,-21
25.09,23.5,SM-50-P1,477300,2037635,3.86,-21.23
25.42,26,SM-50-P1,477300,2037635,3.86,-21.56
25.88,21.9,SM-50-P1,477300,2037635,3.86,-22.02
26.33,23.9,SM-50-P1,477300,2037635,3.86,-22.47
26.63,28.4,SM-50-P1,477300,2037635,3.86,-22.77
26.78,25.8,SM-50-P1,477300,2037635,3.86,-22.92
26.93,20.5,SM-50-P1,477300,2037635,3.86,-23.07
27.11,19.4,SM-50-P1,477300,2037635,3.86,-23.25
27.34,18.5,SM-50-P1,477300,2037635,3.86,-23.48
27.67,21.3,SM-50-P1,477300,2037635,3.86,-23.81
28.13,24.2,SM-50-P1,477300,2037635,3.86,-24.27
28.46,24.7,SM-50-P1,477300,2037635,3.86,-24.6
28.69,24.4,SM-50-P1,477300,2037635,3.86,-24.83
29.03,23.2,SM-50-P1,477300,2037635,3.86,-25.17
29.48,23.8,SM-50-P1,477300,2037635,3.86,-25.62
29.81,24.4,SM-50-P1,477300,2037635,3.86,-25.95
30.04,21.2,SM-50-P1,477300,2037635,3.86,-26.18
30.23,18.2,SM-50-P1,477300,2037635,3.86,-26.37
30.38,36.3,SM-50-P1,477300,2037635,3.86,-26.52
30.53,30.9,SM-50-P1,477300,2037635,3.86,-26.67
30.75,15.6,SM-50-P1,477300,2037635,3.86,-26.89
31.28,11.5,SM-50-P1,477300,2037635,3.86,-27.42
31.73,46.4,SM-50-P1,477300,2037635,3.86,-27.87
32.17,28.9,SM-50-P1,477300,2037635,3.86,-28.31
32.63,24.7,SM-50-P1,477300,2037635,3.86,-28.77
33.08,25.2,SM-50-P1,477300,2037635,3.86,-29.22
33.53,26.6,SM-50-P1,477300,2037635,3.86,-29.67
34.31,23.4,SM-50-P1,477300,2037635,3.86,-30.45
34.54,246,SM-50-P1,477300,2037635,3.86,-30.68
35.33,60.9,SM-50-P1,477300,2037635,3.86,-31.47
35.63,68.6,SM-50-P1,477300,2037635,3.86,-31.77
35.78,48.3,SM-50-P1,477300,2037635,3.86,-31.92
35.92,27.4,SM-50-P1,477300,2037635,3.86,-32.06
36.11,29.1,SM-50-P1,477300,2037635,3.86,-32.25
36.34,30.7,SM-50-P1,477300,2037635,3.86,-32.48
36.53,26.9,SM-50-P1,477300,2037635,3.86,-32.67
36.67,23.4,SM-50-P1,477300,2037635,3.86,-32.81
36.83,23.5,SM-50-P1,477300,2037635,3.86,-32.97
37.01,21,SM-50-P1,477300,2037635,3.86,-33.15
37.24,24.1,SM-50-P1,477300,2037635,3.86,-33.38
37.58,24.2,SM-50-P1,477300,2037635,3.86,-33.72
37.88,24.9,SM-50-P1,477300,2037635,3.86,-34.02
38.03,24,SM-50-P1,477300,2037635,3.86,-34.17
38.17,23.5,SM-50-P1,477300,2037635,3.86,-34.31
38.33,25.9,SM-50-P1,477300,2037635,3.86,-34.47
38.47,24.6,SM-50-P1,477300,2037635,3.86,-34.61
38.63,22.6,SM-50-P1,477300,2037635,3.86,-34.77
38.76,22.6,SM-50-P1,477300,2037635,3.86,-34.9
38.87,19.8,SM-50-P1,477300,2037635,3.86,-35.01
38.98,26.9,SM-50-P1,477300,2037635,3.86,-35.12
39.09,20.1,SM-50-P1,477300,2037635,3.86,-35.23
39.26,21.3,SM-50-P1,477300,2037635,3.86,-35.4
39.49,19.5,SM-50-P1,477300,2037635,3.86,-35.63
39.8,19,SM-50-P1,477300,2037635,3.86,-35.94
40.17,20.4,SM-50-P1,477300,2037635,3.86,-36.31
40.64,19.4,SM-50-P1,477300,2037635,3.86,-36.78
41.02,19.6,SM-50-P1,477300,2037635,3.86,-37.16
41.51,20.7,SM-50-P1,477300,2037635,3.86,-37.65
41.74,25,SM-50-P1,477300,2037635,3.86,-37.88
42.08,23.2,SM-50-P1,477300,2037635,3.86,-38.22
42.41,27.8,SM-50-P1,477300,2037635,3.86,-38.55
42.64,2.7,SM-50-P1,477300,2037635,3.86,-38.78
42.86,24.2,SM-50-P1,477300,2037635,3.86,-39
43.09,24.5,SM-50-P1,477300,2037635,3.86,-39.23
43.43,27.2,SM-50-P1,477300,2037635,3.86,-39.57
43.88,24.3,SM-50-P1,477300,2037635,3.86,-40.02
44.33,24.4,SM-50-P1,477300,2037635,3.86,-40.47
44.78,27.1,SM-50-P1,477300,2037635,3.86,-40.92
45.11,29.6,SM-50-P1,477300,2037635,3.86,-41.25
45.34,26.9,SM-50-P1,477300,2037635,3.86,-41.48
45.56,29.9,SM-50-P1,477300,2037635,3.86,-41.7
45.79,28,SM-50-P1,477300,2037635,3.86,-41.93
46.13,28.5,SM-50-P1,477300,2037635,3.86,-42.27
46.58,23.3,SM-50-P1,477300,2037635,3.86,-42.72
47.03,27.8,SM-50-P1,477300,2037635,3.86,-43.17
47.48,31,SM-50-P1,477300,2037635,3.86,-43.62
47.81,34.6,SM-50-P1,477300,2037635,3.86,-43.95
48.04,33.1,SM-50-P1,477300,2037635,3.86,-44.18
48.38,30.5,SM-50-P1,477300,2037635,3.86,-44.52
48.66,37.4,SM-50-P1,477300,2037635,3.86,-44.8
48.77,32.5,SM-50-P1,477300,2037635,3.86,-44.91
48.88,29.5,SM-50-P1,477300,2037635,3.86,-45.02
48.99,19.7,SM-50-P1,477300,2037635,3.86,-45.13
49.28,21.7,SM-50-P1,477300,2037635,3.86,-45.42
49.73,22.9,SM-50-P1,477300,2037635,3.86,-45.87
50.06,29.5,SM-50-P1,477300,2037635,3.86,-46.2
50.29,24.7,SM-50-P1,477300,2037635,3.86,-46.43
50.5,23.8,SM-50-P1,477300,2037635,3.86,-46.64
50.7,18.3,SM-50-P1,477300,2037635,3.86,-46.84
50.93,18.3,SM-50-P1,477300,2037635,3.86,-47.07
16.1,37,SM-46-P1,477751.46,2038302.66,3.66,-12.44
19.3,45,SM-46-P1,477751.46,2038302.66,3.66,-15.64
0.23,35.6,SM-23-P2,478975.93,2037540.89,2.13,1.9
0.68,40.5,SM-23-P2,478975.93,2037540.89,2.13,1.45
1.01,32.3,SM-23-P2,478975.93,2037540.89,2.13,1.12
1.24,22.2,SM-23-P2,478975.93,2037540.89,2.13,0.89
1.58,23.8,SM-23-P2,478975.93,2037540.89,2.13,0.55
1.91,23,SM-23-P2,478975.93,2037540.89,2.13,0.22
2.14,31.5,SM-23-P2,478975.93,2037540.89,2.13,-0.01
2.48,29.9,SM-23-P2,478975.93,2037540.89,2.13,-0.35
2.93,52.7,SM-23-P2,478975.93,2037540.89,2.13,-0.8
3.38,33,SM-23-P2,478975.93,2037540.89,2.13,-1.25
3.83,31.4,SM-23-P2,478975.93,2037540.89,2.13,-1.7
4.28,25.7,SM-23-P2,478975.93,2037540.89,2.13,-2.15
4.72,18.4,SM-23-P2,478975.93,2037540.89,2.13,-2.59
5.18,19.4,SM-23-P2,478975.93,2037540.89,2.13,-3.05
5.63,17.8,SM-23-P2,478975.93,2037540.89,2.13,-3.5
6.07,20.9,SM-23-P2,478975.93,2037540.89,2.13,-3.94
6.53,22.6,SM-23-P2,478975.93,2037540.89,2.13,-4.4
6.98,20.2,SM-23-P2,478975.93,2037540.89,2.13,-4.85
7.43,19.5,SM-23-P2,478975.93,2037540.89,2.13,-5.3
7.88,16.9,SM-23-P2,478975.93,2037540.89,2.13,-5.75
8.32,38.8,SM-23-P2,478975.93,2037540.89,2.13,-6.19
8.78,31.8,SM-23-P2,478975.93,2037540.89,2.13,-6.65
9.23,31,SM-23-P2,478975.93,2037540.89,2.13,-7.1
9.68,26.8,SM-23-P2,478975.93,2037540.89,2.13,-7.55
10.13,22.1,SM-23-P2,478975.93,2037540.89,2.13,-8
10.58,18.6,SM-23-P2,478975.93,2037540.89,2.13,-8.45
11.03,16.9,SM-23-P2,478975.93,2037540.89,2.13,-8.9
11.48,19.3,SM-23-P2,478975.93,2037540.89,2.13,-9.35
11.93,39.5,SM-23-P2,478975.93,2037540.89,2.13,-9.8
12.38,39.8,SM-23-P2,478975.93,2037540.89,2.13,-10.25
12.83,47.2,SM-23-P2,478975.93,2037540.89,2.13,-10.7
13.28,43.4,SM-23-P2,478975.93,2037540.89,2.13,-11.15
13.73,41.4,SM-23-P2,478975.93,2037540.89,2.13,-11.6
14.18,42.9,SM-23-P2,478975.93,2037540.89,2.13,-12.05
14.63,45.5,SM-23-P2,478975.93,2037540.89,2.13,-12.5
15.08,48,SM-23-P2,478975.93,2037540.89,2.13,-12.95
15.53,48.2,SM-23-P2,478975.93,2037540.89,2.13,-13.4
15.98,52.4,SM-23-P2,478975.93,2037540.89,2.13,-13.85
16.42,49.8,SM-23-P2,478975.93,2037540.89,2.13,-14.29
16.73,37.7,SM-23-P2,478975.93,2037540.89,2.13,-14.6
16.88,42.3,SM-23-P2,478975.93,2037540.89,2.13,-14.75
17.02,22,SM-23-P2,478975.93,2037540.89,2.13,-14.89
17.33,21.7,SM-23-P2,478975.93,2037540.89,2.13,-15.2
17.77,20.2,SM-23-P2,478975.93,2037540.89,2.13,-15.64
18.23,17,SM-23-P2,478975.93,2037540.89,2.13,-16.1
18.67,21.1,SM-23-P2,478975.93,2037540.89,2.13,-16.54
19.13,29,SM-23-P2,478975.93,2037540.89,2.13,-17
19.58,23.5,SM-23-P2,478975.93,2037540.89,2.13,-17.45
20.02,22.8,SM-23-P2,478975.93,2037540.89,2.13,-17.89
20.48,22.8,SM-23-P2,478975.93,2037540.89,2.13,-18.35
20.92,25.8,SM-23-P2,478975.93,2037540.89,2.13,-18.79
21.38,23.4,SM-23-P2,478975.93,2037540.89,2.13,-19.25
21.83,22.5,SM-23-P2,478975.93,2037540.89,2.13,-19.7
22.28,22.1,SM-23-P2,478975.93,2037540.89,2.13,-20.15
22.73,25.6,SM-23-P2,478975.93,2037540.89,2.13,-20.6
23.17,24.4,SM-23-P2,478975.93,2037540.89,2.13,-21.04
23.63,23.3,SM-23-P2,478975.93,2037540.89,2.13,-21.5
24.08,20.1,SM-23-P2,478975.93,2037540.89,2.13,-21.95
24.53,22.4,SM-23-P2,478975.93,2037540.89,2.13,-22.4
24.98,23.6,SM-23-P2,478975.93,2037540.89,2.13,-22.85
25.42,23.2,SM-23-P2,478975.93,2037540.89,2.13,-23.29
25.88,24.4,SM-23-P2,478975.93,2037540.89,2.13,-23.75
26.18,26.1,SM-23-P2,478975.93,2037540.89,2.13,-24.05
26.33,51,SM-23-P2,478975.93,2037540.89,2.13,-24.2
26.48,49,SM-23-P2,478975.93,2037540.89,2.13,-24.35
26.78,31.8,SM-23-P2,478975.93,2037540.89,2.13,-24.65
27.23,46.7,SM-23-P2,478975.93,2037540.89,2.13,-25.1
27.67,36.6,SM-23-P2,478975.93,2037540.89,2.13,-25.54
27.96,30.7,SM-23-P2,478975.93,2037540.89,2.13,-25.83
28.07,31.1,SM-23-P2,478975.93,2037540.89,2.13,-25.94
28.18,37.2,SM-23-P2,478975.93,2037540.89,2.13,-26.05
28.29,30.4,SM-23-P2,478975.93,2037540.89,2.13,-26.16
28.58,28.9,SM-23-P2,478975.93,2037540.89,2.13,-26.45
29.03,28.9,SM-23-P2,478975.93,2037540.89,2.13,-26.9
29.48,30.8,SM-23-P2,478975.93,2037540.89,2.13,-27.35
29.92,26.4,SM-23-P2,478975.93,2037540.89,2.13,-27.79
30.38,29.4,SM-23-P2,478975.93,2037540.89,2.13,-28.25
30.83,27.5,SM-23-P2,478975.93,2037540.89,2.13,-28.7
31.28,26.7,SM-23-P2,478975.93,2037540.89,2.13,-29.15
31.73,26.4,SM-23-P2,478975.93,2037540.89,2.13,-29.6
32.17,25.9,SM-23-P2,478975.93,2037540.89,2.13,-30.04
32.63,34.1,SM-23-P2,478975.93,2037540.89,2.13,-30.5
32.96,40.1,SM-23-P2,478975.93,2037540.89,2.13,-30.83
33.19,23.7,SM-23-P2,478975.93,2037540.89,2.13,-31.06
33.53,26.7,SM-23-P2,478975.93,2037540.89,2.13,-31.4
33.98,23.1,SM-23-P2,478975.93,2037540.89,2.13,-31.85
34.42,22,SM-23-P2,478975.93,2037540.89,2.13,-32.29
34.88,23,SM-23-P2,478975.93,2037540.89,2.13,-32.75
35.21,17.7,SM-23-P2,478975.93,2037540.89,2.13,-33.08
35.44,32.5,SM-23-P2,478975.93,2037540.89,2.13,-33.31
35.78,31.9,SM-23-P2,478975.93,2037540.89,2.13,-33.65
36.11,34.3,SM-23-P2,478975.93,2037540.89,2.13,-33.98
36.34,38.8,SM-23-P2,478975.93,2037540.89,2.13,-34.21
36.67,33,SM-23-P2,478975.93,2037540.89,2.13,-34.54
37.13,26.4,SM-23-P2,478975.93,2037540.89,2.13,-35
37.58,22.3,SM-23-P2,478975.93,2037540.89,2.13,-35.45
38.03,22.3,SM-23-P2,478975.93,2037540.89,2.13,-35.9
38.48,22.6,SM-23-P2,478975.93,2037540.89,2.13,-36.35
38.92,29,SM-23-P2,478975.93,2037540.89,2.13,-36.79
39.38,25.7,SM-23-P2,478975.93,2037540.89,2.13,-37.25
39.83,31.4,SM-23-P2,478975.93,2037540.89,2.13,-37.7
40.28,19.6,SM-23-P2,478975.93,2037540.89,2.13,-38.15
40.73,20.3,SM-23-P2,478975.93,2037540.89,2.13,-38.6
41.18,19.4,SM-23-P2,478975.93,2037540.89,2.13,-39.05
41.63,22,SM-23-P2,478975.93,2037540.89,2.13,-39.5
42.08,27.9,SM-23-P2,478975.93,2037540.89,2.13,-39.95
42.53,28.5,SM-23-P2,478975.93,2037540.89,2.13,-40.4
42.98,29.7,SM-23-P2,478975.93,2037540.89,2.13,-40.85
43.43,23.3,SM-23-P2,478975.93,2037540.89,2.13,-41.3
43.88,27.5,SM-23-P2,478975.93,2037540.89,2.13,-41.75
44.33,27.2,SM-23-P2,478975.93,2037540.89,2.13,-42.2
44.78,29.8,SM-23-P2,478975.93,2037540.89,2.13,-42.65
45.23,30,SM-23-P2,478975.93,2037540.89,2.13,-43.1
45.56,32.1,SM-23-P2,478975.93,2037540.89,2.13,-43.43
45.79,28.6,SM-23-P2,478975.93,2037540.89,2.13,-43.66
46.01,30.7,SM-23-P2,478975.93,2037540.89,2.13,-43.88
46.24,20.5,SM-23-P2,478975.93,2037540.89,2.13,-44.11
46.49,24.8,SM-23-P2,478975.93,2037540.89,2.13,-44.36
46.88,14.8,SM-23-P2,478975.93,2037540.89,2.13,-44.75
47.36,19.6,SM-23-P2,478975.93,2037540.89,2.13,-45.23
47.59,32.3,SM-23-P2,478975.93,2037540.89,2.13,-45.46
47.93,24.2,SM-23-P2,478975.93,2037540.89,2.13,-45.8
48.38,20.5,SM-23-P2,478975.93,2037540.89,2.13,-46.25
48.83,24.3,SM-23-P2,478975.93,2037540.89,2.13,-46.7
49.28,20.5,SM-23-P2,478975.93,2037540.89,2.13,-47.15
49.73,22.1,SM-23-P2,478975.93,2037540.89,2.13,-47.6
50.18,25.3,SM-23-P2,478975.93,2037540.89,2.13,-48.05
0.11,18.3,SM-105-P2,,,,-0.11
0.34,13.2,SM-105-P2,,,,-0.34
0.68,21.3,SM-105-P2,,,,-0.68
1.13,19,SM-105-P2,,,,-1.13
1.58,21.1,SM-105-P2,,,,-1.58
2.03,20.8,SM-105-P2,,,,-2.03
2.48,22.6,SM-105-P2,,,,-2.48
2.93,21.5,SM-105-P2,,,,-2.93
3.38,21.8,SM-105-P2,,,,-3.38
3.71,21.9,SM-105-P2,,,,-3.71
3.94,23.9,SM-105-P2,,,,-3.94
4.28,26.7,SM-105-P2,,,,-4.28
4.72,18.7,SM-105-P2,,,,-4.72
5.18,20.8,SM-105-P2,,,,-5.18
5.63,19.1,SM-105-P2,,,,-5.63
6.07,24.6,SM-105-P2,,,,-6.07
6.53,22.7,SM-105-P2,,,,-6.53
6.98,21.2,SM-105-P2,,,,-6.98
7.43,24.7,SM-105-P2,,,,-7.43
7.88,21.4,SM-105-P2,,,,-7.88
8.32,24.3,SM-105-P2,,,,-8.32
8.78,22.4,SM-105-P2,,,,-8.78
9.23,19.5,SM-105-P2,,,,-9.23
9.68,19.5,SM-105-P2,,,,-9.68
10.13,15.3,SM-105-P2,,,,-10.13
10.58,14.7,SM-105-P2,,,,-10.58
11.03,16,SM-105-P2,,,,-11.03
11.48,18.3,SM-105-P2,,,,-11.48
11.93,16.1,SM-105-P2,,,,-11.93
12.26,23.3,SM-105-P2,,,,-12.26
12.49,54.3,SM-105-P2,,,,-12.49
12.83,52.6,SM-105-P2,,,,-12.83
13.28,45.58,SM-105-P2,,,,-13.28
13.73,54.4,SM-105-P2,,,,-13.73
14.18,54,SM-105-P2,,,,-14.18
14.63,48.8,SM-105-P2,,,,-14.63
15.08,58.1,SM-105-P2,,,,-15.08
15.53,59,SM-105-P2,,,,-15.53
15.98,35.6,SM-105-P2,,,,-15.98
16.31,27.4,SM-105-P2,,,,-16.31
16.54,17.7,SM-105-P2,,,,-16.54
16.88,16.9,SM-105-P2,,,,-16.88
17.21,23.7,SM-105-P2,,,,-17.21
17.44,27.7,SM-105-P2,,,,-17.44
17.66,31.6,SM-105-P2,,,,-17.66
17.89,21.8,SM-105-P2,,,,-17.89
18.11,31.3,SM-105-P2,,,,-18.11
18.34,24.8,SM-105-P2,,,,-18.34
18.56,21.3,SM-105-P2,,,,-18.56
18.79,20.4,SM-105-P2,,,,-18.79
18.98,20.3,SM-105-P2,,,,-18.98
19.13,19.8,SM-105-P2,,,,-19.13
19.27,19.8,SM-105-P2,,,,-19.27
19.58,20.3,SM-105-P2,,,,-19.58
20.02,18,SM-105-P2,,,,-20.02
20.48,24.5,SM-105-P2,,,,-20.48
20.92,21,SM-105-P2,,,,-20.92
21.38,23.5,SM-105-P2,,,,-21.38
21.83,24.6,SM-105-P2,,,,-21.83
22.28,24,SM-105-P2,,,,-22.28
22.73,20,SM-105-P2,,,,-22.73
23.17,20.8,SM-105-P2,,,,-23.17
23.63,19.1,SM-105-P2,,,,-23.63
24.08,21.1,SM-105-P2,,,,-24.08
24.53,23.2,SM-105-P2,,,,-24.53
24.86,20.3,SM-105-P2,,,,-24.86
25.09,19,SM-105-P2,,,,-25.09
25.42,20.7,SM-105-P2,,,,-25.42
25.76,22.7,SM-105-P2,,,,-25.76
25.99,21.6,SM-105-P2,,,,-25.99
26.33,22.4,SM-105-P2,,,,-26.33
26.66,21.1,SM-105-P2,,,,-26.66
26.89,42.5,SM-105-P2,,,,-26.89
27.23,25.2,SM-105-P2,,,,-27.23
27.67,29.5,SM-105-P2,,,,-27.67
28.01,18.1,SM-105-P2,,,,-28.01
28.24,25.2,SM-105-P2,,,,-28.24
28.46,58.1,SM-105-P2,,,,-28.46
28.69,17.6,SM-105-P2,,,,-28.69
29.03,19.5,SM-105-P2,,,,-29.03
29.36,28.6,SM-105-P2,,,,-29.36
29.59,28.8,SM-105-P2,,,,-29.59
29.92,23.3,SM-105-P2,,,,-29.92
30.26,25.2,SM-105-P2,,,,-30.26
30.49,24.4,SM-105-P2,,,,-30.49
30.83,28.4,SM-105-P2,,,,-30.83
31.28,23.3,SM-105-P2,,,,-31.28
31.58,21.2,SM-105-P2,,,,-31.58
31.73,61.1,SM-105-P2,,,,-31.73
31.88,24.2,SM-105-P2,,,,-31.88
32.03,22.6,SM-105-P2,,,,-32.03
32.17,23.4,SM-105-P2,,,,-32.17
32.33,24.8,SM-105-P2,,,,-32.33
32.63,26,SM-105-P2,,,,-32.63
33.08,25.6,SM-105-P2,,,,-33.08
33.53,22.4,SM-105-P2,,,,-33.53
33.83,26,SM-105-P2,,,,-33.83
33.97,21.6,SM-105-P2,,,,-33.97
34.13,21.8,SM-105-P2,,,,-34.13
34.28,21,SM-105-P2,,,,-34.28
34.42,23.1,SM-105-P2,,,,-34.42
34.58,21.7,SM-105-P2,,,,-34.58
34.88,24.4,SM-105-P2,,,,-34.88
35.21,25.8,SM-105-P2,,,,-35.21
35.44,26.7,SM-105-P2,,,,-35.44
35.66,20.5,SM-105-P2,,,,-35.66
35.89,26.7,SM-105-P2,,,,-35.89
36.23,21.1,SM-105-P2,,,,-36.23
36.67,22.9,SM-105-P2,,,,-36.67
37.13,22,SM-105-P2,,,,-37.13
37.46,31.4,SM-105-P2,,,,-37.46
37.69,22.8,SM-105-P2,,,,-37.69
38.03,26,SM-105-P2,,,,-38.03
38.48,32.2,SM-105-P2,,,,-38.48
38.81,32.1,SM-105-P2,,,,-38.81
39.04,21.1,SM-105-P2,,,,-39.04
39.38,36.8,SM-105-P2,,,,-39.38
39.83,20.2,SM-105-P2,,,,-39.83
40.28,23.9,SM-105-P2,,,,-40.28
40.73,23.4,SM-105-P2,,,,-40.73
41.18,22.7,SM-105-P2,,,,-41.18
41.45,29.3,SM-105-P2,,,,-41.45
41.54,20.5,SM-105-P2,,,,-41.54
41.63,20,SM-105-P2,,,,-41.63
41.72,24.6,SM-105-P2,,,,-41.72
41.81,15.6,SM-105-P2,,,,-41.81
42.08,20.9,SM-105-P2,,,,-42.08
42.53,21.7,SM-105-P2,,,,-42.53
42.86,17.1,SM-105-P2,,,,-42.86
43.09,14.3,SM-105-P2,,,,-43.09
43.43,16.6,SM-105-P2,,,,-43.43
43.88,16.1,SM-105-P2,,,,-43.88
44.21,24.2,SM-105-P2,,,,-44.21
44.44,28.4,SM-105-P2,,,,-44.44
44.78,27,SM-105-P2,,,,-44.78
45.23,28.2,SM-105-P2,,,,-45.23
45.68,28.1,SM-105-P2,,,,-45.68
46.01,22.6,SM-105-P2,,,,-46.01
46.24,27.8,SM-105-P2,,,,-46.24
46.58,31.1,SM-105-P2,,,,-46.58
47.03,36.3,SM-105-P2,,,,-47.03
47.48,21,SM-105-P2,,,,-47.48
47.93,19.8,SM-105-P2,,,,-47.93
48.26,26.2,SM-105-P2,,,,-48.26
48.49,23.8,SM-105-P2,,,,-48.49
48.71,18,SM-105-P2,,,,-48.71
48.94,20.6,SM-105-P2,,,,-48.94
49.16,26.1,SM-105-P2,,,,-49.16
49.39,15.5,SM-105-P2,,,,-49.39
49.73,16,SM-105-P2,,,,-49.73
50.18,13.4,SM-105-P2,,,,-50.18
50.63,15.6,SM-105-P2,,,,-50.63
51.08,10.7,SM-105-P2,,,,-51.08
51.53,10.9,SM-105-P2,,,,-51.53
51.98,16.5,SM-105-P2,,,,-51.98
52.43,12.8,SM-105-P2,,,,-52.43
52.88,22.2,SM-105-P2,,,,-52.88
53.33,30,SM-105-P2,,,,-53.33
53.66,25.2,SM-105-P2,,,,-53.66
53.89,29.5,SM-105-P2,,,,-53.89
54.23,28.6,SM-105-P2,,,,-54.23
54.56,32.3,SM-105-P2,,,,-54.56
54.79,29.3,SM-105-P2,,,,-54.79
55.13,30.9,SM-105-P2,,,,-55.13
55.58,25.1,SM-105-P2,,,,-55.58
56.03,24.2,SM-105-P2,,,,-56.03
56.36,23.5,SM-105-P2,,,,-56.36
56.59,17,SM-105-P2,,,,-56.59
56.81,19.7,SM-105-P2,,,,-56.81
57.04,16.7,SM-105-P2,,,,-57.04
57.22,22,SM-105-P2,,,,-57.22
57.38,14.1,SM-105-P2,,,,-57.38
57.53,15.3,SM-105-P2,,,,-57.53
57.83,14.8,SM-105-P2,,,,-57.83
58.13,17.4,SM-105-P2,,,,-58.13
58.28,17.7,SM-105-P2,,,,-58.28
58.43,16.4,SM-105-P2,,,,-58.43
58.68,16.1,SM-105-P2,,,,-58.68
59.18,15.8,SM-105-P2,,,,-59.18
59.47,13.4,SM-105-P2,,,,-59.47
59.63,14.3,SM-105-P2,,,,-59.63
59.78,20,SM-105-P2,,,,-59.78
59.96,22.6,SM-105-P2,,,,-59.96
60.19,15.9,SM-105-P2,,,,-60.19
60.38,15.1,SM-105-P2,,,,-60.38
60.53,14.7,SM-105-P2,,,,-60.53
60.88,15.6,SM-105-P2,,,,-60.88
61.38,13.9,SM-105-P2,,,,-61.38
61.88,17.2,SM-105-P2,,,,-61.88
62.33,13,SM-105-P2,,,,-62.33
62.78,19.1,SM-105-P2,,,,-62.78
63.23,20.7,SM-105-P2,,,,-63.23
63.68,19.3,SM-105-P2,,,,-63.68
64.01,19.3,SM-105-P2,,,,-64.01
64.24,34.2,SM-105-P2,,,,-64.24
64.57,35.6,SM-105-P2,,,,-64.57
65.03,28.5,SM-105-P2,,,,-65.03
65.47,22.8,SM-105-P2,,,,-65.47
65.93,26.6,SM-105-P2,,,,-65.93
66.38,36.2,SM-105-P2,,,,-66.38
66.82,32.4,SM-105-P2,,,,-66.82
67.28,33.8,SM-105-P2,,,,-67.28
67.72,34.6,SM-105-P2,,,,-67.72
68.18,34.4,SM-105-P2,,,,-68.18
68.63,42.5,SM-105-P2,,,,-68.63
69.07,43.9,SM-105-P2,,,,-69.07
69.53,41.7,SM-105-P2,,,,-69.53
69.97,39.8,SM-105-P2,,,,-69.97
70.43,31.9,SM-105-P2,,,,-70.43
70.88,26,SM-105-P2,,,,-70.88
71.32,22.3,SM-105-P2,,,,-71.32
71.78,35.3,SM-105-P2,,,,-71.78
72.22,23.3,SM-105-P2,,,,-72.22
72.68,20.9,SM-105-P2,,,,-72.68
73.13,20.5,SM-105-P2,,,,-73.13
73.57,19.6,SM-105-P2,,,,-73.57
74.03,26.8,SM-105-P2,,,,-74.03
74.4,21.8,SM-105-P2,,,,-74.4
74.93,22.3,SM-105-P2,,,,-74.93
75.38,20,SM-105-P2,,,,-75.38
75.82,22.4,SM-105-P2,,,,-75.82
76.28,22.7,SM-105-P2,,,,-76.28
76.61,23.7,SM-105-P2,,,,-76.61
76.84,18.6,SM-105-P2,,,,-76.84
77.18,19.3,SM-105-P2,,,,-77.18
77.47,20.1,SM-105-P2,,,,-77.47
77.61,20,SM-105-P2,,,,-77.61
77.75,16.9,SM-105-P2,,,,-77.75
77.88,12.9,SM-105-P2,,,,-77.88
77.93,17.5,SM-105-P2,,,,-77.93
78.34,19.2,SM-105-P2,,,,-78.34
78.41,13.5,SM-105-P2,,,,-78.41
78.81,23.8,SM-105-P2,,,,-78.81
78.92,14.8,SM-105-P2,,,,-78.92
79.03,17.6,SM-105-P2,,,,-79.03
79.14,13,SM-105-P2,,,,-79.14
79.23,20.9,SM-105-P2,,,,-79.23
79.29,19.2,SM-105-P2,,,,-79.29
79.72,18.6,SM-105-P2,,,,-79.72
80.32,27.8,SM-105-P2,,,,-80.32
80.63,28.9,SM-105-P2,,,,-80.63
80.78,24.8,SM-105-P2,,,,-80.78
80.93,15.7,SM-105-P2,,,,-80.93
81.11,23.5,SM-105-P2,,,,-81.11
81.34,24,SM-105-P2,,,,-81.34
81.68,21.2,SM-105-P2,,,,-81.68
82.13,28.1,SM-105-P2,,,,-82.13
82.57,27.3,SM-105-P2,,,,-82.57
82.98,28.1,SM-105-P2,,,,-82.98
83.48,24.1,SM-105-P2,,,,-83.48
83.78,20.2,SM-105-P2,,,,-83.78
84.3,24.9,SM-105-P2,,,,-84.3
84.75,25.8,SM-105-P2,,,,-84.75
85.13,27.7,SM-105-P2,,,,-85.13
85.61,26.6,SM-105-P2,,,,-85.61
85.84,21.9,SM-105-P2,,,,-85.84
86.18,23.7,SM-105-P2,,,,-86.18
86.46,23.4,SM-105-P2,,,,-86.46
86.57,22.3,SM-105-P2,,,,-86.57
86.68,25,SM-105-P2,,,,-86.68
86.79,20.8,SM-105-P2,,,,-86.79
86.96,23.6,SM-105-P2,,,,-86.96
87.19,25.6,SM-105-P2,,,,-87.19
87.38,23.3,SM-105-P2,,,,-87.38
87.53,25.7,SM-105-P2,,,,-87.53
87.68,25.6,SM-105-P2,,,,-87.68
87.85,21.7,SM-105-P2,,,,-87.85
88.05,14.8,SM-105-P2,,,,-88.05
88.43,28,SM-105-P2,,,,-88.43
88.76,23.6,SM-105-P2,,,,-88.76
88.99,21.5,SM-105-P2,,,,-88.99
89.32,26.9,SM-105-P2,,,,-89.32
89.66,25.4,SM-105-P2,,,,-89.66
89.89,19.8,SM-105-P2,,,,-89.89
90.23,28.2,SM-105-P2,,,,-90.23
90.56,22.5,SM-105-P2,,,,-90.56
90.79,34.6,SM-105-P2,,,,-90.79
91.13,32.6,SM-105-P2,,,,-91.13
91.57,35.8,SM-105-P2,,,,-91.57
91.88,38.7,SM-105-P2,,,,-91.88
92.03,38,SM-105-P2,,,,-92.03
92.18,37.1,SM-105-P2,,,,-92.18
92.48,37.6,SM-105-P2,,,,-92.48
92.93,34.9,SM-105-P2,,,,-92.93
93.38,37,SM-105-P2,,,,-93.38
93.71,37.9,SM-105-P2,,,,-93.71
93.94,48.7,SM-105-P2,,,,-93.94
94.16,40.8,SM-105-P2,,,,-94.16
94.39,29.9,SM-105-P2,,,,-94.39
94.58,28.2,SM-105-P2,,,,-94.58
94.73,28.8,SM-105-P2,,,,-94.73
94.88,24.2,SM-105-P2,,,,-94.88
95.06,27.5,SM-105-P2,,,,-95.06
95.29,27.7,SM-105-P2,,,,-95.29
95.51,24,SM-105-P2,,,,-95.51
95.74,20.8,SM-105-P2,,,,-95.74
95.93,20,SM-105-P2,,,,-95.93
96.08,21.9,SM-105-P2,,,,-96.08
96.23,25.3,SM-105-P2,,,,-96.23
96.53,21.8,SM-105-P2,,,,-96.53
96.98,24.4,SM-105-P2,,,,-96.98
97.31,16.9,SM-105-P2,,,,-97.31
97.54,23.3,SM-105-P2,,,,-97.54
97.73,30.1,SM-105-P2,,,,-97.73
97.88,19.9,SM-105-P2,,,,-97.88
98.03,20.6,SM-105-P2,,,,-98.03
98.18,25.1,SM-105-P2,,,,-98.18
98.33,20.5,SM-105-P2,,,,-98.33
98.48,18.6,SM-105-P2,,,,-98.48
98.66,38.1,SM-105-P2,,,,-98.66
98.89,10.9,SM-105-P2,,,,-98.89
99.03,19.6,SM-105-P2,,,,-99.03
99.09,17.3,SM-105-P2,,,,-99.09
99.15,20.9,SM-105-P2,,,,-99.15
99.21,17.6,SM-105-P2,,,,-99.21
99.27,20.7,SM-105-P2,,,,-99.27
99.49,17.6,SM-105-P2,,,,-99.49
99.56,19,SM-105-P2,,,,-99.56
99.98,14.4,SM-105-P2,,,,-99.98
100.46,33.6,SM-105-P2,,,,-100.46
100.69,18.2,SM-105-P2,,,,-100.69
101.03,25.8,SM-105-P2,,,,-101.03
0.23,4.1,SM-49-P1,477572.34,2038055.4,3.67,3.44
0.68,11.9,SM-49-P1,477572.34,2038055.4,3.67,2.99
1.13,13.9,SM-49-P1,477572.34,2038055.4,3.67,2.54
1.58,13.5,SM-49-P1,477572.34,2038055.4,3.67,2.09
2.03,21.8,SM-49-P1,477572.34,2038055.4,3.67,1.64
2.48,17,SM-49-P1,477572.34,2038055.4,3.67,1.19
2.93,20.4,SM-49-P1,477572.34,2038055.4,3.67,0.74
3.26,16.9,SM-49-P1,477572.34,2038055.4,3.67,0.41
3.49,23.7,SM-49-P1,477572.34,2038055.4,3.67,0.18
3.83,21.7,SM-49-P1,477572.34,2038055.4,3.67,-0.16
4.28,24.6,SM-49-P1,477572.34,2038055.4,3.67,-0.61
4.72,22.6,SM-49-P1,477572.34,2038055.4,3.67,-1.05
5.18,24.8,SM-49-P1,477572.34,2038055.4,3.67,-1.51
5.63,24.6,SM-49-P1,477572.34,2038055.4,3.67,-1.96
6.07,25.6,SM-49-P1,477572.34,2038055.4,3.67,-2.4
6.41,26.2,SM-49-P1,477572.34,2038055.4,3.67,-2.74
6.64,23.6,SM-49-P1,477572.34,2038055.4,3.67,-2.97
6.98,24.1,SM-49-P1,477572.34,2038055.4,3.67,-3.31
7.43,25.3,SM-49-P1,477572.34,2038055.4,3.67,-3.76
7.88,24.6,SM-49-P1,477572.34,2038055.4,3.67,-4.21
8.32,23.9,SM-49-P1,477572.34,2038055.4,3.67,-4.65
8.78,29.1,SM-49-P1,477572.34,2038055.4,3.67,-5.11
9.23,30.7,SM-49-P1,477572.34,2038055.4,3.67,-5.56
9.68,20.8,SM-49-P1,477572.34,2038055.4,3.67,-6.01
10.13,23.6,SM-49-P1,477572.34,2038055.4,3.67,-6.46
10.58,22.1,SM-49-P1,477572.34,2038055.4,3.67,-6.91
11.03,23,SM-49-P1,477572.34,2038055.4,3.67,-7.36
11.48,24.1,SM-49-P1,477572.34,2038055.4,3.67,-7.81
11.93,25,SM-49-P1,477572.34,2038055.4,3.67,-8.26
12.38,19.8,SM-49-P1,477572.34,2038055.4,3.67,-8.71
12.83,35.8,SM-49-P1,477572.34,2038055.4,3.67,-9.16
13.28,29.4,SM-49-P1,477572.34,2038055.4,3.67,-9.61
13.73,39.5,SM-49-P1,477572.34,2038055.4,3.67,-10.06
14.18,35.4,SM-49-P1,477572.34,2038055.4,3.67,-10.51
14.63,38.8,SM-49-P1,477572.34,2038055.4,3.67,-10.96
15.08,40.6,SM-49-P1,477572.34,2038055.4,3.67,-11.41
15.53,40.3,SM-49-P1,477572.34,2038055.4,3.67,-11.86
15.98,41.8,SM-49-P1,477572.34,2038055.4,3.67,-12.31
16.42,44.1,SM-49-P1,477572.34,2038055.4,3.67,-12.75
16.88,40.7,SM-49-P1,477572.34,2038055.4,3.67,-13.21
17.33,40.5,SM-49-P1,477572.34,2038055.4,3.67,-13.66
17.77,28.3,SM-49-P1,477572.34,2038055.4,3.67,-14.1
18.23,34.9,SM-49-P1,477572.34,2038055.4,3.67,-14.56
18.67,31.4,SM-49-P1,477572.34,2038055.4,3.67,-15
19.13,44.4,SM-49-P1,477572.34,2038055.4,3.67,-15.46
19.58,30.4,SM-49-P1,477572.34,2038055.4,3.67,-15.91
20.02,28.2,SM-49-P1,477572.34,2038055.4,3.67,-16.35
20.36,53.8,SM-49-P1,477572.34,2038055.4,3.67,-16.69
20.59,43,SM-49-P1,477572.34,2038055.4,3.67,-16.92
20.92,34.8,SM-49-P1,477572.34,2038055.4,3.67,-17.25
21.38,24.8,SM-49-P1,477572.34,2038055.4,3.67,-17.71
21.83,19.2,SM-49-P1,477572.34,2038055.4,3.67,-18.16
22.28,21.4,SM-49-P1,477572.34,2038055.4,3.67,-18.61
22.73,20.4,SM-49-P1,477572.34,2038055.4,3.67,-19.06
23.06,24.5,SM-49-P1,477572.34,2038055.4,3.67,-19.39
23.29,48,SM-49-P1,477572.34,2038055.4,3.67,-19.62
23.63,24.3,SM-49-P1,477572.34,2038055.4,3.67,-19.96
24.08,26.1,SM-49-P1,477572.34,2038055.4,3.67,-20.41
24.53,28.3,SM-49-P1,477572.34,2038055.4,3.67,-20.86
24.98,26,SM-49-P1,477572.34,2038055.4,3.67,-21.31
25.42,34.7,SM-49-P1,477572.34,2038055.4,3.67,-21.75
25.88,32.7,SM-49-P1,477572.34,2038055.4,3.67,-22.21
26.33,24.8,SM-49-P1,477572.34,2038055.4,3.67,-22.66
26.78,23.7,SM-49-P1,477572.34,2038055.4,3.67,-23.11
27.23,27.9,SM-49-P1,477572.34,2038055.4,3.67,-23.56
27.67,22,SM-49-P1,477572.34,2038055.4,3.67,-24
28.13,28.5,SM-49-P1,477572.34,2038055.4,3.67,-24.46
28.58,38.8,SM-49-P1,477572.34,2038055.4,3.67,-24.91
29.03,26.5,SM-49-P1,477572.34,2038055.4,3.67,-25.36
29.48,21.7,SM-49-P1,477572.34,2038055.4,3.67,-25.81
29.92,33.9,SM-49-P1,477572.34,2038055.4,3.67,-26.25
30.38,21,SM-49-P1,477572.34,2038055.4,3.67,-26.71
30.83,24,SM-49-P1,477572.34,2038055.4,3.67,-27.16
31.28,21.5,SM-49-P1,477572.34,2038055.4,3.67,-27.61
31.73,19.5,SM-49-P1,477572.34,2038055.4,3.67,-28.06
32.06,49.1,SM-49-P1,477572.34,2038055.4,3.67,-28.39
32.29,25.1,SM-49-P1,477572.34,2038055.4,3.67,-28.62
32.63,31,SM-49-P1,477572.34,2038055.4,3.67,-28.96
33.08,18,SM-49-P1,477572.34,2038055.4,3.67,-29.41
33.53,29,SM-49-P1,477572.34,2038055.4,3.67,-29.86
33.98,28.5,SM-49-P1,477572.34,2038055.4,3.67,-30.31
34.42,27.4,SM-49-P1,477572.34,2038055.4,3.67,-30.75
34.88,34.5,SM-49-P1,477572.34,2038055.4,3.67,-31.21
35.33,27.7,SM-49-P1,477572.34,2038055.4,3.67,-31.66
35.78,24.3,SM-49-P1,477572.34,2038055.4,3.67,-32.11
36.23,29,SM-49-P1,477572.34,2038055.4,3.67,-32.56
36.67,38.4,SM-49-P1,477572.34,2038055.4,3.67,-33
37.13,38,SM-49-P1,477572.34,2038055.4,3.67,-33.46
37.58,46.1,SM-49-P1,477572.34,2038055.4,3.67,-33.91
38.03,32.3,SM-49-P1,477572.34,2038055.4,3.67,-34.36
38.48,33.6,SM-49-P1,477572.34,2038055.4,3.67,-34.81
38.92,33,SM-49-P1,477572.34,2038055.4,3.67,-35.25
39.38,35.6,SM-49-P1,477572.34,2038055.4,3.67,-35.71
39.83,36.3,SM-49-P1,477572.34,2038055.4,3.67,-36.16
40.28,34.1,SM-49-P1,477572.34,2038055.4,3.67,-36.61
0.11,18.4,SM-04-B1,479321.627,2036184.495,1.5755,1.4655
0.34,12.7,SM-04-B1,479321.627,2036184.495,1.5755,1.2355
0.68,19.6,SM-04-B1,479321.627,2036184.495,1.5755,0.8955
1.13,24.2,SM-04-B1,479321.627,2036184.495,1.5755,0.4455
1.58,35.1,SM-04-B1,479321.627,2036184.495,1.5755,-0.0045
2.03,41.2,SM-04-B1,479321.627,2036184.495,1.5755,-0.4545
2.48,49.6,SM-04-B1,479321.627,2036184.495,1.5755,-0.9045
2.93,45.3,SM-04-B1,479321.627,2036184.495,1.5755,-1.3545
3.38,51.8,SM-04-B1,479321.627,2036184.495,1.5755,-1.8045
3.68,32,SM-04-B1,479321.627,2036184.495,1.5755,-2.1045
3.83,53.7,SM-04-B1,479321.627,2036184.495,1.5755,-2.2545
3.97,53.7,SM-04-B1,479321.627,2036184.495,1.5755,-2.3945
4.61,41.5,SM-04-B1,479321.627,2036184.495,1.5755,-3.0345
4.84,35.4,SM-04-B1,479321.627,2036184.495,1.5755,-3.2645
5.18,33.3,SM-04-B1,479321.627,2036184.495,1.5755,-3.6045
5.63,27.2,SM-04-B1,479321.627,2036184.495,1.5755,-4.0545
6.07,30.8,SM-04-B1,479321.627,2036184.495,1.5755,-4.4945
6.53,27,SM-04-B1,479321.627,2036184.495,1.5755,-4.9545
6.98,33.7,SM-04-B1,479321.627,2036184.495,1.5755,-5.4045
7.43,26.7,SM-04-B1,479321.627,2036184.495,1.5755,-5.8545
7.88,24.5,SM-04-B1,479321.627,2036184.495,1.5755,-6.3045
8.32,25,SM-04-B1,479321.627,2036184.495,1.5755,-6.7445
8.63,43.4,SM-04-B1,479321.627,2036184.495,1.5755,-7.0545
8.77,22.6,SM-04-B1,479321.627,2036184.495,1.5755,-7.1945
8.93,24,SM-04-B1,479321.627,2036184.495,1.5755,-7.3545
9.23,26.33,SM-04-B1,479321.627,2036184.495,1.5755,-7.6545
9.68,27.2,SM-04-B1,479321.627,2036184.495,1.5755,-8.1045
10.13,30.5,SM-04-B1,479321.627,2036184.495,1.5755,-8.5545
10.58,27.2,SM-04-B1,479321.627,2036184.495,1.5755,-9.0045
10.91,37.6,SM-04-B1,479321.627,2036184.495,1.5755,-9.3345
11.14,28.5,SM-04-B1,479321.627,2036184.495,1.5755,-9.5645
11.33,27.1,SM-04-B1,479321.627,2036184.495,1.5755,-9.7545
11.48,26.3,SM-04-B1,479321.627,2036184.495,1.5755,-9.9045
11.63,28.4,SM-04-B1,479321.627,2036184.495,1.5755,-10.0545
11.81,24.9,SM-04-B1,479321.627,2036184.495,1.5755,-10.2345
12.04,25.7,SM-04-B1,479321.627,2036184.495,1.5755,-10.4645
12.38,23.6,SM-04-B1,479321.627,2036184.495,1.5755,-10.8045
12.71,22.2,SM-04-B1,479321.627,2036184.495,1.5755,-11.1345
12.94,21.2,SM-04-B1,479321.627,2036184.495,1.5755,-11.3645
13.16,22.2,SM-04-B1,479321.627,2036184.495,1.5755,-11.5845
13.39,26.4,SM-04-B1,479321.627,2036184.495,1.5755,-11.8145
13.73,20.3,SM-04-B1,479321.627,2036184.495,1.5755,-12.1545
14.02,33.4,SM-04-B1,479321.627,2036184.495,1.5755,-12.4445
14.18,21.4,SM-04-B1,479321.627,2036184.495,1.5755,-12.6045
14.33,17.5,SM-04-B1,479321.627,2036184.495,1.5755,-12.7545
14.63,18.6,SM-04-B1,479321.627,2036184.495,1.5755,-13.0545
15.08,23.4,SM-04-B1,479321.627,2036184.495,1.5755,-13.5045
15.53,18.3,SM-04-B1,479321.627,2036184.495,1.5755,-13.9545
15.81,28,SM-04-B1,479321.627,2036184.495,1.5755,-14.2345
15.92,24.2,SM-04-B1,479321.627,2036184.495,1.5755,-14.3445
16.03,20.5,SM-04-B1,479321.627,2036184.495,1.5755,-14.4545
16.14,17.3,SM-04-B1,479321.627,2036184.495,1.5755,-14.5645
16.42,18.6,SM-04-B1,479321.627,2036184.495,1.5755,-14.8445
16.88,19.1,SM-04-B1,479321.627,2036184.495,1.5755,-15.3045
17.33,20.1,SM-04-B1,479321.627,2036184.495,1.5755,-15.7545
17.63,32.9,SM-04-B1,479321.627,2036184.495,1.5755,-16.0545
17.77,34.1,SM-04-B1,479321.627,2036184.495,1.5755,-16.1945
17.93,21.3,SM-04-B1,479321.627,2036184.495,1.5755,-16.3545
18.08,26.8,SM-04-B1,479321.627,2036184.495,1.5755,-16.5045
18.23,26.1,SM-04-B1,479321.627,2036184.495,1.5755,-16.6545
18.38,19.9,SM-04-B1,479321.627,2036184.495,1.5755,-16.8045
18.67,21.9,SM-04-B1,479321.627,2036184.495,1.5755,-17.0945
19.01,18.8,SM-04-B1,479321.627,2036184.495,1.5755,-17.4345
19.24,21.9,SM-04-B1,479321.627,2036184.495,1.5755,-17.6645
19.46,25.3,SM-04-B1,479321.627,2036184.495,1.5755,-17.8845
19.69,22.3,SM-04-B1,479321.627,2036184.495,1.5755,-18.1145
19.91,21.3,SM-04-B1,479321.627,2036184.495,1.5755,-18.3345
20.14,19,SM-04-B1,479321.627,2036184.495,1.5755,-18.5645
20.36,27,SM-04-B1,479321.627,2036184.495,1.5755,-18.7845
20.59,18,SM-04-B1,479321.627,2036184.495,1.5755,-19.0145
20.81,19,SM-04-B1,479321.627,2036184.495,1.5755,-19.2345
21.04,18.1,SM-04-B1,479321.627,2036184.495,1.5755,-19.4645
21.23,26.8,SM-04-B1,479321.627,2036184.495,1.5755,-19.6545
21.38,20,SM-04-B1,479321.627,2036184.495,1.5755,-19.8045
21.53,18.3,SM-04-B1,479321.627,2036184.495,1.5755,-19.9545
21.83,28.1,SM-04-B1,479321.627,2036184.495,1.5755,-20.2545
22.16,27.2,SM-04-B1,479321.627,2036184.495,1.5755,-20.5845
22.39,14.4,SM-04-B1,479321.627,2036184.495,1.5755,-20.8145
22.61,21.8,SM-04-B1,479321.627,2036184.495,1.5755,-21.0345
22.84,14.6,SM-04-B1,479321.627,2036184.495,1.5755,-21.2645
23.06,23.3,SM-04-B1,479321.627,2036184.495,1.5755,-21.4845
23.29,19.7,SM-04-B1,479321.627,2036184.495,1.5755,-21.7145
23.51,23.6,SM-04-B1,479321.627,2036184.495,1.5755,-21.9345
23.74,21,SM-04-B1,479321.627,2036184.495,1.5755,-22.1645
24.08,24.8,SM-04-B1,479321.627,2036184.495,1.5755,-22.5045
24.41,23.3,SM-04-B1,479321.627,2036184.495,1.5755,-22.8345
24.64,22.2,SM-04-B1,479321.627,2036184.495,1.5755,-23.0645
24.86,23.2,SM-04-B1,479321.627,2036184.495,1.5755,-23.2845
25.09,31,SM-04-B1,479321.627,2036184.495,1.5755,-23.5145
,89,SM-04-B1,479321.627,2036184.495,1.5755,1.5755
0.23,17.6,SM-17-P2,479997.31,2036524.08,1.67,1.44
0.68,16.6,SM-17-P2,479997.31,2036524.08,1.67,0.99
1.13,19.9,SM-17-P2,479997.31,2036524.08,1.67,0.54
1.58,20.8,SM-17-P2,479997.31,2036524.08,1.67,0.09
1.88,22.5,SM-17-P2,479997.31,2036524.08,1.67,-0.21
2.03,22.9,SM-17-P2,479997.31,2036524.08,1.67,-0.36
2.17,27.7,SM-17-P2,479997.31,2036524.08,1.67,-0.5
2.48,24.7,SM-17-P2,479997.31,2036524.08,1.67,-0.81
2.93,22.3,SM-17-P2,479997.31,2036524.08,1.67,-1.26
3.38,21.6,SM-17-P2,479997.31,2036524.08,1.67,-1.71
3.83,28.3,SM-17-P2,479997.31,2036524.08,1.67,-2.16
4.28,25.6,SM-17-P2,479997.31,2036524.08,1.67,-2.61
4.72,24.5,SM-17-P2,479997.31,2036524.08,1.67,-3.05
5.18,20.1,SM-17-P2,479997.31,2036524.08,1.67,-3.51
5.63,23.4,SM-17-P2,479997.31,2036524.08,1.67,-3.96
6.07,26.6,SM-17-P2,479997.31,2036524.08,1.67,-4.4
6.53,22.8,SM-17-P2,479997.31,2036524.08,1.67,-4.86
6.98,20.2,SM-17-P2,479997.31,2036524.08,1.67,-5.31
7.43,20.8,SM-17-P2,479997.31,2036524.08,1.67,-5.76
7.88,18,SM-17-P2,479997.31,2036524.08,1.67,-6.21
8.32,18.3,SM-17-P2,479997.31,2036524.08,1.67,-6.65
8.78,14.6,SM-17-P2,479997.31,2036524.08,1.67,-7.11
9.11,16.2,SM-17-P2,479997.31,2036524.08,1.67,-7.44
9.34,9.9,SM-17-P2,479997.31,2036524.08,1.67,-7.67
9.68,16.9,SM-17-P2,479997.31,2036524.08,1.67,-8.01
10.01,28.3,SM-17-P2,479997.31,2036524.08,1.67,-8.34
10.24,55.8,SM-17-P2,479997.31,2036524.08,1.67,-8.57
10.58,54.7,SM-17-P2,479997.31,2036524.08,1.67,-8.91
10.91,24.2,SM-17-P2,479997.31,2036524.08,1.67,-9.24
11.14,52,SM-17-P2,479997.31,2036524.08,1.67,-9.47
11.48,53.2,SM-17-P2,479997.31,2036524.08,1.67,-9.81
11.93,54.7,SM-17-P2,479997.31,2036524.08,1.67,-10.26
12.38,51.2,SM-17-P2,479997.31,2036524.08,1.67,-10.71
12.83,36.6,SM-17-P2,479997.31,2036524.08,1.67,-11.16
13.16,23.4,SM-17-P2,479997.31,2036524.08,1.67,-11.49
13.39,59.3,SM-17-P2,479997.31,2036524.08,1.67,-11.72
13.58,21.7,SM-17-P2,479997.31,2036524.08,1.67,-11.91
13.73,63.1,SM-17-P2,479997.31,2036524.08,1.67,-12.06
13.88,19.8,SM-17-P2,479997.31,2036524.08,1.67,-12.21
14.06,21.3,SM-17-P2,479997.31,2036524.08,1.67,-12.39
14.29,15,SM-17-P2,479997.31,2036524.08,1.67,-12.62
14.51,16.1,SM-17-P2,479997.31,2036524.08,1.67,-12.84
14.74,35.7,SM-17-P2,479997.31,2036524.08,1.67,-13.07
15.08,25.3,SM-17-P2,479997.31,2036524.08,1.67,-13.41
15.53,25.1,SM-17-P2,479997.31,2036524.08,1.67,-13.86
15.98,21.1,SM-17-P2,479997.31,2036524.08,1.67,-14.31
16.31,22.6,SM-17-P2,479997.31,2036524.08,1.67,-14.64
16.54,19.2,SM-17-P2,479997.31,2036524.08,1.67,-14.87
16.88,19.9,SM-17-P2,479997.31,2036524.08,1.67,-15.21
17.33,20.5,SM-17-P2,479997.31,2036524.08,1.67,-15.66
17.66,18.3,SM-17-P2,479997.31,2036524.08,1.67,-15.99
17.89,20.7,SM-17-P2,479997.31,2036524.08,1.67,-16.22
18.23,18.7,SM-17-P2,479997.31,2036524.08,1.67,-16.56
18.56,20.4,SM-17-P2,479997.31,2036524.08,1.67,-16.89
18.79,20.7,SM-17-P2,479997.31,2036524.08,1.67,-17.12
19.13,20.3,SM-17-P2,479997.31,2036524.08,1.67,-17.46
19.58,18.8,SM-17-P2,479997.31,2036524.08,1.67,-17.91
20.02,19.2,SM-17-P2,479997.31,2036524.08,1.67,-18.35
20.33,19.5,SM-17-P2,479997.31,2036524.08,1.67,-18.66
20.48,21.1,SM-17-P2,479997.31,2036524.08,1.67,-18.81
20.63,21.1,SM-17-P2,479997.31,2036524.08,1.67,-18.96
20.81,20.1,SM-17-P2,479997.31,2036524.08,1.67,-19.14
21.04,21.4,SM-17-P2,479997.31,2036524.08,1.67,-19.37
21.38,19,SM-17-P2,479997.31,2036524.08,1.67,-19.71
21.83,20.3,SM-17-P2,479997.31,2036524.08,1.67,-20.16
22.28,22.7,SM-17-P2,479997.31,2036524.08,1.67,-20.61
22.58,19,SM-17-P2,479997.31,2036524.08,1.67,-20.91
22.73,14.9,SM-17-P2,479997.31,2036524.08,1.67,-21.06
22.88,11.9,SM-17-P2,479997.31,2036524.08,1.67,-21.21
23.06,18.9,SM-17-P2,479997.31,2036524.08,1.67,-21.39
23.29,9.8,SM-17-P2,479997.31,2036524.08,1.67,-21.62
23.63,12.8,SM-17-P2,479997.31,2036524.08,1.67,-21.96
23.96,17.6,SM-17-P2,479997.31,2036524.08,1.67,-22.29
24.19,13.7,SM-17-P2,479997.31,2036524.08,1.67,-22.52
24.53,13.9,SM-17-P2,479997.31,2036524.08,1.67,-22.86
24.86,15.3,SM-17-P2,479997.31,2036524.08,1.67,-23.19
25.09,13.3,SM-17-P2,479997.31,2036524.08,1.67,-23.42
25.31,9.3,SM-17-P2,479997.31,2036524.08,1.67,-23.64
25.54,12.1,SM-17-P2,479997.31,2036524.08,1.67,-23.87
25.88,8.4,SM-17-P2,479997.31,2036524.08,1.67,-24.21
26.16,7.6,SM-17-P2,479997.31,2036524.08,1.67,-24.49
26.78,22,SM-17-P2,479997.31,2036524.08,1.67,-25.11
27.11,26.1,SM-17-P2,479997.31,2036524.08,1.67,-25.44
27.34,28.3,SM-17-P2,479997.31,2036524.08,1.67,-25.67
27.56,31.2,SM-17-P2,479997.31,2036524.08,1.67,-25.89
27.79,26,SM-17-P2,479997.31,2036524.08,1.67,-26.12
28.13,27.2,SM-17-P2,479997.31,2036524.08,1.67,-26.46
28.58,65,SM-17-P2,479997.31,2036524.08,1.67,-26.91
29.03,66,SM-17-P2,479997.31,2036524.08,1.67,-27.36
29.48,25,SM-17-P2,479997.31,2036524.08,1.67,-27.81
29.92,34.8,SM-17-P2,479997.31,2036524.08,1.67,-28.25
30.38,29.6,SM-17-P2,479997.31,2036524.08,1.67,-28.71
30.71,30.3,SM-17-P2,479997.31,2036524.08,1.67,-29.04
30.94,29.7,SM-17-P2,479997.31,2036524.08,1.67,-29.27
31.28,30,SM-17-P2,479997.31,2036524.08,1.67,-29.61
31.73,30,SM-17-P2,479997.31,2036524.08,1.67,-30.06
32.17,36.2,SM-17-P2,479997.31,2036524.08,1.67,-30.5
32.63,35.5,SM-17-P2,479997.31,2036524.08,1.67,-30.96
33.08,22.7,SM-17-P2,479997.31,2036524.08,1.67,-31.41
33.53,28.1,SM-17-P2,479997.31,2036524.08,1.67,-31.86
33.98,23.3,SM-17-P2,479997.31,2036524.08,1.67,-32.31
34.42,26.2,SM-17-P2,479997.31,2036524.08,1.67,-32.75
34.88,30.2,SM-17-P2,479997.31,2036524.08,1.67,-33.21
35.33,24.8,SM-17-P2,479997.31,2036524.08,1.67,-33.66
35.66,28.4,SM-17-P2,479997.31,2036524.08,1.67,-33.99
35.89,30.2,SM-17-P2,479997.31,2036524.08,1.67,-34.22
36.23,22.5,SM-17-P2,479997.31,2036524.08,1.67,-34.56
36.67,25.5,SM-17-P2,479997.31,2036524.08,1.67,-35
37.13,28.1,SM-17-P2,479997.31,2036524.08,1.67,-35.46
37.46,23.9,SM-17-P2,479997.31,2036524.08,1.67,-35.79
37.69,23.8,SM-17-P2,479997.31,2036524.08,1.67,-36.02
38.03,27.7,SM-17-P2,479997.31,2036524.08,1.67,-36.36
38.48,23.4,SM-17-P2,479997.31,2036524.08,1.67,-36.81
38.92,20.4,SM-17-P2,479997.31,2036524.08,1.67,-37.25
39.38,20.1,SM-17-P2,479997.31,2036524.08,1.67,-37.71
39.83,16.7,SM-17-P2,479997.31,2036524.08,1.67,-38.16
40.28,24.7,SM-17-P2,479997.31,2036524.08,1.67,-38.61
40.61,20,SM-17-P2,479997.31,2036524.08,1.67,-38.94
40.99,17.9,SM-17-P2,479997.31,2036524.08,1.67,-39.32
41.06,13.7,SM-17-P2,479997.31,2036524.08,1.67,-39.39
41.63,18.8,SM-17-P2,479997.31,2036524.08,1.67,-39.96
42.08,22.3,SM-17-P2,479997.31,2036524.08,1.67,-40.41
42.53,20.8,SM-17-P2,479997.31,2036524.08,1.67,-40.86
42.98,20.5,SM-17-P2,479997.31,2036524.08,1.67,-41.31
43.28,25.8,SM-17-P2,479997.31,2036524.08,1.67,-41.61
43.43,24.4,SM-17-P2,479997.31,2036524.08,1.67,-41.76
43.58,20.4,SM-17-P2,479997.31,2036524.08,1.67,-41.91
43.72,26.6,SM-17-P2,479997.31,2036524.08,1.67,-42.05
43.88,23,SM-17-P2,479997.31,2036524.08,1.67,-42.21
44.03,18.9,SM-17-P2,479997.31,2036524.08,1.67,-42.36
44.33,20.6,SM-17-P2,479997.31,2036524.08,1.67,-42.66
44.78,20.5,SM-17-P2,479997.31,2036524.08,1.67,-43.11
45.23,15.7,SM-17-P2,479997.31,2036524.08,1.67,-43.56
45.53,16.1,SM-17-P2,479997.31,2036524.08,1.67,-43.86
45.68,19.7,SM-17-P2,479997.31,2036524.08,1.67,-44.01
45.83,17.9,SM-17-P2,479997.31,2036524.08,1.67,-44.16
46.01,24.1,SM-17-P2,479997.31,2036524.08,1.67,-44.34
46.24,17.2,SM-17-P2,479997.31,2036524.08,1.67,-44.57
46.58,21,SM-17-P2,479997.31,2036524.08,1.67,-44.91
47.03,21.6,SM-17-P2,479997.31,2036524.08,1.67,-45.36
47.36,20.8,SM-17-P2,479997.31,2036524.08,1.67,-45.69
47.59,12,SM-17-P2,479997.31,2036524.08,1.67,-45.92
47.88,15.4,SM-17-P2,479997.31,2036524.08,1.67,-46.21
48.34,14.3,SM-17-P2,479997.31,2036524.08,1.67,-46.67
48.75,22,SM-17-P2,479997.31,2036524.08,1.67,-47.08
49.13,17.2,SM-17-P2,479997.31,2036524.08,1.67,-47.46
49.58,16.4,SM-17-P2,479997.31,2036524.08,1.67,-47.91
50.18,20.7,SM-17-P2,479997.31,2036524.08,1.67,-48.51
50.63,18.7,SM-17-P2,479997.31,2036524.08,1.67,-48.96
51.08,17.4,SM-17-P2,479997.31,2036524.08,1.67,-49.41
51.53,12.9,SM-17-P2,479997.31,2036524.08,1.67,-49.86
51.98,14.1,SM-17-P2,479997.31,2036524.08,1.67,-50.31
52.43,13.4,SM-17-P2,479997.31,2036524.08,1.67,-50.76
52.88,15,SM-17-P2,479997.31,2036524.08,1.67,-51.21
53.33,13.4,SM-17-P2,479997.31,2036524.08,1.67,-51.66
53.78,15.3,SM-17-P2,479997.31,2036524.08,1.67,-52.11
54.11,21.2,SM-17-P2,479997.31,2036524.08,1.67,-52.44
54.34,11.3,SM-17-P2,479997.31,2036524.08,1.67,-52.67
54.56,15.3,SM-17-P2,479997.31,2036524.08,1.67,-52.89
54.79,13.2,SM-17-P2,479997.31,2036524.08,1.67,-53.12
55.13,24.2,SM-17-P2,479997.31,2036524.08,1.67,-53.46
55.58,19.7,SM-17-P2,479997.31,2036524.08,1.67,-53.91
55.9,19.2,SM-17-P2,479997.31,2036524.08,1.67,-54.23
56.33,16,SM-17-P2,479997.31,2036524.08,1.67,-54.66
56.93,12.8,SM-17-P2,479997.31,2036524.08,1.67,-55.26
57.38,6.7,SM-17-P2,479997.31,2036524.08,1.67,-55.71
57.83,6.4,SM-17-P2,479997.31,2036524.08,1.67,-56.16
58.28,6.6,SM-17-P2,479997.31,2036524.08,1.67,-56.61
58.73,6.4,SM-17-P2,479997.31,2036524.08,1.67,-57.06
59.18,28.8,SM-17-P2,479997.31,2036524.08,1.67,-57.51
59.63,26.7,SM-17-P2,479997.31,2036524.08,1.67,-57.96
60.08,14.3,SM-17-P2,479997.31,2036524.08,1.67,-58.41
60.53,13.5,SM-17-P2,479997.31,2036524.08,1.67,-58.86
60.9,21.3,SM-17-P2,479997.31,2036524.08,1.67,-59.23
61.43,21.6,SM-17-P2,479997.31,2036524.08,1.67,-59.76
61.76,24.5,SM-17-P2,479997.31,2036524.08,1.67,-60.09
61.99,27.3,SM-17-P2,479997.31,2036524.08,1.67,-60.32
62.33,26.9,SM-17-P2,479997.31,2036524.08,1.67,-60.66
62.66,22.8,SM-17-P2,479997.31,2036524.08,1.67,-60.99
62.89,35.4,SM-17-P2,479997.31,2036524.08,1.67,-61.22
63.23,28.5,SM-17-P2,479997.31,2036524.08,1.67,-61.56
63.68,27.7,SM-17-P2,479997.31,2036524.08,1.67,-62.01
64.01,24.5,SM-17-P2,479997.31,2036524.08,1.67,-62.34
64.24,29.2,SM-17-P2,479997.31,2036524.08,1.67,-62.57
64.57,44.8,SM-17-P2,479997.31,2036524.08,1.67,-62.9
65.03,40.7,SM-17-P2,479997.31,2036524.08,1.67,-63.36
65.47,31.3,SM-17-P2,479997.31,2036524.08,1.67,-63.8
65.93,28.9,SM-17-P2,479997.31,2036524.08,1.67,-64.26
66.38,25.1,SM-17-P2,479997.31,2036524.08,1.67,-64.71
66.82,24.1,SM-17-P2,479997.31,2036524.08,1.67,-65.15
67.2,22.1,SM-17-P2,479997.31,2036524.08,1.67,-65.53
67.58,14.8,SM-17-P2,479997.31,2036524.08,1.67,-65.91
68.18,25.3,SM-17-P2,479997.31,2036524.08,1.67,-66.51
68.63,24,SM-17-P2,479997.31,2036524.08,1.67,-66.96
69.07,21.5,SM-17-P2,479997.31,2036524.08,1.67,-67.4
69.53,19.8,SM-17-P2,479997.31,2036524.08,1.67,-67.86
69.97,23,SM-17-P2,479997.31,2036524.08,1.67,-68.3
70.43,19.6,SM-17-P2,479997.31,2036524.08,1.67,-68.76
70.88,17.4,SM-17-P2,479997.31,2036524.08,1.67,-69.21
71.32,9.1,SM-17-P2,479997.31,2036524.08,1.67,-69.65
71.78,12.4,SM-17-P2,479997.31,2036524.08,1.67,-70.11
72.22,24,SM-17-P2,479997.31,2036524.08,1.67,-70.55
72.68,11.5,SM-17-P2,479997.31,2036524.08,1.67,-71.01
73.13,27.5,SM-17-P2,479997.31,2036524.08,1.67,-71.46
73.57,20.3,SM-17-P2,479997.31,2036524.08,1.67,-71.9
74.03,23.9,SM-17-P2,479997.31,2036524.08,1.67,-72.36
74.47,22.8,SM-17-P2,479997.31,2036524.08,1.67,-72.8
74.85,25.5,SM-17-P2,479997.31,2036524.08,1.67,-73.18
75.19,23.1,SM-17-P2,479997.31,2036524.08,1.67,-73.52
75.26,15.3,SM-17-P2,479997.31,2036524.08,1.67,-73.59
75.82,24.7,SM-17-P2,479997.31,2036524.08,1.67,-74.15
76.28,16.7,SM-17-P2,479997.31,2036524.08,1.67,-74.61
76.72,28.2,SM-17-P2,479997.31,2036524.08,1.67,-75.05
77.06,23.6,SM-17-P2,479997.31,2036524.08,1.67,-75.39
77.55,23.8,SM-17-P2,479997.31,2036524.08,1.67,-75.88
78,25.5,SM-17-P2,479997.31,2036524.08,1.67,-76.33
78.53,27.5,SM-17-P2,479997.31,2036524.08,1.67,-76.86
78.88,24.8,SM-17-P2,479997.31,2036524.08,1.67,-77.21
79.35,26.7,SM-17-P2,479997.31,2036524.08,1.67,-77.68
79.8,22.6,SM-17-P2,479997.31,2036524.08,1.67,-78.13
80.32,27.8,SM-17-P2,479997.31,2036524.08,1.67,-78.65
80.78,27.8,SM-17-P2,479997.31,2036524.08,1.67,-79.11
81.22,21.8,SM-17-P2,479997.31,2036524.08,1.67,-79.55
81.68,22.4,SM-17-P2,479997.31,2036524.08,1.67,-80.01
82.13,26.6,SM-17-P2,479997.31,2036524.08,1.67,-80.46
82.57,20.8,SM-17-P2,479997.31,2036524.08,1.67,-80.9
83.03,27.4,SM-17-P2,479997.31,2036524.08,1.67,-81.36
83.48,26.9,SM-17-P2,479997.31,2036524.08,1.67,-81.81
83.93,21.9,SM-17-P2,479997.31,2036524.08,1.67,-82.26
84.38,29.9,SM-17-P2,479997.31,2036524.08,1.67,-82.71
84.71,23.5,SM-17-P2,479997.31,2036524.08,1.67,-83.04
0.11,24.1,SM-08-B2,480108.48,2037238.9,0.4,0.29
0.34,21.3,SM-08-B2,480108.48,2037238.9,0.4,0.06
0.56,20.8,SM-08-B2,480108.48,2037238.9,0.4,-0.16
0.79,29.5,SM-08-B2,480108.48,2037238.9,0.4,-0.39
1.01,22.1,SM-08-B2,480108.48,2037238.9,0.4,-0.61
1.24,18.5,SM-08-B2,480108.48,2037238.9,0.4,-0.84
1.58,17.4,SM-08-B2,480108.48,2037238.9,0.4,-1.18
2.03,19.4,SM-08-B2,480108.48,2037238.9,0.4,-1.63
2.36,19.7,SM-08-B2,480108.48,2037238.9,0.4,-1.96
2.59,16.2,SM-08-B2,480108.48,2037238.9,0.4,-2.19
2.81,20.4,SM-08-B2,480108.48,2037238.9,0.4,-2.41
3.04,14.5,SM-08-B2,480108.48,2037238.9,0.4,-2.64
3.26,10.7,SM-08-B2,480108.48,2037238.9,0.4,-2.86
3.49,16.8,SM-08-B2,480108.48,2037238.9,0.4,-3.09
3.71,19.7,SM-08-B2,480108.48,2037238.9,0.4,-3.31
3.94,15.3,SM-08-B2,480108.48,2037238.9,0.4,-3.54
4.28,18.1,SM-08-B2,480108.48,2037238.9,0.4,-3.88
4.72,21.7,SM-08-B2,480108.48,2037238.9,0.4,-4.32
5.06,20.6,SM-08-B2,480108.48,2037238.9,0.4,-4.66
5.29,14.4,SM-08-B2,480108.48,2037238.9,0.4,-4.89
5.51,16.8,SM-08-B2,480108.48,2037238.9,0.4,-5.11
5.74,21.4,SM-08-B2,480108.48,2037238.9,0.4,-5.34
5.96,17.4,SM-08-B2,480108.48,2037238.9,0.4,-5.56
6.19,20.7,SM-08-B2,480108.48,2037238.9,0.4,-5.79
6.41,18.5,SM-08-B2,480108.48,2037238.9,0.4,-6.01
6.64,22.4,SM-08-B2,480108.48,2037238.9,0.4,-6.24
6.86,18.6,SM-08-B2,480108.48,2037238.9,0.4,-6.46
7.09,20.3,SM-08-B2,480108.48,2037238.9,0.4,-6.69
7.43,17.8,SM-08-B2,480108.48,2037238.9,0.4,-7.03
7.73,17.8,SM-08-B2,480108.48,2037238.9,0.4,-7.33
7.88,12,SM-08-B2,480108.48,2037238.9,0.4,-7.48
8.03,18.6,SM-08-B2,480108.48,2037238.9,0.4,-7.63
8.32,20.1,SM-08-B2,480108.48,2037238.9,0.4,-7.92
8.78,40.3,SM-08-B2,480108.48,2037238.9,0.4,-8.38
9.68,41.2,SM-08-B2,480108.48,2037238.9,0.4,-9.28
10.13,51.1,SM-08-B2,480108.48,2037238.9,0.4,-9.73
10.58,54.6,SM-08-B2,480108.48,2037238.9,0.4,-10.18
11.03,54.3,SM-08-B2,480108.48,2037238.9,0.4,-10.63
11.93,51.9,SM-08-B2,480108.48,2037238.9,0.4,-11.53
12.38,53.4,SM-08-B2,480108.48,2037238.9,0.4,-11.98
12.83,48.1,SM-08-B2,480108.48,2037238.9,0.4,-12.43
13.16,22.9,SM-08-B2,480108.48,2037238.9,0.4,-12.76
13.39,17.7,SM-08-B2,480108.48,2037238.9,0.4,-12.99
14.18,32.1,SM-08-B2,480108.48,2037238.9,0.4,-13.78
14.63,27.9,SM-08-B2,480108.48,2037238.9,0.4,-14.23
15.08,27.8,SM-08-B2,480108.48,2037238.9,0.4,-14.68
15.53,24.3,SM-08-B2,480108.48,2037238.9,0.4,-15.13
15.98,25.7,SM-08-B2,480108.48,2037238.9,0.4,-15.58
16.31,25.9,SM-08-B2,480108.48,2037238.9,0.4,-15.91
16.54,26.3,SM-08-B2,480108.48,2037238.9,0.4,-16.14
16.76,27.4,SM-08-B2,480108.48,2037238.9,0.4,-16.36
16.99,26.2,SM-08-B2,480108.48,2037238.9,0.4,-16.59
17.33,26.8,SM-08-B2,480108.48,2037238.9,0.4,-16.93
17.77,27.8,SM-08-B2,480108.48,2037238.9,0.4,-17.37
18.23,26.2,SM-08-B2,480108.48,2037238.9,0.4,-17.83
18.56,29.2,SM-08-B2,480108.48,2037238.9,0.4,-18.16
18.79,25.9,SM-08-B2,480108.48,2037238.9,0.4,-18.39
19.01,26.2,SM-08-B2,480108.48,2037238.9,0.4,-18.61
19.24,29.2,SM-08-B2,480108.48,2037238.9,0.4,-18.84
19.46,25.8,SM-08-B2,480108.48,2037238.9,0.4,-19.06
19.69,25.4,SM-08-B2,480108.48,2037238.9,0.4,-19.29
19.91,26.8,SM-08-B2,480108.48,2037238.9,0.4,-19.51
20.14,20.6,SM-08-B2,480108.48,2037238.9,0.4,-19.74
20.48,31.65,SM-08-B2,480108.48,2037238.9,0.4,-20.08
20.78,28,SM-08-B2,480108.48,2037238.9,0.4,-20.38
20.93,24.9,SM-08-B2,480108.48,2037238.9,0.4,-20.53
21.08,19.6,SM-08-B2,480108.48,2037238.9,0.4,-20.68
21.26,25.4,SM-08-B2,480108.48,2037238.9,0.4,-20.86
21.49,25.3,SM-08-B2,480108.48,2037238.9,0.4,-21.09
21.83,30.5,SM-08-B2,480108.48,2037238.9,0.4,-21.43
22.28,36,SM-08-B2,480108.48,2037238.9,0.4,-21.88
22.61,28.5,SM-08-B2,480108.48,2037238.9,0.4,-22.21
22.84,20.8,SM-08-B2,480108.48,2037238.9,0.4,-22.44
23.01,27.2,SM-08-B2,480108.48,2037238.9,0.4,-22.61
23.12,36.4,SM-08-B2,480108.48,2037238.9,0.4,-22.72
23.23,39,SM-08-B2,480108.48,2037238.9,0.4,-22.83
23.34,46.4,SM-08-B2,480108.48,2037238.9,0.4,-22.94
23.46,42.1,SM-08-B2,480108.48,2037238.9,0.4,-23.06
23.57,56.2,SM-08-B2,480108.48,2037238.9,0.4,-23.17
23.68,40.5,SM-08-B2,480108.48,2037238.9,0.4,-23.28
23.79,40.9,SM-08-B2,480108.48,2037238.9,0.4,-23.39
24.08,36.3,SM-08-B2,480108.48,2037238.9,0.4,-23.68
24.53,39.6,SM-08-B2,480108.48,2037238.9,0.4,-24.13
24.98,36.9,SM-08-B2,480108.48,2037238.9,0.4,-24.58
25.42,36.1,SM-08-B2,480108.48,2037238.9,0.4,-25.02
25.88,36.2,SM-08-B2,480108.48,2037238.9,0.4,-25.48
26.33,31.3,SM-08-B2,480108.48,2037238.9,0.4,-25.93
26.78,29.1,SM-08-B2,480108.48,2037238.9,0.4,-26.38
27.23,29.9,SM-08-B2,480108.48,2037238.9,0.4,-26.83
27.67,27.8,SM-08-B2,480108.48,2037238.9,0.4,-27.27
28.01,25.8,SM-08-B2,480108.48,2037238.9,0.4,-27.61
28.24,21.8,SM-08-B2,480108.48,2037238.9,0.4,-27.84
28.58,18.1,SM-08-B2,480108.48,2037238.9,0.4,-28.18
29.03,17.7,SM-08-B2,480108.48,2037238.9,0.4,-28.63
29.48,20.2,SM-08-B2,480108.48,2037238.9,0.4,-29.08
29.92,16,SM-08-B2,480108.48,2037238.9,0.4,-29.52
30.38,16.7,SM-08-B2,480108.48,2037238.9,0.4,-29.98
30.83,18.5,SM-08-B2,480108.48,2037238.9,0.4,-30.43
31.28,18.8,SM-08-B2,480108.48,2037238.9,0.4,-30.88
31.73,13.2,SM-08-B2,480108.48,2037238.9,0.4,-31.33
32.06,13.8,SM-08-B2,480108.48,2037238.9,0.4,-31.66
32.29,23.1,SM-08-B2,480108.48,2037238.9,0.4,-31.89
32.51,20.1,SM-08-B2,480108.48,2037238.9,0.4,-32.11
32.74,21.6,SM-08-B2,480108.48,2037238.9,0.4,-32.34
32.96,12.8,SM-08-B2,480108.48,2037238.9,0.4,-32.56
33.19,17.6,SM-08-B2,480108.48,2037238.9,0.4,-32.79
33.41,20.2,SM-08-B2,480108.48,2037238.9,0.4,-33.01
33.64,56.3,SM-08-B2,480108.48,2037238.9,0.4,-33.24
33.86,19.7,SM-08-B2,480108.48,2037238.9,0.4,-33.46
34.09,28.4,SM-08-B2,480108.48,2037238.9,0.4,-33.69
34.42,22.3,SM-08-B2,480108.48,2037238.9,0.4,-34.02
34.88,22.1,SM-08-B2,480108.48,2037238.9,0.4,-34.48
35.33,26.3,SM-08-B2,480108.48,2037238.9,0.4,-34.93
35.78,24.8,SM-08-B2,480108.48,2037238.9,0.4,-35.38
36.23,22.8,SM-08-B2,480108.48,2037238.9,0.4,-35.83
36.67,23.2,SM-08-B2,480108.48,2037238.9,0.4,-36.27
37.13,19,SM-08-B2,480108.48,2037238.9,0.4,-36.73
37.42,24.3,SM-08-B2,480108.48,2037238.9,0.4,-37.02
37.58,25.4,SM-08-B2,480108.48,2037238.9,0.4,-37.18
37.72,19.4,SM-08-B2,480108.48,2037238.9,0.4,-37.32
38.03,24.8,SM-08-B2,480108.48,2037238.9,0.4,-37.63
38.48,26.3,SM-08-B2,480108.48,2037238.9,0.4,-38.08
38.92,22.7,SM-08-B2,480108.48,2037238.9,0.4,-38.52
39.22,26.4,SM-08-B2,480108.48,2037238.9,0.4,-38.82
39.38,27.4,SM-08-B2,480108.48,2037238.9,0.4,-38.98
39.53,22.3,SM-08-B2,480108.48,2037238.9,0.4,-39.13
39.83,20.1,SM-08-B2,480108.48,2037238.9,0.4,-39.43
40.28,22.3,SM-08-B2,480108.48,2037238.9,0.4,-39.88
40.73,22.7,SM-08-B2,480108.48,2037238.9,0.4,-40.33
0.23,7.9,SM-18-P1,477502.42,2036933.38,3.03,2.8
0.68,10.7,SM-18-P1,477502.42,2036933.38,3.03,2.35
1.13,5.2,SM-18-P1,477502.42,2036933.38,3.03,1.9
1.58,31.1,SM-18-P1,477502.42,2036933.38,3.03,1.45
1.91,33.5,SM-18-P1,477502.42,2036933.38,3.03,1.12
2.14,24.8,SM-18-P1,477502.42,2036933.38,3.03,0.89
2.48,26.1,SM-18-P1,477502.42,2036933.38,3.03,0.55
2.93,26.7,SM-18-P1,477502.42,2036933.38,3.03,0.1
3.26,30.4,SM-18-P1,477502.42,2036933.38,3.03,-0.23
3.49,25.4,SM-18-P1,477502.42,2036933.38,3.03,-0.46
3.83,28.6,SM-18-P1,477502.42,2036933.38,3.03,-0.8
4.28,23.9,SM-18-P1,477502.42,2036933.38,3.03,-1.25
4.72,21.4,SM-18-P1,477502.42,2036933.38,3.03,-1.69
5.18,17,SM-18-P1,477502.42,2036933.38,3.03,-2.15
5.63,18.2,SM-18-P1,477502.42,2036933.38,3.03,-2.6
6.07,18.9,SM-18-P1,477502.42,2036933.38,3.03,-3.04
6.53,16,SM-18-P1,477502.42,2036933.38,3.03,-3.5
6.98,20.6,SM-18-P1,477502.42,2036933.38,3.03,-3.95
7.43,19.8,SM-18-P1,477502.42,2036933.38,3.03,-4.4
7.88,25.5,SM-18-P1,477502.42,2036933.38,3.03,-4.85
8.32,20.58,SM-18-P1,477502.42,2036933.38,3.03,-5.29
8.78,18.3,SM-18-P1,477502.42,2036933.38,3.03,-5.75
9.23,22.6,SM-18-P1,477502.42,2036933.38,3.03,-6.2
9.68,16.5,SM-18-P1,477502.42,2036933.38,3.03,-6.65
10.13,16.3,SM-18-P1,477502.42,2036933.38,3.03,-7.1
10.58,16.7,SM-18-P1,477502.42,2036933.38,3.03,-7.55
11.03,15.3,SM-18-P1,477502.42,2036933.38,3.03,-8
11.48,19.7,SM-18-P1,477502.42,2036933.38,3.03,-8.45
11.93,18.4,SM-18-P1,477502.42,2036933.38,3.03,-8.9
12.38,16.6,SM-18-P1,477502.42,2036933.38,3.03,-9.35
12.83,20.7,SM-18-P1,477502.42,2036933.38,3.03,-9.8
13.16,19.4,SM-18-P1,477502.42,2036933.38,3.03,-10.13
13.39,15.6,SM-18-P1,477502.42,2036933.38,3.03,-10.36
13.73,41.2,SM-18-P1,477502.42,2036933.38,3.03,-10.7
14.18,42.1,SM-18-P1,477502.42,2036933.38,3.03,-11.15
14.63,50.3,SM-18-P1,477502.42,2036933.38,3.03,-11.6
15.08,55.6,SM-18-P1,477502.42,2036933.38,3.03,-12.05
15.53,59.5,SM-18-P1,477502.42,2036933.38,3.03,-12.5
15.98,63.6,SM-18-P1,477502.42,2036933.38,3.03,-12.95
16.42,63.8,SM-18-P1,477502.42,2036933.38,3.03,-13.39
16.88,59.7,SM-18-P1,477502.42,2036933.38,3.03,-13.85
17.33,45.4,SM-18-P1,477502.42,2036933.38,3.03,-14.3
17.66,56.9,SM-18-P1,477502.42,2036933.38,3.03,-14.63
17.89,27.8,SM-18-P1,477502.42,2036933.38,3.03,-14.86
18.08,25.9,SM-18-P1,477502.42,2036933.38,3.03,-15.05
18.23,12.1,SM-18-P1,477502.42,2036933.38,3.03,-15.2
18.38,19.3,SM-18-P1,477502.42,2036933.38,3.03,-15.35
18.67,17.5,SM-18-P1,477502.42,2036933.38,3.03,-15.64
19.01,19.6,SM-18-P1,477502.42,2036933.38,3.03,-15.98
19.24,18.5,SM-18-P1,477502.42,2036933.38,3.03,-16.21
19.58,22.6,SM-18-P1,477502.42,2036933.38,3.03,-16.55
19.91,18,SM-18-P1,477502.42,2036933.38,3.03,-16.88
20.14,22.1,SM-18-P1,477502.42,2036933.38,3.03,-17.11
20.48,52.1,SM-18-P1,477502.42,2036933.38,3.03,-17.45
20.92,4.1,SM-18-P1,477502.42,2036933.38,3.03,-17.89
21.38,24.1,SM-18-P1,477502.42,2036933.38,3.03,-18.35
21.83,22.8,SM-18-P1,477502.42,2036933.38,3.03,-18.8
22.28,24,SM-18-P1,477502.42,2036933.38,3.03,-19.25
22.73,24.7,SM-18-P1,477502.42,2036933.38,3.03,-19.7
23.17,21.6,SM-18-P1,477502.42,2036933.38,3.03,-20.14
23.63,21.7,SM-18-P1,477502.42,2036933.38,3.03,-20.6
24.08,26,SM-18-P1,477502.42,2036933.38,3.03,-21.05
24.53,23.3,SM-18-P1,477502.42,2036933.38,3.03,-21.5
24.98,21.6,SM-18-P1,477502.42,2036933.38,3.03,-21.95
25.42,24.2,SM-18-P1,477502.42,2036933.38,3.03,-22.39
25.88,24.5,SM-18-P1,477502.42,2036933.38,3.03,-22.85
26.33,20.9,SM-18-P1,477502.42,2036933.38,3.03,-23.3
26.78,22.9,SM-18-P1,477502.42,2036933.38,3.03,-23.75
27.11,56.3,SM-18-P1,477502.42,2036933.38,3.03,-24.08
27.34,35.8,SM-18-P1,477502.42,2036933.38,3.03,-24.31
27.67,50.2,SM-18-P1,477502.42,2036933.38,3.03,-24.64
28.01,39.6,SM-18-P1,477502.42,2036933.38,3.03,-24.98
28.24,19.8,SM-18-P1,477502.42,2036933.38,3.03,-25.21
28.43,29.4,SM-18-P1,477502.42,2036933.38,3.03,-25.4
28.58,56.4,SM-18-P1,477502.42,2036933.38,3.03,-25.55
28.73,30.2,SM-18-P1,477502.42,2036933.38,3.03,-25.7
29.03,29.6,SM-18-P1,477502.42,2036933.38,3.03,-26
29.48,24.1,SM-18-P1,477502.42,2036933.38,3.03,-26.45
29.92,30.1,SM-18-P1,477502.42,2036933.38,3.03,-26.89
30.38,31,SM-18-P1,477502.42,2036933.38,3.03,-27.35
30.83,29.7,SM-18-P1,477502.42,2036933.38,3.03,-27.8
31.28,29.6,SM-18-P1,477502.42,2036933.38,3.03,-28.25
31.73,27.5,SM-18-P1,477502.42,2036933.38,3.03,-28.7
32.17,28.5,SM-18-P1,477502.42,2036933.38,3.03,-29.14
32.63,27.4,SM-18-P1,477502.42,2036933.38,3.03,-29.6
32.96,39.2,SM-18-P1,477502.42,2036933.38,3.03,-29.93
33.19,53.9,SM-18-P1,477502.42,2036933.38,3.03,-30.16
33.53,56.1,SM-18-P1,477502.42,2036933.38,3.03,-30.5
33.98,52.4,SM-18-P1,477502.42,2036933.38,3.03,-30.95
34.42,54.2,SM-18-P1,477502.42,2036933.38,3.03,-31.39
34.88,52.8,SM-18-P1,477502.42,2036933.38,3.03,-31.85
35.33,54.8,SM-18-P1,477502.42,2036933.38,3.03,-32.3
35.78,53.7,SM-18-P1,477502.42,2036933.38,3.03,-32.75
36.23,47.2,SM-18-P1,477502.42,2036933.38,3.03,-33.2
36.67,56.5,SM-18-P1,477502.42,2036933.38,3.03,-33.64
37.13,66.2,SM-18-P1,477502.42,2036933.38,3.03,-34.1
37.58,50.2,SM-18-P1,477502.42,2036933.38,3.03,-34.55
38.03,60.1,SM-18-P1,477502.42,2036933.38,3.03,-35
38.48,68.8,SM-18-P1,477502.42,2036933.38,3.03,-35.45
38.92,26.2,SM-18-P1,477502.42,2036933.38,3.03,-35.89
39.38,25.1,SM-18-P1,477502.42,2036933.38,3.03,-36.35
39.83,24.8,SM-18-P1,477502.42,2036933.38,3.03,-36.8
40.28,21.5,SM-18-P1,477502.42,2036933.38,3.03,-37.25
40.61,20.4,SM-18-P1,477502.42,2036933.38,3.03,-37.58
40.84,17.5,SM-18-P1,477502.42,2036933.38,3.03,-37.81
41.18,18.9,SM-18-P1,477502.42,2036933.38,3.03,-38.15
41.47,19.9,SM-18-P1,477502.42,2036933.38,3.03,-38.44
41.63,19.1,SM-18-P1,477502.42,2036933.38,3.03,-38.6
41.78,19.7,SM-18-P1,477502.42,2036933.38,3.03,-38.75
42.08,22.3,SM-18-P1,477502.42,2036933.38,3.03,-39.05
42.53,24.4,SM-18-P1,477502.42,2036933.38,3.03,-39.5
42.86,24,SM-18-P1,477502.42,2036933.38,3.03,-39.83
43.09,22.7,SM-18-P1,477502.42,2036933.38,3.03,-40.06
43.31,21.3,SM-18-P1,477502.42,2036933.38,3.03,-40.28
43.54,19.3,SM-18-P1,477502.42,2036933.38,3.03,-40.51
43.88,20.8,SM-18-P1,477502.42,2036933.38,3.03,-40.85
44.33,20.3,SM-18-P1,477502.42,2036933.38,3.03,-41.3
44.78,19.8,SM-18-P1,477502.42,2036933.38,3.03,-41.75
45.23,21.1,SM-18-P1,477502.42,2036933.38,3.03,-42.2
45.68,20.7,SM-18-P1,477502.42,2036933.38,3.03,-42.65
46.13,18.7,SM-18-P1,477502.42,2036933.38,3.03,-43.1
46.58,20.9,SM-18-P1,477502.42,2036933.38,3.03,-43.55
47.03,21.5,SM-18-P1,477502.42,2036933.38,3.03,-44
47.48,18.5,SM-18-P1,477502.42,2036933.38,3.03,-44.45
47.81,26.4,SM-18-P1,477502.42,2036933.38,3.03,-44.78
48.04,23.9,SM-18-P1,477502.42,2036933.38,3.03,-45.01
48.38,25.2,SM-18-P1,477502.42,2036933.38,3.03,-45.35
48.68,27.1,SM-18-P1,477502.42,2036933.38,3.03,-45.65
48.83,24.1,SM-18-P1,477502.42,2036933.38,3.03,-45.8
48.97,14.6,SM-18-P1,477502.42,2036933.38,3.03,-45.94
49.28,16.3,SM-18-P1,477502.42,2036933.38,3.03,-46.25
49.73,13,SM-18-P1,477502.42,2036933.38,3.03,-46.7
50.18,16.2,SM-18-P1,477502.42,2036933.38,3.03,-47.15
50.63,13.1,SM-18-P1,477502.42,2036933.38,3.03,-47.6
51.08,14.4,SM-18-P1,477502.42,2036933.38,3.03,-48.05
51.53,13.1,SM-18-P1,477502.42,2036933.38,3.03,-48.5
51.98,17.7,SM-18-P1,477502.42,2036933.38,3.03,-48.95
52.43,15.7,SM-18-P1,477502.42,2036933.38,3.03,-49.4
52.88,13.9,SM-18-P1,477502.42,2036933.38,3.03,-49.85
53.21,29.3,SM-18-P1,477502.42,2036933.38,3.03,-50.18
53.44,17.5,SM-18-P1,477502.42,2036933.38,3.03,-50.41
53.78,14.8,SM-18-P1,477502.42,2036933.38,3.03,-50.75
54.23,18.3,SM-18-P1,477502.42,2036933.38,3.03,-51.2
54.68,15.3,SM-18-P1,477502.42,2036933.38,3.03,-51.65
55.13,16.4,SM-18-P1,477502.42,2036933.38,3.03,-52.1
55.46,15.6,SM-18-P1,477502.42,2036933.38,3.03,-52.43
55.69,33.9,SM-18-P1,477502.42,2036933.38,3.03,-52.66
56.03,29.8,SM-18-P1,477502.42,2036933.38,3.03,-53
56.48,28,SM-18-P1,477502.42,2036933.38,3.03,-53.45
56.93,31.8,SM-18-P1,477502.42,2036933.38,3.03,-53.9
57.22,27.8,SM-18-P1,477502.42,2036933.38,3.03,-54.19
57.38,27,SM-18-P1,477502.42,2036933.38,3.03,-54.35
57.53,27.8,SM-18-P1,477502.42,2036933.38,3.03,-54.5
57.83,18.6,SM-18-P1,477502.42,2036933.38,3.03,-54.8
58.28,19,SM-18-P1,477502.42,2036933.38,3.03,-55.25
58.73,15.4,SM-18-P1,477502.42,2036933.38,3.03,-55.7
59.18,13.8,SM-18-P1,477502.42,2036933.38,3.03,-56.15
59.63,17.5,SM-18-P1,477502.42,2036933.38,3.03,-56.6
60.08,16.2,SM-18-P1,477502.42,2036933.38,3.03,-57.05
60.53,18.1,SM-18-P1,477502.42,2036933.38,3.03,-57.5
60.98,18.7,SM-18-P1,477502.42,2036933.38,3.03,-57.95
61.26,22.2,SM-18-P1,477502.42,2036933.38,3.03,-58.23
61.37,17,SM-18-P1,477502.42,2036933.38,3.03,-58.34
61.48,21,SM-18-P1,477502.42,2036933.38,3.03,-58.45
61.59,18.6,SM-18-P1,477502.42,2036933.38,3.03,-58.56
61.88,19.4,SM-18-P1,477502.42,2036933.38,3.03,-58.85
62.33,22.8,SM-18-P1,477502.42,2036933.38,3.03,-59.3
62.78,20.8,SM-18-P1,477502.42,2036933.38,3.03,-59.75
63.23,18.6,SM-18-P1,477502.42,2036933.38,3.03,-60.2
63.68,15.4,SM-18-P1,477502.42,2036933.38,3.03,-60.65
64.13,16.7,SM-18-P1,477502.42,2036933.38,3.03,-61.1
64.57,15.1,SM-18-P1,477502.42,2036933.38,3.03,-61.54
65.03,14.2,SM-18-P1,477502.42,2036933.38,3.03,-62
65.47,14.6,SM-18-P1,477502.42,2036933.38,3.03,-62.44
65.93,14.5,SM-18-P1,477502.42,2036933.38,3.03,-62.9
66.38,15.4,SM-18-P1,477502.42,2036933.38,3.03,-63.35
66.68,17,SM-18-P1,477502.42,2036933.38,3.03,-63.65
66.83,23.1,SM-18-P1,477502.42,2036933.38,3.03,-63.8
66.97,18.9,SM-18-P1,477502.42,2036933.38,3.03,-63.94
67.28,28.5,SM-18-P1,477502.42,2036933.38,3.03,-64.25
67.72,22,SM-18-P1,477502.42,2036933.38,3.03,-64.69
68.18,27.9,SM-18-P1,477502.42,2036933.38,3.03,-65.15
68.51,37.9,SM-18-P1,477502.42,2036933.38,3.03,-65.48
68.74,38.7,SM-18-P1,477502.42,2036933.38,3.03,-65.71
69.07,40.2,SM-18-P1,477502.42,2036933.38,3.03,-66.04
69.53,42.4,SM-18-P1,477502.42,2036933.38,3.03,-66.5
69.97,43.9,SM-18-P1,477502.42,2036933.38,3.03,-66.94
70.43,30,SM-18-P1,477502.42,2036933.38,3.03,-67.4
70.88,27.6,SM-18-P1,477502.42,2036933.38,3.03,-67.85
71.32,28.6,SM-18-P1,477502.42,2036933.38,3.03,-68.29
71.78,26.9,SM-18-P1,477502.42,2036933.38,3.03,-68.75
72.11,18.9,SM-18-P1,477502.42,2036933.38,3.03,-69.08
72.34,16.9,SM-18-P1,477502.42,2036933.38,3.03,-69.31
72.56,18.5,SM-18-P1,477502.42,2036933.38,3.03,-69.53
72.79,18,SM-18-P1,477502.42,2036933.38,3.03,-69.76
73.01,20.7,SM-18-P1,477502.42,2036933.38,3.03,-69.98
73.24,21.2,SM-18-P1,477502.42,2036933.38,3.03,-70.21
73.57,21.9,SM-18-P1,477502.42,2036933.38,3.03,-70.54
74.03,20.2,SM-18-P1,477502.42,2036933.38,3.03,-71
74.47,20.3,SM-18-P1,477502.42,2036933.38,3.03,-71.44
74.9,22.8,SM-18-P1,477502.42,2036933.38,3.03,-71.87
75.36,20.2,SM-18-P1,477502.42,2036933.38,3.03,-72.33
75.81,21.7,SM-18-P1,477502.42,2036933.38,3.03,-72.78
76.25,20.1,SM-18-P1,477502.42,2036933.38,3.03,-73.22
76.72,22.7,SM-18-P1,477502.42,2036933.38,3.03,-73.69
77.18,20.4,SM-18-P1,477502.42,2036933.38,3.03,-74.15
77.63,20.1,SM-18-P1,477502.42,2036933.38,3.03,-74.6
78.05,21.5,SM-18-P1,477502.42,2036933.38,3.03,-75.02
78.5,20.2,SM-18-P1,477502.42,2036933.38,3.03,-75.47
78.97,21.2,SM-18-P1,477502.42,2036933.38,3.03,-75.94
79.43,20.9,SM-18-P1,477502.42,2036933.38,3.03,-76.4
79.88,19.9,SM-18-P1,477502.42,2036933.38,3.03,-76.85
0.23,10.61,SM-09-B1,477265.19,2036624.23,3.26,3.03
0.68,12,SM-09-B1,477265.19,2036624.23,3.26,2.58
1.13,23,SM-09-B1,477265.19,2036624.23,3.26,2.13
1.58,20.6,SM-09-B1,477265.19,2036624.23,3.26,1.68
2.03,21.4,SM-09-B1,477265.19,2036624.23,3.26,1.23
2.33,23.6,SM-09-B1,477265.19,2036624.23,3.26,0.93
2.47,21.5,SM-09-B1,477265.19,2036624.23,3.26,0.79
2.63,29.8,SM-09-B1,477265.19,2036624.23,3.26,0.63
2.76,29.4,SM-09-B1,477265.19,2036624.23,3.26,0.5
2.87,27.2,SM-09-B1,477265.19,2036624.23,3.26,0.39
2.98,29.7,SM-09-B1,477265.19,2036624.23,3.26,0.28
3.09,28.6,SM-09-B1,477265.19,2036624.23,3.26,0.17
3.26,31.8,SM-09-B1,477265.19,2036624.23,3.26,0
3.49,34.4,SM-09-B1,477265.19,2036624.23,3.26,-0.23
3.71,35.7,SM-09-B1,477265.19,2036624.23,3.26,-0.45
3.94,38.9,SM-09-B1,477265.19,2036624.23,3.26,-0.68
4.16,41.7,SM-09-B1,477265.19,2036624.23,3.26,-0.9
4.39,32.5,SM-09-B1,477265.19,2036624.23,3.26,-1.13
4.58,39.1,SM-09-B1,477265.19,2036624.23,3.26,-1.32
4.72,42.3,SM-09-B1,477265.19,2036624.23,3.26,-1.46
4.88,29.4,SM-09-B1,477265.19,2036624.23,3.26,-1.62
5.18,22.8,SM-09-B1,477265.19,2036624.23,3.26,-1.92
5.63,29.5,SM-09-B1,477265.19,2036624.23,3.26,-2.37
6.07,27,SM-09-B1,477265.19,2036624.23,3.26,-2.81
6.53,31.4,SM-09-B1,477265.19,2036624.23,3.26,-3.27
6.98,31.5,SM-09-B1,477265.19,2036624.23,3.26,-3.72
7.43,36,SM-09-B1,477265.19,2036624.23,3.26,-4.17
7.88,29.4,SM-09-B1,477265.19,2036624.23,3.26,-4.62
8.32,32.8,SM-09-B1,477265.19,2036624.23,3.26,-5.06
8.78,35,SM-09-B1,477265.19,2036624.23,3.26,-5.52
9.23,34.1,SM-09-B1,477265.19,2036624.23,3.26,-5.97
9.56,31.1,SM-09-B1,477265.19,2036624.23,3.26,-6.3
9.79,19.7,SM-09-B1,477265.19,2036624.23,3.26,-6.53
10.01,19,SM-09-B1,477265.19,2036624.23,3.26,-6.75
10.24,23.3,SM-09-B1,477265.19,2036624.23,3.26,-6.98
10.58,22.9,SM-09-B1,477265.19,2036624.23,3.26,-7.32
11.03,24.3,SM-09-B1,477265.19,2036624.23,3.26,-7.77
11.48,19.3,SM-09-B1,477265.19,2036624.23,3.26,-8.22
11.93,21.7,SM-09-B1,477265.19,2036624.23,3.26,-8.67
12.38,19.8,SM-09-B1,477265.19,2036624.23,3.26,-9.12
12.83,22.1,SM-09-B1,477265.19,2036624.23,3.26,-9.57
13.28,55.6,SM-09-B1,477265.19,2036624.23,3.26,-10.02
13.58,54.4,SM-09-B1,477265.19,2036624.23,3.26,-10.32
13.73,26.7,SM-09-B1,477265.19,2036624.23,3.26,-10.47
13.88,59.5,SM-09-B1,477265.19,2036624.23,3.26,-10.62
14.18,47.5,SM-09-B1,477265.19,2036624.23,3.26,-10.92
14.63,53.4,SM-09-B1,477265.19,2036624.23,3.26,-11.37
15.08,56.3,SM-09-B1,477265.19,2036624.23,3.26,-11.82
15.53,60.7,SM-09-B1,477265.19,2036624.23,3.26,-12.27
15.98,56.3,SM-09-B1,477265.19,2036624.23,3.26,-12.72
16.42,71,SM-09-B1,477265.19,2036624.23,3.26,-13.16
16.88,30.9,SM-09-B1,477265.19,2036624.23,3.26,-13.62
17.33,44.2,SM-09-B1,477265.19,2036624.23,3.26,-14.07
17.66,21.7,SM-09-B1,477265.19,2036624.23,3.26,-14.4
17.89,24.8,SM-09-B1,477265.19,2036624.23,3.26,-14.63
18.11,24.3,SM-09-B1,477265.19,2036624.23,3.26,-14.85
18.34,26.2,SM-09-B1,477265.19,2036624.23,3.26,-15.08
18.67,25.9,SM-09-B1,477265.19,2036624.23,3.26,-15.41
19.01,30.1,SM-09-B1,477265.19,2036624.23,3.26,-15.75
19.24,24.3,SM-09-B1,477265.19,2036624.23,3.26,-15.98
19.43,27.5,SM-09-B1,477265.19,2036624.23,3.26,-16.17
19.58,27,SM-09-B1,477265.19,2036624.23,3.26,-16.32
19.73,23.8,SM-09-B1,477265.19,2036624.23,3.26,-16.47
20.02,25,SM-09-B1,477265.19,2036624.23,3.26,-16.76
20.48,21.9,SM-09-B1,477265.19,2036624.23,3.26,-17.22
20.81,22.7,SM-09-B1,477265.19,2036624.23,3.26,-17.55
21.04,22.6,SM-09-B1,477265.19,2036624.23,3.26,-17.78
21.23,27.6,SM-09-B1,477265.19,2036624.23,3.26,-17.97
21.38,25.7,SM-09-B1,477265.19,2036624.23,3.26,-18.12
21.53,22.9,SM-09-B1,477265.19,2036624.23,3.26,-18.27
21.71,28.4,SM-09-B1,477265.19,2036624.23,3.26,-18.45
21.94,25.9,SM-09-B1,477265.19,2036624.23,3.26,-18.68
22.28,24.9,SM-09-B1,477265.19,2036624.23,3.26,-19.02
22.73,23.5,SM-09-B1,477265.19,2036624.23,3.26,-19.47
23.17,23.5,SM-09-B1,477265.19,2036624.23,3.26,-19.91
23.63,25.3,SM-09-B1,477265.19,2036624.23,3.26,-20.37
24.08,24.1,SM-09-B1,477265.19,2036624.23,3.26,-20.82
24.53,23.5,SM-09-B1,477265.19,2036624.23,3.26,-21.27
24.98,18.9,SM-09-B1,477265.19,2036624.23,3.26,-21.72
25.42,27.7,SM-09-B1,477265.19,2036624.23,3.26,-22.16
25.88,25.5,SM-09-B1,477265.19,2036624.23,3.26,-22.62
26.33,20.2,SM-09-B1,477265.19,2036624.23,3.26,-23.07
26.66,24.2,SM-09-B1,477265.19,2036624.23,3.26,-23.4
26.89,28.7,SM-09-B1,477265.19,2036624.23,3.26,-23.63
27.11,27,SM-09-B1,477265.19,2036624.23,3.26,-23.85
27.34,44.5,SM-09-B1,477265.19,2036624.23,3.26,-24.08
27.51,49.2,SM-09-B1,477265.19,2036624.23,3.26,-24.25
27.62,31.5,SM-09-B1,477265.19,2036624.23,3.26,-24.36
27.73,41.3,SM-09-B1,477265.19,2036624.23,3.26,-24.47
27.84,28.2,SM-09-B1,477265.19,2036624.23,3.26,-24.58
27.96,21.8,SM-09-B1,477265.19,2036624.23,3.26,-24.7
28.07,43.3,SM-09-B1,477265.19,2036624.23,3.26,-24.81
28.18,19.3,SM-09-B1,477265.19,2036624.23,3.26,-24.92
28.29,15.4,SM-09-B1,477265.19,2036624.23,3.26,-25.03
28.46,15.8,SM-09-B1,477265.19,2036624.23,3.26,-25.2
28.69,30.5,SM-09-B1,477265.19,2036624.23,3.26,-25.43
29.03,28.2,SM-09-B1,477265.19,2036624.23,3.26,-25.77
29.4,27.7,SM-09-B1,477265.19,2036624.23,3.26,-26.14
29.92,29.7,SM-09-B1,477265.19,2036624.23,3.26,-26.66
30.36,28.2,SM-09-B1,477265.19,2036624.23,3.26,-27.1
,100,SM-09-B1,477265.19,2036624.23,3.26,3.26
0.11,22.4,SM-05-B1,478828.2306,2036140.498,1.132,1.022
0.34,17.4,SM-05-B1,478828.2306,2036140.498,1.132,0.792
0.68,23.7,SM-05-B1,478828.2306,2036140.498,1.132,0.452
1.13,34.6,SM-05-B1,478828.2306,2036140.498,1.132,0.002
1.58,29.9,SM-05-B1,478828.2306,2036140.498,1.132,-0.448
1.88,30.7,SM-05-B1,478828.2306,2036140.498,1.132,-0.748
2.03,20.3,SM-05-B1,478828.2306,2036140.498,1.132,-0.898
2.17,18.8,SM-05-B1,478828.2306,2036140.498,1.132,-1.038
2.48,28.6,SM-05-B1,478828.2306,2036140.498,1.132,-1.348
2.81,29.5,SM-05-B1,478828.2306,2036140.498,1.132,-1.678
3.04,20,SM-05-B1,478828.2306,2036140.498,1.132,-1.908
3.38,28.4,SM-05-B1,478828.2306,2036140.498,1.132,-2.248
3.83,25,SM-05-B1,478828.2306,2036140.498,1.132,-2.698
4.28,22,SM-05-B1,478828.2306,2036140.498,1.132,-3.148
4.72,20.9,SM-05-B1,478828.2306,2036140.498,1.132,-3.588
5.18,24.4,SM-05-B1,478828.2306,2036140.498,1.132,-4.048
5.63,22.5,SM-05-B1,478828.2306,2036140.498,1.132,-4.498
6.07,20.3,SM-05-B1,478828.2306,2036140.498,1.132,-4.938
6.53,17.1,SM-05-B1,478828.2306,2036140.498,1.132,-5.398
6.98,17.8,SM-05-B1,478828.2306,2036140.498,1.132,-5.848
7.43,18.3,SM-05-B1,478828.2306,2036140.498,1.132,-6.298
7.88,24.2,SM-05-B1,478828.2306,2036140.498,1.132,-6.748
8.32,21.4,SM-05-B1,478828.2306,2036140.498,1.132,-7.188
8.66,19.6,SM-05-B1,478828.2306,2036140.498,1.132,-7.528
8.89,20.6,SM-05-B1,478828.2306,2036140.498,1.132,-7.758
9.23,19.2,SM-05-B1,478828.2306,2036140.498,1.132,-8.098
9.68,21.4,SM-05-B1,478828.2306,2036140.498,1.132,-8.548
10.13,21.6,SM-05-B1,478828.2306,2036140.498,1.132,-8.998
10.43,37.9,SM-05-B1,478828.2306,2036140.498,1.132,-9.298
10.58,33,SM-05-B1,478828.2306,2036140.498,1.132,-9.448
10.73,24.3,SM-05-B1,478828.2306,2036140.498,1.132,-9.598
10.91,25.9,SM-05-B1,478828.2306,2036140.498,1.132,-9.778
11.14,42.5,SM-05-B1,478828.2306,2036140.498,1.132,-10.008
11.33,28.6,SM-05-B1,478828.2306,2036140.498,1.132,-10.198
11.48,27.9,SM-05-B1,478828.2306,2036140.498,1.132,-10.348
11.63,25.4,SM-05-B1,478828.2306,2036140.498,1.132,-10.498
11.81,26.4,SM-05-B1,478828.2306,2036140.498,1.132,-10.678
12.04,23.9,SM-05-B1,478828.2306,2036140.498,1.132,-10.908
12.38,25.8,SM-05-B1,478828.2306,2036140.498,1.132,-11.248
12.71,27.2,SM-05-B1,478828.2306,2036140.498,1.132,-11.578
12.94,22.9,SM-05-B1,478828.2306,2036140.498,1.132,-11.808
13.16,30,SM-05-B1,478828.2306,2036140.498,1.132,-12.028
13.39,20.7,SM-05-B1,478828.2306,2036140.498,1.132,-12.258
13.73,26.5,SM-05-B1,478828.2306,2036140.498,1.132,-12.598
14.18,21.2,SM-05-B1,478828.2306,2036140.498,1.132,-13.048
14.63,22.8,SM-05-B1,478828.2306,2036140.498,1.132,-13.498
14.96,22,SM-05-B1,478828.2306,2036140.498,1.132,-13.828
15.19,28.5,SM-05-B1,478828.2306,2036140.498,1.132,-14.058
15.53,19.3,SM-05-B1,478828.2306,2036140.498,1.132,-14.398
15.98,21.4,SM-05-B1,478828.2306,2036140.498,1.132,-14.848
16.42,21.7,SM-05-B1,478828.2306,2036140.498,1.132,-15.288
16.88,20.6,SM-05-B1,478828.2306,2036140.498,1.132,-15.748
17.33,23.2,SM-05-B1,478828.2306,2036140.498,1.132,-16.198
17.77,21.6,SM-05-B1,478828.2306,2036140.498,1.132,-16.638
18.23,20.1,SM-05-B1,478828.2306,2036140.498,1.132,-17.098
18.67,22.2,SM-05-B1,478828.2306,2036140.498,1.132,-17.538
19.13,21.4,SM-05-B1,478828.2306,2036140.498,1.132,-17.998
19.58,18.6,SM-05-B1,478828.2306,2036140.498,1.132,-18.448
20.02,22.9,SM-05-B1,478828.2306,2036140.498,1.132,-18.888
20.48,21,SM-05-B1,478828.2306,2036140.498,1.132,-19.348
20.92,20.5,SM-05-B1,478828.2306,2036140.498,1.132,-19.788
21.38,21.1,SM-05-B1,478828.2306,2036140.498,1.132,-20.248
21.83,17.6,SM-05-B1,478828.2306,2036140.498,1.132,-20.698
22.16,17.1,SM-05-B1,478828.2306,2036140.498,1.132,-21.028
22.39,20.9,SM-05-B1,478828.2306,2036140.498,1.132,-21.258
22.73,22,SM-05-B1,478828.2306,2036140.498,1.132,-21.598
23.17,18.9,SM-05-B1,478828.2306,2036140.498,1.132,-22.038
23.51,19.2,SM-05-B1,478828.2306,2036140.498,1.132,-22.378
23.74,17.8,SM-05-B1,478828.2306,2036140.498,1.132,-22.608
24.08,18.7,SM-05-B1,478828.2306,2036140.498,1.132,-22.948
24.38,19.7,SM-05-B1,478828.2306,2036140.498,1.132,-23.248
24.53,42.9,SM-05-B1,478828.2306,2036140.498,1.132,-23.398
24.68,26.2,SM-05-B1,478828.2306,2036140.498,1.132,-23.548
24.83,17.9,SM-05-B1,478828.2306,2036140.498,1.132,-23.698
24.98,27.4,SM-05-B1,478828.2306,2036140.498,1.132,-23.848
25.13,16.1,SM-05-B1,478828.2306,2036140.498,1.132,-23.998
25.31,39,SM-05-B1,478828.2306,2036140.498,1.132,-24.178
25.54,28.7,SM-05-B1,478828.2306,2036140.498,1.132,-24.408
25.88,28.7,SM-05-B1,478828.2306,2036140.498,1.132,-24.748
26.33,27.1,SM-05-B1,478828.2306,2036140.498,1.132,-25.198
26.78,26.8,SM-05-B1,478828.2306,2036140.498,1.132,-25.648
27.11,25.1,SM-05-B1,478828.2306,2036140.498,1.132,-25.978
27.34,24,SM-05-B1,478828.2306,2036140.498,1.132,-26.208
27.67,23.4,SM-05-B1,478828.2306,2036140.498,1.132,-26.538
28.01,21,SM-05-B1,478828.2306,2036140.498,1.132,-26.878
28.24,27.7,SM-05-B1,478828.2306,2036140.498,1.132,-27.108
28.46,22.2,SM-05-B1,478828.2306,2036140.498,1.132,-27.328
28.69,25.5,SM-05-B1,478828.2306,2036140.498,1.132,-27.558
29.03,47,SM-05-B1,478828.2306,2036140.498,1.132,-27.898
29.48,44,SM-05-B1,478828.2306,2036140.498,1.132,-28.348
29.81,57.3,SM-05-B1,478828.2306,2036140.498,1.132,-28.678
30.04,38.2,SM-05-B1,478828.2306,2036140.498,1.132,-28.908
30.26,38,SM-05-B1,478828.2306,2036140.498,1.132,-29.128
30.49,21.5,SM-05-B1,478828.2306,2036140.498,1.132,-29.358
30.71,20,SM-05-B1,478828.2306,2036140.498,1.132,-29.578
30.94,19.1,SM-05-B1,478828.2306,2036140.498,1.132,-29.808
31.13,14.2,SM-05-B1,478828.2306,2036140.498,1.132,-29.998
31.28,20.3,SM-05-B1,478828.2306,2036140.498,1.132,-30.148
31.43,16.1,SM-05-B1,478828.2306,2036140.498,1.132,-30.298
31.58,26.5,SM-05-B1,478828.2306,2036140.498,1.132,-30.448
31.73,17.7,SM-05-B1,478828.2306,2036140.498,1.132,-30.598
31.88,17.2,SM-05-B1,478828.2306,2036140.498,1.132,-30.748
32.03,21.8,SM-05-B1,478828.2306,2036140.498,1.132,-30.898
32.17,16.4,SM-05-B1,478828.2306,2036140.498,1.132,-31.038
32.33,16.4,SM-05-B1,478828.2306,2036140.498,1.132,-31.198
32.63,36.3,SM-05-B1,478828.2306,2036140.498,1.132,-31.498
32.96,45.9,SM-05-B1,478828.2306,2036140.498,1.132,-31.828
33.19,31.1,SM-05-B1,478828.2306,2036140.498,1.132,-32.058
33.53,20.9,SM-05-B1,478828.2306,2036140.498,1.132,-32.398
33.98,20.7,SM-05-B1,478828.2306,2036140.498,1.132,-32.848
34.42,20.8,SM-05-B1,478828.2306,2036140.498,1.132,-33.288
34.88,27.3,SM-05-B1,478828.2306,2036140.498,1.132,-33.748
,112,SM-05-B1,478828.2306,2036140.498,1.132,1.132
0.23,19.4,SM-35 P2,,,,-0.23
0.68,27.14,SM-35 P2,,,,-0.68
1.13,24.1,SM-35 P2,,,,-1.13
1.46,19.1,SM-35 P2,,,,-1.46
1.69,27.8,SM-35 P2,,,,-1.69
2.03,22.2,SM-35 P2,,,,-2.03
2.48,18.5,SM-35 P2,,,,-2.48
2.93,23.2,SM-35 P2,,,,-2.93
3.38,19.8,SM-35 P2,,,,-3.38
3.83,20.6,SM-35 P2,,,,-3.83
4.28,14.6,SM-35 P2,,,,-4.28
4.72,22.3,SM-35 P2,,,,-4.72
5.18,15.7,SM-35 P2,,,,-5.18
5.63,21.9,SM-35 P2,,,,-5.63
6.07,17.2,SM-35 P2,,,,-6.07
6.53,23.2,SM-35 P2,,,,-6.53
6.98,20,SM-35 P2,,,,-6.98
7.43,23.1,SM-35 P2,,,,-7.43
7.88,20.7,SM-35 P2,,,,-7.88
8.32,18.2,SM-35 P2,,,,-8.32
8.78,20.7,SM-35 P2,,,,-8.78
9.23,21.9,SM-35 P2,,,,-9.23
9.68,16.8,SM-35 P2,,,,-9.68
10.13,15.1,SM-35 P2,,,,-10.13
10.58,19,SM-35 P2,,,,-10.58
11.03,50.2,SM-35 P2,,,,-11.03
11.48,52,SM-35 P2,,,,-11.48
11.93,50.4,SM-35 P2,,,,-11.93
12.38,46.5,SM-35 P2,,,,-12.38
12.83,51.7,SM-35 P2,,,,-12.83
13.28,22.4,SM-35 P2,,,,-13.28
13.73,44.9,SM-35 P2,,,,-13.73
14.18,27,SM-35 P2,,,,-14.18
14.51,35,SM-35 P2,,,,-14.51
14.74,114.5,SM-35 P2,,,,-14.74
14.96,199.5,SM-35 P2,,,,-14.96
15.19,19.5,SM-35 P2,,,,-15.19
15.38,21.1,SM-35 P2,,,,-15.38
15.52,24.4,SM-35 P2,,,,-15.52
15.68,20.6,SM-35 P2,,,,-15.68
15.98,22.7,SM-35 P2,,,,-15.98
16.42,19.2,SM-35 P2,,,,-16.42
16.88,24.2,SM-35 P2,,,,-16.88
17.21,27.3,SM-35 P2,,,,-17.21
17.44,23.8,SM-35 P2,,,,-17.44
17.77,20.7,SM-35 P2,,,,-17.77
18.23,24.3,SM-35 P2,,,,-18.23
18.67,26.1,SM-35 P2,,,,-18.67
18.98,25.1,SM-35 P2,,,,-18.98
19.13,27.3,SM-35 P2,,,,-19.13
19.27,23.5,SM-35 P2,,,,-19.27
19.58,26.8,SM-35 P2,,,,-19.58
20.02,27.5,SM-35 P2,,,,-20.02
20.48,22.9,SM-35 P2,,,,-20.48
20.92,26.4,SM-35 P2,,,,-20.92
21.38,22.1,SM-35 P2,,,,-21.38
21.83,19.4,SM-35 P2,,,,-21.83
22.28,32.6,SM-35 P2,,,,-22.28
22.73,25.6,SM-35 P2,,,,-22.73
23.03,27.2,SM-35 P2,,,,-23.03
23.18,49.5,SM-35 P2,,,,-23.18
23.33,24.6,SM-35 P2,,,,-23.33
23.63,40,SM-35 P2,,,,-23.63
23.96,32,SM-35 P2,,,,-23.96
24.53,31.3,SM-35 P2,,,,-24.53
24.98,29.3,SM-35 P2,,,,-24.98
25.42,29.9,SM-35 P2,,,,-25.42
25.88,34.7,SM-35 P2,,,,-25.88
26.33,32.1,SM-35 P2,,,,-26.33
26.78,31,SM-35 P2,,,,-26.78
27.23,31.3,SM-35 P2,,,,-27.23
27.67,29.8,SM-35 P2,,,,-27.67
28.13,27.6,SM-35 P2,,,,-28.13
28.58,26.5,SM-35 P2,,,,-28.58
29.03,25.6,SM-35 P2,,,,-29.03
29.48,23,SM-35 P2,,,,-29.48
29.92,27.9,SM-35 P2,,,,-29.92
30.38,30.6,SM-35 P2,,,,-30.38
30.83,28,SM-35 P2,,,,-30.83
31.28,29.6,SM-35 P2,,,,-31.28
31.73,20.7,SM-35 P2,,,,-31.73
32.17,23.8,SM-35 P2,,,,-32.17
32.63,25.8,SM-35 P2,,,,-32.63
33.08,25.9,SM-35 P2,,,,-33.08
33.53,24.7,SM-35 P2,,,,-33.53
33.86,25.1,SM-35 P2,,,,-33.86
34.09,30.2,SM-35 P2,,,,-34.09
34.42,20.5,SM-35 P2,,,,-34.42
34.88,26.6,SM-35 P2,,,,-34.88
35.33,22.6,SM-35 P2,,,,-35.33
35.78,23,SM-35 P2,,,,-35.78
36.23,21.1,SM-35 P2,,,,-36.23
36.67,19.1,SM-35 P2,,,,-36.67
37.13,23.5,SM-35 P2,,,,-37.13
37.58,17.5,SM-35 P2,,,,-37.58
38.03,30.5,SM-35 P2,,,,-38.03
38.48,27.6,SM-35 P2,,,,-38.48
38.92,26.1,SM-35 P2,,,,-38.92
39.38,25.3,SM-35 P2,,,,-39.38
39.83,29.9,SM-35 P2,,,,-39.83
40.28,22.9,SM-35 P2,,,,-40.28
40.73,28.1,SM-35 P2,,,,-40.73
41.18,22.3,SM-35 P2,,,,-41.18
41.63,19.8,SM-35 P2,,,,-41.63
42.08,15.1,SM-35 P2,,,,-42.08
42.41,26,SM-35 P2,,,,-42.41
42.64,16.7,SM-35 P2,,,,-42.64
42.98,15.8,SM-35 P2,,,,-42.98
43.43,23,SM-35 P2,,,,-43.43
43.88,24.3,SM-35 P2,,,,-43.88
44.33,30,SM-35 P2,,,,-44.33
44.66,24.7,SM-35 P2,,,,-44.66
44.89,23.4,SM-35 P2,,,,-44.89
45.23,24.3,SM-35 P2,,,,-45.23
45.68,17,SM-35 P2,,,,-45.68
46.13,18.3,SM-35 P2,,,,-46.13
46.58,24.4,SM-35 P2,,,,-46.58
47.03,18.7,SM-35 P2,,,,-47.03
47.48,17.8,SM-35 P2,,,,-47.48
47.93,20.3,SM-35 P2,,,,-47.93
48.38,17.7,SM-35 P2,,,,-48.38
48.83,15.2,SM-35 P2,,,,-48.83
49.28,16.5,SM-35 P2,,,,-49.28
49.73,15.3,SM-35 P2,,,,-49.73
50.18,13.5,SM-35 P2,,,,-50.18
50.63,24.5,SM-35 P2,,,,-50.63
51.08,18.3,SM-35 P2,,,,-51.08
51.53,17.5,SM-35 P2,,,,-51.53
51.98,20.3,SM-35 P2,,,,-51.98
52.43,14,SM-35 P2,,,,-52.43
52.88,21.8,SM-35 P2,,,,-52.88
53.33,18,SM-35 P2,,,,-53.33
53.66,16.9,SM-35 P2,,,,-53.66
53.89,13,SM-35 P2,,,,-53.89
54.23,14.9,SM-35 P2,,,,-54.23
54.68,20.9,SM-35 P2,,,,-54.68
55.01,10.8,SM-35 P2,,,,-55.01
55.24,14.8,SM-35 P2,,,,-55.24
55.58,16.1,SM-35 P2,,,,-55.58
56.03,16.3,SM-35 P2,,,,-56.03
56.48,14,SM-35 P2,,,,-56.48
56.81,22,SM-35 P2,,,,-56.81
57.04,37.5,SM-35 P2,,,,-57.04
57.22,8.8,SM-35 P2,,,,-57.22
57.38,23.9,SM-35 P2,,,,-57.38
57.53,17.4,SM-35 P2,,,,-57.53
57.83,34.3,SM-35 P2,,,,-57.83
58.28,34.3,SM-35 P2,,,,-58.28
58.73,23.5,SM-35 P2,,,,-58.73
0.23,20.3,SM-72-P2,479543.59,2036219.22,1.19,0.96
0.68,26.4,SM-72-P2,479543.59,2036219.22,1.19,0.51
1.13,27.6,SM-72-P2,479543.59,2036219.22,1.19,0.06
1.58,28.1,SM-72-P2,479543.59,2036219.22,1.19,-0.39
2.03,38.6,SM-72-P2,479543.59,2036219.22,1.19,-0.84
2.48,26.3,SM-72-P2,479543.59,2036219.22,1.19,-1.29
2.93,27.8,SM-72-P2,479543.59,2036219.22,1.19,-1.74
3.38,36.4,SM-72-P2,479543.59,2036219.22,1.19,-2.19
3.83,34.1,SM-72-P2,479543.59,2036219.22,1.19,-2.64
4.28,27.6,SM-72-P2,479543.59,2036219.22,1.19,-3.09
4.72,26.3,SM-72-P2,479543.59,2036219.22,1.19,-3.53
5.18,27.7,SM-72-P2,479543.59,2036219.22,1.19,-3.99
5.63,25.4,SM-72-P2,479543.59,2036219.22,1.19,-4.44
6.07,23.8,SM-72-P2,479543.59,2036219.22,1.19,-4.88
6.53,19.1,SM-72-P2,479543.59,2036219.22,1.19,-5.34
6.98,23,SM-72-P2,479543.59,2036219.22,1.19,-5.79
7.43,21.6,SM-72-P2,479543.59,2036219.22,1.19,-6.24
7.88,21.4,SM-72-P2,479543.59,2036219.22,1.19,-6.69
8.32,21.4,SM-72-P2,479543.59,2036219.22,1.19,-7.13
8.78,20.1,SM-72-P2,479543.59,2036219.22,1.19,-7.59
9.23,20.9,SM-72-P2,479543.59,2036219.22,1.19,-8.04
9.56,21.4,SM-72-P2,479543.59,2036219.22,1.19,-8.37
9.79,53.1,SM-72-P2,479543.59,2036219.22,1.19,-8.6
10.13,39,SM-72-P2,479543.59,2036219.22,1.19,-8.94
10.58,21,SM-72-P2,479543.59,2036219.22,1.19,-9.39
11.03,21.8,SM-72-P2,479543.59,2036219.22,1.19,-9.84
11.48,22.7,SM-72-P2,479543.59,2036219.22,1.19,-10.29
11.93,19.3,SM-72-P2,479543.59,2036219.22,1.19,-10.74
12.38,19.5,SM-72-P2,479543.59,2036219.22,1.19,-11.19
13.28,19.3,SM-72-P2,479543.59,2036219.22,1.19,-12.09
13.73,17.5,SM-72-P2,479543.59,2036219.22,1.19,-12.54
14.18,16.8,SM-72-P2,479543.59,2036219.22,1.19,-12.99
14.63,18.7,SM-72-P2,479543.59,2036219.22,1.19,-13.44
15.08,19.2,SM-72-P2,479543.59,2036219.22,1.19,-13.89
15.53,23.9,SM-72-P2,479543.59,2036219.22,1.19,-14.34
15.98,19.9,SM-72-P2,479543.59,2036219.22,1.19,-14.79
16.42,19.4,SM-72-P2,479543.59,2036219.22,1.19,-15.23
16.88,24.5,SM-72-P2,479543.59,2036219.22,1.19,-15.69
17.33,21.1,SM-72-P2,479543.59,2036219.22,1.19,-16.14
17.77,22,SM-72-P2,479543.59,2036219.22,1.19,-16.58
18.23,23.4,SM-72-P2,479543.59,2036219.22,1.19,-17.04
18.67,18.6,SM-72-P2,479543.59,2036219.22,1.19,-17.48
19.13,19.6,SM-72-P2,479543.59,2036219.22,1.19,-17.94
19.58,19.4,SM-72-P2,479543.59,2036219.22,1.19,-18.39
19.91,22.8,SM-72-P2,479543.59,2036219.22,1.19,-18.72
20.14,21.1,SM-72-P2,479543.59,2036219.22,1.19,-18.95
20.48,23,SM-72-P2,479543.59,2036219.22,1.19,-19.29
20.92,19.1,SM-72-P2,479543.59,2036219.22,1.19,-19.73
21.38,19.4,SM-72-P2,479543.59,2036219.22,1.19,-20.19
21.83,19.8,SM-72-P2,479543.59,2036219.22,1.19,-20.64
22.28,18.7,SM-72-P2,479543.59,2036219.22,1.19,-21.09
22.73,19.3,SM-72-P2,479543.59,2036219.22,1.19,-21.54
23.17,21.4,SM-72-P2,479543.59,2036219.22,1.19,-21.98
23.48,38.6,SM-72-P2,479543.59,2036219.22,1.19,-22.29
23.63,41.1,SM-72-P2,479543.59,2036219.22,1.19,-22.44
23.78,21.3,SM-72-P2,479543.59,2036219.22,1.19,-22.59
23.93,20.1,SM-72-P2,479543.59,2036219.22,1.19,-22.74
24.08,31.6,SM-72-P2,479543.59,2036219.22,1.19,-22.89
24.23,19.6,SM-72-P2,479543.59,2036219.22,1.19,-23.04
24.41,22.9,SM-72-P2,479543.59,2036219.22,1.19,-23.22
24.64,20.3,SM-72-P2,479543.59,2036219.22,1.19,-23.45
24.98,17.8,SM-72-P2,479543.59,2036219.22,1.19,-23.79
25.42,23.5,SM-72-P2,479543.59,2036219.22,1.19,-24.23
25.7,38.7,SM-72-P2,479543.59,2036219.22,1.19,-24.51
25.78,44.4,SM-72-P2,479543.59,2036219.22,1.19,-24.59
25.88,13.2,SM-72-P2,479543.59,2036219.22,1.19,-24.69
25.97,33.7,SM-72-P2,479543.59,2036219.22,1.19,-24.78
26.06,14.1,SM-72-P2,479543.59,2036219.22,1.19,-24.87
26.33,23.6,SM-72-P2,479543.59,2036219.22,1.19,-25.14
26.78,18.1,SM-72-P2,479543.59,2036219.22,1.19,-25.59
27.08,10.4,SM-72-P2,479543.59,2036219.22,1.19,-25.89
27.23,25.9,SM-72-P2,479543.59,2036219.22,1.19,-26.04
27.38,23.8,SM-72-P2,479543.59,2036219.22,1.19,-26.19
27.67,23.4,SM-72-P2,479543.59,2036219.22,1.19,-26.48
28.13,26.6,SM-72-P2,479543.59,2036219.22,1.19,-26.94
28.46,21.5,SM-72-P2,479543.59,2036219.22,1.19,-27.27
28.69,27.2,SM-72-P2,479543.59,2036219.22,1.19,-27.5
29.03,25,SM-72-P2,479543.59,2036219.22,1.19,-27.84
29.48,31.1,SM-72-P2,479543.59,2036219.22,1.19,-28.29
29.92,27.9,SM-72-P2,479543.59,2036219.22,1.19,-28.73
30.38,17.7,SM-72-P2,479543.59,2036219.22,1.19,-29.19
30.71,29.1,SM-72-P2,479543.59,2036219.22,1.19,-29.52
30.94,22.9,SM-72-P2,479543.59,2036219.22,1.19,-29.75
31.28,24.2,SM-72-P2,479543.59,2036219.22,1.19,-30.09
31.65,21.7,SM-72-P2,479543.59,2036219.22,1.19,-30.46
32.17,25.4,SM-72-P2,479543.59,2036219.22,1.19,-30.98
32.63,17.7,SM-72-P2,479543.59,2036219.22,1.19,-31.44
33.08,18.9,SM-72-P2,479543.59,2036219.22,1.19,-31.89
33.53,17.4,SM-72-P2,479543.59,2036219.22,1.19,-32.34
33.98,30.6,SM-72-P2,479543.59,2036219.22,1.19,-32.79
34.42,23.4,SM-72-P2,479543.59,2036219.22,1.19,-33.23
34.88,21.9,SM-72-P2,479543.59,2036219.22,1.19,-33.69
35.33,24.8,SM-72-P2,479543.59,2036219.22,1.19,-34.14
35.78,20.6,SM-72-P2,479543.59,2036219.22,1.19,-34.59
36.23,20.4,SM-72-P2,479543.59,2036219.22,1.19,-35.04
36.67,28.8,SM-72-P2,479543.59,2036219.22,1.19,-35.48
37.13,27.1,SM-72-P2,479543.59,2036219.22,1.19,-35.94
37.48,24,SM-72-P2,479543.59,2036219.22,1.19,-36.29
37.94,19.6,SM-72-P2,479543.59,2036219.22,1.19,-36.75
38.39,20.7,SM-72-P2,479543.59,2036219.22,1.19,-37.2
0.11,15.9,SM-02-B1,479959.6533,2036162.012,1.544,1.434
0.34,18.4,SM-02-B1,479959.6533,2036162.012,1.544,1.204
0.56,20.1,SM-02-B1,479959.6533,2036162.012,1.544,0.984
0.79,18,SM-02-B1,479959.6533,2036162.012,1.544,0.754
1.13,21.4,SM-02-B1,479959.6533,2036162.012,1.544,0.414
1.91,30,SM-02-B1,479959.6533,2036162.012,1.544,-0.366
2.14,27.8,SM-02-B1,479959.6533,2036162.012,1.544,-0.596
2.36,24.9,SM-02-B1,479959.6533,2036162.012,1.544,-0.816
2.59,20.4,SM-02-B1,479959.6533,2036162.012,1.544,-1.046
2.81,30.2,SM-02-B1,479959.6533,2036162.012,1.544,-1.266
3.04,19.8,SM-02-B1,479959.6533,2036162.012,1.544,-1.496
3.38,22.5,SM-02-B1,479959.6533,2036162.012,1.544,-1.836
3.83,20.8,SM-02-B1,479959.6533,2036162.012,1.544,-2.286
4.28,23.7,SM-02-B1,479959.6533,2036162.012,1.544,-2.736
4.72,24.6,SM-02-B1,479959.6533,2036162.012,1.544,-3.176
5.18,24.8,SM-02-B1,479959.6533,2036162.012,1.544,-3.636
5.63,17.7,SM-02-B1,479959.6533,2036162.012,1.544,-4.086
6.07,19.6,SM-02-B1,479959.6533,2036162.012,1.544,-4.526
6.53,21.7,SM-02-B1,479959.6533,2036162.012,1.544,-4.986
6.98,17.2,SM-02-B1,479959.6533,2036162.012,1.544,-5.436
7.31,24.4,SM-02-B1,479959.6533,2036162.012,1.544,-5.766
7.54,15.3,SM-02-B1,479959.6533,2036162.012,1.544,-5.996
7.88,17,SM-02-B1,479959.6533,2036162.012,1.544,-6.336
8.32,21.1,SM-02-B1,479959.6533,2036162.012,1.544,-6.776
8.78,21.1,SM-02-B1,479959.6533,2036162.012,1.544,-7.236
9.23,25,SM-02-B1,479959.6533,2036162.012,1.544,-7.686
9.68,24.7,SM-02-B1,479959.6533,2036162.012,1.544,-8.136
10.01,17,SM-02-B1,479959.6533,2036162.012,1.544,-8.466
10.24,18.1,SM-02-B1,479959.6533,2036162.012,1.544,-8.696
10.58,25.3,SM-02-B1,479959.6533,2036162.012,1.544,-9.036
11.81,25.3,SM-02-B1,479959.6533,2036162.012,1.544,-10.266
12.04,28,SM-02-B1,479959.6533,2036162.012,1.544,-10.496
12.38,27.1,SM-02-B1,479959.6533,2036162.012,1.544,-10.836
12.83,24.2,SM-02-B1,479959.6533,2036162.012,1.544,-11.286
13.28,22.7,SM-02-B1,479959.6533,2036162.012,1.544,-11.736
13.73,25.7,SM-02-B1,479959.6533,2036162.012,1.544,-12.186
14.18,18.1,SM-02-B1,479959.6533,2036162.012,1.544,-12.636
14.63,20.4,SM-02-B1,479959.6533,2036162.012,1.544,-13.086
15.08,18.4,SM-02-B1,479959.6533,2036162.012,1.544,-13.536
15.53,21.4,SM-02-B1,479959.6533,2036162.012,1.544,-13.986
15.98,18.21,SM-02-B1,479959.6533,2036162.012,1.544,-14.436
16.42,25.6,SM-02-B1,479959.6533,2036162.012,1.544,-14.876
16.88,19.4,SM-02-B1,479959.6533,2036162.012,1.544,-15.336
17.33,19.7,SM-02-B1,479959.6533,2036162.012,1.544,-15.786
17.77,18,SM-02-B1,479959.6533,2036162.012,1.544,-16.226
18.23,11,SM-02-B1,479959.6533,2036162.012,1.544,-16.686
18.67,18.8,SM-02-B1,479959.6533,2036162.012,1.544,-17.126
19.13,19.8,SM-02-B1,479959.6533,2036162.012,1.544,-17.586
19.58,20.6,SM-02-B1,479959.6533,2036162.012,1.544,-18.036
19.91,23.4,SM-02-B1,479959.6533,2036162.012,1.544,-18.366
20.14,23.9,SM-02-B1,479959.6533,2036162.012,1.544,-18.596
20.48,19.5,SM-02-B1,479959.6533,2036162.012,1.544,-18.936
20.92,21.5,SM-02-B1,479959.6533,2036162.012,1.544,-19.376
21.38,20.3,SM-02-B1,479959.6533,2036162.012,1.544,-19.836
21.83,22.3,SM-02-B1,479959.6533,2036162.012,1.544,-20.286
22.16,26.2,SM-02-B1,479959.6533,2036162.012,1.544,-20.616
22.39,21,SM-02-B1,479959.6533,2036162.012,1.544,-20.846
22.73,19.8,SM-02-B1,479959.6533,2036162.012,1.544,-21.186
23.06,26.6,SM-02-B1,479959.6533,2036162.012,1.544,-21.516
23.29,20.9,SM-02-B1,479959.6533,2036162.012,1.544,-21.746
23.51,19.3,SM-02-B1,479959.6533,2036162.012,1.544,-21.966
23.74,24.6,SM-02-B1,479959.6533,2036162.012,1.544,-22.196
23.96,24.3,SM-02-B1,479959.6533,2036162.012,1.544,-22.416
24.19,28.2,SM-02-B1,479959.6533,2036162.012,1.544,-22.646
24.41,22.6,SM-02-B1,479959.6533,2036162.012,1.544,-22.866
24.64,29,SM-02-B1,479959.6533,2036162.012,1.544,-23.096
24.83,20.9,SM-02-B1,479959.6533,2036162.012,1.544,-23.286
24.98,47.3,SM-02-B1,479959.6533,2036162.012,1.544,-23.436
25.13,19.5,SM-02-B1,479959.6533,2036162.012,1.544,-23.586
,46,SM-02-B1,479959.6533,2036162.012,1.544,1.544
0.23,7.5,SM-19-P1,477471.6,2036261.55,4.08,3.85
0.68,7.4,SM-19-P1,477471.6,2036261.55,4.08,3.4
1.13,22.3,SM-19-P1,477471.6,2036261.55,4.08,2.95
1.58,16.4,SM-19-P1,477471.6,2036261.55,4.08,2.5
2.03,20.4,SM-19-P1,477471.6,2036261.55,4.08,2.05
2.48,22,SM-19-P1,477471.6,2036261.55,4.08,1.6
2.81,17.5,SM-19-P1,477471.6,2036261.55,4.08,1.27
3.04,35.3,SM-19-P1,477471.6,2036261.55,4.08,1.04
3.38,26.7,SM-19-P1,477471.6,2036261.55,4.08,0.7
3.71,27.1,SM-19-P1,477471.6,2036261.55,4.08,0.37
3.94,30.8,SM-19-P1,477471.6,2036261.55,4.08,0.14
4.16,34.6,SM-19-P1,477471.6,2036261.55,4.08,-0.08
4.39,27.4,SM-19-P1,477471.6,2036261.55,4.08,-0.31
4.72,26.4,SM-19-P1,477471.6,2036261.55,4.08,-0.64
5.18,19.8,SM-19-P1,477471.6,2036261.55,4.08,-1.1
5.63,21,SM-19-P1,477471.6,2036261.55,4.08,-1.55
6.07,21.6,SM-19-P1,477471.6,2036261.55,4.08,-1.99
6.53,22.5,SM-19-P1,477471.6,2036261.55,4.08,-2.45
6.98,19.4,SM-19-P1,477471.6,2036261.55,4.08,-2.9
7.43,26.5,SM-19-P1,477471.6,2036261.55,4.08,-3.35
7.88,23.3,SM-19-P1,477471.6,2036261.55,4.08,-3.8
8.32,20.6,SM-19-P1,477471.6,2036261.55,4.08,-4.24
8.78,18.8,SM-19-P1,477471.6,2036261.55,4.08,-4.7
9.23,26.8,SM-19-P1,477471.6,2036261.55,4.08,-5.15
9.68,20.5,SM-19-P1,477471.6,2036261.55,4.08,-5.6
10.13,21.2,SM-19-P1,477471.6,2036261.55,4.08,-6.05
10.58,16.5,SM-19-P1,477471.6,2036261.55,4.08,-6.5
11.03,29.2,SM-19-P1,477471.6,2036261.55,4.08,-6.95
11.48,46,SM-19-P1,477471.6,2036261.55,4.08,-7.4
11.93,46.9,SM-19-P1,477471.6,2036261.55,4.08,-7.85
12.38,53.1,SM-19-P1,477471.6,2036261.55,4.08,-8.3
12.83,61.9,SM-19-P1,477471.6,2036261.55,4.08,-8.75
13.28,63.4,SM-19-P1,477471.6,2036261.55,4.08,-9.2
13.73,64.5,SM-19-P1,477471.6,2036261.55,4.08,-9.65
14.18,53.3,SM-19-P1,477471.6,2036261.55,4.08,-10.1
14.63,44.1,SM-19-P1,477471.6,2036261.55,4.08,-10.55
15.08,47.3,SM-19-P1,477471.6,2036261.55,4.08,-11
15.53,36.5,SM-19-P1,477471.6,2036261.55,4.08,-11.45
15.98,21.7,SM-19-P1,477471.6,2036261.55,4.08,-11.9
16.42,22.5,SM-19-P1,477471.6,2036261.55,4.08,-12.34
16.88,25.5,SM-19-P1,477471.6,2036261.55,4.08,-12.8
17.33,26.3,SM-19-P1,477471.6,2036261.55,4.08,-13.25
17.77,26.3,SM-19-P1,477471.6,2036261.55,4.08,-13.69
18.23,26.6,SM-19-P1,477471.6,2036261.55,4.08,-14.15
18.67,24.1,SM-19-P1,477471.6,2036261.55,4.08,-14.59
20.02,18.1,SM-19-P1,477471.6,2036261.55,4.08,-15.94
20.48,19.3,SM-19-P1,477471.6,2036261.55,4.08,-16.4
20.92,19.8,SM-19-P1,477471.6,2036261.55,4.08,-16.84
21.38,18.2,SM-19-P1,477471.6,2036261.55,4.08,-17.3
21.83,22.1,SM-19-P1,477471.6,2036261.55,4.08,-17.75
22.28,22.8,SM-19-P1,477471.6,2036261.55,4.08,-18.2
22.73,19.2,SM-19-P1,477471.6,2036261.55,4.08,-18.65
23.17,19.3,SM-19-P1,477471.6,2036261.55,4.08,-19.09
23.63,19,SM-19-P1,477471.6,2036261.55,4.08,-19.55
23.96,43.2,SM-19-P1,477471.6,2036261.55,4.08,-19.88
24.19,24.6,SM-19-P1,477471.6,2036261.55,4.08,-20.11
24.53,19.6,SM-19-P1,477471.6,2036261.55,4.08,-20.45
24.98,18.9,SM-19-P1,477471.6,2036261.55,4.08,-20.9
25.28,18.6,SM-19-P1,477471.6,2036261.55,4.08,-21.2
25.43,41.6,SM-19-P1,477471.6,2036261.55,4.08,-21.35
25.58,22.3,SM-19-P1,477471.6,2036261.55,4.08,-21.5
25.88,26.1,SM-19-P1,477471.6,2036261.55,4.08,-21.8
26.33,19.6,SM-19-P1,477471.6,2036261.55,4.08,-22.25
26.78,22.3,SM-19-P1,477471.6,2036261.55,4.08,-22.7
27.23,23.2,SM-19-P1,477471.6,2036261.55,4.08,-23.15
27.56,19.7,SM-19-P1,477471.6,2036261.55,4.08,-23.48
27.79,26.3,SM-19-P1,477471.6,2036261.55,4.08,-23.71
28.13,29.6,SM-19-P1,477471.6,2036261.55,4.08,-24.05
28.58,29.5,SM-19-P1,477471.6,2036261.55,4.08,-24.5
29.03,29.1,SM-19-P1,477471.6,2036261.55,4.08,-24.95
29.48,28.7,SM-19-P1,477471.6,2036261.55,4.08,-25.4
29.92,29.5,SM-19-P1,477471.6,2036261.55,4.08,-25.84
30.26,30.1,SM-19-P1,477471.6,2036261.55,4.08,-26.18
30.49,26.9,SM-19-P1,477471.6,2036261.55,4.08,-26.41
30.71,27.3,SM-19-P1,477471.6,2036261.55,4.08,-26.63
30.94,26.2,SM-19-P1,477471.6,2036261.55,4.08,-26.86
31.16,28.9,SM-19-P1,477471.6,2036261.55,4.08,-27.08
31.39,22.2,SM-19-P1,477471.6,2036261.55,4.08,-27.31
31.73,25.6,SM-19-P1,477471.6,2036261.55,4.08,-27.65
32.06,22.2,SM-19-P1,477471.6,2036261.55,4.08,-27.98
32.29,24.1,SM-19-P1,477471.6,2036261.55,4.08,-28.21
0.23,7.6,SM-51-P1,477639.95,2037631.92,3.75,3.52
0.68,3.4,SM-51-P1,477639.95,2037631.92,3.75,3.07
1.13,13.1,SM-51-P1,477639.95,2037631.92,3.75,2.62
1.58,10.1,SM-51-P1,477639.95,2037631.92,3.75,2.17
2.03,21.7,SM-51-P1,477639.95,2037631.92,3.75,1.72
2.48,21.8,SM-51-P1,477639.95,2037631.92,3.75,1.27
2.93,19,SM-51-P1,477639.95,2037631.92,3.75,0.82
3.38,24.3,SM-51-P1,477639.95,2037631.92,3.75,0.37
3.83,21,SM-51-P1,477639.95,2037631.92,3.75,-0.08
4.28,21.3,SM-51-P1,477639.95,2037631.92,3.75,-0.53
4.72,22.1,SM-51-P1,477639.95,2037631.92,3.75,-0.97
5.18,18.7,SM-51-P1,477639.95,2037631.92,3.75,-1.43
5.63,20.8,SM-51-P1,477639.95,2037631.92,3.75,-1.88
5.96,20.1,SM-51-P1,477639.95,2037631.92,3.75,-2.21
6.19,49.2,SM-51-P1,477639.95,2037631.92,3.75,-2.44
6.53,54.4,SM-51-P1,477639.95,2037631.92,3.75,-2.78
6.98,47,SM-51-P1,477639.95,2037631.92,3.75,-3.23
7.43,48.8,SM-51-P1,477639.95,2037631.92,3.75,-3.68
7.88,39.3,SM-51-P1,477639.95,2037631.92,3.75,-4.13
8.21,39.2,SM-51-P1,477639.95,2037631.92,3.75,-4.46
8.44,31.6,SM-51-P1,477639.95,2037631.92,3.75,-4.69
8.66,26.4,SM-51-P1,477639.95,2037631.92,3.75,-4.91
8.89,26.6,SM-51-P1,477639.95,2037631.92,3.75,-5.14
9.23,32.8,SM-51-P1,477639.95,2037631.92,3.75,-5.48
9.52,24.9,SM-51-P1,477639.95,2037631.92,3.75,-5.77
9.68,43.8,SM-51-P1,477639.95,2037631.92,3.75,-5.93
9.82,28.2,SM-51-P1,477639.95,2037631.92,3.75,-6.07
10.13,37.2,SM-51-P1,477639.95,2037631.92,3.75,-6.38
10.58,31.2,SM-51-P1,477639.95,2037631.92,3.75,-6.83
10.88,29.2,SM-51-P1,477639.95,2037631.92,3.75,-7.13
11.02,39.7,SM-51-P1,477639.95,2037631.92,3.75,-7.27
11.18,29.8,SM-51-P1,477639.95,2037631.92,3.75,-7.43
11.48,31.7,SM-51-P1,477639.95,2037631.92,3.75,-7.73
11.93,32.1,SM-51-P1,477639.95,2037631.92,3.75,-8.18
12.38,37.6,SM-51-P1,477639.95,2037631.92,3.75,-8.63
12.83,42.5,SM-51-P1,477639.95,2037631.92,3.75,-9.08
13.16,38.3,SM-51-P1,477639.95,2037631.92,3.75,-9.41
13.39,45.8,SM-51-P1,477639.95,2037631.92,3.75,-9.64
13.73,42.2,SM-51-P1,477639.95,2037631.92,3.75,-9.98
14.06,45.6,SM-51-P1,477639.95,2037631.92,3.75,-10.31
14.29,32.1,SM-51-P1,477639.95,2037631.92,3.75,-10.54
14.48,51.2,SM-51-P1,477639.95,2037631.92,3.75,-10.73
14.63,31.5,SM-51-P1,477639.95,2037631.92,3.75,-10.88
14.77,45.7,SM-51-P1,477639.95,2037631.92,3.75,-11.02
15.08,35.1,SM-51-P1,477639.95,2037631.92,3.75,-11.33
15.53,18.2,SM-51-P1,477639.95,2037631.92,3.75,-11.78
15.98,28.9,SM-51-P1,477639.95,2037631.92,3.75,-12.23
16.42,28,SM-51-P1,477639.95,2037631.92,3.75,-12.67
16.76,22.5,SM-51-P1,477639.95,2037631.92,3.75,-13.01
16.99,21.7,SM-51-P1,477639.95,2037631.92,3.75,-13.24
17.33,39.4,SM-51-P1,477639.95,2037631.92,3.75,-13.58
17.77,50.8,SM-51-P1,477639.95,2037631.92,3.75,-14.02
18.23,51.2,SM-51-P1,477639.95,2037631.92,3.75,-14.48
18.67,50.2,SM-51-P1,477639.95,2037631.92,3.75,-14.92
19.13,45.3,SM-51-P1,477639.95,2037631.92,3.75,-15.38
19.43,56,SM-51-P1,477639.95,2037631.92,3.75,-15.68
19.58,102.2,SM-51-P1,477639.95,2037631.92,3.75,-15.83
19.73,32.4,SM-51-P1,477639.95,2037631.92,3.75,-15.98
20.02,16.1,SM-51-P1,477639.95,2037631.92,3.75,-16.27
20.36,19,SM-51-P1,477639.95,2037631.92,3.75,-16.61
20.59,20.4,SM-51-P1,477639.95,2037631.92,3.75,-16.84
20.92,29.8,SM-51-P1,477639.95,2037631.92,3.75,-17.17
21.38,21.9,SM-51-P1,477639.95,2037631.92,3.75,-17.63
21.83,23.9,SM-51-P1,477639.95,2037631.92,3.75,-18.08
22.28,20.9,SM-51-P1,477639.95,2037631.92,3.75,-18.53
22.73,22.9,SM-51-P1,477639.95,2037631.92,3.75,-18.98
23.17,26.5,SM-51-P1,477639.95,2037631.92,3.75,-19.42
23.63,23.2,SM-51-P1,477639.95,2037631.92,3.75,-19.88
24.08,23,SM-51-P1,477639.95,2037631.92,3.75,-20.33
24.53,21,SM-51-P1,477639.95,2037631.92,3.75,-20.78
24.98,20.2,SM-51-P1,477639.95,2037631.92,3.75,-21.23
25.42,22.2,SM-51-P1,477639.95,2037631.92,3.75,-21.67
25.76,21.3,SM-51-P1,477639.95,2037631.92,3.75,-22.01
25.99,17.5,SM-51-P1,477639.95,2037631.92,3.75,-22.24
26.33,20.5,SM-51-P1,477639.95,2037631.92,3.75,-22.58
26.78,19.8,SM-51-P1,477639.95,2037631.92,3.75,-23.03
27.23,21,SM-51-P1,477639.95,2037631.92,3.75,-23.48
27.67,21.1,SM-51-P1,477639.95,2037631.92,3.75,-23.92
28.13,23,SM-51-P1,477639.95,2037631.92,3.75,-24.38
28.58,18.7,SM-51-P1,477639.95,2037631.92,3.75,-24.83
29.03,19.5,SM-51-P1,477639.95,2037631.92,3.75,-25.28
29.48,26.9,SM-51-P1,477639.95,2037631.92,3.75,-25.73
29.81,26.2,SM-51-P1,477639.95,2037631.92,3.75,-26.06
30.04,23.9,SM-51-P1,477639.95,2037631.92,3.75,-26.29
30.23,21.7,SM-51-P1,477639.95,2037631.92,3.75,-26.48
30.38,22.5,SM-51-P1,477639.95,2037631.92,3.75,-26.63
30.53,20.2,SM-51-P1,477639.95,2037631.92,3.75,-26.78
30.71,26.9,SM-51-P1,477639.95,2037631.92,3.75,-26.96
30.94,26.6,SM-51-P1,477639.95,2037631.92,3.75,-27.19
31.28,27.9,SM-51-P1,477639.95,2037631.92,3.75,-27.53
31.73,20.9,SM-51-P1,477639.95,2037631.92,3.75,-27.98
32.17,26.5,SM-51-P1,477639.95,2037631.92,3.75,-28.42
32.63,26.5,SM-51-P1,477639.95,2037631.92,3.75,-28.88
33.08,27.3,SM-51-P1,477639.95,2037631.92,3.75,-29.33
33.53,25.3,SM-51-P1,477639.95,2037631.92,3.75,-29.78
33.98,30.2,SM-51-P1,477639.95,2037631.92,3.75,-30.23
34.42,30.4,SM-51-P1,477639.95,2037631.92,3.75,-30.67
34.76,22.8,SM-51-P1,477639.95,2037631.92,3.75,-31.01
34.99,21.9,SM-51-P1,477639.95,2037631.92,3.75,-31.24
35.33,17.4,SM-51-P1,477639.95,2037631.92,3.75,-31.58
35.78,17.6,SM-51-P1,477639.95,2037631.92,3.75,-32.03
36.23,24.1,SM-51-P1,477639.95,2037631.92,3.75,-32.48
36.67,25.8,SM-51-P1,477639.95,2037631.92,3.75,-32.92
37.13,22.8,SM-51-P1,477639.95,2037631.92,3.75,-33.38
37.58,21.6,SM-51-P1,477639.95,2037631.92,3.75,-33.83
38.03,28.9,SM-51-P1,477639.95,2037631.92,3.75,-34.28
38.48,23.1,SM-51-P1,477639.95,2037631.92,3.75,-34.73
38.92,25.2,SM-51-P1,477639.95,2037631.92,3.75,-35.17
39.38,22.9,SM-51-P1,477639.95,2037631.92,3.75,-35.63
39.71,27.2,SM-51-P1,477639.95,2037631.92,3.75,-35.96
39.94,37.2,SM-51-P1,477639.95,2037631.92,3.75,-36.19
40.28,35.9,SM-51-P1,477639.95,2037631.92,3.75,-36.53
40.73,36.8,SM-51-P1,477639.95,2037631.92,3.75,-36.98
41.18,41.1,SM-51-P1,477639.95,2037631.92,3.75,-37.43
41.63,41,SM-51-P1,477639.95,2037631.92,3.75,-37.88
42.08,45.8,SM-51-P1,477639.95,2037631.92,3.75,-38.33
42.53,41.5,SM-51-P1,477639.95,2037631.92,3.75,-38.78
42.98,48.2,SM-51-P1,477639.95,2037631.92,3.75,-39.23
43.43,47.2,SM-51-P1,477639.95,2037631.92,3.75,-39.68
43.88,20.2,SM-51-P1,477639.95,2037631.92,3.75,-40.13
44.33,46.6,SM-51-P1,477639.95,2037631.92,3.75,-40.58
44.78,45.4,SM-51-P1,477639.95,2037631.92,3.75,-41.03
45.11,27.1,SM-51-P1,477639.95,2037631.92,3.75,-41.36
45.34,31.9,SM-51-P1,477639.95,2037631.92,3.75,-41.59
45.68,39.4,SM-51-P1,477639.95,2037631.92,3.75,-41.93
46.13,38.4,SM-51-P1,477639.95,2037631.92,3.75,-42.38
46.58,43.5,SM-51-P1,477639.95,2037631.92,3.75,-42.83
46.91,34.8,SM-51-P1,477639.95,2037631.92,3.75,-43.16
47.14,50,SM-51-P1,477639.95,2037631.92,3.75,-43.39
47.31,18.7,SM-51-P1,477639.95,2037631.92,3.75,-43.56
47.42,47.6,SM-51-P1,477639.95,2037631.92,3.75,-43.67
47.53,29.8,SM-51-P1,477639.95,2037631.92,3.75,-43.78
47.64,20.8,SM-51-P1,477639.95,2037631.92,3.75,-43.89
47.81,20.1,SM-51-P1,477639.95,2037631.92,3.75,-44.06
48.04,27.8,SM-51-P1,477639.95,2037631.92,3.75,-44.29
48.38,31.2,SM-51-P1,477639.95,2037631.92,3.75,-44.63
48.71,21.3,SM-51-P1,477639.95,2037631.92,3.75,-44.96
48.94,18,SM-51-P1,477639.95,2037631.92,3.75,-45.19
49.13,23.6,SM-51-P1,477639.95,2037631.92,3.75,-45.38
49.28,24.8,SM-51-P1,477639.95,2037631.92,3.75,-45.53
49.43,25.3,SM-51-P1,477639.95,2037631.92,3.75,-45.68
49.58,24.7,SM-51-P1,477639.95,2037631.92,3.75,-45.83
49.72,22.1,SM-51-P1,477639.95,2037631.92,3.75,-45.97
49.88,21.4,SM-51-P1,477639.95,2037631.92,3.75,-46.13
50.03,26.3,SM-51-P1,477639.95,2037631.92,3.75,-46.28
50.18,24.6,SM-51-P1,477639.95,2037631.92,3.75,-46.43
50.33,22.1,SM-51-P1,477639.95,2037631.92,3.75,-46.58
50.47,25.5,SM-51-P1,477639.95,2037631.92,3.75,-46.72
50.63,27.7,SM-51-P1,477639.95,2037631.92,3.75,-46.88
50.78,25.4,SM-51-P1,477639.95,2037631.92,3.75,-47.03
50.96,28.6,SM-51-P1,477639.95,2037631.92,3.75,-47.21
51.19,24.7,SM-51-P1,477639.95,2037631.92,3.75,-47.44
51.41,29.9,SM-51-P1,477639.95,2037631.92,3.75,-47.66
51.64,32.5,SM-51-P1,477639.95,2037631.92,3.75,-47.89
51.98,32.8,SM-51-P1,477639.95,2037631.92,3.75,-48.23
52.43,31.6,SM-51-P1,477639.95,2037631.92,3.75,-48.68
52.88,32.1,SM-51-P1,477639.95,2037631.92,3.75,-49.13
53.33,29.9,SM-51-P1,477639.95,2037631.92,3.75,-49.58
53.78,32.4,SM-51-P1,477639.95,2037631.92,3.75,-50.03
54.23,31,SM-51-P1,477639.95,2037631.92,3.75,-50.48
54.68,30.1,SM-51-P1,477639.95,2037631.92,3.75,-50.93
55.13,29.5,SM-51-P1,477639.95,2037631.92,3.75,-51.38
55.58,30.5,SM-51-P1,477639.95,2037631.92,3.75,-51.83
56.03,31.5,SM-51-P1,477639.95,2037631.92,3.75,-52.28
56.48,29.8,SM-51-P1,477639.95,2037631.92,3.75,-52.73
56.93,30.9,SM-51-P1,477639.95,2037631.92,3.75,-53.18
57.38,30.7,SM-51-P1,477639.95,2037631.92,3.75,-53.63
57.71,33.8,SM-51-P1,477639.95,2037631.92,3.75,-53.96
57.94,28.4,SM-51-P1,477639.95,2037631.92,3.75,-54.19
58.16,34.4,SM-51-P1,477639.95,2037631.92,3.75,-54.41
58.39,25.5,SM-51-P1,477639.95,2037631.92,3.75,-54.64
58.73,26.3,SM-51-P1,477639.95,2037631.92,3.75,-54.98
59.06,26.4,SM-51-P1,477639.95,2037631.92,3.75,-55.31
59.29,17,SM-51-P1,477639.95,2037631.92,3.75,-55.54
59.63,16.6,SM-51-P1,477639.95,2037631.92,3.75,-55.88
60.08,19.8,SM-51-P1,477639.95,2037631.92,3.75,-56.33
60.53,17.4,SM-51-P1,477639.95,2037631.92,3.75,-56.78
60.98,15,SM-51-P1,477639.95,2037631.92,3.75,-57.23
61.43,14.9,SM-51-P1,477639.95,2037631.92,3.75,-57.68
61.88,17.1,SM-51-P1,477639.95,2037631.92,3.75,-58.13
62.33,11.8,SM-51-P1,477639.95,2037631.92,3.75,-58.58
62.78,15.8,SM-51-P1,477639.95,2037631.92,3.75,-59.03
63.23,12.5,SM-51-P1,477639.95,2037631.92,3.75,-59.48
63.68,15.1,SM-51-P1,477639.95,2037631.92,3.75,-59.93
64.13,22,SM-51-P1,477639.95,2037631.92,3.75,-60.38
64.57,15.6,SM-51-P1,477639.95,2037631.92,3.75,-60.82
0.23,15.5,SM-10-B2,480515.3,2036275.1,1.57,1.34
0.68,23.7,SM-10-B2,480515.3,2036275.1,1.57,0.89
1.13,37.1,SM-10-B2,480515.3,2036275.1,1.57,0.44
1.58,34.4,SM-10-B2,480515.3,2036275.1,1.57,-0.01
2.48,27,SM-10-B2,480515.3,2036275.1,1.57,-0.91
2.93,22.6,SM-10-B2,480515.3,2036275.1,1.57,-1.36
3.38,20.6,SM-10-B2,480515.3,2036275.1,1.57,-1.81
3.83,26.2,SM-10-B2,480515.3,2036275.1,1.57,-2.26
4.28,20.6,SM-10-B2,480515.3,2036275.1,1.57,-2.71
4.72,17.2,SM-10-B2,480515.3,2036275.1,1.57,-3.15
5.18,19.3,SM-10-B2,480515.3,2036275.1,1.57,-3.61
5.63,18.1,SM-10-B2,480515.3,2036275.1,1.57,-4.06
6.07,21.2,SM-10-B2,480515.3,2036275.1,1.57,-4.5
6.53,23.2,SM-10-B2,480515.3,2036275.1,1.57,-4.96
6.98,18.2,SM-10-B2,480515.3,2036275.1,1.57,-5.41
7.43,19.5,SM-10-B2,480515.3,2036275.1,1.57,-5.86
7.88,26.8,SM-10-B2,480515.3,2036275.1,1.57,-6.31
8.32,19.3,SM-10-B2,480515.3,2036275.1,1.57,-6.75
8.66,19.8,SM-10-B2,480515.3,2036275.1,1.57,-7.09
8.89,31.2,SM-10-B2,480515.3,2036275.1,1.57,-7.32
9.11,35.7,SM-10-B2,480515.3,2036275.1,1.57,-7.54
9.34,15,SM-10-B2,480515.3,2036275.1,1.57,-7.77
9.56,38.9,SM-10-B2,480515.3,2036275.1,1.57,-7.99
9.79,20.1,SM-10-B2,480515.3,2036275.1,1.57,-8.22
10.13,22.2,SM-10-B2,480515.3,2036275.1,1.57,-8.56
10.58,18.4,SM-10-B2,480515.3,2036275.1,1.57,-9.01
10.91,18.7,SM-10-B2,480515.3,2036275.1,1.57,-9.34
11.14,53,SM-10-B2,480515.3,2036275.1,1.57,-9.57
11.48,50.7,SM-10-B2,480515.3,2036275.1,1.57,-9.91
11.93,37,SM-10-B2,480515.3,2036275.1,1.57,-10.36
12.26,33.4,SM-10-B2,480515.3,2036275.1,1.57,-10.69
12.49,25.3,SM-10-B2,480515.3,2036275.1,1.57,-10.92
12.71,43.3,SM-10-B2,480515.3,2036275.1,1.57,-11.14
12.94,25.6,SM-10-B2,480515.3,2036275.1,1.57,-11.37
13.28,30.6,SM-10-B2,480515.3,2036275.1,1.57,-11.71
14.06,33.6,SM-10-B2,480515.3,2036275.1,1.57,-12.49
14.29,27.1,SM-10-B2,480515.3,2036275.1,1.57,-12.72
14.63,29.4,SM-10-B2,480515.3,2036275.1,1.57,-13.06
14.96,30,SM-10-B2,480515.3,2036275.1,1.57,-13.39
15.19,24.5,SM-10-B2,480515.3,2036275.1,1.57,-13.62
15.41,17.3,SM-10-B2,480515.3,2036275.1,1.57,-13.84
15.64,20.6,SM-10-B2,480515.3,2036275.1,1.57,-14.07
15.98,18.5,SM-10-B2,480515.3,2036275.1,1.57,-14.41
16.42,17.4,SM-10-B2,480515.3,2036275.1,1.57,-14.85
16.73,61.3,SM-10-B2,480515.3,2036275.1,1.57,-15.16
16.88,18,SM-10-B2,480515.3,2036275.1,1.57,-15.31
17.02,33.5,SM-10-B2,480515.3,2036275.1,1.57,-15.45
17.21,28.1,SM-10-B2,480515.3,2036275.1,1.57,-15.64
17.44,21.8,SM-10-B2,480515.3,2036275.1,1.57,-15.87
17.66,33.4,SM-10-B2,480515.3,2036275.1,1.57,-16.09
17.89,21.2,SM-10-B2,480515.3,2036275.1,1.57,-16.32
18.23,18.9,SM-10-B2,480515.3,2036275.1,1.57,-16.66
18.67,21.9,SM-10-B2,480515.3,2036275.1,1.57,-17.1
18.98,21.4,SM-10-B2,480515.3,2036275.1,1.57,-17.41
19.13,21.4,SM-10-B2,480515.3,2036275.1,1.57,-17.56
19.27,19.2,SM-10-B2,480515.3,2036275.1,1.57,-17.7
19.43,19.7,SM-10-B2,480515.3,2036275.1,1.57,-17.86
19.58,20,SM-10-B2,480515.3,2036275.1,1.57,-18.01
19.73,20.7,SM-10-B2,480515.3,2036275.1,1.57,-18.16
19.88,24.5,SM-10-B2,480515.3,2036275.1,1.57,-18.31
20.02,21.5,SM-10-B2,480515.3,2036275.1,1.57,-18.45
20.18,24.9,SM-10-B2,480515.3,2036275.1,1.57,-18.61
20.36,20.1,SM-10-B2,480515.3,2036275.1,1.57,-18.79
20.59,21.4,SM-10-B2,480515.3,2036275.1,1.57,-19.02
20.81,24.4,SM-10-B2,480515.3,2036275.1,1.57,-19.24
21.04,21.1,SM-10-B2,480515.3,2036275.1,1.57,-19.47
21.38,21.1,SM-10-B2,480515.3,2036275.1,1.57,-19.81
21.83,22.1,SM-10-B2,480515.3,2036275.1,1.57,-20.26
22.28,25.2,SM-10-B2,480515.3,2036275.1,1.57,-20.71
22.73,20.5,SM-10-B2,480515.3,2036275.1,1.57,-21.16
23.03,19.9,SM-10-B2,480515.3,2036275.1,1.57,-21.46
23.18,17.8,SM-10-B2,480515.3,2036275.1,1.57,-21.61
23.33,19.2,SM-10-B2,480515.3,2036275.1,1.57,-21.76
23.63,17.6,SM-10-B2,480515.3,2036275.1,1.57,-22.06
24.08,19.3,SM-10-B2,480515.3,2036275.1,1.57,-22.51
24.38,26.7,SM-10-B2,480515.3,2036275.1,1.57,-22.81
24.53,37,SM-10-B2,480515.3,2036275.1,1.57,-22.96
24.68,47.9,SM-10-B2,480515.3,2036275.1,1.57,-23.11
24.83,33.3,SM-10-B2,480515.3,2036275.1,1.57,-23.26
24.98,43.8,SM-10-B2,480515.3,2036275.1,1.57,-23.41
25.13,15.5,SM-10-B2,480515.3,2036275.1,1.57,-23.56
25.31,15.4,SM-10-B2,480515.3,2036275.1,1.57,-23.74
25.54,29.2,SM-10-B2,480515.3,2036275.1,1.57,-23.97
25.88,17.2,SM-10-B2,480515.3,2036275.1,1.57,-24.31
26.33,19.3,SM-10-B2,480515.3,2036275.1,1.57,-24.76
26.78,23.8,SM-10-B2,480515.3,2036275.1,1.57,-25.21
27.11,14.3,SM-10-B2,480515.3,2036275.1,1.57,-25.54
27.34,29,SM-10-B2,480515.3,2036275.1,1.57,-25.77
27.67,24.9,SM-10-B2,480515.3,2036275.1,1.57,-26.1
28.13,28.3,SM-10-B2,480515.3,2036275.1,1.57,-26.56
28.58,24.6,SM-10-B2,480515.3,2036275.1,1.57,-27.01
28.91,23.3,SM-10-B2,480515.3,2036275.1,1.57,-27.34
29.14,26.2,SM-10-B2,480515.3,2036275.1,1.57,-27.57
29.48,33,SM-10-B2,480515.3,2036275.1,1.57,-27.91
29.92,42.1,SM-10-B2,480515.3,2036275.1,1.57,-28.35
30.26,52.6,SM-10-B2,480515.3,2036275.1,1.57,-28.69
30.49,69.4,SM-10-B2,480515.3,2036275.1,1.57,-28.92
30.71,73.4,SM-10-B2,480515.3,2036275.1,1.57,-29.14
30.94,76,SM-10-B2,480515.3,2036275.1,1.57,-29.37
31.13,21,SM-10-B2,480515.3,2036275.1,1.57,-29.56
31.28,16.1,SM-10-B2,480515.3,2036275.1,1.57,-29.71
31.43,21,SM-10-B2,480515.3,2036275.1,1.57,-29.86
31.58,22.1,SM-10-B2,480515.3,2036275.1,1.57,-30.01
31.73,20.5,SM-10-B2,480515.3,2036275.1,1.57,-30.16
31.88,22.7,SM-10-B2,480515.3,2036275.1,1.57,-30.31
32.47,36.7,SM-10-B2,480515.3,2036275.1,1.57,-30.9
32.63,27.1,SM-10-B2,480515.3,2036275.1,1.57,-31.06
32.78,25.2,SM-10-B2,480515.3,2036275.1,1.57,-31.21
32.92,3.9,SM-10-B2,480515.3,2036275.1,1.57,-31.35
33.08,24.8,SM-10-B2,480515.3,2036275.1,1.57,-31.51
33.22,24.9,SM-10-B2,480515.3,2036275.1,1.57,-31.65
33.38,31.5,SM-10-B2,480515.3,2036275.1,1.57,-31.81
33.53,29.7,SM-10-B2,480515.3,2036275.1,1.57,-31.96
33.67,32.7,SM-10-B2,480515.3,2036275.1,1.57,-32.1
33.83,42,SM-10-B2,480515.3,2036275.1,1.57,-32.26
33.97,54.6,SM-10-B2,480515.3,2036275.1,1.57,-32.4
34.13,28.1,SM-10-B2,480515.3,2036275.1,1.57,-32.56
34.42,31.7,SM-10-B2,480515.3,2036275.1,1.57,-32.85
34.72,44.1,SM-10-B2,480515.3,2036275.1,1.57,-33.15
34.88,33.2,SM-10-B2,480515.3,2036275.1,1.57,-33.31
35.03,25.7,SM-10-B2,480515.3,2036275.1,1.57,-33.46
35.33,35.3,SM-10-B2,480515.3,2036275.1,1.57,-33.76
35.63,24.3,SM-10-B2,480515.3,2036275.1,1.57,-34.06
35.78,25.9,SM-10-B2,480515.3,2036275.1,1.57,-34.21
35.92,28.7,SM-10-B2,480515.3,2036275.1,1.57,-34.35
36.11,28.4,SM-10-B2,480515.3,2036275.1,1.57,-34.54
36.34,27.5,SM-10-B2,480515.3,2036275.1,1.57,-34.77
36.53,28.5,SM-10-B2,480515.3,2036275.1,1.57,-34.96
36.67,26.2,SM-10-B2,480515.3,2036275.1,1.57,-35.1
36.83,26.3,SM-10-B2,480515.3,2036275.1,1.57,-35.26
37.01,32.1,SM-10-B2,480515.3,2036275.1,1.57,-35.44
37.24,27,SM-10-B2,480515.3,2036275.1,1.57,-35.67
37.58,23.6,SM-10-B2,480515.3,2036275.1,1.57,-36.01
38.03,21.3,SM-10-B2,480515.3,2036275.1,1.57,-36.46
38.36,20.3,SM-10-B2,480515.3,2036275.1,1.57,-36.79
38.59,19.7,SM-10-B2,480515.3,2036275.1,1.57,-37.02
38.92,19.4,SM-10-B2,480515.3,2036275.1,1.57,-37.35
39.26,17.8,SM-10-B2,480515.3,2036275.1,1.57,-37.69
39.49,20.2,SM-10-B2,480515.3,2036275.1,1.57,-37.92
39.67,21.7,SM-10-B2,480515.3,2036275.1,1.57,-38.1
39.83,20.2,SM-10-B2,480515.3,2036275.1,1.57,-38.26
39.97,22.7,SM-10-B2,480515.3,2036275.1,1.57,-38.4
40.13,19.3,SM-10-B2,480515.3,2036275.1,1.57,-38.56
40.28,22.4,SM-10-B2,480515.3,2036275.1,1.57,-38.71
40.42,19,SM-10-B2,480515.3,2036275.1,1.57,-38.85
40.58,23.4,SM-10-B2,480515.3,2036275.1,1.57,-39.01
40.72,16.9,SM-10-B2,480515.3,2036275.1,1.57,-39.15
40.88,13.4,SM-10-B2,480515.3,2036275.1,1.57,-39.31
41.18,18.9,SM-10-B2,480515.3,2036275.1,1.57,-39.61
41.51,16.7,SM-10-B2,480515.3,2036275.1,1.57,-39.94
41.74,18.4,SM-10-B2,480515.3,2036275.1,1.57,-40.17
42.08,18.3,SM-10-B2,480515.3,2036275.1,1.57,-40.51
42.53,19.7,SM-10-B2,480515.3,2036275.1,1.57,-40.96
42.98,20.3,SM-10-B2,480515.3,2036275.1,1.57,-41.41
43.43,19.3,SM-10-B2,480515.3,2036275.1,1.57,-41.86
43.88,19.7,SM-10-B2,480515.3,2036275.1,1.57,-42.31
0.08,46.8,SM-07-B1,477905.7673,2036203.22,1.0836,1.0036
0.22,17.2,SM-07-B1,477905.7673,2036203.22,1.0836,0.8636
0.38,16.8,SM-07-B1,477905.7673,2036203.22,1.0836,0.7036
0.68,20.9,SM-07-B1,477905.7673,2036203.22,1.0836,0.4036
1.01,21.8,SM-07-B1,477905.7673,2036203.22,1.0836,0.0736
1.24,17.1,SM-07-B1,477905.7673,2036203.22,1.0836,-0.1564
1.43,17.3,SM-07-B1,477905.7673,2036203.22,1.0836,-0.3464
1.58,14.9,SM-07-B1,477905.7673,2036203.22,1.0836,-0.4964
1.73,4.8,SM-07-B1,477905.7673,2036203.22,1.0836,-0.6464
1.91,25,SM-07-B1,477905.7673,2036203.22,1.0836,-0.8264
2.14,20.2,SM-07-B1,477905.7673,2036203.22,1.0836,-1.0564
2.33,21.8,SM-07-B1,477905.7673,2036203.22,1.0836,-1.2464
2.47,18.9,SM-07-B1,477905.7673,2036203.22,1.0836,-1.3864
2.63,21,SM-07-B1,477905.7673,2036203.22,1.0836,-1.5464
2.81,22.1,SM-07-B1,477905.7673,2036203.22,1.0836,-1.7264
3.04,20.7,SM-07-B1,477905.7673,2036203.22,1.0836,-1.9564
3.26,20.6,SM-07-B1,477905.7673,2036203.22,1.0836,-2.1764
3.49,20.4,SM-07-B1,477905.7673,2036203.22,1.0836,-2.4064
3.83,25.2,SM-07-B1,477905.7673,2036203.22,1.0836,-2.7464
4.28,22.1,SM-07-B1,477905.7673,2036203.22,1.0836,-3.1964
4.61,18.9,SM-07-B1,477905.7673,2036203.22,1.0836,-3.5264
4.84,25.6,SM-07-B1,477905.7673,2036203.22,1.0836,-3.7564
5.18,21.1,SM-07-B1,477905.7673,2036203.22,1.0836,-4.0964
5.51,22.5,SM-07-B1,477905.7673,2036203.22,1.0836,-4.4264
5.74,22.2,SM-07-B1,477905.7673,2036203.22,1.0836,-4.6564
5.96,19,SM-07-B1,477905.7673,2036203.22,1.0836,-4.8764
6.19,15.1,SM-07-B1,477905.7673,2036203.22,1.0836,-5.1064
6.53,18.3,SM-07-B1,477905.7673,2036203.22,1.0836,-5.4464
6.86,21.7,SM-07-B1,477905.7673,2036203.22,1.0836,-5.7764
7.09,18.3,SM-07-B1,477905.7673,2036203.22,1.0836,-6.0064
7.43,19.5,SM-07-B1,477905.7673,2036203.22,1.0836,-6.3464
7.76,19.6,SM-07-B1,477905.7673,2036203.22,1.0836,-6.6764
7.99,59.4,SM-07-B1,477905.7673,2036203.22,1.0836,-6.9064
8.32,20.1,SM-07-B1,477905.7673,2036203.22,1.0836,-7.2364
8.78,20,SM-07-B1,477905.7673,2036203.22,1.0836,-7.6964
9.23,19.8,SM-07-B1,477905.7673,2036203.22,1.0836,-8.1464
9.68,22.2,SM-07-B1,477905.7673,2036203.22,1.0836,-8.5964
10.01,23.6,SM-07-B1,477905.7673,2036203.22,1.0836,-8.9264
10.24,18.1,SM-07-B1,477905.7673,2036203.22,1.0836,-9.1564
10.46,21.6,SM-07-B1,477905.7673,2036203.22,1.0836,-9.3764
10.69,69,SM-07-B1,477905.7673,2036203.22,1.0836,-9.6064
11.03,41.8,SM-07-B1,477905.7673,2036203.22,1.0836,-9.9464
11.48,29.8,SM-07-B1,477905.7673,2036203.22,1.0836,-10.3964
11.81,23.8,SM-07-B1,477905.7673,2036203.22,1.0836,-10.7264
12.04,24.4,SM-07-B1,477905.7673,2036203.22,1.0836,-10.9564
12.38,28.1,SM-07-B1,477905.7673,2036203.22,1.0836,-11.2964
12.83,28.2,SM-07-B1,477905.7673,2036203.22,1.0836,-11.7464
13.16,23.8,SM-07-B1,477905.7673,2036203.22,1.0836,-12.0764
13.39,36.5,SM-07-B1,477905.7673,2036203.22,1.0836,-12.3064
13.73,21.3,SM-07-B1,477905.7673,2036203.22,1.0836,-12.6464
14.06,34.9,SM-07-B1,477905.7673,2036203.22,1.0836,-12.9764
14.29,24,SM-07-B1,477905.7673,2036203.22,1.0836,-13.2064
14.48,23.2,SM-07-B1,477905.7673,2036203.22,1.0836,-13.3964
14.63,18.1,SM-07-B1,477905.7673,2036203.22,1.0836,-13.5464
14.77,34.8,SM-07-B1,477905.7673,2036203.22,1.0836,-13.6864
14.96,18.7,SM-07-B1,477905.7673,2036203.22,1.0836,-13.8764
15.19,19.2,SM-07-B1,477905.7673,2036203.22,1.0836,-14.1064
15.53,19.9,SM-07-B1,477905.7673,2036203.22,1.0836,-14.4464
15.86,21,SM-07-B1,477905.7673,2036203.22,1.0836,-14.7764
16.09,19.3,SM-07-B1,477905.7673,2036203.22,1.0836,-15.0064
16.27,19,SM-07-B1,477905.7673,2036203.22,1.0836,-15.1864
16.43,20.3,SM-07-B1,477905.7673,2036203.22,1.0836,-15.3464
16.58,21.5,SM-07-B1,477905.7673,2036203.22,1.0836,-15.4964
16.76,28,SM-07-B1,477905.7673,2036203.22,1.0836,-15.6764
16.99,25.8,SM-07-B1,477905.7673,2036203.22,1.0836,-15.9064
17.21,26.2,SM-07-B1,477905.7673,2036203.22,1.0836,-16.1264
17.44,21.8,SM-07-B1,477905.7673,2036203.22,1.0836,-16.3564
17.66,22.7,SM-07-B1,477905.7673,2036203.22,1.0836,-16.5764
17.89,24.7,SM-07-B1,477905.7673,2036203.22,1.0836,-16.8064
18.23,20.3,SM-07-B1,477905.7673,2036203.22,1.0836,-17.1464
18.67,21.6,SM-07-B1,477905.7673,2036203.22,1.0836,-17.5864
19.13,20.4,SM-07-B1,477905.7673,2036203.22,1.0836,-18.0464
19.46,29.9,SM-07-B1,477905.7673,2036203.22,1.0836,-18.3764
19.69,21.6,SM-07-B1,477905.7673,2036203.22,1.0836,-18.6064
19.91,26.1,SM-07-B1,477905.7673,2036203.22,1.0836,-18.8264
20.14,19.8,SM-07-B1,477905.7673,2036203.22,1.0836,-19.0564
20.48,22,SM-07-B1,477905.7673,2036203.22,1.0836,-19.3964
20.78,32.7,SM-07-B1,477905.7673,2036203.22,1.0836,-19.6964
20.93,25.5,SM-07-B1,477905.7673,2036203.22,1.0836,-19.8464
21.08,17.5,SM-07-B1,477905.7673,2036203.22,1.0836,-19.9964
21.38,21.2,SM-07-B1,477905.7673,2036203.22,1.0836,-20.2964
21.71,25.6,SM-07-B1,477905.7673,2036203.22,1.0836,-20.6264
21.94,20.1,SM-07-B1,477905.7673,2036203.22,1.0836,-20.8564
22.13,25.9,SM-07-B1,477905.7673,2036203.22,1.0836,-21.0464
22.28,46.4,SM-07-B1,477905.7673,2036203.22,1.0836,-21.1964
22.43,20.7,SM-07-B1,477905.7673,2036203.22,1.0836,-21.3464
22.61,44.7,SM-07-B1,477905.7673,2036203.22,1.0836,-21.5264
22.84,18.7,SM-07-B1,477905.7673,2036203.22,1.0836,-21.7564
23.01,38.3,SM-07-B1,477905.7673,2036203.22,1.0836,-21.9264
23.12,23,SM-07-B1,477905.7673,2036203.22,1.0836,-22.0364
23.23,30.2,SM-07-B1,477905.7673,2036203.22,1.0836,-22.1464
23.34,16.4,SM-07-B1,477905.7673,2036203.22,1.0836,-22.2564
23.48,23.5,SM-07-B1,477905.7673,2036203.22,1.0836,-22.3964
23.63,50,SM-07-B1,477905.7673,2036203.22,1.0836,-22.5464
23.78,19.4,SM-07-B1,477905.7673,2036203.22,1.0836,-22.6964
24.08,16.1,SM-07-B1,477905.7673,2036203.22,1.0836,-22.9964
24.41,31.3,SM-07-B1,477905.7673,2036203.22,1.0836,-23.3264
24.64,28.9,SM-07-B1,477905.7673,2036203.22,1.0836,-23.5564
24.86,23.9,SM-07-B1,477905.7673,2036203.22,1.0836,-23.7764
25.09,26.8,SM-07-B1,477905.7673,2036203.22,1.0836,-24.0064
25.31,24.2,SM-07-B1,477905.7673,2036203.22,1.0836,-24.2264
25.54,25.9,SM-07-B1,477905.7673,2036203.22,1.0836,-24.4564
25.76,18.5,SM-07-B1,477905.7673,2036203.22,1.0836,-24.6764
25.99,25,SM-07-B1,477905.7673,2036203.22,1.0836,-24.9064
26.18,23.5,SM-07-B1,477905.7673,2036203.22,1.0836,-25.0964
26.33,25.4,SM-07-B1,477905.7673,2036203.22,1.0836,-25.2464
26.48,24.7,SM-07-B1,477905.7673,2036203.22,1.0836,-25.3964
26.66,24,SM-07-B1,477905.7673,2036203.22,1.0836,-25.5764
26.89,26.1,SM-07-B1,477905.7673,2036203.22,1.0836,-25.8064
27.05,21.8,SM-07-B1,477905.7673,2036203.22,1.0836,-25.9664
27.14,22.4,SM-07-B1,477905.7673,2036203.22,1.0836,-26.0564
27.23,24.7,SM-07-B1,477905.7673,2036203.22,1.0836,-26.1464
27.32,46.7,SM-07-B1,477905.7673,2036203.22,1.0836,-26.2364
27.41,50.8,SM-07-B1,477905.7673,2036203.22,1.0836,-26.3264
27.56,61.1,SM-07-B1,477905.7673,2036203.22,1.0836,-26.4764
27.79,24.9,SM-07-B1,477905.7673,2036203.22,1.0836,-26.7064
28.13,26.8,SM-07-B1,477905.7673,2036203.22,1.0836,-27.0464
,117,SM-07-B1,477905.7673,2036203.22,1.0836,1.0836
0.23,31.5,SM-55-P2,479329.18,2037687.79,0.86,0.63
0.68,33.4,SM-55-P2,479329.18,2037687.79,0.86,0.18
1.13,33.9,SM-55-P2,479329.18,2037687.79,0.86,-0.27
1.58,27.4,SM-55-P2,479329.18,2037687.79,0.86,-0.72
2.03,25.8,SM-55-P2,479329.18,2037687.79,0.86,-1.17
2.33,19.5,SM-55-P2,479329.18,2037687.79,0.86,-1.47
2.47,20.5,SM-55-P2,479329.18,2037687.79,0.86,-1.61
2.63,18.8,SM-55-P2,479329.18,2037687.79,0.86,-1.77
2.93,20.6,SM-55-P2,479329.18,2037687.79,0.86,-2.07
3.38,24.6,SM-55-P2,479329.18,2037687.79,0.86,-2.52
3.83,26,SM-55-P2,479329.18,2037687.79,0.86,-2.97
4.28,27.7,SM-55-P2,479329.18,2037687.79,0.86,-3.42
4.72,24.3,SM-55-P2,479329.18,2037687.79,0.86,-3.86
5.18,24.1,SM-55-P2,479329.18,2037687.79,0.86,-4.32
5.63,21.6,SM-55-P2,479329.18,2037687.79,0.86,-4.77
6.07,48.9,SM-55-P2,479329.18,2037687.79,0.86,-5.21
6.53,45.5,SM-55-P2,479329.18,2037687.79,0.86,-5.67
6.98,54.9,SM-55-P2,479329.18,2037687.79,0.86,-6.12
7.43,44.7,SM-55-P2,479329.18,2037687.79,0.86,-6.57
7.88,41.8,SM-55-P2,479329.18,2037687.79,0.86,-7.02
8.32,33.8,SM-55-P2,479329.18,2037687.79,0.86,-7.46
8.78,39.5,SM-55-P2,479329.18,2037687.79,0.86,-7.92
9.11,31.5,SM-55-P2,479329.18,2037687.79,0.86,-8.25
9.34,48.1,SM-55-P2,479329.18,2037687.79,0.86,-8.48
9.68,47.1,SM-55-P2,479329.18,2037687.79,0.86,-8.82
10.13,49.8,SM-55-P2,479329.18,2037687.79,0.86,-9.27
10.58,49.8,SM-55-P2,479329.18,2037687.79,0.86,-9.72
10.91,42.4,SM-55-P2,479329.18,2037687.79,0.86,-10.05
11.14,33.9,SM-55-P2,479329.18,2037687.79,0.86,-10.28
11.48,48.8,SM-55-P2,479329.18,2037687.79,0.86,-10.62
11.93,52.3,SM-55-P2,479329.18,2037687.79,0.86,-11.07
12.38,45.5,SM-55-P2,479329.18,2037687.79,0.86,-11.52
12.83,45.2,SM-55-P2,479329.18,2037687.79,0.86,-11.97
13.28,44.3,SM-55-P2,479329.18,2037687.79,0.86,-12.42
13.73,55,SM-55-P2,479329.18,2037687.79,0.86,-12.87
14.18,58,SM-55-P2,479329.18,2037687.79,0.86,-13.32
14.63,51.7,SM-55-P2,479329.18,2037687.79,0.86,-13.77
14.96,34.6,SM-55-P2,479329.18,2037687.79,0.86,-14.1
15.19,39.6,SM-55-P2,479329.18,2037687.79,0.86,-14.33
15.53,16.4,SM-55-P2,479329.18,2037687.79,0.86,-14.67
15.86,15,SM-55-P2,479329.18,2037687.79,0.86,-15
16.09,32.4,SM-55-P2,479329.18,2037687.79,0.86,-15.23
16.31,35.2,SM-55-P2,479329.18,2037687.79,0.86,-15.45
16.54,22.5,SM-55-P2,479329.18,2037687.79,0.86,-15.68
16.88,22.5,SM-55-P2,479329.18,2037687.79,0.86,-16.02
17.33,22.4,SM-55-P2,479329.18,2037687.79,0.86,-16.47
17.63,21.9,SM-55-P2,479329.18,2037687.79,0.86,-16.77
17.77,19.2,SM-55-P2,479329.18,2037687.79,0.86,-16.91
17.93,19.9,SM-55-P2,479329.18,2037687.79,0.86,-17.07
18.11,22.2,SM-55-P2,479329.18,2037687.79,0.86,-17.25
18.34,19.7,SM-55-P2,479329.18,2037687.79,0.86,-17.48
18.67,21.4,SM-55-P2,479329.18,2037687.79,0.86,-17.81
19.13,21.3,SM-55-P2,479329.18,2037687.79,0.86,-18.27
19.58,21.3,SM-55-P2,479329.18,2037687.79,0.86,-18.72
20.02,22.2,SM-55-P2,479329.18,2037687.79,0.86,-19.16
20.48,18.8,SM-55-P2,479329.18,2037687.79,0.86,-19.62
20.92,23.7,SM-55-P2,479329.18,2037687.79,0.86,-20.06
21.38,23.1,SM-55-P2,479329.18,2037687.79,0.86,-20.52
21.83,23.8,SM-55-P2,479329.18,2037687.79,0.86,-20.97
22.28,22.7,SM-55-P2,479329.18,2037687.79,0.86,-21.42
22.73,21.7,SM-55-P2,479329.18,2037687.79,0.86,-21.87
23.17,20.9,SM-55-P2,479329.18,2037687.79,0.86,-22.31
23.63,22.9,SM-55-P2,479329.18,2037687.79,0.86,-22.77
24.08,21.3,SM-55-P2,479329.18,2037687.79,0.86,-23.22
24.53,23.1,SM-55-P2,479329.18,2037687.79,0.86,-23.67
24.98,20.9,SM-55-P2,479329.18,2037687.79,0.86,-24.12
25.42,19.8,SM-55-P2,479329.18,2037687.79,0.86,-24.56
25.88,20.2,SM-55-P2,479329.18,2037687.79,0.86,-25.02
26.21,17.8,SM-55-P2,479329.18,2037687.79,0.86,-25.35
26.44,37.9,SM-55-P2,479329.18,2037687.79,0.86,-25.58
26.66,16.7,SM-55-P2,479329.18,2037687.79,0.86,-25.8
26.89,34.6,SM-55-P2,479329.18,2037687.79,0.86,-26.03
27.23,32.3,SM-55-P2,479329.18,2037687.79,0.86,-26.37
27.67,25.1,SM-55-P2,479329.18,2037687.79,0.86,-26.81
28.13,28.1,SM-55-P2,479329.18,2037687.79,0.86,-27.27
28.58,28.9,SM-55-P2,479329.18,2037687.79,0.86,-27.72
29.03,27,SM-55-P2,479329.18,2037687.79,0.86,-28.17
29.48,24.4,SM-55-P2,479329.18,2037687.79,0.86,-28.62
29.92,26.5,SM-55-P2,479329.18,2037687.79,0.86,-29.06
30.38,27.1,SM-55-P2,479329.18,2037687.79,0.86,-29.52
30.83,25.3,SM-55-P2,479329.18,2037687.79,0.86,-29.97
31.28,21.8,SM-55-P2,479329.18,2037687.79,0.86,-30.42
31.73,23.2,SM-55-P2,479329.18,2037687.79,0.86,-30.87
32.06,32.4,SM-55-P2,479329.18,2037687.79,0.86,-31.2
32.29,56,SM-55-P2,479329.18,2037687.79,0.86,-31.43
32.51,58,SM-55-P2,479329.18,2037687.79,0.86,-31.65
32.74,15.9,SM-55-P2,479329.18,2037687.79,0.86,-31.88
33.08,18.9,SM-55-P2,479329.18,2037687.79,0.86,-32.22
33.41,17.8,SM-55-P2,479329.18,2037687.79,0.86,-32.55
33.64,14.5,SM-55-P2,479329.18,2037687.79,0.86,-32.78
34.42,23.25,SM-55-P2,479329.18,2037687.79,0.86,-33.56
34.76,24.6,SM-55-P2,479329.18,2037687.79,0.86,-33.9
34.99,25.2,SM-55-P2,479329.18,2037687.79,0.86,-34.13
35.33,21.8,SM-55-P2,479329.18,2037687.79,0.86,-34.47
35.78,28.3,SM-55-P2,479329.18,2037687.79,0.86,-34.92
36.23,28.6,SM-55-P2,479329.18,2037687.79,0.86,-35.37
36.67,27.4,SM-55-P2,479329.18,2037687.79,0.86,-35.81
37.13,32.1,SM-55-P2,479329.18,2037687.79,0.86,-36.27
37.91,33.4,SM-55-P2,479329.18,2037687.79,0.86,-37.05
38.14,36.7,SM-55-P2,479329.18,2037687.79,0.86,-37.28
38.48,26.7,SM-55-P2,479329.18,2037687.79,0.86,-37.62
38.92,26.3,SM-55-P2,479329.18,2037687.79,0.86,-38.06
39.26,26.3,SM-55-P2,479329.18,2037687.79,0.86,-38.4
39.49,28,SM-55-P2,479329.18,2037687.79,0.86,-38.63
39.83,19.5,SM-55-P2,479329.18,2037687.79,0.86,-38.97
40.28,20.1,SM-55-P2,479329.18,2037687.79,0.86,-39.42
40.73,19.8,SM-55-P2,479329.18,2037687.79,0.86,-39.87
41.06,22.3,SM-55-P2,479329.18,2037687.79,0.86,-40.2
41.29,26.7,SM-55-P2,479329.18,2037687.79,0.86,-40.43
41.63,25,SM-55-P2,479329.18,2037687.79,0.86,-40.77
41.96,34.8,SM-55-P2,479329.18,2037687.79,0.86,-41.1
42.19,23.2,SM-55-P2,479329.18,2037687.79,0.86,-41.33
42.53,28.7,SM-55-P2,479329.18,2037687.79,0.86,-41.67
42.98,30.3,SM-55-P2,479329.18,2037687.79,0.86,-42.12
43.31,28.8,SM-55-P2,479329.18,2037687.79,0.86,-42.45
43.54,22.3,SM-55-P2,479329.18,2037687.79,0.86,-42.68
43.76,26.4,SM-55-P2,479329.18,2037687.79,0.86,-42.9
43.99,26.1,SM-55-P2,479329.18,2037687.79,0.86,-43.13
44.33,31.7,SM-55-P2,479329.18,2037687.79,0.86,-43.47
44.66,31.5,SM-55-P2,479329.18,2037687.79,0.86,-43.8
44.89,26.2,SM-55-P2,479329.18,2037687.79,0.86,-44.03
45.11,26.6,SM-55-P2,479329.18,2037687.79,0.86,-44.25
45.34,31,SM-55-P2,479329.18,2037687.79,0.86,-44.48
45.68,31.1,SM-55-P2,479329.18,2037687.79,0.86,-44.82
46.13,31.9,SM-55-P2,479329.18,2037687.79,0.86,-45.27
46.58,32.3,SM-55-P2,479329.18,2037687.79,0.86,-45.72
47.03,23.1,SM-55-P2,479329.18,2037687.79,0.86,-46.17
47.48,24.2,SM-55-P2,479329.18,2037687.79,0.86,-46.62
47.93,25.5,SM-55-P2,479329.18,2037687.79,0.86,-47.07
48.26,23.7,SM-55-P2,479329.18,2037687.79,0.86,-47.4
48.49,10.5,SM-55-P2,479329.18,2037687.79,0.86,-47.63
48.83,13.1,SM-55-P2,479329.18,2037687.79,0.86,-47.97
49.16,15.5,SM-55-P2,479329.18,2037687.79,0.86,-48.3
49.39,13.3,SM-55-P2,479329.18,2037687.79,0.86,-48.53
49.73,14.1,SM-55-P2,479329.18,2037687.79,0.86,-48.87
50.18,13.6,SM-55-P2,479329.18,2037687.79,0.86,-49.32
50.63,11.8,SM-55-P2,479329.18,2037687.79,0.86,-49.77
0.23,24.4,SM-13-P2,478456.28,2037422.21,2.29,2.06
0.68,11.4,SM-13-P2,478456.28,2037422.21,2.29,1.61
1.13,21.6,SM-13-P2,478456.28,2037422.21,2.29,1.16
1.58,28.6,SM-13-P2,478456.28,2037422.21,2.29,0.71
2.03,29.7,SM-13-P2,478456.28,2037422.21,2.29,0.26
2.48,18.7,SM-13-P2,478456.28,2037422.21,2.29,-0.19
2.93,18.7,SM-13-P2,478456.28,2037422.21,2.29,-0.64
3.38,16.6,SM-13-P2,478456.28,2037422.21,2.29,-1.09
3.83,17.8,SM-13-P2,478456.28,2037422.21,2.29,-1.54
4.28,17.4,SM-13-P2,478456.28,2037422.21,2.29,-1.99
4.72,17.6,SM-13-P2,478456.28,2037422.21,2.29,-2.43
5.18,14.7,SM-13-P2,478456.28,2037422.21,2.29,-2.89
5.63,20.7,SM-13-P2,478456.28,2037422.21,2.29,-3.34
6.07,22.7,SM-13-P2,478456.28,2037422.21,2.29,-3.78
6.53,18.5,SM-13-P2,478456.28,2037422.21,2.29,-4.24
6.98,21.1,SM-13-P2,478456.28,2037422.21,2.29,-4.69
7.43,23.3,SM-13-P2,478456.28,2037422.21,2.29,-5.14
7.88,20.8,SM-13-P2,478456.28,2037422.21,2.29,-5.59
8.32,17,SM-13-P2,478456.28,2037422.21,2.29,-6.03
8.78,21.8,SM-13-P2,478456.28,2037422.21,2.29,-6.49
9.23,23.5,SM-13-P2,478456.28,2037422.21,2.29,-6.94
9.68,19.3,SM-13-P2,478456.28,2037422.21,2.29,-7.39
10.13,22.8,SM-13-P2,478456.28,2037422.21,2.29,-7.84
10.58,21.9,SM-13-P2,478456.28,2037422.21,2.29,-8.29
11.03,23.2,SM-13-P2,478456.28,2037422.21,2.29,-8.74
11.48,21.9,SM-13-P2,478456.28,2037422.21,2.29,-9.19
11.81,25.2,SM-13-P2,478456.28,2037422.21,2.29,-9.52
12.04,16.7,SM-13-P2,478456.28,2037422.21,2.29,-9.75
12.38,15.1,SM-13-P2,478456.28,2037422.21,2.29,-10.09
12.83,43.8,SM-13-P2,478456.28,2037422.21,2.29,-10.54
13.28,48.5,SM-13-P2,478456.28,2037422.21,2.29,-10.99
13.73,44.2,SM-13-P2,478456.28,2037422.21,2.29,-11.44
14.18,44.2,SM-13-P2,478456.28,2037422.21,2.29,-11.89
14.63,45.3,SM-13-P2,478456.28,2037422.21,2.29,-12.34
15.08,51,SM-13-P2,478456.28,2037422.21,2.29,-12.79
15.53,49.1,SM-13-P2,478456.28,2037422.21,2.29,-13.24
15.98,54.8,SM-13-P2,478456.28,2037422.21,2.29,-13.69
16.42,55.7,SM-13-P2,478456.28,2037422.21,2.29,-14.13
16.88,38.7,SM-13-P2,478456.28,2037422.21,2.29,-14.59
17.33,27.4,SM-13-P2,478456.28,2037422.21,2.29,-15.04
17.77,16.3,SM-13-P2,478456.28,2037422.21,2.29,-15.48
18.23,21.6,SM-13-P2,478456.28,2037422.21,2.29,-15.94
18.56,22.2,SM-13-P2,478456.28,2037422.21,2.29,-16.27
18.79,18.7,SM-13-P2,478456.28,2037422.21,2.29,-16.5
19.13,23.6,SM-13-P2,478456.28,2037422.21,2.29,-16.84
19.58,23.3,SM-13-P2,478456.28,2037422.21,2.29,-17.29
20.02,22,SM-13-P2,478456.28,2037422.21,2.29,-17.73
20.48,24,SM-13-P2,478456.28,2037422.21,2.29,-18.19
20.92,22.9,SM-13-P2,478456.28,2037422.21,2.29,-18.63
21.38,22.9,SM-13-P2,478456.28,2037422.21,2.29,-19.09
21.83,20.7,SM-13-P2,478456.28,2037422.21,2.29,-19.54
22.28,21.4,SM-13-P2,478456.28,2037422.21,2.29,-19.99
22.73,20.8,SM-13-P2,478456.28,2037422.21,2.29,-20.44
0.23,15.8,SM-25-P2,479793.28,2037531.65,1.3,1.07
0.68,23.6,SM-25-P2,479793.28,2037531.65,1.3,0.62
1.13,38.3,SM-25-P2,479793.28,2037531.65,1.3,0.17
1.46,37.2,SM-25-P2,479793.28,2037531.65,1.3,-0.16
1.69,23.4,SM-25-P2,479793.28,2037531.65,1.3,-0.39
2.03,24.8,SM-25-P2,479793.28,2037531.65,1.3,-0.73
2.48,18.9,SM-25-P2,479793.28,2037531.65,1.3,-1.18
2.93,18.7,SM-25-P2,479793.28,2037531.65,1.3,-1.63
3.38,17.3,SM-25-P2,479793.28,2037531.65,1.3,-2.08
4.28,18.6,SM-25-P2,479793.28,2037531.65,1.3,-2.98
5.18,20.13,SM-25-P2,479793.28,2037531.65,1.3,-3.88
5.63,18.9,SM-25-P2,479793.28,2037531.65,1.3,-4.33
6.07,21.6,SM-25-P2,479793.28,2037531.65,1.3,-4.77
6.53,56.7,SM-25-P2,479793.28,2037531.65,1.3,-5.23
6.98,54.7,SM-25-P2,479793.28,2037531.65,1.3,-5.68
7.43,38.8,SM-25-P2,479793.28,2037531.65,1.3,-6.13
7.88,31.3,SM-25-P2,479793.28,2037531.65,1.3,-6.58
8.32,32.4,SM-25-P2,479793.28,2037531.65,1.3,-7.02
9.23,44.9,SM-25-P2,479793.28,2037531.65,1.3,-7.93
9.68,40.6,SM-25-P2,479793.28,2037531.65,1.3,-8.38
10.13,42.6,SM-25-P2,479793.28,2037531.65,1.3,-8.83
10.58,42.8,SM-25-P2,479793.28,2037531.65,1.3,-9.28
11.03,43.7,SM-25-P2,479793.28,2037531.65,1.3,-9.73
11.48,46.6,SM-25-P2,479793.28,2037531.65,1.3,-10.18
11.93,47.2,SM-25-P2,479793.28,2037531.65,1.3,-10.63
12.38,45.3,SM-25-P2,479793.28,2037531.65,1.3,-11.08
12.83,46.5,SM-25-P2,479793.28,2037531.65,1.3,-11.53
13.28,50.1,SM-25-P2,479793.28,2037531.65,1.3,-11.98
13.73,49.7,SM-25-P2,479793.28,2037531.65,1.3,-12.43
14.18,28.5,SM-25-P2,479793.28,2037531.65,1.3,-12.88
14.51,27,SM-25-P2,479793.28,2037531.65,1.3,-13.21
14.74,23.6,SM-25-P2,479793.28,2037531.65,1.3,-13.44
15.08,21.4,SM-25-P2,479793.28,2037531.65,1.3,-13.78
15.41,25.4,SM-25-P2,479793.28,2037531.65,1.3,-14.11
15.64,35.9,SM-25-P2,479793.28,2037531.65,1.3,-14.34
15.86,44.5,SM-25-P2,479793.28,2037531.65,1.3,-14.56
16.09,20.6,SM-25-P2,479793.28,2037531.65,1.3,-14.79
16.31,15.3,SM-25-P2,479793.28,2037531.65,1.3,-15.01
16.54,14.5,SM-25-P2,479793.28,2037531.65,1.3,-15.24
16.88,21.5,SM-25-P2,479793.28,2037531.65,1.3,-15.58
17.33,24.8,SM-25-P2,479793.28,2037531.65,1.3,-16.03
17.77,22.2,SM-25-P2,479793.28,2037531.65,1.3,-16.47
18.23,23.3,SM-25-P2,479793.28,2037531.65,1.3,-16.93
18.67,26.5,SM-25-P2,479793.28,2037531.65,1.3,-17.37
19.01,28.9,SM-25-P2,479793.28,2037531.65,1.3,-17.71
19.24,26.5,SM-25-P2,479793.28,2037531.65,1.3,-17.94
19.58,26.1,SM-25-P2,479793.28,2037531.65,1.3,-18.28
19.91,29,SM-25-P2,479793.28,2037531.65,1.3,-18.61
20.14,26.3,SM-25-P2,479793.28,2037531.65,1.3,-18.84
20.92,23.3,SM-25-P2,479793.28,2037531.65,1.3,-19.62
21.38,21.1,SM-25-P2,479793.28,2037531.65,1.3,-20.08
21.83,28.9,SM-25-P2,479793.28,2037531.65,1.3,-20.53
22.28,20.6,SM-25-P2,479793.28,2037531.65,1.3,-20.98
22.73,27.9,SM-25-P2,479793.28,2037531.65,1.3,-21.43
23.17,25.4,SM-25-P2,479793.28,2037531.65,1.3,-21.87
23.63,27.9,SM-25-P2,479793.28,2037531.65,1.3,-22.33
24.08,22.8,SM-25-P2,479793.28,2037531.65,1.3,-22.78
24.53,35.7,SM-25-P2,479793.28,2037531.65,1.3,-23.23
24.86,39.2,SM-25-P2,479793.28,2037531.65,1.3,-23.56
25.09,25.9,SM-25-P2,479793.28,2037531.65,1.3,-23.79
25.28,34.3,SM-25-P2,479793.28,2037531.65,1.3,-23.98
25.43,47.1,SM-25-P2,479793.28,2037531.65,1.3,-24.13
25.58,24.6,SM-25-P2,479793.28,2037531.65,1.3,-24.28
25.88,25.5,SM-25-P2,479793.28,2037531.65,1.3,-24.58
26.33,27.5,SM-25-P2,479793.28,2037531.65,1.3,-25.03
26.78,31.9,SM-25-P2,479793.28,2037531.65,1.3,-25.48
27.23,28.2,SM-25-P2,479793.28,2037531.65,1.3,-25.93
27.67,31.4,SM-25-P2,479793.28,2037531.65,1.3,-26.37
28.13,26.5,SM-25-P2,479793.28,2037531.65,1.3,-26.83
28.58,26.3,SM-25-P2,479793.28,2037531.65,1.3,-27.28
29.03,27.6,SM-25-P2,479793.28,2037531.65,1.3,-27.73
29.48,26.4,SM-25-P2,479793.28,2037531.65,1.3,-28.18
29.92,26.4,SM-25-P2,479793.28,2037531.65,1.3,-28.62
30.38,26.2,SM-25-P2,479793.28,2037531.65,1.3,-29.08
30.83,23.1,SM-25-P2,479793.28,2037531.65,1.3,-29.53
31.28,20,SM-25-P2,479793.28,2037531.65,1.3,-29.98
31.73,26.1,SM-25-P2,479793.28,2037531.65,1.3,-30.43
32.17,28,SM-25-P2,479793.28,2037531.65,1.3,-30.87
32.63,27.7,SM-25-P2,479793.28,2037531.65,1.3,-31.33
33.08,28.6,SM-25-P2,479793.28,2037531.65,1.3,-31.78
33.53,29.5,SM-25-P2,479793.28,2037531.65,1.3,-32.23
33.86,30.8,SM-25-P2,479793.28,2037531.65,1.3,-32.56
34.09,30.2,SM-25-P2,479793.28,2037531.65,1.3,-32.79
34.42,31.9,SM-25-P2,479793.28,2037531.65,1.3,-33.12
34.72,32.1,SM-25-P2,479793.28,2037531.65,1.3,-33.42
34.88,27.1,SM-25-P2,479793.28,2037531.65,1.3,-33.58
35.03,36.1,SM-25-P2,479793.28,2037531.65,1.3,-33.73
35.33,39.6,SM-25-P2,479793.28,2037531.65,1.3,-34.03
35.78,27.4,SM-25-P2,479793.28,2037531.65,1.3,-34.48
36.23,26.2,SM-25-P2,479793.28,2037531.65,1.3,-34.93
36.67,22.6,SM-25-P2,479793.28,2037531.65,1.3,-35.37
37.13,22.4,SM-25-P2,479793.28,2037531.65,1.3,-35.83
37.58,24.7,SM-25-P2,479793.28,2037531.65,1.3,-36.28
38.03,26.7,SM-25-P2,479793.28,2037531.65,1.3,-36.73
38.48,24.2,SM-25-P2,479793.28,2037531.65,1.3,-37.18
38.81,22.2,SM-25-P2,479793.28,2037531.65,1.3,-37.51
39.04,17,SM-25-P2,479793.28,2037531.65,1.3,-37.74
39.38,19.4,SM-25-P2,479793.28,2037531.65,1.3,-38.08
39.83,19.4,SM-25-P2,479793.28,2037531.65,1.3,-38.53
40.16,22.4,SM-25-P2,479793.28,2037531.65,1.3,-38.86
40.39,19.7,SM-25-P2,479793.28,2037531.65,1.3,-39.09
40.73,26.9,SM-25-P2,479793.28,2037531.65,1.3,-39.43
41.18,30.2,SM-25-P2,479793.28,2037531.65,1.3,-39.88
41.63,24.7,SM-25-P2,479793.28,2037531.65,1.3,-40.33
42.08,24,SM-25-P2,479793.28,2037531.65,1.3,-40.78
42.53,24,SM-25-P2,479793.28,2037531.65,1.3,-41.23
42.98,25.1,SM-25-P2,479793.28,2037531.65,1.3,-41.68
43.43,23.6,SM-25-P2,479793.28,2037531.65,1.3,-42.13
43.88,25.8,SM-25-P2,479793.28,2037531.65,1.3,-42.58
44.33,19.1,SM-25-P2,479793.28,2037531.65,1.3,-43.03
44.78,25.2,SM-25-P2,479793.28,2037531.65,1.3,-43.48
45.23,27.1,SM-25-P2,479793.28,2037531.65,1.3,-43.93
45.68,21.1,SM-25-P2,479793.28,2037531.65,1.3,-44.38
46.13,25.8,SM-25-P2,479793.28,2037531.65,1.3,-44.83
46.58,23.9,SM-25-P2,479793.28,2037531.65,1.3,-45.28
47.03,24.6,SM-25-P2,479793.28,2037531.65,1.3,-45.73
47.4,16.4,SM-25-P2,479793.28,2037531.65,1.3,-46.1
47.83,20.5,SM-25-P2,479793.28,2037531.65,1.3,-46.53
48.38,30.9,SM-25-P2,479793.28,2037531.65,1.3,-47.08
48.71,32.7,SM-25-P2,479793.28,2037531.65,1.3,-47.41
48.94,28.5,SM-25-P2,479793.28,2037531.65,1.3,-47.64
49.28,29.8,SM-25-P2,479793.28,2037531.65,1.3,-47.98
49.73,28.4,SM-25-P2,479793.28,2037531.65,1.3,-48.43
50.18,28.9,SM-25-P2,479793.28,2037531.65,1.3,-48.88
0.23,28.9,SM-06-B1,478330.36,2036080.3,1.47,1.24
0.56,34.2,SM-06-B1,478330.36,2036080.3,1.47,0.91
0.79,30,SM-06-B1,478330.36,2036080.3,1.47,0.68
1.13,44.2,SM-06-B1,478330.36,2036080.3,1.47,0.34
1.58,55.8,SM-06-B1,478330.36,2036080.3,1.47,-0.11
1.91,46.2,SM-06-B1,478330.36,2036080.3,1.47,-0.44
2.14,37.8,SM-06-B1,478330.36,2036080.3,1.47,-0.67
2.48,37.2,SM-06-B1,478330.36,2036080.3,1.47,-1.01
2.93,24.6,SM-06-B1,478330.36,2036080.3,1.47,-1.46
3.38,25.8,SM-06-B1,478330.36,2036080.3,1.47,-1.91
3.83,29.7,SM-06-B1,478330.36,2036080.3,1.47,-2.36
4.16,27.4,SM-06-B1,478330.36,2036080.3,1.47,-2.69
4.39,23.23,SM-06-B1,478330.36,2036080.3,1.47,-2.92
4.72,24.4,SM-06-B1,478330.36,2036080.3,1.47,-3.25
5.18,22.6,SM-06-B1,478330.36,2036080.3,1.47,-3.71
5.63,23.2,SM-06-B1,478330.36,2036080.3,1.47,-4.16
6.07,23.4,SM-06-B1,478330.36,2036080.3,1.47,-4.6
6.41,18.6,SM-06-B1,478330.36,2036080.3,1.47,-4.94
6.64,19.7,SM-06-B1,478330.36,2036080.3,1.47,-5.17
6.86,38.5,SM-06-B1,478330.36,2036080.3,1.47,-5.39
7.09,19.1,SM-06-B1,478330.36,2036080.3,1.47,-5.62
7.43,20.4,SM-06-B1,478330.36,2036080.3,1.47,-5.96
7.88,18.5,SM-06-B1,478330.36,2036080.3,1.47,-6.41
8.21,15.5,SM-06-B1,478330.36,2036080.3,1.47,-6.74
8.44,17.2,SM-06-B1,478330.36,2036080.3,1.47,-6.97
8.78,19.8,SM-06-B1,478330.36,2036080.3,1.47,-7.31
9.23,20.8,SM-06-B1,478330.36,2036080.3,1.47,-7.76
9.68,20.4,SM-06-B1,478330.36,2036080.3,1.47,-8.21
10.13,17.4,SM-06-B1,478330.36,2036080.3,1.47,-8.66
10.46,15.1,SM-06-B1,478330.36,2036080.3,1.47,-8.99
10.69,27.4,SM-06-B1,478330.36,2036080.3,1.47,-9.22
11.03,38.3,SM-06-B1,478330.36,2036080.3,1.47,-9.56
11.36,26.1,SM-06-B1,478330.36,2036080.3,1.47,-9.89
11.59,22.4,SM-06-B1,478330.36,2036080.3,1.47,-10.12
11.93,19.9,SM-06-B1,478330.36,2036080.3,1.47,-10.46
12.38,20.2,SM-06-B1,478330.36,2036080.3,1.47,-10.91
12.83,21.5,SM-06-B1,478330.36,2036080.3,1.47,-11.36
13.28,19,SM-06-B1,478330.36,2036080.3,1.47,-11.81
13.61,23.8,SM-06-B1,478330.36,2036080.3,1.47,-12.14
13.84,20.1,SM-06-B1,478330.36,2036080.3,1.47,-12.37
14.18,21.8,SM-06-B1,478330.36,2036080.3,1.47,-12.71
14.51,24.8,SM-06-B1,478330.36,2036080.3,1.47,-13.04
14.74,22.7,SM-06-B1,478330.36,2036080.3,1.47,-13.27
15.08,23.1,SM-06-B1,478330.36,2036080.3,1.47,-13.61
15.53,25.2,SM-06-B1,478330.36,2036080.3,1.47,-14.06
15.83,23.2,SM-06-B1,478330.36,2036080.3,1.47,-14.36
15.98,22.8,SM-06-B1,478330.36,2036080.3,1.47,-14.51
16.13,22.8,SM-06-B1,478330.36,2036080.3,1.47,-14.66
16.27,23.1,SM-06-B1,478330.36,2036080.3,1.47,-14.8
16.43,22.5,SM-06-B1,478330.36,2036080.3,1.47,-14.96
16.58,21.3,SM-06-B1,478330.36,2036080.3,1.47,-15.11
16.88,22.7,SM-06-B1,478330.36,2036080.3,1.47,-15.41
17.33,21.7,SM-06-B1,478330.36,2036080.3,1.47,-15.86
17.61,23.9,SM-06-B1,478330.36,2036080.3,1.47,-16.14
17.72,21.6,SM-06-B1,478330.36,2036080.3,1.47,-16.25
17.83,22,SM-06-B1,478330.36,2036080.3,1.47,-16.36
17.94,21.8,SM-06-B1,478330.36,2036080.3,1.47,-16.47
18.23,22.1,SM-06-B1,478330.36,2036080.3,1.47,-16.76
18.67,22.9,SM-06-B1,478330.36,2036080.3,1.47,-17.2
19.13,24.5,SM-06-B1,478330.36,2036080.3,1.47,-17.66
19.41,27.2,SM-06-B1,478330.36,2036080.3,1.47,-17.94
19.52,22.5,SM-06-B1,478330.36,2036080.3,1.47,-18.05
19.63,31.8,SM-06-B1,478330.36,2036080.3,1.47,-18.16
19.74,23.7,SM-06-B1,478330.36,2036080.3,1.47,-18.27
20.02,21,SM-06-B1,478330.36,2036080.3,1.47,-18.55
20.48,20,SM-06-B1,478330.36,2036080.3,1.47,-19.01
20.92,21.69,SM-06-B1,478330.36,2036080.3,1.47,-19.45
21.21,20.7,SM-06-B1,478330.36,2036080.3,1.47,-19.74
21.32,37.4,SM-06-B1,478330.36,2036080.3,1.47,-19.85
21.43,23.5,SM-06-B1,478330.36,2036080.3,1.47,-19.96
21.54,34.5,SM-06-B1,478330.36,2036080.3,1.47,-20.07
21.68,30.3,SM-06-B1,478330.36,2036080.3,1.47,-20.21
21.83,25.7,SM-06-B1,478330.36,2036080.3,1.47,-20.36
21.98,19.4,SM-06-B1,478330.36,2036080.3,1.47,-20.51
22.28,21.2,SM-06-B1,478330.36,2036080.3,1.47,-20.81
22.61,24.9,SM-06-B1,478330.36,2036080.3,1.47,-21.14
22.84,32.4,SM-06-B1,478330.36,2036080.3,1.47,-21.37
23.01,28.3,SM-06-B1,478330.36,2036080.3,1.47,-21.54
23.12,38.9,SM-06-B1,478330.36,2036080.3,1.47,-21.65
23.23,21.8,SM-06-B1,478330.36,2036080.3,1.47,-21.76
23.34,25.7,SM-06-B1,478330.36,2036080.3,1.47,-21.87
23.48,17.8,SM-06-B1,478330.36,2036080.3,1.47,-22.01
23.63,30.8,SM-06-B1,478330.36,2036080.3,1.47,-22.16
23.78,20.4,SM-06-B1,478330.36,2036080.3,1.47,-22.31
23.96,18.7,SM-06-B1,478330.36,2036080.3,1.47,-22.49
24.19,15.7,SM-06-B1,478330.36,2036080.3,1.47,-22.72
24.41,16.3,SM-06-B1,478330.36,2036080.3,1.47,-22.94
24.64,20.1,SM-06-B1,478330.36,2036080.3,1.47,-23.17
24.98,21.4,SM-06-B1,478330.36,2036080.3,1.47,-23.51
,89,SM-06-B1,478330.36,2036080.3,1.47,1.47
0.23,12.12,SM-66-P1,477629.99,2036277.02,4.26,4.03
0.68,12.02,SM-66-P1,477629.99,2036277.02,4.26,3.58
1.13,16.58,SM-66-P1,477629.99,2036277.02,4.26,3.13
1.58,18.54,SM-66-P1,477629.99,2036277.02,4.26,2.68
2.03,24.61,SM-66-P1,477629.99,2036277.02,4.26,2.23
2.33,27.5,SM-66-P1,477629.99,2036277.02,4.26,1.93
2.47,30.08,SM-66-P1,477629.99,2036277.02,4.26,1.79
2.63,15.74,SM-66-P1,477629.99,2036277.02,4.26,1.63
2.81,28.83,SM-66-P1,477629.99,2036277.02,4.26,1.45
3.04,11.02,SM-66-P1,477629.99,2036277.02,4.26,1.22
3.26,36.82,SM-66-P1,477629.99,2036277.02,4.26,1
3.49,20.77,SM-66-P1,477629.99,2036277.02,4.26,0.77
3.83,19.31,SM-66-P1,477629.99,2036277.02,4.26,0.43
4.28,10.73,SM-66-P1,477629.99,2036277.02,4.26,-0.02
4.72,23.98,SM-66-P1,477629.99,2036277.02,4.26,-0.46
5.06,26.74,SM-66-P1,477629.99,2036277.02,4.26,-0.8
5.29,25.9,SM-66-P1,477629.99,2036277.02,4.26,-1.03
5.51,29.03,SM-66-P1,477629.99,2036277.02,4.26,-1.25
5.74,29.05,SM-66-P1,477629.99,2036277.02,4.26,-1.48
5.96,27.27,SM-66-P1,477629.99,2036277.02,4.26,-1.7
6.19,26.07,SM-66-P1,477629.99,2036277.02,4.26,-1.93
6.41,19.57,SM-66-P1,477629.99,2036277.02,4.26,-2.15
6.64,19.92,SM-66-P1,477629.99,2036277.02,4.26,-2.38
6.86,20.3,SM-66-P1,477629.99,2036277.02,4.26,-2.6
7.09,20.44,SM-66-P1,477629.99,2036277.02,4.26,-2.83
7.31,20.91,SM-66-P1,477629.99,2036277.02,4.26,-3.05
7.54,20.89,SM-66-P1,477629.99,2036277.02,4.26,-3.28
7.76,20.91,SM-66-P1,477629.99,2036277.02,4.26,-3.5
7.99,22.08,SM-66-P1,477629.99,2036277.02,4.26,-3.73
8.21,16.54,SM-66-P1,477629.99,2036277.02,4.26,-3.95
8.44,16.93,SM-66-P1,477629.99,2036277.02,4.26,-4.18
8.66,19.03,SM-66-P1,477629.99,2036277.02,4.26,-4.4
8.89,18.74,SM-66-P1,477629.99,2036277.02,4.26,-4.63
9.11,16.42,SM-66-P1,477629.99,2036277.02,4.26,-4.85
9.34,17.18,SM-66-P1,477629.99,2036277.02,4.26,-5.08
9.51,26.67,SM-66-P1,477629.99,2036277.02,4.26,-5.25
9.62,26.11,SM-66-P1,477629.99,2036277.02,4.26,-5.36
9.73,26.99,SM-66-P1,477629.99,2036277.02,4.26,-5.47
9.84,23.65,SM-66-P1,477629.99,2036277.02,4.26,-5.58
10.01,20.54,SM-66-P1,477629.99,2036277.02,4.26,-5.75
10.24,20.03,SM-66-P1,477629.99,2036277.02,4.26,-5.98
10.46,21.24,SM-66-P1,477629.99,2036277.02,4.26,-6.2
10.69,21.44,SM-66-P1,477629.99,2036277.02,4.26,-6.43
10.91,25.1,SM-66-P1,477629.99,2036277.02,4.26,-6.65
11.14,27.34,SM-66-P1,477629.99,2036277.02,4.26,-6.88
11.36,20.78,SM-66-P1,477629.99,2036277.02,4.26,-7.1
11.59,22.43,SM-66-P1,477629.99,2036277.02,4.26,-7.33
11.77,20.3,SM-66-P1,477629.99,2036277.02,4.26,-7.51
11.93,20.39,SM-66-P1,477629.99,2036277.02,4.26,-7.67
12.08,52.21,SM-66-P1,477629.99,2036277.02,4.26,-7.82
12.26,51.28,SM-66-P1,477629.99,2036277.02,4.26,-8
12.49,55.97,SM-66-P1,477629.99,2036277.02,4.26,-8.23
12.71,53.47,SM-66-P1,477629.99,2036277.02,4.26,-8.45
12.94,56.95,SM-66-P1,477629.99,2036277.02,4.26,-8.68
13.16,58.2,SM-66-P1,477629.99,2036277.02,4.26,-8.9
13.39,56.61,SM-66-P1,477629.99,2036277.02,4.26,-9.13
13.61,62.04,SM-66-P1,477629.99,2036277.02,4.26,-9.35
13.84,63.34,SM-66-P1,477629.99,2036277.02,4.26,-9.58
14.06,54.45,SM-66-P1,477629.99,2036277.02,4.26,-9.8
14.29,55.3,SM-66-P1,477629.99,2036277.02,4.26,-10.03
14.51,44.97,SM-66-P1,477629.99,2036277.02,4.26,-10.25
14.74,45.58,SM-66-P1,477629.99,2036277.02,4.26,-10.48
15.41,36.22,SM-66-P1,477629.99,2036277.02,4.26,-11.15
15.64,34.22,SM-66-P1,477629.99,2036277.02,4.26,-11.38
15.86,45.96,SM-66-P1,477629.99,2036277.02,4.26,-11.6
16.09,46.34,SM-66-P1,477629.99,2036277.02,4.26,-11.83
16.31,28.81,SM-66-P1,477629.99,2036277.02,4.26,-12.05
16.54,27.81,SM-66-P1,477629.99,2036277.02,4.26,-12.28
16.76,42.74,SM-66-P1,477629.99,2036277.02,4.26,-12.5
16.99,56.17,SM-66-P1,477629.99,2036277.02,4.26,-12.73
17.21,23.95,SM-66-P1,477629.99,2036277.02,4.26,-12.95
17.44,25.48,SM-66-P1,477629.99,2036277.02,4.26,-13.18
17.66,25.14,SM-66-P1,477629.99,2036277.02,4.26,-13.4
17.89,25.81,SM-66-P1,477629.99,2036277.02,4.26,-13.63
18.06,22.25,SM-66-P1,477629.99,2036277.02,4.26,-13.8
18.17,21.33,SM-66-P1,477629.99,2036277.02,4.26,-13.91
18.28,17.11,SM-66-P1,477629.99,2036277.02,4.26,-14.02
18.39,17.05,SM-66-P1,477629.99,2036277.02,4.26,-14.13
18.56,23.37,SM-66-P1,477629.99,2036277.02,4.26,-14.3
18.79,22.46,SM-66-P1,477629.99,2036277.02,4.26,-14.53
19.01,22.02,SM-66-P1,477629.99,2036277.02,4.26,-14.75
19.24,21.54,SM-66-P1,477629.99,2036277.02,4.26,-14.98
19.46,22.93,SM-66-P1,477629.99,2036277.02,4.26,-15.2
19.69,22.52,SM-66-P1,477629.99,2036277.02,4.26,-15.43
19.91,19.68,SM-66-P1,477629.99,2036277.02,4.26,-15.65
20.14,19.83,SM-66-P1,477629.99,2036277.02,4.26,-15.88
20.36,17.75,SM-66-P1,477629.99,2036277.02,4.26,-16.1
20.59,18.15,SM-66-P1,477629.99,2036277.02,4.26,-16.33
20.81,18.37,SM-66-P1,477629.99,2036277.02,4.26,-16.55
21.04,20.24,SM-66-P1,477629.99,2036277.02,4.26,-16.78
21.26,18.99,SM-66-P1,477629.99,2036277.02,4.26,-17
21.49,19.55,SM-66-P1,477629.99,2036277.02,4.26,-17.23
21.71,18.97,SM-66-P1,477629.99,2036277.02,4.26,-17.45
21.94,19.39,SM-66-P1,477629.99,2036277.02,4.26,-17.68
22.16,21.91,SM-66-P1,477629.99,2036277.02,4.26,-17.9
22.39,22.15,SM-66-P1,477629.99,2036277.02,4.26,-18.13
22.61,18.57,SM-66-P1,477629.99,2036277.02,4.26,-18.35
22.84,19.53,SM-66-P1,477629.99,2036277.02,4.26,-18.58
23.06,17.97,SM-66-P1,477629.99,2036277.02,4.26,-18.8
23.29,18.64,SM-66-P1,477629.99,2036277.02,4.26,-19.03
23.51,20.7,SM-66-P1,477629.99,2036277.02,4.26,-19.25
23.74,22.28,SM-66-P1,477629.99,2036277.02,4.26,-19.48
23.96,21.61,SM-66-P1,477629.99,2036277.02,4.26,-19.7
24.19,21.05,SM-66-P1,477629.99,2036277.02,4.26,-19.93
24.41,25.74,SM-66-P1,477629.99,2036277.02,4.26,-20.15
24.64,25.18,SM-66-P1,477629.99,2036277.02,4.26,-20.38
24.86,29.45,SM-66-P1,477629.99,2036277.02,4.26,-20.6
25.09,22.86,SM-66-P1,477629.99,2036277.02,4.26,-20.83
25.31,43.39,SM-66-P1,477629.99,2036277.02,4.26,-21.05
25.54,20.51,SM-66-P1,477629.99,2036277.02,4.26,-21.28
25.76,18.16,SM-66-P1,477629.99,2036277.02,4.26,-21.5
25.99,16.1,SM-66-P1,477629.99,2036277.02,4.26,-21.73
26.21,18.21,SM-66-P1,477629.99,2036277.02,4.26,-21.95
26.44,19.77,SM-66-P1,477629.99,2036277.02,4.26,-22.18
26.66,18.67,SM-66-P1,477629.99,2036277.02,4.26,-22.4
26.89,43.95,SM-66-P1,477629.99,2036277.02,4.26,-22.63
27.11,42.81,SM-66-P1,477629.99,2036277.02,4.26,-22.85
27.34,15.49,SM-66-P1,477629.99,2036277.02,4.26,-23.08
27.56,27.61,SM-66-P1,477629.99,2036277.02,4.26,-23.3
27.79,27.62,SM-66-P1,477629.99,2036277.02,4.26,-23.53
28.01,22.85,SM-66-P1,477629.99,2036277.02,4.26,-23.75
28.24,22.14,SM-66-P1,477629.99,2036277.02,4.26,-23.98
28.46,32.81,SM-66-P1,477629.99,2036277.02,4.26,-24.2
28.69,32.48,SM-66-P1,477629.99,2036277.02,4.26,-24.43
28.91,26.65,SM-66-P1,477629.99,2036277.02,4.26,-24.65
29.14,34.32,SM-66-P1,477629.99,2036277.02,4.26,-24.88
29.36,32.68,SM-66-P1,477629.99,2036277.02,4.26,-25.1
29.59,31.38,SM-66-P1,477629.99,2036277.02,4.26,-25.33
30.26,20.72,SM-66-P1,477629.99,2036277.02,4.26,-26
30.49,21.01,SM-66-P1,477629.99,2036277.02,4.26,-26.23
30.71,22.3,SM-66-P1,477629.99,2036277.02,4.26,-26.45
30.94,19.5,SM-66-P1,477629.99,2036277.02,4.26,-26.68
31.16,19.5,SM-66-P1,477629.99,2036277.02,4.26,-26.9
31.39,19.8,SM-66-P1,477629.99,2036277.02,4.26,-27.13
31.61,23.4,SM-66-P1,477629.99,2036277.02,4.26,-27.35
31.84,23.8,SM-66-P1,477629.99,2036277.02,4.26,-27.58
32.06,22,SM-66-P1,477629.99,2036277.02,4.26,-27.8
32.29,22.4,SM-66-P1,477629.99,2036277.02,4.26,-28.03
32.51,18.9,SM-66-P1,477629.99,2036277.02,4.26,-28.25
32.74,18.2,SM-66-P1,477629.99,2036277.02,4.26,-28.48
32.96,16.5,SM-66-P1,477629.99,2036277.02,4.26,-28.7
33.19,18.8,SM-66-P1,477629.99,2036277.02,4.26,-28.93
33.38,22.3,SM-66-P1,477629.99,2036277.02,4.26,-29.12
33.53,22,SM-66-P1,477629.99,2036277.02,4.26,-29.27
33.83,20.4,SM-66-P1,477629.99,2036277.02,4.26,-29.57
33.97,20,SM-66-P1,477629.99,2036277.02,4.26,-29.71
34.31,19,SM-66-P1,477629.99,2036277.02,4.26,-30.05
34.54,19,SM-66-P1,477629.99,2036277.02,4.26,-30.28
34.72,19.4,SM-66-P1,477629.99,2036277.02,4.26,-30.46
34.88,19.9,SM-66-P1,477629.99,2036277.02,4.26,-30.62
35.17,24.9,SM-66-P1,477629.99,2036277.02,4.26,-30.91
35.33,24.1,SM-66-P1,477629.99,2036277.02,4.26,-31.07
35.63,21.9,SM-66-P1,477629.99,2036277.02,4.26,-31.37
35.78,22.9,SM-66-P1,477629.99,2036277.02,4.26,-31.52
36.08,23.4,SM-66-P1,477629.99,2036277.02,4.26,-31.82
36.22,22.2,SM-66-P1,477629.99,2036277.02,4.26,-31.96
36.56,22.6,SM-66-P1,477629.99,2036277.02,4.26,-32.3
36.79,51.9,SM-66-P1,477629.99,2036277.02,4.26,-32.53
37.01,41.2,SM-66-P1,477629.99,2036277.02,4.26,-32.75
37.24,40.2,SM-66-P1,477629.99,2036277.02,4.26,-32.98
37.46,35.2,SM-66-P1,477629.99,2036277.02,4.26,-33.2
37.69,33.7,SM-66-P1,477629.99,2036277.02,4.26,-33.43
37.91,36.3,SM-66-P1,477629.99,2036277.02,4.26,-33.65
38.14,35.1,SM-66-P1,477629.99,2036277.02,4.26,-33.88
38.36,29.2,SM-66-P1,477629.99,2036277.02,4.26,-34.1
38.59,31.6,SM-66-P1,477629.99,2036277.02,4.26,-34.33
38.81,22.3,SM-66-P1,477629.99,2036277.02,4.26,-34.55
39.04,21.6,SM-66-P1,477629.99,2036277.02,4.26,-34.78
39.26,17.8,SM-66-P1,477629.99,2036277.02,4.26,-35
39.49,17.5,SM-66-P1,477629.99,2036277.02,4.26,-35.23
39.71,21.7,SM-66-P1,477629.99,2036277.02,4.26,-35.45
39.94,21.7,SM-66-P1,477629.99,2036277.02,4.26,-35.68
40.28,22.7,SM-66-P1,477629.99,2036277.02,4.26,-36.02
40.61,24.1,SM-66-P1,477629.99,2036277.02,4.26,-36.35
40.84,24.1,SM-66-P1,477629.99,2036277.02,4.26,-36.58
41.06,24,SM-66-P1,477629.99,2036277.02,4.26,-36.8
41.29,25.7,SM-66-P1,477629.99,2036277.02,4.26,-37.03
41.51,22.7,SM-66-P1,477629.99,2036277.02,4.26,-37.25
41.74,23.2,SM-66-P1,477629.99,2036277.02,4.26,-37.48
41.96,23.3,SM-66-P1,477629.99,2036277.02,4.26,-37.7
42.19,23.9,SM-66-P1,477629.99,2036277.02,4.26,-37.93
42.41,23.2,SM-66-P1,477629.99,2036277.02,4.26,-38.15
42.64,24.3,SM-66-P1,477629.99,2036277.02,4.26,-38.38
42.86,26.5,SM-66-P1,477629.99,2036277.02,4.26,-38.6
43.09,26.8,SM-66-P1,477629.99,2036277.02,4.26,-38.83
43.31,27.3,SM-66-P1,477629.99,2036277.02,4.26,-39.05
43.54,27.1,SM-66-P1,477629.99,2036277.02,4.26,-39.28
43.76,27.8,SM-66-P1,477629.99,2036277.02,4.26,-39.5
43.99,26,SM-66-P1,477629.99,2036277.02,4.26,-39.73
44.21,9.7,SM-66-P1,477629.99,2036277.02,4.26,-39.95
44.44,23.6,SM-66-P1,477629.99,2036277.02,4.26,-40.18
44.66,29.3,SM-66-P1,477629.99,2036277.02,4.26,-40.4
44.89,27.8,SM-66-P1,477629.99,2036277.02,4.26,-40.63
45.11,26.2,SM-66-P1,477629.99,2036277.02,4.26,-40.85
45.34,26,SM-66-P1,477629.99,2036277.02,4.26,-41.08
45.53,28,SM-66-P1,477629.99,2036277.02,4.26,-41.27
45.68,26.5,SM-66-P1,477629.99,2036277.02,4.26,-41.42
45.83,26.4,SM-66-P1,477629.99,2036277.02,4.26,-41.57
46.01,26.4,SM-66-P1,477629.99,2036277.02,4.26,-41.75
46.24,25.8,SM-66-P1,477629.99,2036277.02,4.26,-41.98
46.46,28.1,SM-66-P1,477629.99,2036277.02,4.26,-42.2
46.69,28.31,SM-66-P1,477629.99,2036277.02,4.26,-42.43
46.91,29.7,SM-66-P1,477629.99,2036277.02,4.26,-42.65
47.14,29.8,SM-66-P1,477629.99,2036277.02,4.26,-42.88
47.36,29.8,SM-66-P1,477629.99,2036277.02,4.26,-43.1
47.59,29.8,SM-66-P1,477629.99,2036277.02,4.26,-43.33
47.81,31.4,SM-66-P1,477629.99,2036277.02,4.26,-43.55
48.04,30.5,SM-66-P1,477629.99,2036277.02,4.26,-43.78
48.26,28.7,SM-66-P1,477629.99,2036277.02,4.26,-44
48.49,28.8,SM-66-P1,477629.99,2036277.02,4.26,-44.23
48.71,29.2,SM-66-P1,477629.99,2036277.02,4.26,-44.45
48.94,28.7,SM-66-P1,477629.99,2036277.02,4.26,-44.68
49.16,31.6,SM-66-P1,477629.99,2036277.02,4.26,-44.9
49.39,31.7,SM-66-P1,477629.99,2036277.02,4.26,-45.13
49.61,33.1,SM-66-P1,477629.99,2036277.02,4.26,-45.35
49.84,32.1,SM-66-P1,477629.99,2036277.02,4.26,-45.58
2.7,41,SM-56-P1,477300.86,2037204.18,1.86,-0.84
0.23,8,SM-10-B1,477226.3,2037121.54,2.8,2.57
0.68,16.1,SM-10-B1,477226.3,2037121.54,2.8,2.12
1.13,29.8,SM-10-B1,477226.3,2037121.54,2.8,1.67
1.58,33.2,SM-10-B1,477226.3,2037121.54,2.8,1.22
2.03,37.9,SM-10-B1,477226.3,2037121.54,2.8,0.77
2.36,34.5,SM-10-B1,477226.3,2037121.54,2.8,0.44
2.59,24.2,SM-10-B1,477226.3,2037121.54,2.8,0.21
2.93,28.1,SM-10-B1,477226.3,2037121.54,2.8,-0.13
3.38,24.6,SM-10-B1,477226.3,2037121.54,2.8,-0.58
3.83,24.5,SM-10-B1,477226.3,2037121.54,2.8,-1.03
4.16,26,SM-10-B1,477226.3,2037121.54,2.8,-1.36
4.39,34.8,SM-10-B1,477226.3,2037121.54,2.8,-1.59
4.72,41.4,SM-10-B1,477226.3,2037121.54,2.8,-1.92
5.03,54.6,SM-10-B1,477226.3,2037121.54,2.8,-2.23
5.18,48.6,SM-10-B1,477226.3,2037121.54,2.8,-2.38
5.33,25.4,SM-10-B1,477226.3,2037121.54,2.8,-2.53
5.63,29.3,SM-10-B1,477226.3,2037121.54,2.8,-2.83
5.96,30,SM-10-B1,477226.3,2037121.54,2.8,-3.16
6.19,43.7,SM-10-B1,477226.3,2037121.54,2.8,-3.39
6.53,28.4,SM-10-B1,477226.3,2037121.54,2.8,-3.73
6.98,30.5,SM-10-B1,477226.3,2037121.54,2.8,-4.18
7.43,27.6,SM-10-B1,477226.3,2037121.54,2.8,-4.63
7.88,34.1,SM-10-B1,477226.3,2037121.54,2.8,-5.08
8.21,41.4,SM-10-B1,477226.3,2037121.54,2.8,-5.41
8.44,28.4,SM-10-B1,477226.3,2037121.54,2.8,-5.64
8.78,24.5,SM-10-B1,477226.3,2037121.54,2.8,-5.98
9.11,42.4,SM-10-B1,477226.3,2037121.54,2.8,-6.31
9.34,30.8,SM-10-B1,477226.3,2037121.54,2.8,-6.54
9.56,27.6,SM-10-B1,477226.3,2037121.54,2.8,-6.76
9.79,18.1,SM-10-B1,477226.3,2037121.54,2.8,-6.99
10.13,20.9,SM-10-B1,477226.3,2037121.54,2.8,-7.33
10.58,16.5,SM-10-B1,477226.3,2037121.54,2.8,-7.78
11.03,23,SM-10-B1,477226.3,2037121.54,2.8,-8.23
11.36,17.8,SM-10-B1,477226.3,2037121.54,2.8,-8.56
11.59,31.7,SM-10-B1,477226.3,2037121.54,2.8,-8.79
11.77,31.1,SM-10-B1,477226.3,2037121.54,2.8,-8.97
11.93,27.8,SM-10-B1,477226.3,2037121.54,2.8,-9.13
12.08,28.4,SM-10-B1,477226.3,2037121.54,2.8,-9.28
12.38,28.3,SM-10-B1,477226.3,2037121.54,2.8,-9.58
12.83,27.7,SM-10-B1,477226.3,2037121.54,2.8,-10.03
13.28,31.8,SM-10-B1,477226.3,2037121.54,2.8,-10.48
13.73,28.4,SM-10-B1,477226.3,2037121.54,2.8,-10.93
14.18,27.2,SM-10-B1,477226.3,2037121.54,2.8,-11.38
14.63,41.8,SM-10-B1,477226.3,2037121.54,2.8,-11.83
14.93,52.9,SM-10-B1,477226.3,2037121.54,2.8,-12.13
15.08,45.4,SM-10-B1,477226.3,2037121.54,2.8,-12.28
15.23,32.6,SM-10-B1,477226.3,2037121.54,2.8,-12.43
15.38,49.5,SM-10-B1,477226.3,2037121.54,2.8,-12.58
15.52,32.2,SM-10-B1,477226.3,2037121.54,2.8,-12.72
15.68,65.1,SM-10-B1,477226.3,2037121.54,2.8,-12.88
15.86,35.1,SM-10-B1,477226.3,2037121.54,2.8,-13.06
16.09,44.2,SM-10-B1,477226.3,2037121.54,2.8,-13.29
16.42,57.2,SM-10-B1,477226.3,2037121.54,2.8,-13.62
16.88,54.5,SM-10-B1,477226.3,2037121.54,2.8,-14.08
17.21,32.3,SM-10-B1,477226.3,2037121.54,2.8,-14.41
17.44,42.2,SM-10-B1,477226.3,2037121.54,2.8,-14.64
17.77,23.9,SM-10-B1,477226.3,2037121.54,2.8,-14.97
18.08,25.3,SM-10-B1,477226.3,2037121.54,2.8,-15.28
18.23,37.3,SM-10-B1,477226.3,2037121.54,2.8,-15.43
18.38,33.7,SM-10-B1,477226.3,2037121.54,2.8,-15.58
18.51,22.9,SM-10-B1,477226.3,2037121.54,2.8,-15.71
18.62,29.7,SM-10-B1,477226.3,2037121.54,2.8,-15.82
18.73,23.2,SM-10-B1,477226.3,2037121.54,2.8,-15.93
18.84,22.7,SM-10-B1,477226.3,2037121.54,2.8,-16.04
19.01,26.4,SM-10-B1,477226.3,2037121.54,2.8,-16.21
19.24,20.6,SM-10-B1,477226.3,2037121.54,2.8,-16.44
19.58,22.1,SM-10-B1,477226.3,2037121.54,2.8,-16.78
19.91,24.7,SM-10-B1,477226.3,2037121.54,2.8,-17.11
20.14,22,SM-10-B1,477226.3,2037121.54,2.8,-17.34
20.36,21.8,SM-10-B1,477226.3,2037121.54,2.8,-17.56
20.59,22,SM-10-B1,477226.3,2037121.54,2.8,-17.79
20.81,22.5,SM-10-B1,477226.3,2037121.54,2.8,-18.01
21.04,21.5,SM-10-B1,477226.3,2037121.54,2.8,-18.24
21.38,22.2,SM-10-B1,477226.3,2037121.54,2.8,-18.58
21.83,20.2,SM-10-B1,477226.3,2037121.54,2.8,-19.03
22.28,21.8,SM-10-B1,477226.3,2037121.54,2.8,-19.48
22.73,20,SM-10-B1,477226.3,2037121.54,2.8,-19.93
23.06,22.7,SM-10-B1,477226.3,2037121.54,2.8,-20.26
23.29,20.1,SM-10-B1,477226.3,2037121.54,2.8,-20.49
23.63,20.2,SM-10-B1,477226.3,2037121.54,2.8,-20.83
24.08,24.8,SM-10-B1,477226.3,2037121.54,2.8,-21.28
24.41,21.2,SM-10-B1,477226.3,2037121.54,2.8,-21.61
24.64,21.9,SM-10-B1,477226.3,2037121.54,2.8,-21.84
24.98,22.4,SM-10-B1,477226.3,2037121.54,2.8,-22.18
,84,SM-10-B1,477226.3,2037121.54,2.8,2.8
0.11,28.9,SM-53-P2,478414.1,2037512.4,1.21,1.1
0.34,22.6,SM-53-P2,478414.1,2037512.4,1.21,0.87
0.68,25.7,SM-53-P2,478414.1,2037512.4,1.21,0.53
1.13,25,SM-53-P2,478414.1,2037512.4,1.21,0.08
1.58,19.2,SM-53-P2,478414.1,2037512.4,1.21,-0.37
2.03,27.9,SM-53-P2,478414.1,2037512.4,1.21,-0.82
2.48,26.3,SM-53-P2,478414.1,2037512.4,1.21,-1.27
2.93,20.9,SM-53-P2,478414.1,2037512.4,1.21,-1.72
3.38,20,SM-53-P2,478414.1,2037512.4,1.21,-2.17
3.83,16,SM-53-P2,478414.1,2037512.4,1.21,-2.62
4.28,16.8,SM-53-P2,478414.1,2037512.4,1.21,-3.07
4.61,16.6,SM-53-P2,478414.1,2037512.4,1.21,-3.4
4.84,16.4,SM-53-P2,478414.1,2037512.4,1.21,-3.63
5.18,23.8,SM-53-P2,478414.1,2037512.4,1.21,-3.97
5.63,21.9,SM-53-P2,478414.1,2037512.4,1.21,-4.42
6.07,20.1,SM-53-P2,478414.1,2037512.4,1.21,-4.86
6.53,16.7,SM-53-P2,478414.1,2037512.4,1.21,-5.32
6.83,22.3,SM-53-P2,478414.1,2037512.4,1.21,-5.62
6.98,13.1,SM-53-P2,478414.1,2037512.4,1.21,-5.77
7.13,10.8,SM-53-P2,478414.1,2037512.4,1.21,-5.92
7.43,18.7,SM-53-P2,478414.1,2037512.4,1.21,-6.22
7.88,20.1,SM-53-P2,478414.1,2037512.4,1.21,-6.67
8.32,26.5,SM-53-P2,478414.1,2037512.4,1.21,-7.11
8.78,22,SM-53-P2,478414.1,2037512.4,1.21,-7.57
9.23,22.5,SM-53-P2,478414.1,2037512.4,1.21,-8.02
9.68,19,SM-53-P2,478414.1,2037512.4,1.21,-8.47
10.01,16.8,SM-53-P2,478414.1,2037512.4,1.21,-8.8
10.24,17.9,SM-53-P2,478414.1,2037512.4,1.21,-9.03
10.58,19.1,SM-53-P2,478414.1,2037512.4,1.21,-9.37
10.91,16.4,SM-53-P2,478414.1,2037512.4,1.21,-9.7
11.14,24.6,SM-53-P2,478414.1,2037512.4,1.21,-9.93
11.48,21.2,SM-53-P2,478414.1,2037512.4,1.21,-10.27
11.93,15.9,SM-53-P2,478414.1,2037512.4,1.21,-10.72
12.38,11.8,SM-53-P2,478414.1,2037512.4,1.21,-11.17
12.83,18.5,SM-53-P2,478414.1,2037512.4,1.21,-11.62
13.13,7.2,SM-53-P2,478414.1,2037512.4,1.21,-11.92
13.27,7.7,SM-53-P2,478414.1,2037512.4,1.21,-12.06
13.43,10,SM-53-P2,478414.1,2037512.4,1.21,-12.22
13.58,7.3,SM-53-P2,478414.1,2037512.4,1.21,-12.37
13.73,8.7,SM-53-P2,478414.1,2037512.4,1.21,-12.52
13.88,10.6,SM-53-P2,478414.1,2037512.4,1.21,-12.67
14.18,55.4,SM-53-P2,478414.1,2037512.4,1.21,-12.97
14.63,60.3,SM-53-P2,478414.1,2037512.4,1.21,-13.42
15.08,57.7,SM-53-P2,478414.1,2037512.4,1.21,-13.87
15.53,53.2,SM-53-P2,478414.1,2037512.4,1.21,-14.32
15.86,34.5,SM-53-P2,478414.1,2037512.4,1.21,-14.65
16.09,21.1,SM-53-P2,478414.1,2037512.4,1.21,-14.88
16.31,27.25,SM-53-P2,478414.1,2037512.4,1.21,-15.1
16.54,25.1,SM-53-P2,478414.1,2037512.4,1.21,-15.33
16.88,26.2,SM-53-P2,478414.1,2037512.4,1.21,-15.67
17.33,25.1,SM-53-P2,478414.1,2037512.4,1.21,-16.12
17.77,23.4,SM-53-P2,478414.1,2037512.4,1.21,-16.56
18.23,24.6,SM-53-P2,478414.1,2037512.4,1.21,-17.02
18.67,17.7,SM-53-P2,478414.1,2037512.4,1.21,-17.46
19.13,17,SM-53-P2,478414.1,2037512.4,1.21,-17.92
19.58,23.2,SM-53-P2,478414.1,2037512.4,1.21,-18.37
20.02,20.7,SM-53-P2,478414.1,2037512.4,1.21,-18.81
20.48,19.3,SM-53-P2,478414.1,2037512.4,1.21,-19.27
20.92,22.4,SM-53-P2,478414.1,2037512.4,1.21,-19.71
21.38,21.1,SM-53-P2,478414.1,2037512.4,1.21,-20.17
21.83,20.6,SM-53-P2,478414.1,2037512.4,1.21,-20.62
22.28,19.3,SM-53-P2,478414.1,2037512.4,1.21,-21.07
22.73,21,SM-53-P2,478414.1,2037512.4,1.21,-21.52
23.17,21.2,SM-53-P2,478414.1,2037512.4,1.21,-21.96
23.51,18.5,SM-53-P2,478414.1,2037512.4,1.21,-22.3
23.74,18.8,SM-53-P2,478414.1,2037512.4,1.21,-22.53
24.08,18.6,SM-53-P2,478414.1,2037512.4,1.21,-22.87
24.41,25.5,SM-53-P2,478414.1,2037512.4,1.21,-23.2
24.64,20.8,SM-53-P2,478414.1,2037512.4,1.21,-23.43
24.98,24.3,SM-53-P2,478414.1,2037512.4,1.21,-23.77
25.31,21.6,SM-53-P2,478414.1,2037512.4,1.21,-24.1
25.54,24.2,SM-53-P2,478414.1,2037512.4,1.21,-24.33
25.88,26.5,SM-53-P2,478414.1,2037512.4,1.21,-24.67
26.33,22.4,SM-53-P2,478414.1,2037512.4,1.21,-25.12
26.63,20.4,SM-53-P2,478414.1,2037512.4,1.21,-25.42
26.78,21.5,SM-53-P2,478414.1,2037512.4,1.21,-25.57
26.93,26.8,SM-53-P2,478414.1,2037512.4,1.21,-25.72
27.11,22.1,SM-53-P2,478414.1,2037512.4,1.21,-25.9
27.34,22.9,SM-53-P2,478414.1,2037512.4,1.21,-26.13
27.56,29.8,SM-53-P2,478414.1,2037512.4,1.21,-26.35
27.79,24.6,SM-53-P2,478414.1,2037512.4,1.21,-26.58
28.13,22.5,SM-53-P2,478414.1,2037512.4,1.21,-26.92
28.58,29.2,SM-53-P2,478414.1,2037512.4,1.21,-27.37
28.91,11.2,SM-53-P2,478414.1,2037512.4,1.21,-27.7
29.14,12.2,SM-53-P2,478414.1,2037512.4,1.21,-27.93
29.48,27.8,SM-53-P2,478414.1,2037512.4,1.21,-28.27
29.92,27.1,SM-53-P2,478414.1,2037512.4,1.21,-28.71
30.38,25.8,SM-53-P2,478414.1,2037512.4,1.21,-29.17
30.83,27.7,SM-53-P2,478414.1,2037512.4,1.21,-29.62
31.28,24.5,SM-53-P2,478414.1,2037512.4,1.21,-30.07
31.58,53.8,SM-53-P2,478414.1,2037512.4,1.21,-30.37
31.73,29,SM-53-P2,478414.1,2037512.4,1.21,-30.52
31.88,53,SM-53-P2,478414.1,2037512.4,1.21,-30.67
32.17,21.2,SM-53-P2,478414.1,2037512.4,1.21,-30.96
32.63,22.4,SM-53-P2,478414.1,2037512.4,1.21,-31.42
33.08,28.3,SM-53-P2,478414.1,2037512.4,1.21,-31.87
33.41,32.5,SM-53-P2,478414.1,2037512.4,1.21,-32.2
33.64,12.8,SM-53-P2,478414.1,2037512.4,1.21,-32.43
33.98,24.2,SM-53-P2,478414.1,2037512.4,1.21,-32.77
34.31,22.7,SM-53-P2,478414.1,2037512.4,1.21,-33.1
34.54,21.9,SM-53-P2,478414.1,2037512.4,1.21,-33.33
34.72,30.7,SM-53-P2,478414.1,2037512.4,1.21,-33.51
34.88,31.9,SM-53-P2,478414.1,2037512.4,1.21,-33.67
35.03,33.5,SM-53-P2,478414.1,2037512.4,1.21,-33.82
35.16,25.6,SM-53-P2,478414.1,2037512.4,1.21,-33.95
35.27,24.4,SM-53-P2,478414.1,2037512.4,1.21,-34.06
35.38,25.5,SM-53-P2,478414.1,2037512.4,1.21,-34.17
35.49,26.7,SM-53-P2,478414.1,2037512.4,1.21,-34.28
35.78,28.1,SM-53-P2,478414.1,2037512.4,1.21,-34.57
36.23,28.3,SM-53-P2,478414.1,2037512.4,1.21,-35.02
36.67,26.8,SM-53-P2,478414.1,2037512.4,1.21,-35.46
37.13,28.2,SM-53-P2,478414.1,2037512.4,1.21,-35.92
37.46,30.7,SM-53-P2,478414.1,2037512.4,1.21,-36.25
37.69,27.4,SM-53-P2,478414.1,2037512.4,1.21,-36.48
37.91,31.2,SM-53-P2,478414.1,2037512.4,1.21,-36.7
38.14,29.9,SM-53-P2,478414.1,2037512.4,1.21,-36.93
38.36,32.1,SM-53-P2,478414.1,2037512.4,1.21,-37.15
38.59,18.8,SM-53-P2,478414.1,2037512.4,1.21,-37.38
38.92,20.7,SM-53-P2,478414.1,2037512.4,1.21,-37.71
39.38,20.7,SM-53-P2,478414.1,2037512.4,1.21,-38.17
39.83,24.8,SM-53-P2,478414.1,2037512.4,1.21,-38.62
40.16,25.9,SM-53-P2,478414.1,2037512.4,1.21,-38.95
40.39,27.2,SM-53-P2,478414.1,2037512.4,1.21,-39.18
40.73,27.6,SM-53-P2,478414.1,2037512.4,1.21,-39.52
41.18,27.2,SM-53-P2,478414.1,2037512.4,1.21,-39.97
41.51,26.6,SM-53-P2,478414.1,2037512.4,1.21,-40.3
41.74,15.6,SM-53-P2,478414.1,2037512.4,1.21,-40.53
41.96,21.1,SM-53-P2,478414.1,2037512.4,1.21,-40.75
42.19,24.4,SM-53-P2,478414.1,2037512.4,1.21,-40.98
42.41,12.6,SM-53-P2,478414.1,2037512.4,1.21,-41.2
42.64,27,SM-53-P2,478414.1,2037512.4,1.21,-41.43
42.86,27.5,SM-53-P2,478414.1,2037512.4,1.21,-41.65
43.09,15,SM-53-P2,478414.1,2037512.4,1.21,-41.88
43.43,16.2,SM-53-P2,478414.1,2037512.4,1.21,-42.22
43.88,15.5,SM-53-P2,478414.1,2037512.4,1.21,-42.67
44.33,16.8,SM-53-P2,478414.1,2037512.4,1.21,-43.12
44.78,15.1,SM-53-P2,478414.1,2037512.4,1.21,-43.57
45.23,17.9,SM-53-P2,478414.1,2037512.4,1.21,-44.02
45.68,17.2,SM-53-P2,478414.1,2037512.4,1.21,-44.47
45.97,23.8,SM-53-P2,478414.1,2037512.4,1.21,-44.76
46.13,24.3,SM-53-P2,478414.1,2037512.4,1.21,-44.92
46.28,18.5,SM-53-P2,478414.1,2037512.4,1.21,-45.07
46.58,21.6,SM-53-P2,478414.1,2037512.4,1.21,-45.37
47.03,19,SM-53-P2,478414.1,2037512.4,1.21,-45.82
47.36,13.1,SM-53-P2,478414.1,2037512.4,1.21,-46.15
47.59,27.2,SM-53-P2,478414.1,2037512.4,1.21,-46.38
47.93,26.7,SM-53-P2,478414.1,2037512.4,1.21,-46.72
48.26,27.5,SM-53-P2,478414.1,2037512.4,1.21,-47.05
48.49,17.9,SM-53-P2,478414.1,2037512.4,1.21,-47.28
48.83,16.3,SM-53-P2,478414.1,2037512.4,1.21,-47.62
49.28,15.9,SM-53-P2,478414.1,2037512.4,1.21,-48.07
49.73,16.8,SM-53-P2,478414.1,2037512.4,1.21,-48.52
50.18,20.4,SM-53-P2,478414.1,2037512.4,1.21,-48.97
50.63,15.2,SM-53-P2,478414.1,2037512.4,1.21,-49.42
51.08,15.1,SM-53-P2,478414.1,2037512.4,1.21,-49.87
51.53,14.6,SM-53-P2,478414.1,2037512.4,1.21,-50.32
51.98,13.5,SM-53-P2,478414.1,2037512.4,1.21,-50.77
52.28,11.5,SM-53-P2,478414.1,2037512.4,1.21,-51.07
52.43,24.1,SM-53-P2,478414.1,2037512.4,1.21,-51.22
52.58,19.7,SM-53-P2,478414.1,2037512.4,1.21,-51.37
52.72,23.5,SM-53-P2,478414.1,2037512.4,1.21,-51.51
52.88,26.5,SM-53-P2,478414.1,2037512.4,1.21,-51.67
53.03,21.1,SM-53-P2,478414.1,2037512.4,1.21,-51.82
53.3,17.8,SM-53-P2,478414.1,2037512.4,1.21,-52.09
53.67,15.3,SM-53-P2,478414.1,2037512.4,1.21,-52.46
54.23,15.9,SM-53-P2,478414.1,2037512.4,1.21,-53.02
54.56,12.8,SM-53-P2,478414.1,2037512.4,1.21,-53.35
54.79,19.2,SM-53-P2,478414.1,2037512.4,1.21,-53.58
55.13,23.5,SM-53-P2,478414.1,2037512.4,1.21,-53.92
55.46,15.1,SM-53-P2,478414.1,2037512.4,1.21,-54.25
55.69,25.3,SM-53-P2,478414.1,2037512.4,1.21,-54.48
56.03,21,SM-53-P2,478414.1,2037512.4,1.21,-54.82
56.36,25.7,SM-53-P2,478414.1,2037512.4,1.21,-55.15
56.59,17.4,SM-53-P2,478414.1,2037512.4,1.21,-55.38
56.81,16.5,SM-53-P2,478414.1,2037512.4,1.21,-55.6
57.04,17.5,SM-53-P2,478414.1,2037512.4,1.21,-55.83
57.38,16.7,SM-53-P2,478414.1,2037512.4,1.21,-56.17
57.83,13.6,SM-53-P2,478414.1,2037512.4,1.21,-56.62
58.28,12.25,SM-53-P2,478414.1,2037512.4,1.21,-57.07
58.73,11.3,SM-53-P2,478414.1,2037512.4,1.21,-57.52
59.18,14.1,SM-53-P2,478414.1,2037512.4,1.21,-57.97
59.63,14,SM-53-P2,478414.1,2037512.4,1.21,-58.42
59.96,17.2,SM-53-P2,478414.1,2037512.4,1.21,-58.75
60.19,9.8,SM-53-P2,478414.1,2037512.4,1.21,-58.98
60.53,11.2,SM-53-P2,478414.1,2037512.4,1.21,-59.32
0.23,24.6,SM-14-P2,479685.63,2037378.89,1.14,0.91
0.56,67.8,SM-14-P2,479685.63,2037378.89,1.14,0.58
0.79,26.2,SM-14-P2,479685.63,2037378.89,1.14,0.35
1.13,24,SM-14-P2,479685.63,2037378.89,1.14,0.01
1.58,21.5,SM-14-P2,479685.63,2037378.89,1.14,-0.44
2.03,21.4,SM-14-P2,479685.63,2037378.89,1.14,-0.89
2.48,23.2,SM-14-P2,479685.63,2037378.89,1.14,-1.34
2.93,22.7,SM-14-P2,479685.63,2037378.89,1.14,-1.79
3.38,20.9,SM-14-P2,479685.63,2037378.89,1.14,-2.24
3.83,22.4,SM-14-P2,479685.63,2037378.89,1.14,-2.69
4.28,21.3,SM-14-P2,479685.63,2037378.89,1.14,-3.14
4.72,22.2,SM-14-P2,479685.63,2037378.89,1.14,-3.58
5.18,17,SM-14-P2,479685.63,2037378.89,1.14,-4.04
5.63,15.8,SM-14-P2,479685.63,2037378.89,1.14,-4.49
6.07,16.9,SM-14-P2,479685.63,2037378.89,1.14,-4.93
6.53,21.7,SM-14-P2,479685.63,2037378.89,1.14,-5.39
6.86,20.3,SM-14-P2,479685.63,2037378.89,1.14,-5.72
7.09,47.2,SM-14-P2,479685.63,2037378.89,1.14,-5.95
7.43,45,SM-14-P2,479685.63,2037378.89,1.14,-6.29
7.88,47.7,SM-14-P2,479685.63,2037378.89,1.14,-6.74
8.32,45.8,SM-14-P2,479685.63,2037378.89,1.14,-7.18
8.78,41.1,SM-14-P2,479685.63,2037378.89,1.14,-7.64
9.23,45.5,SM-14-P2,479685.63,2037378.89,1.14,-8.09
9.52,48.8,SM-14-P2,479685.63,2037378.89,1.14,-8.38
9.68,29.8,SM-14-P2,479685.63,2037378.89,1.14,-8.54
9.82,29.1,SM-14-P2,479685.63,2037378.89,1.14,-8.68
10.13,36.4,SM-14-P2,479685.63,2037378.89,1.14,-8.99
10.58,43.8,SM-14-P2,479685.63,2037378.89,1.14,-9.44
11.03,46,SM-14-P2,479685.63,2037378.89,1.14,-9.89
11.48,51.7,SM-14-P2,479685.63,2037378.89,1.14,-10.34
11.81,47.8,SM-14-P2,479685.63,2037378.89,1.14,-10.67
12.04,63.8,SM-14-P2,479685.63,2037378.89,1.14,-10.9
12.38,44.1,SM-14-P2,479685.63,2037378.89,1.14,-11.24
12.83,45.7,SM-14-P2,479685.63,2037378.89,1.14,-11.69
13.28,51.8,SM-14-P2,479685.63,2037378.89,1.14,-12.14
13.61,52.1,SM-14-P2,479685.63,2037378.89,1.14,-12.47
13.84,53.7,SM-14-P2,479685.63,2037378.89,1.14,-12.7
14.18,40.8,SM-14-P2,479685.63,2037378.89,1.14,-13.04
14.51,40.7,SM-14-P2,479685.63,2037378.89,1.14,-13.37
14.74,131.5,SM-14-P2,479685.63,2037378.89,1.14,-13.6
14.96,59.6,SM-14-P2,479685.63,2037378.89,1.14,-13.82
15.19,18,SM-14-P2,479685.63,2037378.89,1.14,-14.05
15.53,16.2,SM-14-P2,479685.63,2037378.89,1.14,-14.39
15.98,20,SM-14-P2,479685.63,2037378.89,1.14,-14.84
16.27,22.9,SM-14-P2,479685.63,2037378.89,1.14,-15.13
16.43,22.1,SM-14-P2,479685.63,2037378.89,1.14,-15.29
16.58,21.3,SM-14-P2,479685.63,2037378.89,1.14,-15.44
16.88,23.7,SM-14-P2,479685.63,2037378.89,1.14,-15.74
17.33,23.9,SM-14-P2,479685.63,2037378.89,1.14,-16.19
17.77,24.6,SM-14-P2,479685.63,2037378.89,1.14,-16.63
18.23,26.3,SM-14-P2,479685.63,2037378.89,1.14,-17.09
18.67,21.1,SM-14-P2,479685.63,2037378.89,1.14,-17.53
19.13,23.4,SM-14-P2,479685.63,2037378.89,1.14,-17.99
19.58,21.9,SM-14-P2,479685.63,2037378.89,1.14,-18.44
19.91,21.5,SM-14-P2,479685.63,2037378.89,1.14,-18.77
20.14,22.4,SM-14-P2,479685.63,2037378.89,1.14,-19
20.48,95.2,SM-14-P2,479685.63,2037378.89,1.14,-19.34
20.92,26,SM-14-P2,479685.63,2037378.89,1.14,-19.78
21.26,27,SM-14-P2,479685.63,2037378.89,1.14,-20.12
21.49,30.2,SM-14-P2,479685.63,2037378.89,1.14,-20.35
21.83,25,SM-14-P2,479685.63,2037378.89,1.14,-20.69
22.28,26.5,SM-14-P2,479685.63,2037378.89,1.14,-21.14
22.58,21.6,SM-14-P2,479685.63,2037378.89,1.14,-21.44
22.73,37.2,SM-14-P2,479685.63,2037378.89,1.14,-21.59
22.88,22,SM-14-P2,479685.63,2037378.89,1.14,-21.74
23.03,21,SM-14-P2,479685.63,2037378.89,1.14,-21.89
23.18,33.3,SM-14-P2,479685.63,2037378.89,1.14,-22.04
23.33,33.3,SM-14-P2,479685.63,2037378.89,1.14,-22.19
23.63,37.2,SM-14-P2,479685.63,2037378.89,1.14,-22.49
24.08,36.2,SM-14-P2,479685.63,2037378.89,1.14,-22.94
24.53,37.4,SM-14-P2,479685.63,2037378.89,1.14,-23.39
24.98,33,SM-14-P2,479685.63,2037378.89,1.14,-23.84
25.42,36.3,SM-14-P2,479685.63,2037378.89,1.14,-24.28
25.88,36.3,SM-14-P2,479685.63,2037378.89,1.14,-24.74
26.33,37.9,SM-14-P2,479685.63,2037378.89,1.14,-25.19
26.78,34.9,SM-14-P2,479685.63,2037378.89,1.14,-25.64
27.23,32.4,SM-14-P2,479685.63,2037378.89,1.14,-26.09
27.67,31.4,SM-14-P2,479685.63,2037378.89,1.14,-26.53
28.01,26.9,SM-14-P2,479685.63,2037378.89,1.14,-26.87
28.24,26.7,SM-14-P2,479685.63,2037378.89,1.14,-27.1
28.58,28.2,SM-14-P2,479685.63,2037378.89,1.14,-27.44
29.03,24.9,SM-14-P2,479685.63,2037378.89,1.14,-27.89
29.48,27.2,SM-14-P2,479685.63,2037378.89,1.14,-28.34
29.92,30.7,SM-14-P2,479685.63,2037378.89,1.14,-28.78
30.38,27.2,SM-14-P2,479685.63,2037378.89,1.14,-29.24
30.83,27.9,SM-14-P2,479685.63,2037378.89,1.14,-29.69
31.28,28.5,SM-14-P2,479685.63,2037378.89,1.14,-30.14
31.61,29.9,SM-14-P2,479685.63,2037378.89,1.14,-30.47
31.84,25,SM-14-P2,479685.63,2037378.89,1.14,-30.7
32.17,25.5,SM-14-P2,479685.63,2037378.89,1.14,-31.03
32.51,21.7,SM-14-P2,479685.63,2037378.89,1.14,-31.37
32.74,25.7,SM-14-P2,479685.63,2037378.89,1.14,-31.6
33.08,22.8,SM-14-P2,479685.63,2037378.89,1.14,-31.94
33.41,31.6,SM-14-P2,479685.63,2037378.89,1.14,-32.27
33.64,24.8,SM-14-P2,479685.63,2037378.89,1.14,-32.5
33.86,30.8,SM-14-P2,479685.63,2037378.89,1.14,-32.72
34.09,26.5,SM-14-P2,479685.63,2037378.89,1.14,-32.95
34.42,27.9,SM-14-P2,479685.63,2037378.89,1.14,-33.28
34.88,26.3,SM-14-P2,479685.63,2037378.89,1.14,-33.74
35.21,28,SM-14-P2,479685.63,2037378.89,1.14,-34.07
35.44,25.1,SM-14-P2,479685.63,2037378.89,1.14,-34.3
35.78,27.3,SM-14-P2,479685.63,2037378.89,1.14,-34.64
36.23,30.8,SM-14-P2,479685.63,2037378.89,1.14,-35.09
36.56,30.1,SM-14-P2,479685.63,2037378.89,1.14,-35.42
36.79,19.5,SM-14-P2,479685.63,2037378.89,1.14,-35.65
37.01,21.7,SM-14-P2,479685.63,2037378.89,1.14,-35.87
37.24,20.3,SM-14-P2,479685.63,2037378.89,1.14,-36.1
37.46,20.4,SM-14-P2,479685.63,2037378.89,1.14,-36.32
37.69,29.3,SM-14-P2,479685.63,2037378.89,1.14,-36.55
38.03,23.3,SM-14-P2,479685.63,2037378.89,1.14,-36.89
38.36,25,SM-14-P2,479685.63,2037378.89,1.14,-37.22
38.59,28.9,SM-14-P2,479685.63,2037378.89,1.14,-37.45
38.81,22.4,SM-14-P2,479685.63,2037378.89,1.14,-37.67
39.04,36,SM-14-P2,479685.63,2037378.89,1.14,-37.9
39.38,28,SM-14-P2,479685.63,2037378.89,1.14,-38.24
39.83,24.7,SM-14-P2,479685.63,2037378.89,1.14,-38.69
40.16,23.4,SM-14-P2,479685.63,2037378.89,1.14,-39.02
40.39,25.5,SM-14-P2,479685.63,2037378.89,1.14,-39.25
40.61,25.2,SM-14-P2,479685.63,2037378.89,1.14,-39.47
40.84,31.8,SM-14-P2,479685.63,2037378.89,1.14,-39.7
41.06,27.2,SM-14-P2,479685.63,2037378.89,1.14,-39.92
41.29,31.3,SM-14-P2,479685.63,2037378.89,1.14,-40.15
41.51,26.2,SM-14-P2,479685.63,2037378.89,1.14,-40.37
41.74,18.9,SM-14-P2,479685.63,2037378.89,1.14,-40.6
41.96,27.5,SM-14-P2,479685.63,2037378.89,1.14,-40.82
42.19,23.6,SM-14-P2,479685.63,2037378.89,1.14,-41.05
42.35,26,SM-14-P2,479685.63,2037378.89,1.14,-41.21
42.44,30.3,SM-14-P2,479685.63,2037378.89,1.14,-41.3
42.53,30.9,SM-14-P2,479685.63,2037378.89,1.14,-41.39
42.61,30.3,SM-14-P2,479685.63,2037378.89,1.14,-41.47
42.71,26.8,SM-14-P2,479685.63,2037378.89,1.14,-41.57
42.81,24.6,SM-14-P2,479685.63,2037378.89,1.14,-41.67
42.92,30.2,SM-14-P2,479685.63,2037378.89,1.14,-41.78
43.03,25.7,SM-14-P2,479685.63,2037378.89,1.14,-41.89
43.14,26.7,SM-14-P2,479685.63,2037378.89,1.14,-42
43.43,28.1,SM-14-P2,479685.63,2037378.89,1.14,-42.29
43.76,30.3,SM-14-P2,479685.63,2037378.89,1.14,-42.62
43.99,32.1,SM-14-P2,479685.63,2037378.89,1.14,-42.85
44.21,31.5,SM-14-P2,479685.63,2037378.89,1.14,-43.07
44.44,31.7,SM-14-P2,479685.63,2037378.89,1.14,-43.3
44.63,37.3,SM-14-P2,479685.63,2037378.89,1.14,-43.49
44.78,27.7,SM-14-P2,479685.63,2037378.89,1.14,-43.64
44.93,25.8,SM-14-P2,479685.63,2037378.89,1.14,-43.79
45.11,25.5,SM-14-P2,479685.63,2037378.89,1.14,-43.97
45.34,26.6,SM-14-P2,479685.63,2037378.89,1.14,-44.2
45.56,31.4,SM-14-P2,479685.63,2037378.89,1.14,-44.42
45.79,15,SM-14-P2,479685.63,2037378.89,1.14,-44.65
46.13,16.6,SM-14-P2,479685.63,2037378.89,1.14,-44.99
46.4,17.7,SM-14-P2,479685.63,2037378.89,1.14,-45.26
46.49,16.4,SM-14-P2,479685.63,2037378.89,1.14,-45.35
46.58,17.3,SM-14-P2,479685.63,2037378.89,1.14,-45.44
46.67,16.4,SM-14-P2,479685.63,2037378.89,1.14,-45.53
46.76,17.2,SM-14-P2,479685.63,2037378.89,1.14,-45.62
46.88,17.6,SM-14-P2,479685.63,2037378.89,1.14,-45.74
47.03,17.8,SM-14-P2,479685.63,2037378.89,1.14,-45.89
47.18,16.4,SM-14-P2,479685.63,2037378.89,1.14,-46.04
47.36,18.4,SM-14-P2,479685.63,2037378.89,1.14,-46.22
47.59,17.7,SM-14-P2,479685.63,2037378.89,1.14,-46.45
47.93,18.9,SM-14-P2,479685.63,2037378.89,1.14,-46.79
48.38,20.2,SM-14-P2,479685.63,2037378.89,1.14,-47.24
48.83,19.8,SM-14-P2,479685.63,2037378.89,1.14,-47.69
49.16,15.9,SM-14-P2,479685.63,2037378.89,1.14,-48.02
49.39,13.9,SM-14-P2,479685.63,2037378.89,1.14,-48.25
49.73,11.4,SM-14-P2,479685.63,2037378.89,1.14,-48.59
50.18,15.6,SM-14-P2,479685.63,2037378.89,1.14,-49.04
50.47,10,SM-14-P2,479685.63,2037378.89,1.14,-49.33
50.63,9,SM-14-P2,479685.63,2037378.89,1.14,-49.49
50.78,8.6,SM-14-P2,479685.63,2037378.89,1.14,-49.64
51.08,11.3,SM-14-P2,479685.63,2037378.89,1.14,-49.94
51.41,9.3,SM-14-P2,479685.63,2037378.89,1.14,-50.27
51.64,7.2,SM-14-P2,479685.63,2037378.89,1.14,-50.5
51.98,21.2,SM-14-P2,479685.63,2037378.89,1.14,-50.84
52.43,19.1,SM-14-P2,479685.63,2037378.89,1.14,-51.29
52.88,22.4,SM-14-P2,479685.63,2037378.89,1.14,-51.74
53.33,18.3,SM-14-P2,479685.63,2037378.89,1.14,-52.19
53.78,15.7,SM-14-P2,479685.63,2037378.89,1.14,-52.64
54.23,23.6,SM-14-P2,479685.63,2037378.89,1.14,-53.09
54.56,22.2,SM-14-P2,479685.63,2037378.89,1.14,-53.42
54.79,21.4,SM-14-P2,479685.63,2037378.89,1.14,-53.65
55.13,21.2,SM-14-P2,479685.63,2037378.89,1.14,-53.99
55.43,29.1,SM-14-P2,479685.63,2037378.89,1.14,-54.29
55.58,27.7,SM-14-P2,479685.63,2037378.89,1.14,-54.44
55.72,55,SM-14-P2,479685.63,2037378.89,1.14,-54.58
55.91,3,SM-14-P2,479685.63,2037378.89,1.14,-54.77
56.14,21.8,SM-14-P2,479685.63,2037378.89,1.14,-55
56.48,25.8,SM-14-P2,479685.63,2037378.89,1.14,-55.34
56.93,25,SM-14-P2,479685.63,2037378.89,1.14,-55.79
57.22,30.3,SM-14-P2,479685.63,2037378.89,1.14,-56.08
57.38,26.5,SM-14-P2,479685.63,2037378.89,1.14,-56.24
57.53,28.5,SM-14-P2,479685.63,2037378.89,1.14,-56.39
57.83,22.2,SM-14-P2,479685.63,2037378.89,1.14,-56.69
58.28,29.2,SM-14-P2,479685.63,2037378.89,1.14,-57.14
58.73,27.6,SM-14-P2,479685.63,2037378.89,1.14,-57.59
59.01,27.5,SM-14-P2,479685.63,2037378.89,1.14,-57.87
59.12,29.4,SM-14-P2,479685.63,2037378.89,1.14,-57.98
59.23,26.4,SM-14-P2,479685.63,2037378.89,1.14,-58.09
59.34,24.3,SM-14-P2,479685.63,2037378.89,1.14,-58.2
59.51,31.3,SM-14-P2,479685.63,2037378.89,1.14,-58.37
59.74,26.8,SM-14-P2,479685.63,2037378.89,1.14,-58.6
59.96,29.4,SM-14-P2,479685.63,2037378.89,1.14,-58.82
60.19,27.1,SM-14-P2,479685.63,2037378.89,1.14,-59.05
60.53,29.7,SM-14-P2,479685.63,2037378.89,1.14,-59.39
60.86,21.4,SM-14-P2,479685.63,2037378.89,1.14,-59.72
61.09,15.5,SM-14-P2,479685.63,2037378.89,1.14,-59.95
61.43,22.7,SM-14-P2,479685.63,2037378.89,1.14,-60.29
61.88,36.4,SM-14-P2,479685.63,2037378.89,1.14,-60.74
62.33,33.1,SM-14-P2,479685.63,2037378.89,1.14,-61.19
62.78,40.8,SM-14-P2,479685.63,2037378.89,1.14,-61.64
63.23,26.3,SM-14-P2,479685.63,2037378.89,1.14,-62.09
63.68,119.4,SM-14-P2,479685.63,2037378.89,1.14,-62.54
64.13,46,SM-14-P2,479685.63,2037378.89,1.14,-62.99
64.57,45.4,SM-14-P2,479685.63,2037378.89,1.14,-63.43
65.03,44.9,SM-14-P2,479685.63,2037378.89,1.14,-63.89
65.47,30.2,SM-14-P2,479685.63,2037378.89,1.14,-64.33
65.93,26.4,SM-14-P2,479685.63,2037378.89,1.14,-64.79
66.38,23,SM-14-P2,479685.63,2037378.89,1.14,-65.24
66.82,26,SM-14-P2,479685.63,2037378.89,1.14,-65.68
67.28,25.8,SM-14-P2,479685.63,2037378.89,1.14,-66.14
67.72,26.5,SM-14-P2,479685.63,2037378.89,1.14,-66.58
68.18,26.5,SM-14-P2,479685.63,2037378.89,1.14,-67.04
68.63,21.7,SM-14-P2,479685.63,2037378.89,1.14,-67.49
69.07,23.5,SM-14-P2,479685.63,2037378.89,1.14,-67.93
69.53,22.1,SM-14-P2,479685.63,2037378.89,1.14,-68.39
69.86,13.6,SM-14-P2,479685.63,2037378.89,1.14,-68.72
70.09,13,SM-14-P2,479685.63,2037378.89,1.14,-68.95
70.43,16.2,SM-14-P2,479685.63,2037378.89,1.14,-69.29
70.72,13.3,SM-14-P2,479685.63,2037378.89,1.14,-69.58
70.88,13.3,SM-14-P2,479685.63,2037378.89,1.14,-69.74
71.03,12.8,SM-14-P2,479685.63,2037378.89,1.14,-69.89
71.32,14.7,SM-14-P2,479685.63,2037378.89,1.14,-70.18
71.78,24.3,SM-14-P2,479685.63,2037378.89,1.14,-70.64
72.11,24.1,SM-14-P2,479685.63,2037378.89,1.14,-70.97
72.34,24.2,SM-14-P2,479685.63,2037378.89,1.14,-71.2
72.68,25.8,SM-14-P2,479685.63,2037378.89,1.14,-71.54
73.13,25.7,SM-14-P2,479685.63,2037378.89,1.14,-71.99
73.46,26.7,SM-14-P2,479685.63,2037378.89,1.14,-72.32
73.69,25.8,SM-14-P2,479685.63,2037378.89,1.14,-72.55
73.91,28.6,SM-14-P2,479685.63,2037378.89,1.14,-72.77
74.14,43.6,SM-14-P2,479685.63,2037378.89,1.14,-73
74.47,29,SM-14-P2,479685.63,2037378.89,1.14,-73.33
74.93,25.7,SM-14-P2,479685.63,2037378.89,1.14,-73.79
75.26,25.8,SM-14-P2,479685.63,2037378.89,1.14,-74.12
75.49,29.4,SM-14-P2,479685.63,2037378.89,1.14,-74.35
75.82,21.8,SM-14-P2,479685.63,2037378.89,1.14,-74.68
76.13,25.3,SM-14-P2,479685.63,2037378.89,1.14,-74.99
76.28,26.3,SM-14-P2,479685.63,2037378.89,1.14,-75.14
76.43,13.1,SM-14-P2,479685.63,2037378.89,1.14,-75.29
76.61,26.2,SM-14-P2,479685.63,2037378.89,1.14,-75.47
76.84,24.8,SM-14-P2,479685.63,2037378.89,1.14,-75.7
77.06,18.9,SM-14-P2,479685.63,2037378.89,1.14,-75.92
77.29,15.5,SM-14-P2,479685.63,2037378.89,1.14,-76.15
77.51,25.2,SM-14-P2,479685.63,2037378.89,1.14,-76.37
77.74,15,SM-14-P2,479685.63,2037378.89,1.14,-76.6
78.07,27.5,SM-14-P2,479685.63,2037378.89,1.14,-76.93
78.53,18.6,SM-14-P2,479685.63,2037378.89,1.14,-77.39
78.97,25.7,SM-14-P2,479685.63,2037378.89,1.14,-77.83
79.31,21.8,SM-14-P2,479685.63,2037378.89,1.14,-78.17
79.54,13.5,SM-14-P2,479685.63,2037378.89,1.14,-78.4
79.76,29.2,SM-14-P2,479685.63,2037378.89,1.14,-78.62
79.99,15.8,SM-14-P2,479685.63,2037378.89,1.14,-78.85
80.32,22.2,SM-14-P2,479685.63,2037378.89,1.14,-79.18
80.78,19.6,SM-14-P2,479685.63,2037378.89,1.14,-79.64
81.11,24.5,SM-14-P2,479685.63,2037378.89,1.14,-79.97
81.34,21.6,SM-14-P2,479685.63,2037378.89,1.14,-80.2
81.68,23.9,SM-14-P2,479685.63,2037378.89,1.14,-80.54
82.13,30.3,SM-14-P2,479685.63,2037378.89,1.14,-80.99
82.46,24.7,SM-14-P2,479685.63,2037378.89,1.14,-81.32
82.69,16.5,SM-14-P2,479685.63,2037378.89,1.14,-81.55
83.03,21.5,SM-14-P2,479685.63,2037378.89,1.14,-81.89
83.48,21.6,SM-14-P2,479685.63,2037378.89,1.14,-82.34
83.78,26.6,SM-14-P2,479685.63,2037378.89,1.14,-82.64
83.93,23.7,SM-14-P2,479685.63,2037378.89,1.14,-82.79
84.08,18.9,SM-14-P2,479685.63,2037378.89,1.14,-82.94
84.26,26.8,SM-14-P2,479685.63,2037378.89,1.14,-83.12
84.49,15.8,SM-14-P2,479685.63,2037378.89,1.14,-83.35
84.66,23.1,SM-14-P2,479685.63,2037378.89,1.14,-83.52
84.77,38.4,SM-14-P2,479685.63,2037378.89,1.14,-83.63
84.88,25.2,SM-14-P2,479685.63,2037378.89,1.14,-83.74
84.99,15.1,SM-14-P2,479685.63,2037378.89,1.14,-83.85
0.11,15,SM-28 P2,,,,-0.11
0.34,15.8,SM-28 P2,,,,-0.34
0.68,28,SM-28 P2,,,,-0.68
1.01,29.5,SM-28 P2,,,,-1.01
1.24,13.1,SM-28 P2,,,,-1.24
1.58,24.2,SM-28 P2,,,,-1.58
2.03,24.6,SM-28 P2,,,,-2.03
2.48,20.6,SM-28 P2,,,,-2.48
2.93,19.8,SM-28 P2,,,,-2.93
3.38,20.1,SM-28 P2,,,,-3.38
3.83,22.5,SM-28 P2,,,,-3.83
4.28,25.2,SM-28 P2,,,,-4.28
4.72,22.7,SM-28 P2,,,,-4.72
5.18,23.8,SM-28 P2,,,,-5.18
5.63,19.4,SM-28 P2,,,,-5.63
6.07,17.8,SM-28 P2,,,,-6.07
6.53,20.1,SM-28 P2,,,,-6.53
6.98,17,SM-28 P2,,,,-6.98
7.43,20.1,SM-28 P2,,,,-7.43
7.88,24.5,SM-28 P2,,,,-7.88
8.32,22.5,SM-28 P2,,,,-8.32
8.78,21.4,SM-28 P2,,,,-8.78
9.23,20.9,SM-28 P2,,,,-9.23
9.68,23,SM-28 P2,,,,-9.68
10.13,21.5,SM-28 P2,,,,-10.13
10.58,22.6,SM-28 P2,,,,-10.58
11.03,17.3,SM-28 P2,,,,-11.03
11.48,45.9,SM-28 P2,,,,-11.48
11.93,60.7,SM-28 P2,,,,-11.93
12.38,66.3,SM-28 P2,,,,-12.38
12.83,47.8,SM-28 P2,,,,-12.83
13.28,45.1,SM-28 P2,,,,-13.28
14.18,49.7,SM-28 P2,,,,-14.18
14.51,30.9,SM-28 P2,,,,-14.51
14.74,80.5,SM-28 P2,,,,-14.74
15.08,84.9,SM-28 P2,,,,-15.08
15.41,82,SM-28 P2,,,,-15.41
15.64,16.8,SM-28 P2,,,,-15.64
15.98,13.9,SM-28 P2,,,,-15.98
16.42,17.1,SM-28 P2,,,,-16.42
16.88,23.8,SM-28 P2,,,,-16.88
17.33,22.6,SM-28 P2,,,,-17.33
17.77,21.3,SM-28 P2,,,,-17.77
18.23,24.9,SM-28 P2,,,,-18.23
18.67,24.3,SM-28 P2,,,,-18.67
19.13,24.4,SM-28 P2,,,,-19.13
19.58,22.7,SM-28 P2,,,,-19.58
20.02,25.4,SM-28 P2,,,,-20.02
20.36,24.3,SM-28 P2,,,,-20.36
20.59,22.8,SM-28 P2,,,,-20.59
20.92,24.5,SM-28 P2,,,,-20.92
21.26,23.3,SM-28 P2,,,,-21.26
21.49,17.1,SM-28 P2,,,,-21.49
21.83,23.9,SM-28 P2,,,,-21.83
22.28,25.6,SM-28 P2,,,,-22.28
22.73,25.4,SM-28 P2,,,,-22.73
23.03,22.5,SM-28 P2,,,,-23.03
23.18,25.9,SM-28 P2,,,,-23.18
23.33,11.9,SM-28 P2,,,,-23.33
23.63,25.7,SM-28 P2,,,,-23.63
24.08,28.2,SM-28 P2,,,,-24.08
24.53,24.1,SM-28 P2,,,,-24.53
24.86,27,SM-28 P2,,,,-24.86
25.09,30.5,SM-28 P2,,,,-25.09
25.42,28.5,SM-28 P2,,,,-25.42
25.88,27.1,SM-28 P2,,,,-25.88
26.33,27.6,SM-28 P2,,,,-26.33
26.78,25.6,SM-28 P2,,,,-26.78
27.23,30.3,SM-28 P2,,,,-27.23
27.67,26.4,SM-28 P2,,,,-27.67
28.13,23.6,SM-28 P2,,,,-28.13
28.58,23.4,SM-28 P2,,,,-28.58
29.03,25.1,SM-28 P2,,,,-29.03
29.36,24.1,SM-28 P2,,,,-29.36
29.59,24.2,SM-28 P2,,,,-29.59
29.92,22.8,SM-28 P2,,,,-29.92
30.38,25.7,SM-28 P2,,,,-30.38
30.83,29.2,SM-28 P2,,,,-30.83
31.16,31.1,SM-28 P2,,,,-31.16
31.39,30.7,SM-28 P2,,,,-31.39
31.73,28,SM-28 P2,,,,-31.73
32.17,28.8,SM-28 P2,,,,-32.17
32.47,29.8,SM-28 P2,,,,-32.47
32.63,24.4,SM-28 P2,,,,-32.63
32.78,24.1,SM-28 P2,,,,-32.78
32.92,22.7,SM-28 P2,,,,-32.92
33.08,23,SM-28 P2,,,,-33.08
33.22,22,SM-28 P2,,,,-33.22
33.41,26,SM-28 P2,,,,-33.41
33.64,25.4,SM-28 P2,,,,-33.64
33.98,24.7,SM-28 P2,,,,-33.98
34.42,26.9,SM-28 P2,,,,-34.42
34.76,30.1,SM-28 P2,,,,-34.76
34.99,24.6,SM-28 P2,,,,-34.99
35.33,26.3,SM-28 P2,,,,-35.33
35.78,22.2,SM-28 P2,,,,-35.78
36.11,25.4,SM-28 P2,,,,-36.11
36.34,18.3,SM-28 P2,,,,-36.34
36.53,24,SM-28 P2,,,,-36.53
36.67,30.2,SM-28 P2,,,,-36.67
36.83,32.1,SM-28 P2,,,,-36.83
37.13,32.4,SM-28 P2,,,,-37.13
37.58,30.6,SM-28 P2,,,,-37.58
37.91,30.3,SM-28 P2,,,,-37.91
38.14,17,SM-28 P2,,,,-38.14
38.48,16.5,SM-28 P2,,,,-38.48
38.81,19.9,SM-28 P2,,,,-38.81
39.04,17.2,SM-28 P2,,,,-39.04
39.26,20.9,SM-28 P2,,,,-39.26
39.49,25.1,SM-28 P2,,,,-39.49
39.71,31.4,SM-28 P2,,,,-39.71
39.94,17.2,SM-28 P2,,,,-39.94
40.28,24.4,SM-28 P2,,,,-40.28
40.73,20.9,SM-28 P2,,,,-40.73
41.18,27.4,SM-28 P2,,,,-41.18
41.63,26.7,SM-28 P2,,,,-41.63
42.08,26.1,SM-28 P2,,,,-42.08
42.53,28.4,SM-28 P2,,,,-42.53
42.98,19.6,SM-28 P2,,,,-42.98
43.43,16.1,SM-28 P2,,,,-43.43
43.88,16.5,SM-28 P2,,,,-43.88
44.33,15.9,SM-28 P2,,,,-44.33
44.78,13.8,SM-28 P2,,,,-44.78
45.14,15.8,SM-28 P2,,,,-45.14
45.56,23.8,SM-28 P2,,,,-45.56
45.79,28.1,SM-28 P2,,,,-45.79
46.13,31.8,SM-28 P2,,,,-46.13
46.58,19.3,SM-28 P2,,,,-46.58
47.03,16,SM-28 P2,,,,-47.03
47.36,19.1,SM-28 P2,,,,-47.36
47.59,13,SM-28 P2,,,,-47.59
47.81,15.5,SM-28 P2,,,,-47.81
48.04,27.7,SM-28 P2,,,,-48.04
48.38,32.5,SM-28 P2,,,,-48.38
48.83,32.7,SM-28 P2,,,,-48.83
49.16,30.3,SM-28 P2,,,,-49.16
49.39,25.9,SM-28 P2,,,,-49.39
49.73,12.6,SM-28 P2,,,,-49.73
50.03,25.1,SM-28 P2,,,,-50.03
50.18,28.4,SM-28 P2,,,,-50.18
50.33,23.9,SM-28 P2,,,,-50.33
,141,SM-28 P2,,,,0
0.11,29.1,SM-01-B1,480286.37,2036030.34,1.32,1.21
0.34,17,SM-01-B1,480286.37,2036030.34,1.32,0.98
0.68,24.6,SM-01-B1,480286.37,2036030.34,1.32,0.64
1.13,18.4,SM-01-B1,480286.37,2036030.34,1.32,0.19
1.58,19.9,SM-01-B1,480286.37,2036030.34,1.32,-0.26
2.03,17.8,SM-01-B1,480286.37,2036030.34,1.32,-0.71
2.48,22.7,SM-01-B1,480286.37,2036030.34,1.32,-1.16
2.93,19,SM-01-B1,480286.37,2036030.34,1.32,-1.61
3.38,18.6,SM-01-B1,480286.37,2036030.34,1.32,-2.06
3.83,25.3,SM-01-B1,480286.37,2036030.34,1.32,-2.51
4.28,24.2,SM-01-B1,480286.37,2036030.34,1.32,-2.96
4.72,22.6,SM-01-B1,480286.37,2036030.34,1.32,-3.4
5.18,20.1,SM-01-B1,480286.37,2036030.34,1.32,-3.86
5.63,19.1,SM-01-B1,480286.37,2036030.34,1.32,-4.31
6.07,16.9,SM-01-B1,480286.37,2036030.34,1.32,-4.75
6.53,18,SM-01-B1,480286.37,2036030.34,1.32,-5.21
6.98,22.4,SM-01-B1,480286.37,2036030.34,1.32,-5.66
7.43,19.9,SM-01-B1,480286.37,2036030.34,1.32,-6.11
7.88,23.4,SM-01-B1,480286.37,2036030.34,1.32,-6.56
8.32,21.4,SM-01-B1,480286.37,2036030.34,1.32,-7
8.78,18.1,SM-01-B1,480286.37,2036030.34,1.32,-7.46
9.68,18.9,SM-01-B1,480286.37,2036030.34,1.32,-8.36
10.13,20,SM-01-B1,480286.37,2036030.34,1.32,-8.81
10.58,20.1,SM-01-B1,480286.37,2036030.34,1.32,-9.26
11.03,19.2,SM-01-B1,480286.37,2036030.34,1.32,-9.71
11.48,17.6,SM-01-B1,480286.37,2036030.34,1.32,-10.16
11.93,59.2,SM-01-B1,480286.37,2036030.34,1.32,-10.61
12.38,49.8,SM-01-B1,480286.37,2036030.34,1.32,-11.06
12.83,61.5,SM-01-B1,480286.37,2036030.34,1.32,-11.51
13.13,25.2,SM-01-B1,480286.37,2036030.34,1.32,-11.81
13.27,16.6,SM-01-B1,480286.37,2036030.34,1.32,-11.95
13.43,31.4,SM-01-B1,480286.37,2036030.34,1.32,-12.11
13.61,19,SM-01-B1,480286.37,2036030.34,1.32,-12.29
13.84,22.8,SM-01-B1,480286.37,2036030.34,1.32,-12.52
14.06,19.5,SM-01-B1,480286.37,2036030.34,1.32,-12.74
14.29,17.7,SM-01-B1,480286.37,2036030.34,1.32,-12.97
14.51,19,SM-01-B1,480286.37,2036030.34,1.32,-13.19
14.74,19.9,SM-01-B1,480286.37,2036030.34,1.32,-13.42
15.08,19.3,SM-01-B1,480286.37,2036030.34,1.32,-13.76
15.53,18.2,SM-01-B1,480286.37,2036030.34,1.32,-14.21
15.98,18.4,SM-01-B1,480286.37,2036030.34,1.32,-14.66
16.31,21.4,SM-01-B1,480286.37,2036030.34,1.32,-14.99
16.54,18.6,SM-01-B1,480286.37,2036030.34,1.32,-15.22
16.88,18.2,SM-01-B1,480286.37,2036030.34,1.32,-15.56
17.33,19.2,SM-01-B1,480286.37,2036030.34,1.32,-16.01
17.77,22.9,SM-01-B1,480286.37,2036030.34,1.32,-16.45
18.23,20,SM-01-B1,480286.37,2036030.34,1.32,-16.91
18.67,18,SM-01-B1,480286.37,2036030.34,1.32,-17.35
19.01,26.2,SM-01-B1,480286.37,2036030.34,1.32,-17.69
19.24,17.9,SM-01-B1,480286.37,2036030.34,1.32,-17.92
19.58,21.1,SM-01-B1,480286.37,2036030.34,1.32,-18.26
20.02,17.9,SM-01-B1,480286.37,2036030.34,1.32,-18.7
20.36,26.7,SM-01-B1,480286.37,2036030.34,1.32,-19.04
20.59,20.2,SM-01-B1,480286.37,2036030.34,1.32,-19.27
20.92,18.1,SM-01-B1,480286.37,2036030.34,1.32,-19.6
21.38,19.4,SM-01-B1,480286.37,2036030.34,1.32,-20.06
21.83,18.8,SM-01-B1,480286.37,2036030.34,1.32,-20.51
22.28,23.6,SM-01-B1,480286.37,2036030.34,1.32,-20.96
22.73,24.1,SM-01-B1,480286.37,2036030.34,1.32,-21.41
23.17,24.8,SM-01-B1,480286.37,2036030.34,1.32,-21.85
23.63,20.9,SM-01-B1,480286.37,2036030.34,1.32,-22.31
24.08,25,SM-01-B1,480286.37,2036030.34,1.32,-22.76
24.53,24.4,SM-01-B1,480286.37,2036030.34,1.32,-23.21
24.98,25.7,SM-01-B1,480286.37,2036030.34,1.32,-23.66
,64,SM-01-B1,480286.37,2036030.34,1.32,1.32
0.11,9.6,SM-20-P1,477576.5,2038152.22,3.51,3.4
0.11,9.6,SM-20-P1,477574.978,2038153.565,3.44,3.33
0.34,5,SM-20-P1,477576.5,2038152.22,3.51,3.17
0.34,5,SM-20-P1,477574.978,2038153.565,3.44,3.1
0.68,10.2,SM-20-P1,477576.5,2038152.22,3.51,2.83
0.68,10.2,SM-20-P1,477574.978,2038153.565,3.44,2.76
1.13,16.5,SM-20-P1,477576.5,2038152.22,3.51,2.38
1.13,16.5,SM-20-P1,477574.978,2038153.565,3.44,2.31
1.58,23.9,SM-20-P1,477576.5,2038152.22,3.51,1.93
1.58,23.9,SM-20-P1,477574.978,2038153.565,3.44,1.86
2.03,21.4,SM-20-P1,477576.5,2038152.22,3.51,1.48
2.03,21.4,SM-20-P1,477574.978,2038153.565,3.44,1.41
2.48,21.6,SM-20-P1,477576.5,2038152.22,3.51,1.03
2.48,21.6,SM-20-P1,477574.978,2038153.565,3.44,0.96
2.93,22.5,SM-20-P1,477576.5,2038152.22,3.51,0.58
2.93,22.5,SM-20-P1,477574.978,2038153.565,3.44,0.51
3.38,21,SM-20-P1,477576.5,2038152.22,3.51,0.13
3.38,21,SM-20-P1,477574.978,2038153.565,3.44,0.06
3.83,21.5,SM-20-P1,477576.5,2038152.22,3.51,-0.32
3.83,21.5,SM-20-P1,477574.978,2038153.565,3.44,-0.39
4.28,18.8,SM-20-P1,477576.5,2038152.22,3.51,-0.77
4.28,18.8,SM-20-P1,477574.978,2038153.565,3.44,-0.84
4.72,21.9,SM-20-P1,477576.5,2038152.22,3.51,-1.21
4.72,21.9,SM-20-P1,477574.978,2038153.565,3.44,-1.28
5.18,20.2,SM-20-P1,477576.5,2038152.22,3.51,-1.67
5.18,20.2,SM-20-P1,477574.978,2038153.565,3.44,-1.74
5.63,22.2,SM-20-P1,477576.5,2038152.22,3.51,-2.12
5.63,22.2,SM-20-P1,477574.978,2038153.565,3.44,-2.19
6.07,20.4,SM-20-P1,477576.5,2038152.22,3.51,-2.56
6.07,20.4,SM-20-P1,477574.978,2038153.565,3.44,-2.63
6.53,23,SM-20-P1,477576.5,2038152.22,3.51,-3.02
6.53,23,SM-20-P1,477574.978,2038153.565,3.44,-3.09
6.98,22.3,SM-20-P1,477576.5,2038152.22,3.51,-3.47
6.98,22.3,SM-20-P1,477574.978,2038153.565,3.44,-3.54
7.43,21.6,SM-20-P1,477576.5,2038152.22,3.51,-3.92
7.43,21.6,SM-20-P1,477574.978,2038153.565,3.44,-3.99
7.88,24.3,SM-20-P1,477576.5,2038152.22,3.51,-4.37
7.88,24.3,SM-20-P1,477574.978,2038153.565,3.44,-4.44
8.32,21.1,SM-20-P1,477576.5,2038152.22,3.51,-4.81
8.32,21.1,SM-20-P1,477574.978,2038153.565,3.44,-4.88
8.78,20.4,SM-20-P1,477576.5,2038152.22,3.51,-5.27
8.78,20.4,SM-20-P1,477574.978,2038153.565,3.44,-5.34
9.23,22.6,SM-20-P1,477576.5,2038152.22,3.51,-5.72
9.23,22.6,SM-20-P1,477574.978,2038153.565,3.44,-5.79
9.68,23.6,SM-20-P1,477576.5,2038152.22,3.51,-6.17
9.68,23.6,SM-20-P1,477574.978,2038153.565,3.44,-6.24
10.13,21.9,SM-20-P1,477576.5,2038152.22,3.51,-6.62
10.13,21.9,SM-20-P1,477574.978,2038153.565,3.44,-6.69
10.46,34.9,SM-20-P1,477576.5,2038152.22,3.51,-6.95
10.46,34.9,SM-20-P1,477574.978,2038153.565,3.44,-7.02
10.69,24.5,SM-20-P1,477576.5,2038152.22,3.51,-7.18
10.69,24.5,SM-20-P1,477574.978,2038153.565,3.44,-7.25
11.03,23.3,SM-20-P1,477576.5,2038152.22,3.51,-7.52
11.03,23.3,SM-20-P1,477574.978,2038153.565,3.44,-7.59
11.48,27,SM-20-P1,477576.5,2038152.22,3.51,-7.97
11.48,27,SM-20-P1,477574.978,2038153.565,3.44,-8.04
11.93,21.4,SM-20-P1,477576.5,2038152.22,3.51,-8.42
11.93,21.4,SM-20-P1,477574.978,2038153.565,3.44,-8.49
12.38,24.1,SM-20-P1,477576.5,2038152.22,3.51,-8.87
12.38,24.1,SM-20-P1,477574.978,2038153.565,3.44,-8.94
12.83,24.5,SM-20-P1,477576.5,2038152.22,3.51,-9.32
12.83,24.5,SM-20-P1,477574.978,2038153.565,3.44,-9.39
13.16,54.4,SM-20-P1,477576.5,2038152.22,3.51,-9.65
13.16,54.4,SM-20-P1,477574.978,2038153.565,3.44,-9.72
13.39,21.1,SM-20-P1,477576.5,2038152.22,3.51,-9.88
13.39,21.1,SM-20-P1,477574.978,2038153.565,3.44,-9.95
13.58,23.2,SM-20-P1,477576.5,2038152.22,3.51,-10.07
13.58,23.2,SM-20-P1,477574.978,2038153.565,3.44,-10.14
13.73,23.1,SM-20-P1,477576.5,2038152.22,3.51,-10.22
13.73,23.1,SM-20-P1,477574.978,2038153.565,3.44,-10.29
13.88,21.1,SM-20-P1,477576.5,2038152.22,3.51,-10.37
13.88,21.1,SM-20-P1,477574.978,2038153.565,3.44,-10.44
14.18,16.9,SM-20-P1,477576.5,2038152.22,3.51,-10.67
14.18,16.9,SM-20-P1,477574.978,2038153.565,3.44,-10.74
14.51,18.9,SM-20-P1,477576.5,2038152.22,3.51,-11
14.51,18.9,SM-20-P1,477574.978,2038153.565,3.44,-11.07
14.74,37.2,SM-20-P1,477576.5,2038152.22,3.51,-11.23
14.74,37.2,SM-20-P1,477574.978,2038153.565,3.44,-11.3
14.93,38.6,SM-20-P1,477576.5,2038152.22,3.51,-11.42
14.93,38.6,SM-20-P1,477574.978,2038153.565,3.44,-11.49
15.08,43,SM-20-P1,477576.5,2038152.22,3.51,-11.57
15.08,43,SM-20-P1,477574.978,2038153.565,3.44,-11.64
15.23,41.6,SM-20-P1,477576.5,2038152.22,3.51,-11.72
15.23,41.6,SM-20-P1,477574.978,2038153.565,3.44,-11.79
15.53,24.6,SM-20-P1,477576.5,2038152.22,3.51,-12.02
15.53,24.6,SM-20-P1,477574.978,2038153.565,3.44,-12.09
15.98,26.8,SM-20-P1,477576.5,2038152.22,3.51,-12.47
15.98,26.8,SM-20-P1,477574.978,2038153.565,3.44,-12.54
16.27,38.4,SM-20-P1,477576.5,2038152.22,3.51,-12.76
16.27,38.4,SM-20-P1,477574.978,2038153.565,3.44,-12.83
16.43,40.8,SM-20-P1,477576.5,2038152.22,3.51,-12.92
16.43,40.8,SM-20-P1,477574.978,2038153.565,3.44,-12.99
16.58,31.4,SM-20-P1,477576.5,2038152.22,3.51,-13.07
16.58,31.4,SM-20-P1,477574.978,2038153.565,3.44,-13.14
16.71,44.9,SM-20-P1,477576.5,2038152.22,3.51,-13.2
16.71,44.9,SM-20-P1,477574.978,2038153.565,3.44,-13.27
16.82,41.1,SM-20-P1,477576.5,2038152.22,3.51,-13.31
16.82,41.1,SM-20-P1,477574.978,2038153.565,3.44,-13.38
16.93,38.6,SM-20-P1,477576.5,2038152.22,3.51,-13.42
16.93,38.6,SM-20-P1,477574.978,2038153.565,3.44,-13.49
17.04,27.8,SM-20-P1,477576.5,2038152.22,3.51,-13.53
17.04,27.8,SM-20-P1,477574.978,2038153.565,3.44,-13.6
17.21,26.3,SM-20-P1,477576.5,2038152.22,3.51,-13.7
17.21,26.3,SM-20-P1,477574.978,2038153.565,3.44,-13.77
17.44,31.4,SM-20-P1,477576.5,2038152.22,3.51,-13.93
17.44,31.4,SM-20-P1,477574.978,2038153.565,3.44,-14
17.77,24.4,SM-20-P1,477576.5,2038152.22,3.51,-14.26
17.77,24.4,SM-20-P1,477574.978,2038153.565,3.44,-14.33
18.08,24.1,SM-20-P1,477576.5,2038152.22,3.51,-14.57
18.08,24.1,SM-20-P1,477574.978,2038153.565,3.44,-14.64
18.23,28,SM-20-P1,477576.5,2038152.22,3.51,-14.72
18.23,28,SM-20-P1,477574.978,2038153.565,3.44,-14.79
18.38,27.4,SM-20-P1,477576.5,2038152.22,3.51,-14.87
18.38,27.4,SM-20-P1,477574.978,2038153.565,3.44,-14.94
18.67,27.8,SM-20-P1,477576.5,2038152.22,3.51,-15.16
18.67,27.8,SM-20-P1,477574.978,2038153.565,3.44,-15.23
19.13,26.4,SM-20-P1,477576.5,2038152.22,3.51,-15.62
19.13,26.4,SM-20-P1,477574.978,2038153.565,3.44,-15.69
19.46,24.7,SM-20-P1,477576.5,2038152.22,3.51,-15.95
19.46,24.7,SM-20-P1,477574.978,2038153.565,3.44,-16.02
19.69,29.8,SM-20-P1,477576.5,2038152.22,3.51,-16.18
19.69,29.8,SM-20-P1,477574.978,2038153.565,3.44,-16.25
20.02,25.3,SM-20-P1,477576.5,2038152.22,3.51,-16.51
20.02,25.3,SM-20-P1,477574.978,2038153.565,3.44,-16.58
20.48,25.1,SM-20-P1,477576.5,2038152.22,3.51,-16.97
20.48,25.1,SM-20-P1,477574.978,2038153.565,3.44,-17.04
20.76,24.9,SM-20-P1,477576.5,2038152.22,3.51,-17.25
20.76,24.9,SM-20-P1,477574.978,2038153.565,3.44,-17.32
20.87,24.1,SM-20-P1,477576.5,2038152.22,3.51,-17.36
20.87,24.1,SM-20-P1,477574.978,2038153.565,3.44,-17.43
20.98,29.8,SM-20-P1,477576.5,2038152.22,3.51,-17.47
20.98,29.8,SM-20-P1,477574.978,2038153.565,3.44,-17.54
21.09,24.4,SM-20-P1,477576.5,2038152.22,3.51,-17.58
21.09,24.4,SM-20-P1,477574.978,2038153.565,3.44,-17.65
21.38,23.9,SM-20-P1,477576.5,2038152.22,3.51,-17.87
21.38,23.9,SM-20-P1,477574.978,2038153.565,3.44,-17.94
21.66,22.2,SM-20-P1,477576.5,2038152.22,3.51,-18.15
21.66,22.2,SM-20-P1,477574.978,2038153.565,3.44,-18.22
21.77,33.7,SM-20-P1,477576.5,2038152.22,3.51,-18.26
21.77,33.7,SM-20-P1,477574.978,2038153.565,3.44,-18.33
21.88,26.9,SM-20-P1,477576.5,2038152.22,3.51,-18.37
21.88,26.9,SM-20-P1,477574.978,2038153.565,3.44,-18.44
21.99,51.9,SM-20-P1,477576.5,2038152.22,3.51,-18.48
21.99,51.9,SM-20-P1,477574.978,2038153.565,3.44,-18.55
22.11,52.4,SM-20-P1,477576.5,2038152.22,3.51,-18.6
22.11,52.4,SM-20-P1,477574.978,2038153.565,3.44,-18.67
22.22,33.4,SM-20-P1,477576.5,2038152.22,3.51,-18.71
22.22,33.4,SM-20-P1,477574.978,2038153.565,3.44,-18.78
22.33,50.1,SM-20-P1,477576.5,2038152.22,3.51,-18.82
22.33,50.1,SM-20-P1,477574.978,2038153.565,3.44,-18.89
22.44,37.3,SM-20-P1,477576.5,2038152.22,3.51,-18.93
22.44,37.3,SM-20-P1,477574.978,2038153.565,3.44,-19
22.73,28.9,SM-20-P1,477576.5,2038152.22,3.51,-19.22
22.73,28.9,SM-20-P1,477574.978,2038153.565,3.44,-19.29
23.06,20.8,SM-20-P1,477576.5,2038152.22,3.51,-19.55
23.06,20.8,SM-20-P1,477574.978,2038153.565,3.44,-19.62
23.29,20,SM-20-P1,477576.5,2038152.22,3.51,-19.78
23.29,20,SM-20-P1,477574.978,2038153.565,3.44,-19.85
23.63,20.3,SM-20-P1,477576.5,2038152.22,3.51,-20.12
23.63,20.3,SM-20-P1,477574.978,2038153.565,3.44,-20.19
23.93,22.9,SM-20-P1,477576.5,2038152.22,3.51,-20.42
23.93,22.9,SM-20-P1,477574.978,2038153.565,3.44,-20.49
24.08,35.5,SM-20-P1,477576.5,2038152.22,3.51,-20.57
24.08,35.5,SM-20-P1,477574.978,2038153.565,3.44,-20.64
24.23,23.4,SM-20-P1,477576.5,2038152.22,3.51,-20.72
24.23,23.4,SM-20-P1,477574.978,2038153.565,3.44,-20.79
24.53,20.1,SM-20-P1,477576.5,2038152.22,3.51,-21.02
24.53,20.1,SM-20-P1,477574.978,2038153.565,3.44,-21.09
24.98,23.1,SM-20-P1,477576.5,2038152.22,3.51,-21.47
24.98,23.1,SM-20-P1,477574.978,2038153.565,3.44,-21.54
25.42,23.7,SM-20-P1,477576.5,2038152.22,3.51,-21.91
25.42,23.7,SM-20-P1,477574.978,2038153.565,3.44,-21.98
25.76,27.7,SM-20-P1,477576.5,2038152.22,3.51,-22.25
25.76,27.7,SM-20-P1,477574.978,2038153.565,3.44,-22.32
25.99,45.5,SM-20-P1,477576.5,2038152.22,3.51,-22.48
25.99,45.5,SM-20-P1,477574.978,2038153.565,3.44,-22.55
26.18,25.4,SM-20-P1,477576.5,2038152.22,3.51,-22.67
26.18,25.4,SM-20-P1,477574.978,2038153.565,3.44,-22.74
26.33,26.4,SM-20-P1,477576.5,2038152.22,3.51,-22.82
26.33,26.4,SM-20-P1,477574.978,2038153.565,3.44,-22.89
26.48,23.8,SM-20-P1,477576.5,2038152.22,3.51,-22.97
26.48,23.8,SM-20-P1,477574.978,2038153.565,3.44,-23.04
26.66,62.6,SM-20-P1,477576.5,2038152.22,3.51,-23.15
26.66,62.6,SM-20-P1,477574.978,2038153.565,3.44,-23.22
26.89,22.7,SM-20-P1,477576.5,2038152.22,3.51,-23.38
26.89,22.7,SM-20-P1,477574.978,2038153.565,3.44,-23.45
27.08,20.2,SM-20-P1,477576.5,2038152.22,3.51,-23.57
27.08,20.2,SM-20-P1,477574.978,2038153.565,3.44,-23.64
27.23,37.1,SM-20-P1,477576.5,2038152.22,3.51,-23.72
27.23,37.1,SM-20-P1,477574.978,2038153.565,3.44,-23.79
27.38,26.3,SM-20-P1,477576.5,2038152.22,3.51,-23.87
27.38,26.3,SM-20-P1,477574.978,2038153.565,3.44,-23.94
27.67,21.7,SM-20-P1,477576.5,2038152.22,3.51,-24.16
27.67,21.7,SM-20-P1,477574.978,2038153.565,3.44,-24.23
28.01,20.6,SM-20-P1,477576.5,2038152.22,3.51,-24.5
28.01,20.6,SM-20-P1,477574.978,2038153.565,3.44,-24.57
28.24,19.8,SM-20-P1,477576.5,2038152.22,3.51,-24.73
28.24,19.8,SM-20-P1,477574.978,2038153.565,3.44,-24.8
28.46,21,SM-20-P1,477576.5,2038152.22,3.51,-24.95
28.46,21,SM-20-P1,477574.978,2038153.565,3.44,-25.02
28.69,32,SM-20-P1,477576.5,2038152.22,3.51,-25.18
28.69,32,SM-20-P1,477574.978,2038153.565,3.44,-25.25
29.03,30.4,SM-20-P1,477576.5,2038152.22,3.51,-25.52
29.03,30.4,SM-20-P1,477574.978,2038153.565,3.44,-25.59
29.48,20.4,SM-20-P1,477576.5,2038152.22,3.51,-25.97
29.48,20.4,SM-20-P1,477574.978,2038153.565,3.44,-26.04
29.81,23,SM-20-P1,477576.5,2038152.22,3.51,-26.3
29.81,23,SM-20-P1,477574.978,2038153.565,3.44,-26.37
30.04,19.7,SM-20-P1,477576.5,2038152.22,3.51,-26.53
30.04,19.7,SM-20-P1,477574.978,2038153.565,3.44,-26.6
30.38,17.4,SM-20-P1,477576.5,2038152.22,3.51,-26.87
30.38,17.4,SM-20-P1,477574.978,2038153.565,3.44,-26.94
30.66,15.9,SM-20-P1,477576.5,2038152.22,3.51,-27.15
30.66,15.9,SM-20-P1,477574.978,2038153.565,3.44,-27.22
30.77,22.4,SM-20-P1,477576.5,2038152.22,3.51,-27.26
30.77,22.4,SM-20-P1,477574.978,2038153.565,3.44,-27.33
30.88,37,SM-20-P1,477576.5,2038152.22,3.51,-27.37
30.88,37,SM-20-P1,477574.978,2038153.565,3.44,-27.44
30.99,22.8,SM-20-P1,477576.5,2038152.22,3.51,-27.48
30.99,22.8,SM-20-P1,477574.978,2038153.565,3.44,-27.55
31.16,19.7,SM-20-P1,477576.5,2038152.22,3.51,-27.65
31.16,19.7,SM-20-P1,477574.978,2038153.565,3.44,-27.72
31.39,21.2,SM-20-P1,477576.5,2038152.22,3.51,-27.88
31.39,21.2,SM-20-P1,477574.978,2038153.565,3.44,-27.95
31.73,20.9,SM-20-P1,477576.5,2038152.22,3.51,-28.22
31.73,20.9,SM-20-P1,477574.978,2038153.565,3.44,-28.29
32.17,14.8,SM-20-P1,477576.5,2038152.22,3.51,-28.66
32.17,14.8,SM-20-P1,477574.978,2038153.565,3.44,-28.73
32.63,26.7,SM-20-P1,477576.5,2038152.22,3.51,-29.12
32.63,26.7,SM-20-P1,477574.978,2038153.565,3.44,-29.19
32.96,26.6,SM-20-P1,477576.5,2038152.22,3.51,-29.45
32.96,26.6,SM-20-P1,477574.978,2038153.565,3.44,-29.52
33.19,26.1,SM-20-P1,477576.5,2038152.22,3.51,-29.68
33.19,26.1,SM-20-P1,477574.978,2038153.565,3.44,-29.75
33.53,24.5,SM-20-P1,477576.5,2038152.22,3.51,-30.02
33.53,24.5,SM-20-P1,477574.978,2038153.565,3.44,-30.09
33.98,26.2,SM-20-P1,477576.5,2038152.22,3.51,-30.47
33.98,26.2,SM-20-P1,477574.978,2038153.565,3.44,-30.54
34.42,24.2,SM-20-P1,477576.5,2038152.22,3.51,-30.91
34.42,24.2,SM-20-P1,477574.978,2038153.565,3.44,-30.98
34.76,26.3,SM-20-P1,477576.5,2038152.22,3.51,-31.25
34.76,26.3,SM-20-P1,477574.978,2038153.565,3.44,-31.32
34.99,23.9,SM-20-P1,477576.5,2038152.22,3.51,-31.48
34.99,23.9,SM-20-P1,477574.978,2038153.565,3.44,-31.55
35.33,27.8,SM-20-P1,477576.5,2038152.22,3.51,-31.82
35.33,27.8,SM-20-P1,477574.978,2038153.565,3.44,-31.89
35.78,19.4,SM-20-P1,477576.5,2038152.22,3.51,-32.27
35.78,19.4,SM-20-P1,477574.978,2038153.565,3.44,-32.34
36.23,24.8,SM-20-P1,477576.5,2038152.22,3.51,-32.72
36.23,24.8,SM-20-P1,477574.978,2038153.565,3.44,-32.79
36.67,37.8,SM-20-P1,477576.5,2038152.22,3.51,-33.16
36.67,37.8,SM-20-P1,477574.978,2038153.565,3.44,-33.23
37.13,39.1,SM-20-P1,477576.5,2038152.22,3.51,-33.62
37.13,39.1,SM-20-P1,477574.978,2038153.565,3.44,-33.69
37.58,42.3,SM-20-P1,477576.5,2038152.22,3.51,-34.07
37.58,42.3,SM-20-P1,477574.978,2038153.565,3.44,-34.14
37.91,35.8,SM-20-P1,477576.5,2038152.22,3.51,-34.4
37.91,35.8,SM-20-P1,477574.978,2038153.565,3.44,-34.47
38.14,42.8,SM-20-P1,477576.5,2038152.22,3.51,-34.63
38.14,42.8,SM-20-P1,477574.978,2038153.565,3.44,-34.7
38.29,45.2,SM-20-P1,477576.5,2038152.22,3.51,-34.78
38.29,45.2,SM-20-P1,477574.978,2038153.565,3.44,-34.85
38.36,34.4,SM-20-P1,477576.5,2038152.22,3.51,-34.85
38.36,34.4,SM-20-P1,477574.978,2038153.565,3.44,-34.92
38.44,41,SM-20-P1,477576.5,2038152.22,3.51,-34.93
38.44,41,SM-20-P1,477574.978,2038153.565,3.44,-35
38.51,37.9,SM-20-P1,477576.5,2038152.22,3.51,-35
38.51,37.9,SM-20-P1,477574.978,2038153.565,3.44,-35.07
38.59,49.7,SM-20-P1,477576.5,2038152.22,3.51,-35.08
38.59,49.7,SM-20-P1,477574.978,2038153.565,3.44,-35.15
38.66,34,SM-20-P1,477576.5,2038152.22,3.51,-35.15
38.66,34,SM-20-P1,477574.978,2038153.565,3.44,-35.22
38.92,34,SM-20-P1,477576.5,2038152.22,3.51,-35.41
38.92,34,SM-20-P1,477574.978,2038153.565,3.44,-35.48
39.26,35.4,SM-20-P1,477576.5,2038152.22,3.51,-35.75
39.26,35.4,SM-20-P1,477574.978,2038153.565,3.44,-35.82
39.49,27.7,SM-20-P1,477576.5,2038152.22,3.51,-35.98
39.49,27.7,SM-20-P1,477574.978,2038153.565,3.44,-36.05
39.83,26.6,SM-20-P1,477576.5,2038152.22,3.51,-36.32
39.83,26.6,SM-20-P1,477574.978,2038153.565,3.44,-36.39
40.16,27.2,SM-20-P1,477576.5,2038152.22,3.51,-36.65
40.16,27.2,SM-20-P1,477574.978,2038153.565,3.44,-36.72
40.39,25.3,SM-20-P1,477576.5,2038152.22,3.51,-36.88
40.39,25.3,SM-20-P1,477574.978,2038153.565,3.44,-36.95
40.73,24.7,SM-20-P1,477576.5,2038152.22,3.51,-37.22
40.73,24.7,SM-20-P1,477574.978,2038153.565,3.44,-37.29
41.03,25.7,SM-20-P1,477576.5,2038152.22,3.51,-37.52
41.03,25.7,SM-20-P1,477574.978,2038153.565,3.44,-37.59
41.18,32.5,SM-20-P1,477576.5,2038152.22,3.51,-37.67
41.18,32.5,SM-20-P1,477574.978,2038153.565,3.44,-37.74
41.33,28.9,SM-20-P1,477576.5,2038152.22,3.51,-37.82
41.33,28.9,SM-20-P1,477574.978,2038153.565,3.44,-37.89
41.51,23.6,SM-20-P1,477576.5,2038152.22,3.51,-38
41.51,23.6,SM-20-P1,477574.978,2038153.565,3.44,-38.07
41.74,27.3,SM-20-P1,477576.5,2038152.22,3.51,-38.23
41.74,27.3,SM-20-P1,477574.978,2038153.565,3.44,-38.3
41.96,25.7,SM-20-P1,477576.5,2038152.22,3.51,-38.45
41.96,25.7,SM-20-P1,477574.978,2038153.565,3.44,-38.52
42.19,33.1,SM-20-P1,477576.5,2038152.22,3.51,-38.68
42.19,33.1,SM-20-P1,477574.978,2038153.565,3.44,-38.75
42.53,22.8,SM-20-P1,477576.5,2038152.22,3.51,-39.02
42.53,22.8,SM-20-P1,477574.978,2038153.565,3.44,-39.09
42.98,20.8,SM-20-P1,477576.5,2038152.22,3.51,-39.47
42.98,20.8,SM-20-P1,477574.978,2038153.565,3.44,-39.54
43.31,16.8,SM-20-P1,477576.5,2038152.22,3.51,-39.8
43.31,16.8,SM-20-P1,477574.978,2038153.565,3.44,-39.87
43.54,15.1,SM-20-P1,477576.5,2038152.22,3.51,-40.03
43.54,15.1,SM-20-P1,477574.978,2038153.565,3.44,-40.1
43.88,19.3,SM-20-P1,477576.5,2038152.22,3.51,-40.37
43.88,19.3,SM-20-P1,477574.978,2038153.565,3.44,-40.44
44.33,16.8,SM-20-P1,477576.5,2038152.22,3.51,-40.82
44.33,16.8,SM-20-P1,477574.978,2038153.565,3.44,-40.89
44.69,18,SM-20-P1,477576.5,2038152.22,3.51,-41.18
44.69,18,SM-20-P1,477574.978,2038153.565,3.44,-41.25
45.15,16.2,SM-20-P1,477576.5,2038152.22,3.51,-41.64
45.15,16.2,SM-20-P1,477574.978,2038153.565,3.44,-41.71
45.58,20.1,SM-20-P1,477576.5,2038152.22,3.51,-42.07
45.58,20.1,SM-20-P1,477574.978,2038153.565,3.44,-42.14
46.02,20.9,SM-20-P1,477576.5,2038152.22,3.51,-42.51
46.02,20.9,SM-20-P1,477574.978,2038153.565,3.44,-42.58
46.43,19.6,SM-20-P1,477576.5,2038152.22,3.51,-42.92
46.43,19.6,SM-20-P1,477574.978,2038153.565,3.44,-42.99
46.88,19.1,SM-20-P1,477576.5,2038152.22,3.51,-43.37
46.88,19.1,SM-20-P1,477574.978,2038153.565,3.44,-43.44
47.03,19.7,SM-20-P1,477576.5,2038152.22,3.51,-43.52
47.03,19.7,SM-20-P1,477574.978,2038153.565,3.44,-43.59
47.18,33.7,SM-20-P1,477576.5,2038152.22,3.51,-43.67
47.18,33.7,SM-20-P1,477574.978,2038153.565,3.44,-43.74
47.48,29.4,SM-20-P1,477576.5,2038152.22,3.51,-43.97
47.48,29.4,SM-20-P1,477574.978,2038153.565,3.44,-44.04
47.81,37.9,SM-20-P1,477576.5,2038152.22,3.51,-44.3
47.81,37.9,SM-20-P1,477574.978,2038153.565,3.44,-44.37
48.04,33.5,SM-20-P1,477576.5,2038152.22,3.51,-44.53
48.04,33.5,SM-20-P1,477574.978,2038153.565,3.44,-44.6
48.26,33.7,SM-20-P1,477576.5,2038152.22,3.51,-44.75
48.26,33.7,SM-20-P1,477574.978,2038153.565,3.44,-44.82
48.49,30.7,SM-20-P1,477576.5,2038152.22,3.51,-44.98
48.49,30.7,SM-20-P1,477574.978,2038153.565,3.44,-45.05
48.83,38.2,SM-20-P1,477576.5,2038152.22,3.51,-45.32
48.83,38.2,SM-20-P1,477574.978,2038153.565,3.44,-45.39
49.28,28.6,SM-20-P1,477576.5,2038152.22,3.51,-45.77
49.28,28.6,SM-20-P1,477574.978,2038153.565,3.44,-45.84
49.73,33.3,SM-20-P1,477576.5,2038152.22,3.51,-46.22
49.73,33.3,SM-20-P1,477574.978,2038153.565,3.44,-46.29
50.18,25.3,SM-20-P1,477576.5,2038152.22,3.51,-46.67
50.18,25.3,SM-20-P1,477574.978,2038153.565,3.44,-46.74
50.51,32.8,SM-20-P1,477576.5,2038152.22,3.51,-47
50.51,32.8,SM-20-P1,477574.978,2038153.565,3.44,-47.07
50.74,28.8,SM-20-P1,477576.5,2038152.22,3.51,-47.23
50.74,28.8,SM-20-P1,477574.978,2038153.565,3.44,-47.3
51.08,27.8,SM-20-P1,477576.5,2038152.22,3.51,-47.57
51.08,27.8,SM-20-P1,477574.978,2038153.565,3.44,-47.64
51.41,27.5,SM-20-P1,477576.5,2038152.22,3.51,-47.9
51.41,27.5,SM-20-P1,477574.978,2038153.565,3.44,-47.97
51.64,28,SM-20-P1,477576.5,2038152.22,3.51,-48.13
51.64,28,SM-20-P1,477574.978,2038153.565,3.44,-48.2
51.83,30.5,SM-20-P1,477576.5,2038152.22,3.51,-48.32
51.83,30.5,SM-20-P1,477574.978,2038153.565,3.44,-48.39
51.97,35,SM-20-P1,477576.5,2038152.22,3.51,-48.46
51.97,35,SM-20-P1,477574.978,2038153.565,3.44,-48.53
52.13,29,SM-20-P1,477576.5,2038152.22,3.51,-48.62
52.13,29,SM-20-P1,477574.978,2038153.565,3.44,-48.69
52.31,29.5,SM-20-P1,477576.5,2038152.22,3.51,-48.8
52.31,29.5,SM-20-P1,477574.978,2038153.565,3.44,-48.87
52.54,31.6,SM-20-P1,477576.5,2038152.22,3.51,-49.03
52.54,31.6,SM-20-P1,477574.978,2038153.565,3.44,-49.1
52.88,33,SM-20-P1,477576.5,2038152.22,3.51,-49.37
52.88,33,SM-20-P1,477574.978,2038153.565,3.44,-49.44
53.33,27.4,SM-20-P1,477576.5,2038152.22,3.51,-49.82
53.33,27.4,SM-20-P1,477574.978,2038153.565,3.44,-49.89
53.78,27.3,SM-20-P1,477576.5,2038152.22,3.51,-50.27
53.78,27.3,SM-20-P1,477574.978,2038153.565,3.44,-50.34
54.23,30.9,SM-20-P1,477576.5,2038152.22,3.51,-50.72
54.23,30.9,SM-20-P1,477574.978,2038153.565,3.44,-50.79
54.56,28.7,SM-20-P1,477576.5,2038152.22,3.51,-51.05
54.56,28.7,SM-20-P1,477574.978,2038153.565,3.44,-51.12
54.79,29.8,SM-20-P1,477576.5,2038152.22,3.51,-51.28
54.79,29.8,SM-20-P1,477574.978,2038153.565,3.44,-51.35
55.01,24.8,SM-20-P1,477576.5,2038152.22,3.51,-51.5
55.01,24.8,SM-20-P1,477574.978,2038153.565,3.44,-51.57
55.24,28.7,SM-20-P1,477576.5,2038152.22,3.51,-51.73
55.24,28.7,SM-20-P1,477574.978,2038153.565,3.44,-51.8
55.58,24.7,SM-20-P1,477576.5,2038152.22,3.51,-52.07
55.58,24.7,SM-20-P1,477574.978,2038153.565,3.44,-52.14
55.91,26.9,SM-20-P1,477576.5,2038152.22,3.51,-52.4
55.91,26.9,SM-20-P1,477574.978,2038153.565,3.44,-52.47
56.14,26.6,SM-20-P1,477576.5,2038152.22,3.51,-52.63
56.14,26.6,SM-20-P1,477574.978,2038153.565,3.44,-52.7
56.33,31.5,SM-20-P1,477576.5,2038152.22,3.51,-52.82
56.33,31.5,SM-20-P1,477574.978,2038153.565,3.44,-52.89
56.47,29.6,SM-20-P1,477576.5,2038152.22,3.51,-52.96
56.47,29.6,SM-20-P1,477574.978,2038153.565,3.44,-53.03
56.63,26.4,SM-20-P1,477576.5,2038152.22,3.51,-53.12
56.63,26.4,SM-20-P1,477574.978,2038153.565,3.44,-53.19
56.81,28,SM-20-P1,477576.5,2038152.22,3.51,-53.3
56.81,28,SM-20-P1,477574.978,2038153.565,3.44,-53.37
57.04,29.9,SM-20-P1,477576.5,2038152.22,3.51,-53.53
57.04,29.9,SM-20-P1,477574.978,2038153.565,3.44,-53.6
57.2,31.2,SM-20-P1,477576.5,2038152.22,3.51,-53.69
57.2,31.2,SM-20-P1,477574.978,2038153.565,3.44,-53.76
57.31,17.9,SM-20-P1,477576.5,2038152.22,3.51,-53.8
57.31,17.9,SM-20-P1,477574.978,2038153.565,3.44,-53.87
57.41,29.9,SM-20-P1,477576.5,2038152.22,3.51,-53.9
57.41,29.9,SM-20-P1,477574.978,2038153.565,3.44,-53.97
57.52,21.2,SM-20-P1,477576.5,2038152.22,3.51,-54.01
57.52,21.2,SM-20-P1,477574.978,2038153.565,3.44,-54.08
57.7,19.4,SM-20-P1,477576.5,2038152.22,3.51,-54.19
57.7,19.4,SM-20-P1,477574.978,2038153.565,3.44,-54.26
58.16,19.4,SM-20-P1,477576.5,2038152.22,3.51,-54.65
58.16,19.4,SM-20-P1,477574.978,2038153.565,3.44,-54.72
58.58,12.8,SM-20-P1,477576.5,2038152.22,3.51,-55.07
58.58,12.8,SM-20-P1,477574.978,2038153.565,3.44,-55.14
59.08,13.6,SM-20-P1,477576.5,2038152.22,3.51,-55.57
59.08,13.6,SM-20-P1,477574.978,2038153.565,3.44,-55.64
59.52,16.6,SM-20-P1,477576.5,2038152.22,3.51,-56.01
59.52,16.6,SM-20-P1,477574.978,2038153.565,3.44,-56.08
59.95,13.9,SM-20-P1,477576.5,2038152.22,3.51,-56.44
59.95,13.9,SM-20-P1,477574.978,2038153.565,3.44,-56.51
60.41,12.8,SM-20-P1,477576.5,2038152.22,3.51,-56.9
60.41,12.8,SM-20-P1,477574.978,2038153.565,3.44,-56.97
60.83,10.47,SM-20-P1,477576.5,2038152.22,3.51,-57.32
60.83,10.47,SM-20-P1,477574.978,2038153.565,3.44,-57.39
61.3,10.4,SM-20-P1,477576.5,2038152.22,3.51,-57.79
61.3,10.4,SM-20-P1,477574.978,2038153.565,3.44,-57.86
61.8,16.7,SM-20-P1,477576.5,2038152.22,3.51,-58.29
61.8,16.7,SM-20-P1,477574.978,2038153.565,3.44,-58.36
62.23,16.1,SM-20-P1,477576.5,2038152.22,3.51,-58.72
62.23,16.1,SM-20-P1,477574.978,2038153.565,3.44,-58.79
62.63,13.6,SM-20-P1,477576.5,2038152.22,3.51,-59.12
62.63,13.6,SM-20-P1,477574.978,2038153.565,3.44,-59.19
63.13,17.8,SM-20-P1,477576.5,2038152.22,3.51,-59.62
63.13,17.8,SM-20-P1,477574.978,2038153.565,3.44,-59.69
63.56,20.5,SM-20-P1,477576.5,2038152.22,3.51,-60.05
63.56,20.5,SM-20-P1,477574.978,2038153.565,3.44,-60.12
63.79,32.8,SM-20-P1,477576.5,2038152.22,3.51,-60.28
63.79,32.8,SM-20-P1,477574.978,2038153.565,3.44,-60.35
64.01,37.4,SM-20-P1,477576.5,2038152.22,3.51,-60.5
64.01,37.4,SM-20-P1,477574.978,2038153.565,3.44,-60.57
64.24,35.7,SM-20-P1,477576.5,2038152.22,3.51,-60.73
64.24,35.7,SM-20-P1,477574.978,2038153.565,3.44,-60.8
64.57,37.4,SM-20-P1,477576.5,2038152.22,3.51,-61.06
64.57,37.4,SM-20-P1,477574.978,2038153.565,3.44,-61.13
65.03,37.7,SM-20-P1,477576.5,2038152.22,3.51,-61.52
65.03,37.7,SM-20-P1,477574.978,2038153.565,3.44,-61.59
65.47,37.3,SM-20-P1,477576.5,2038152.22,3.51,-61.96
65.47,37.3,SM-20-P1,477574.978,2038153.565,3.44,-62.03
65.85,31.5,SM-20-P1,477576.5,2038152.22,3.51,-62.34
65.85,31.5,SM-20-P1,477574.978,2038153.565,3.44,-62.41
66.38,40.7,SM-20-P1,477576.5,2038152.22,3.51,-62.87
66.38,40.7,SM-20-P1,477574.978,2038153.565,3.44,-62.94
66.82,41.8,SM-20-P1,477576.5,2038152.22,3.51,-63.31
66.82,41.8,SM-20-P1,477574.978,2038153.565,3.44,-63.38
67.28,46.9,SM-20-P1,477576.5,2038152.22,3.51,-63.77
67.28,46.9,SM-20-P1,477574.978,2038153.565,3.44,-63.84
67.6,20.4,SM-20-P1,477576.5,2038152.22,3.51,-64.09
67.6,20.4,SM-20-P1,477574.978,2038153.565,3.44,-64.16
67.8,33.3,SM-20-P1,477576.5,2038152.22,3.51,-64.29
67.8,33.3,SM-20-P1,477574.978,2038153.565,3.44,-64.36
68.06,30.5,SM-20-P1,477576.5,2038152.22,3.51,-64.55
68.06,30.5,SM-20-P1,477574.978,2038153.565,3.44,-64.62
68.29,26.3,SM-20-P1,477576.5,2038152.22,3.51,-64.78
68.29,26.3,SM-20-P1,477574.978,2038153.565,3.44,-64.85
68.63,35.7,SM-20-P1,477576.5,2038152.22,3.51,-65.12
68.63,35.7,SM-20-P1,477574.978,2038153.565,3.44,-65.19
69.07,26.3,SM-20-P1,477576.5,2038152.22,3.51,-65.56
69.07,26.3,SM-20-P1,477574.978,2038153.565,3.44,-65.63
69.53,19.8,SM-20-P1,477576.5,2038152.22,3.51,-66.02
69.53,19.8,SM-20-P1,477574.978,2038153.565,3.44,-66.09
69.97,19.9,SM-20-P1,477576.5,2038152.22,3.51,-66.46
69.97,19.9,SM-20-P1,477574.978,2038153.565,3.44,-66.53
70.34,23.3,SM-20-P1,477576.5,2038152.22,3.51,-66.83
70.34,23.3,SM-20-P1,477574.978,2038153.565,3.44,-66.9
70.7,22.6,SM-20-P1,477576.5,2038152.22,3.51,-67.19
70.7,22.6,SM-20-P1,477574.978,2038153.565,3.44,-67.26
71.18,19.8,SM-20-P1,477576.5,2038152.22,3.51,-67.67
71.18,19.8,SM-20-P1,477574.978,2038153.565,3.44,-67.74
71.6,20.6,SM-20-P1,477576.5,2038152.22,3.51,-68.09
71.6,20.6,SM-20-P1,477574.978,2038153.565,3.44,-68.16
72.05,20.5,SM-20-P1,477576.5,2038152.22,3.51,-68.54
72.05,20.5,SM-20-P1,477574.978,2038153.565,3.44,-68.61
72.49,18.8,SM-20-P1,477576.5,2038152.22,3.51,-68.98
72.49,18.8,SM-20-P1,477574.978,2038153.565,3.44,-69.05
72.97,21.2,SM-20-P1,477576.5,2038152.22,3.51,-69.46
72.97,21.2,SM-20-P1,477574.978,2038153.565,3.44,-69.53
73.41,19.1,SM-20-P1,477576.5,2038152.22,3.51,-69.9
73.41,19.1,SM-20-P1,477574.978,2038153.565,3.44,-69.97
73.85,19.4,SM-20-P1,477576.5,2038152.22,3.51,-70.34
73.85,19.4,SM-20-P1,477574.978,2038153.565,3.44,-70.41
74.3,17.2,SM-20-P1,477576.5,2038152.22,3.51,-70.79
74.3,17.2,SM-20-P1,477574.978,2038153.565,3.44,-70.86
74.74,20,SM-20-P1,477576.5,2038152.22,3.51,-71.23
74.74,20,SM-20-P1,477574.978,2038153.565,3.44,-71.3
75.25,22.7,SM-20-P1,477576.5,2038152.22,3.51,-71.74
75.25,22.7,SM-20-P1,477574.978,2038153.565,3.44,-71.81
75.71,19.2,SM-20-P1,477576.5,2038152.22,3.51,-72.2
75.71,19.2,SM-20-P1,477574.978,2038153.565,3.44,-72.27
76.13,20.7,SM-20-P1,477576.5,2038152.22,3.51,-72.62
76.13,20.7,SM-20-P1,477574.978,2038153.565,3.44,-72.69
76.53,19.9,SM-20-P1,477576.5,2038152.22,3.51,-73.02
76.53,19.9,SM-20-P1,477574.978,2038153.565,3.44,-73.09
76.57,18.5,SM-20-P1,477576.5,2038152.22,3.51,-73.06
76.57,18.5,SM-20-P1,477574.978,2038153.565,3.44,-73.13
77.01,20.6,SM-20-P1,477576.5,2038152.22,3.51,-73.5
77.01,20.6,SM-20-P1,477574.978,2038153.565,3.44,-73.57
77.46,18.8,SM-20-P1,477576.5,2038152.22,3.51,-73.95
77.46,18.8,SM-20-P1,477574.978,2038153.565,3.44,-74.02
77.92,23.6,SM-20-P1,477576.5,2038152.22,3.51,-74.41
77.92,23.6,SM-20-P1,477574.978,2038153.565,3.44,-74.48
78.32,20.4,SM-20-P1,477576.5,2038152.22,3.51,-74.81
78.32,20.4,SM-20-P1,477574.978,2038153.565,3.44,-74.88
78.38,24.6,SM-20-P1,477576.5,2038152.22,3.51,-74.87
78.38,24.6,SM-20-P1,477574.978,2038153.565,3.44,-74.94
78.83,19.8,SM-20-P1,477576.5,2038152.22,3.51,-75.32
78.83,19.8,SM-20-P1,477574.978,2038153.565,3.44,-75.39
79.26,22.5,SM-20-P1,477576.5,2038152.22,3.51,-75.75
79.26,22.5,SM-20-P1,477574.978,2038153.565,3.44,-75.82
0.23,18.5,SM-42-P1,477982.94,2038550.48,1.58,1.35
0.68,19.6,SM-42-P1,477982.94,2038550.48,1.58,0.9
1.13,21.3,SM-42-P1,477982.94,2038550.48,1.58,0.45
1.58,20,SM-42-P1,477982.94,2038550.48,1.58,0
2.03,17.6,SM-42-P1,477982.94,2038550.48,1.58,-0.45
2.48,22.4,SM-42-P1,477982.94,2038550.48,1.58,-0.9
2.93,27.2,SM-42-P1,477982.94,2038550.48,1.58,-1.35
3.38,25.7,SM-42-P1,477982.94,2038550.48,1.58,-1.8
3.83,22.5,SM-42-P1,477982.94,2038550.48,1.58,-2.25
4.13,22.3,SM-42-P1,477982.94,2038550.48,1.58,-2.55
4.28,32.4,SM-42-P1,477982.94,2038550.48,1.58,-2.7
4.43,22.2,SM-42-P1,477982.94,2038550.48,1.58,-2.85
4.72,19.6,SM-42-P1,477982.94,2038550.48,1.58,-3.14
5.18,18.3,SM-42-P1,477982.94,2038550.48,1.58,-3.6
5.63,20.2,SM-42-P1,477982.94,2038550.48,1.58,-4.05
6.07,23.8,SM-42-P1,477982.94,2038550.48,1.58,-4.49
6.41,24,SM-42-P1,477982.94,2038550.48,1.58,-4.83
6.64,28.5,SM-42-P1,477982.94,2038550.48,1.58,-5.06
6.98,21.3,SM-42-P1,477982.94,2038550.48,1.58,-5.4
7.43,22.4,SM-42-P1,477982.94,2038550.48,1.58,-5.85
7.88,23,SM-42-P1,477982.94,2038550.48,1.58,-6.3
8.32,22.4,SM-42-P1,477982.94,2038550.48,1.58,-6.74
8.78,19.9,SM-42-P1,477982.94,2038550.48,1.58,-7.2
9.23,20.9,SM-42-P1,477982.94,2038550.48,1.58,-7.65
9.68,20.5,SM-42-P1,477982.94,2038550.48,1.58,-8.1
10.13,20.8,SM-42-P1,477982.94,2038550.48,1.58,-8.55
10.58,24.8,SM-42-P1,477982.94,2038550.48,1.58,-9
11.03,23.6,SM-42-P1,477982.94,2038550.48,1.58,-9.45
11.48,34.3,SM-42-P1,477982.94,2038550.48,1.58,-9.9
11.93,24,SM-42-P1,477982.94,2038550.48,1.58,-10.35
12.38,21.5,SM-42-P1,477982.94,2038550.48,1.58,-10.8
12.83,22.7,SM-42-P1,477982.94,2038550.48,1.58,-11.25
13.28,23.7,SM-42-P1,477982.94,2038550.48,1.58,-11.7
13.73,24.9,SM-42-P1,477982.94,2038550.48,1.58,-12.15
14.18,18.7,SM-42-P1,477982.94,2038550.48,1.58,-12.6
14.63,21.6,SM-42-P1,477982.94,2038550.48,1.58,-13.05
15.08,22.7,SM-42-P1,477982.94,2038550.48,1.58,-13.5
15.53,21.8,SM-42-P1,477982.94,2038550.48,1.58,-13.95
15.98,19.7,SM-42-P1,477982.94,2038550.48,1.58,-14.4
16.42,20.2,SM-42-P1,477982.94,2038550.48,1.58,-14.84
16.88,20.1,SM-42-P1,477982.94,2038550.48,1.58,-15.3
17.33,23.4,SM-42-P1,477982.94,2038550.48,1.58,-15.75
17.77,24.4,SM-42-P1,477982.94,2038550.48,1.58,-16.19
18.23,50.3,SM-42-P1,477982.94,2038550.48,1.58,-16.65
18.67,49.7,SM-42-P1,477982.94,2038550.48,1.58,-17.09
19.13,50.5,SM-42-P1,477982.94,2038550.48,1.58,-17.55
19.58,51,SM-42-P1,477982.94,2038550.48,1.58,-18
0.23,26.8,SM-09-B2,480263.7,2036758.9,0.82,0.59
0.56,25.7,SM-09-B2,480263.7,2036758.9,0.82,0.26
0.79,23.8,SM-09-B2,480263.7,2036758.9,0.82,0.03
1.01,30.1,SM-09-B2,480263.7,2036758.9,0.82,-0.19
1.24,26.7,SM-09-B2,480263.7,2036758.9,0.82,-0.42
1.46,35.4,SM-09-B2,480263.7,2036758.9,0.82,-0.64
1.69,29.7,SM-09-B2,480263.7,2036758.9,0.82,-0.87
2.03,27.4,SM-09-B2,480263.7,2036758.9,0.82,-1.21
2.48,40.3,SM-09-B2,480263.7,2036758.9,0.82,-1.66
2.93,43.1,SM-09-B2,480263.7,2036758.9,0.82,-2.11
3.26,34.3,SM-09-B2,480263.7,2036758.9,0.82,-2.44
3.49,22.4,SM-09-B2,480263.7,2036758.9,0.82,-2.67
3.83,20.1,SM-09-B2,480263.7,2036758.9,0.82,-3.01
4.28,22.2,SM-09-B2,480263.7,2036758.9,0.82,-3.46
4.72,23.7,SM-09-B2,480263.7,2036758.9,0.82,-3.9
5.18,23.6,SM-09-B2,480263.7,2036758.9,0.82,-4.36
5.63,20.8,SM-09-B2,480263.7,2036758.9,0.82,-4.81
6.07,28.6,SM-09-B2,480263.7,2036758.9,0.82,-5.25
6.41,36.2,SM-09-B2,480263.7,2036758.9,0.82,-5.59
6.64,25.1,SM-09-B2,480263.7,2036758.9,0.82,-5.82
6.98,25.1,SM-09-B2,480263.7,2036758.9,0.82,-6.16
7.43,23.6,SM-09-B2,480263.7,2036758.9,0.82,-6.61
7.88,21.2,SM-09-B2,480263.7,2036758.9,0.82,-7.06
8.21,20.8,SM-09-B2,480263.7,2036758.9,0.82,-7.39
8.44,14.1,SM-09-B2,480263.7,2036758.9,0.82,-7.62
8.78,19.1,SM-09-B2,480263.7,2036758.9,0.82,-7.96
9.23,20.4,SM-09-B2,480263.7,2036758.9,0.82,-8.41
9.68,21.6,SM-09-B2,480263.7,2036758.9,0.82,-8.86
10.13,46.8,SM-09-B2,480263.7,2036758.9,0.82,-9.31
10.58,52.2,SM-09-B2,480263.7,2036758.9,0.82,-9.76
11.03,55,SM-09-B2,480263.7,2036758.9,0.82,-10.21
11.48,57.1,SM-09-B2,480263.7,2036758.9,0.82,-10.66
11.93,50.8,SM-09-B2,480263.7,2036758.9,0.82,-11.11
12.38,53.6,SM-09-B2,480263.7,2036758.9,0.82,-11.56
12.83,56.8,SM-09-B2,480263.7,2036758.9,0.82,-12.01
13.28,61.6,SM-09-B2,480263.7,2036758.9,0.82,-12.46
13.58,37.7,SM-09-B2,480263.7,2036758.9,0.82,-12.76
13.73,64,SM-09-B2,480263.7,2036758.9,0.82,-12.91
13.88,18.5,SM-09-B2,480263.7,2036758.9,0.82,-13.06
14.06,18.5,SM-09-B2,480263.7,2036758.9,0.82,-13.24
14.29,18.3,SM-09-B2,480263.7,2036758.9,0.82,-13.47
14.63,21.1,SM-09-B2,480263.7,2036758.9,0.82,-13.81
15.08,21.3,SM-09-B2,480263.7,2036758.9,0.82,-14.26
15.53,19.5,SM-09-B2,480263.7,2036758.9,0.82,-14.71
15.98,20.6,SM-09-B2,480263.7,2036758.9,0.82,-15.16
16.42,22.7,SM-09-B2,480263.7,2036758.9,0.82,-15.6
16.88,22.9,SM-09-B2,480263.7,2036758.9,0.82,-16.06
17.33,21.4,SM-09-B2,480263.7,2036758.9,0.82,-16.51
17.66,20.5,SM-09-B2,480263.7,2036758.9,0.82,-16.84
17.89,19.8,SM-09-B2,480263.7,2036758.9,0.82,-17.07
18.11,21.1,SM-09-B2,480263.7,2036758.9,0.82,-17.29
18.34,19.5,SM-09-B2,480263.7,2036758.9,0.82,-17.52
18.67,21.7,SM-09-B2,480263.7,2036758.9,0.82,-17.85
19.13,21,SM-09-B2,480263.7,2036758.9,0.82,-18.31
19.58,25.6,SM-09-B2,480263.7,2036758.9,0.82,-18.76
20.02,20.9,SM-09-B2,480263.7,2036758.9,0.82,-19.2
20.48,21,SM-09-B2,480263.7,2036758.9,0.82,-19.66
20.81,31.3,SM-09-B2,480263.7,2036758.9,0.82,-19.99
21.04,18.2,SM-09-B2,480263.7,2036758.9,0.82,-20.22
21.38,21.9,SM-09-B2,480263.7,2036758.9,0.82,-20.56
21.83,22.7,SM-09-B2,480263.7,2036758.9,0.82,-21.01
22.28,20.6,SM-09-B2,480263.7,2036758.9,0.82,-21.46
22.73,20.2,SM-09-B2,480263.7,2036758.9,0.82,-21.91
23.01,28,SM-09-B2,480263.7,2036758.9,0.82,-22.19
23.12,51.4,SM-09-B2,480263.7,2036758.9,0.82,-22.3
23.23,35.3,SM-09-B2,480263.7,2036758.9,0.82,-22.41
23.34,40.2,SM-09-B2,480263.7,2036758.9,0.82,-22.52
23.63,39,SM-09-B2,480263.7,2036758.9,0.82,-22.81
24.08,27.4,SM-09-B2,480263.7,2036758.9,0.82,-23.26
24.53,29.8,SM-09-B2,480263.7,2036758.9,0.82,-23.71
24.98,32.2,SM-09-B2,480263.7,2036758.9,0.82,-24.16
25.42,27.8,SM-09-B2,480263.7,2036758.9,0.82,-24.6
25.88,29.1,SM-09-B2,480263.7,2036758.9,0.82,-25.06
26.33,27,SM-09-B2,480263.7,2036758.9,0.82,-25.51
26.78,25.2,SM-09-B2,480263.7,2036758.9,0.82,-25.96
27.23,28.1,SM-09-B2,480263.7,2036758.9,0.82,-26.41
27.67,25.6,SM-09-B2,480263.7,2036758.9,0.82,-26.85
28.13,25.7,SM-09-B2,480263.7,2036758.9,0.82,-27.31
28.58,27.7,SM-09-B2,480263.7,2036758.9,0.82,-27.76
29.03,29.6,SM-09-B2,480263.7,2036758.9,0.82,-28.21
29.48,21.8,SM-09-B2,480263.7,2036758.9,0.82,-28.66
29.92,27.9,SM-09-B2,480263.7,2036758.9,0.82,-29.1
30.38,33.3,SM-09-B2,480263.7,2036758.9,0.82,-29.56
30.71,32.5,SM-09-B2,480263.7,2036758.9,0.82,-29.89
30.94,23.2,SM-09-B2,480263.7,2036758.9,0.82,-30.12
31.28,25.6,SM-09-B2,480263.7,2036758.9,0.82,-30.46
31.61,29.5,SM-09-B2,480263.7,2036758.9,0.82,-30.79
31.84,30.8,SM-09-B2,480263.7,2036758.9,0.82,-31.02
32.06,27.3,SM-09-B2,480263.7,2036758.9,0.82,-31.24
32.29,20.4,SM-09-B2,480263.7,2036758.9,0.82,-31.47
32.63,19.1,SM-09-B2,480263.7,2036758.9,0.82,-31.81
32.92,19.5,SM-09-B2,480263.7,2036758.9,0.82,-32.1
33.08,26.2,SM-09-B2,480263.7,2036758.9,0.82,-32.26
33.22,17,SM-09-B2,480263.7,2036758.9,0.82,-32.4
33.53,17.3,SM-09-B2,480263.7,2036758.9,0.82,-32.71
33.95,19.6,SM-09-B2,480263.7,2036758.9,0.82,-33.13
34.4,21.5,SM-09-B2,480263.7,2036758.9,0.82,-33.58
0.225,27.5,SM-29-P2,479601.03,2037189.73,1.77,1.545
0.565,25.4,SM-29-P2,479601.03,2037189.73,1.77,1.205
0.79,35.3,SM-29-P2,479601.03,2037189.73,1.77,0.98
1.015,29,SM-29-P2,479601.03,2037189.73,1.77,0.755
1.24,25.4,SM-29-P2,479601.03,2037189.73,1.77,0.53
1.575,27.3,SM-29-P2,479601.03,2037189.73,1.77,0.195
1.875,23.8,SM-29-P2,479601.03,2037189.73,1.77,-0.105
2.025,25.4,SM-29-P2,479601.03,2037189.73,1.77,-0.255
2.175,23.3,SM-29-P2,479601.03,2037189.73,1.77,-0.405
2.475,19.7,SM-29-P2,479601.03,2037189.73,1.77,-0.705
2.815,27.4,SM-29-P2,479601.03,2037189.73,1.77,-1.045
3.04,26.9,SM-29-P2,479601.03,2037189.73,1.77,-1.27
3.375,21.6,SM-29-P2,479601.03,2037189.73,1.77,-1.605
3.825,18.7,SM-29-P2,479601.03,2037189.73,1.77,-2.055
4.275,17.9,SM-29-P2,479601.03,2037189.73,1.77,-2.505
4.725,17.6,SM-29-P2,479601.03,2037189.73,1.77,-2.955
5.175,16.8,SM-29-P2,479601.03,2037189.73,1.77,-3.405
5.625,21.5,SM-29-P2,479601.03,2037189.73,1.77,-3.855
6.075,18.4,SM-29-P2,479601.03,2037189.73,1.77,-4.305
6.415,19.6,SM-29-P2,479601.03,2037189.73,1.77,-4.645
6.64,26.2,SM-29-P2,479601.03,2037189.73,1.77,-4.87
6.865,17.6,SM-29-P2,479601.03,2037189.73,1.77,-5.095
7.09,21.2,SM-29-P2,479601.03,2037189.73,1.77,-5.32
7.425,31,SM-29-P2,479601.03,2037189.73,1.77,-5.655
7.875,21.7,SM-29-P2,479601.03,2037189.73,1.77,-6.105
8.325,22.8,SM-29-P2,479601.03,2037189.73,1.77,-6.555
8.775,24.8,SM-29-P2,479601.03,2037189.73,1.77,-7.005
9.225,21.6,SM-29-P2,479601.03,2037189.73,1.77,-7.455
9.675,20.7,SM-29-P2,479601.03,2037189.73,1.77,-7.905
10.125,18,SM-29-P2,479601.03,2037189.73,1.77,-8.355
10.575,19.5,SM-29-P2,479601.03,2037189.73,1.77,-8.805
11.025,22.2,SM-29-P2,479601.03,2037189.73,1.77,-9.255
11.475,18.1,SM-29-P2,479601.03,2037189.73,1.77,-9.705
11.925,53,SM-29-P2,479601.03,2037189.73,1.77,-10.155
12.375,49.7,SM-29-P2,479601.03,2037189.73,1.77,-10.605
12.825,53.7,SM-29-P2,479601.03,2037189.73,1.77,-11.055
13.275,43.9,SM-29-P2,479601.03,2037189.73,1.77,-11.505
13.725,49.5,SM-29-P2,479601.03,2037189.73,1.77,-11.955
14.065,104.8,SM-29-P2,479601.03,2037189.73,1.77,-12.295
14.29,22.15,SM-29-P2,479601.03,2037189.73,1.77,-12.52
14.625,18.9,SM-29-P2,479601.03,2037189.73,1.77,-12.855
14.965,26.6,SM-29-P2,479601.03,2037189.73,1.77,-13.195
15.19,28.4,SM-29-P2,479601.03,2037189.73,1.77,-13.42
15.525,25.5,SM-29-P2,479601.03,2037189.73,1.77,-13.755
15.865,23.7,SM-29-P2,479601.03,2037189.73,1.77,-14.095
16.09,25.8,SM-29-P2,479601.03,2037189.73,1.77,-14.32
16.315,24.7,SM-29-P2,479601.03,2037189.73,1.77,-14.545
16.54,23.5,SM-29-P2,479601.03,2037189.73,1.77,-14.77
16.875,24.8,SM-29-P2,479601.03,2037189.73,1.77,-15.105
17.325,23.8,SM-29-P2,479601.03,2037189.73,1.77,-15.555
17.775,24.3,SM-29-P2,479601.03,2037189.73,1.77,-16.005
18.225,23.5,SM-29-P2,479601.03,2037189.73,1.77,-16.455
18.675,20.1,SM-29-P2,479601.03,2037189.73,1.77,-16.905
19.125,21.9,SM-29-P2,479601.03,2037189.73,1.77,-17.355
19.575,24.2,SM-29-P2,479601.03,2037189.73,1.77,-17.805
20.025,26.26,SM-29-P2,479601.03,2037189.73,1.77,-18.255
20.475,23.8,SM-29-P2,479601.03,2037189.73,1.77,-18.705
20.925,26.8,SM-29-P2,479601.03,2037189.73,1.77,-19.155
21.375,22.6,SM-29-P2,479601.03,2037189.73,1.77,-19.605
21.825,22.1,SM-29-P2,479601.03,2037189.73,1.77,-20.055
22.275,24.7,SM-29-P2,479601.03,2037189.73,1.77,-20.505
22.725,24,SM-29-P2,479601.03,2037189.73,1.77,-20.955
23.175,26.2,SM-29-P2,479601.03,2037189.73,1.77,-21.405
23.625,34.1,SM-29-P2,479601.03,2037189.73,1.77,-21.855
24.075,25.4,SM-29-P2,479601.03,2037189.73,1.77,-22.305
24.525,25.1,SM-29-P2,479601.03,2037189.73,1.77,-22.755
24.975,36.4,SM-29-P2,479601.03,2037189.73,1.77,-23.205
25.425,37,SM-29-P2,479601.03,2037189.73,1.77,-23.655
25.875,37.4,SM-29-P2,479601.03,2037189.73,1.77,-24.105
26.325,34.7,SM-29-P2,479601.03,2037189.73,1.77,-24.555
26.775,24.9,SM-29-P2,479601.03,2037189.73,1.77,-25.005
27.225,29,SM-29-P2,479601.03,2037189.73,1.77,-25.455
0.23,24.4,SM-22-P2,478599.1,2037541.17,2.41,2.18
0.68,25.1,SM-22-P2,478599.1,2037541.17,2.41,1.73
1.13,28.6,SM-22-P2,478599.1,2037541.17,2.41,1.28
1.58,23.9,SM-22-P2,478599.1,2037541.17,2.41,0.83
2.03,28.8,SM-22-P2,478599.1,2037541.17,2.41,0.38
2.48,25.9,SM-22-P2,478599.1,2037541.17,2.41,-0.07
2.93,26.9,SM-22-P2,478599.1,2037541.17,2.41,-0.52
3.26,32.2,SM-22-P2,478599.1,2037541.17,2.41,-0.85
3.49,40.7,SM-22-P2,478599.1,2037541.17,2.41,-1.08
3.83,29.2,SM-22-P2,478599.1,2037541.17,2.41,-1.42
4.28,29.7,SM-22-P2,478599.1,2037541.17,2.41,-1.87
4.72,26.1,SM-22-P2,478599.1,2037541.17,2.41,-2.31
5.18,17.5,SM-22-P2,478599.1,2037541.17,2.41,-2.77
5.63,16.3,SM-22-P2,478599.1,2037541.17,2.41,-3.22
6.07,21.6,SM-22-P2,478599.1,2037541.17,2.41,-3.66
6.53,22.9,SM-22-P2,478599.1,2037541.17,2.41,-4.12
6.98,27.1,SM-22-P2,478599.1,2037541.17,2.41,-4.57
7.43,15.5,SM-22-P2,478599.1,2037541.17,2.41,-5.02
7.88,15.7,SM-22-P2,478599.1,2037541.17,2.41,-5.47
8.32,21.3,SM-22-P2,478599.1,2037541.17,2.41,-5.91
8.78,49,SM-22-P2,478599.1,2037541.17,2.41,-6.37
9.23,21.5,SM-22-P2,478599.1,2037541.17,2.41,-6.82
9.68,20.1,SM-22-P2,478599.1,2037541.17,2.41,-7.27
10.13,22.1,SM-22-P2,478599.1,2037541.17,2.41,-7.72
10.58,22,SM-22-P2,478599.1,2037541.17,2.41,-8.17
11.03,22.9,SM-22-P2,478599.1,2037541.17,2.41,-8.62
11.48,21.3,SM-22-P2,478599.1,2037541.17,2.41,-9.07
11.93,22.9,SM-22-P2,478599.1,2037541.17,2.41,-9.52
12.38,19.4,SM-22-P2,478599.1,2037541.17,2.41,-9.97
12.66,24.5,SM-22-P2,478599.1,2037541.17,2.41,-10.25
12.77,47.1,SM-22-P2,478599.1,2037541.17,2.41,-10.36
12.88,26.6,SM-22-P2,478599.1,2037541.17,2.41,-10.47
12.99,64.4,SM-22-P2,478599.1,2037541.17,2.41,-10.58
13.28,24.1,SM-22-P2,478599.1,2037541.17,2.41,-10.87
13.73,41.2,SM-22-P2,478599.1,2037541.17,2.41,-11.32
14.18,41.2,SM-22-P2,478599.1,2037541.17,2.41,-11.77
14.63,45.4,SM-22-P2,478599.1,2037541.17,2.41,-12.22
15.08,50.8,SM-22-P2,478599.1,2037541.17,2.41,-12.67
15.53,54.1,SM-22-P2,478599.1,2037541.17,2.41,-13.12
15.98,56.6,SM-22-P2,478599.1,2037541.17,2.41,-13.57
16.42,52.6,SM-22-P2,478599.1,2037541.17,2.41,-14.01
16.88,35,SM-22-P2,478599.1,2037541.17,2.41,-14.47
17.33,52.7,SM-22-P2,478599.1,2037541.17,2.41,-14.92
17.77,25.7,SM-22-P2,478599.1,2037541.17,2.41,-15.36
18.23,23,SM-22-P2,478599.1,2037541.17,2.41,-15.82
18.67,25.4,SM-22-P2,478599.1,2037541.17,2.41,-16.26
19.13,26.7,SM-22-P2,478599.1,2037541.17,2.41,-16.72
19.58,22.5,SM-22-P2,478599.1,2037541.17,2.41,-17.17
20.02,24.1,SM-22-P2,478599.1,2037541.17,2.41,-17.61
20.48,18.6,SM-22-P2,478599.1,2037541.17,2.41,-18.07
20.92,19.1,SM-22-P2,478599.1,2037541.17,2.41,-18.51
21.38,21,SM-22-P2,478599.1,2037541.17,2.41,-18.97
21.83,19.6,SM-22-P2,478599.1,2037541.17,2.41,-19.42
22.28,19.9,SM-22-P2,478599.1,2037541.17,2.41,-19.87
22.73,20.1,SM-22-P2,478599.1,2037541.17,2.41,-20.32
23.17,23.4,SM-22-P2,478599.1,2037541.17,2.41,-20.76
23.63,20,SM-22-P2,478599.1,2037541.17,2.41,-21.22
24.08,23.1,SM-22-P2,478599.1,2037541.17,2.41,-21.67
24.53,23.85,SM-22-P2,478599.1,2037541.17,2.41,-22.12
24.98,23.6,SM-22-P2,478599.1,2037541.17,2.41,-22.57
25.42,24.8,SM-22-P2,478599.1,2037541.17,2.41,-23.01
25.88,22.7,SM-22-P2,478599.1,2037541.17,2.41,-23.47
26.33,24.7,SM-22-P2,478599.1,2037541.17,2.41,-23.92
26.66,22.7,SM-22-P2,478599.1,2037541.17,2.41,-24.25
26.89,26.1,SM-22-P2,478599.1,2037541.17,2.41,-24.48
27.23,21.4,SM-22-P2,478599.1,2037541.17,2.41,-24.82
27.67,19.5,SM-22-P2,478599.1,2037541.17,2.41,-25.26
27.95,33.1,SM-22-P2,478599.1,2037541.17,2.41,-25.54
28.03,46.1,SM-22-P2,478599.1,2037541.17,2.41,-25.62
28.13,33,SM-22-P2,478599.1,2037541.17,2.41,-25.72
28.22,50.2,SM-22-P2,478599.1,2037541.17,2.41,-25.81
28.31,21.3,SM-22-P2,478599.1,2037541.17,2.41,-25.9
28.58,34.8,SM-22-P2,478599.1,2037541.17,2.41,-26.17
28.88,37.8,SM-22-P2,478599.1,2037541.17,2.41,-26.47
29.03,21.5,SM-22-P2,478599.1,2037541.17,2.41,-26.62
29.18,18.5,SM-22-P2,478599.1,2037541.17,2.41,-26.77
29.48,27.2,SM-22-P2,478599.1,2037541.17,2.41,-27.07
29.92,29,SM-22-P2,478599.1,2037541.17,2.41,-27.51
30.38,33.4,SM-22-P2,478599.1,2037541.17,2.41,-27.97
30.83,29.2,SM-22-P2,478599.1,2037541.17,2.41,-28.42
31.28,29.6,SM-22-P2,478599.1,2037541.17,2.41,-28.87
31.73,28.8,SM-22-P2,478599.1,2037541.17,2.41,-29.32
32.17,24.8,SM-22-P2,478599.1,2037541.17,2.41,-29.76
32.63,29.8,SM-22-P2,478599.1,2037541.17,2.41,-30.22
33.08,30.3,SM-22-P2,478599.1,2037541.17,2.41,-30.67
33.53,26.6,SM-22-P2,478599.1,2037541.17,2.41,-31.12
33.98,52.4,SM-22-P2,478599.1,2037541.17,2.41,-31.57
34.42,55,SM-22-P2,478599.1,2037541.17,2.41,-32.01
34.88,56,SM-22-P2,478599.1,2037541.17,2.41,-32.47
35.21,58.1,SM-22-P2,478599.1,2037541.17,2.41,-32.8
35.44,62.5,SM-22-P2,478599.1,2037541.17,2.41,-33.03
35.78,52.6,SM-22-P2,478599.1,2037541.17,2.41,-33.37
36.23,31.2,SM-22-P2,478599.1,2037541.17,2.41,-33.82
36.67,23,SM-22-P2,478599.1,2037541.17,2.41,-34.26
37.01,24.5,SM-22-P2,478599.1,2037541.17,2.41,-34.6
37.24,24.1,SM-22-P2,478599.1,2037541.17,2.41,-34.83
37.58,21.1,SM-22-P2,478599.1,2037541.17,2.41,-35.17
38.03,23.7,SM-22-P2,478599.1,2037541.17,2.41,-35.62
38.48,26.9,SM-22-P2,478599.1,2037541.17,2.41,-36.07
38.92,28,SM-22-P2,478599.1,2037541.17,2.41,-36.51
39.38,28.8,SM-22-P2,478599.1,2037541.17,2.41,-36.97
39.83,29,SM-22-P2,478599.1,2037541.17,2.41,-37.42
40.61,20.1,SM-22-P2,478599.1,2037541.17,2.41,-38.2
40.84,33.2,SM-22-P2,478599.1,2037541.17,2.41,-38.43
41.18,21.5,SM-22-P2,478599.1,2037541.17,2.41,-38.77
41.51,23.8,SM-22-P2,478599.1,2037541.17,2.41,-39.1
41.74,40.2,SM-22-P2,478599.1,2037541.17,2.41,-39.33
42.08,27.1,SM-22-P2,478599.1,2037541.17,2.41,-39.67
42.41,27.1,SM-22-P2,478599.1,2037541.17,2.41,-40
42.64,22.8,SM-22-P2,478599.1,2037541.17,2.41,-40.23
42.86,26.5,SM-22-P2,478599.1,2037541.17,2.41,-40.45
43.09,26.7,SM-22-P2,478599.1,2037541.17,2.41,-40.68
43.31,24.1,SM-22-P2,478599.1,2037541.17,2.41,-40.9
43.54,23.9,SM-22-P2,478599.1,2037541.17,2.41,-41.13
43.88,29.9,SM-22-P2,478599.1,2037541.17,2.41,-41.47
44.33,30.6,SM-22-P2,478599.1,2037541.17,2.41,-41.92
44.78,25.7,SM-22-P2,478599.1,2037541.17,2.41,-42.37
45.23,25.1,SM-22-P2,478599.1,2037541.17,2.41,-42.82
45.68,22,SM-22-P2,478599.1,2037541.17,2.41,-43.27
46.13,28.6,SM-22-P2,478599.1,2037541.17,2.41,-43.72
46.58,28.7,SM-22-P2,478599.1,2037541.17,2.41,-44.17
47.03,31.5,SM-22-P2,478599.1,2037541.17,2.41,-44.62
47.48,34,SM-22-P2,478599.1,2037541.17,2.41,-45.07
47.93,33.9,SM-22-P2,478599.1,2037541.17,2.41,-45.52
48.38,44.9,SM-22-P2,478599.1,2037541.17,2.41,-45.97
48.83,34,SM-22-P2,478599.1,2037541.17,2.41,-46.42
49.28,51.4,SM-22-P2,478599.1,2037541.17,2.41,-46.87
49.73,18.4,SM-22-P2,478599.1,2037541.17,2.41,-47.32
50.18,24.8,SM-22-P2,478599.1,2037541.17,2.41,-47.77
50.63,26.1,SM-22-P2,478599.1,2037541.17,2.41,-48.22
51.08,28.8,SM-22-P2,478599.1,2037541.17,2.41,-48.67
51.53,26.3,SM-22-P2,478599.1,2037541.17,2.41,-49.12
51.98,28.5,SM-22-P2,478599.1,2037541.17,2.41,-49.57
0.23,36.5,SM-15-P2,479132.63,2036864.69,1.26,1.03
0.68,31.3,SM-15-P2,479132.63,2036864.69,1.26,0.58
1.13,26.7,SM-15-P2,479132.63,2036864.69,1.26,0.13
1.58,26.9,SM-15-P2,479132.63,2036864.69,1.26,-0.32
2.03,26.6,SM-15-P2,479132.63,2036864.69,1.26,-0.77
2.33,33,SM-15-P2,479132.63,2036864.69,1.26,-1.07
2.47,45.6,SM-15-P2,479132.63,2036864.69,1.26,-1.21
2.63,26.7,SM-15-P2,479132.63,2036864.69,1.26,-1.37
2.93,32.8,SM-15-P2,479132.63,2036864.69,1.26,-1.67
3.38,30.67,SM-15-P2,479132.63,2036864.69,1.26,-2.12
3.83,30.9,SM-15-P2,479132.63,2036864.69,1.26,-2.57
4.28,26.1,SM-15-P2,479132.63,2036864.69,1.26,-3.02
4.72,26.6,SM-15-P2,479132.63,2036864.69,1.26,-3.46
5.18,26.4,SM-15-P2,479132.63,2036864.69,1.26,-3.92
5.63,27.6,SM-15-P2,479132.63,2036864.69,1.26,-4.37
6.07,22.2,SM-15-P2,479132.63,2036864.69,1.26,-4.81
6.53,29.4,SM-15-P2,479132.63,2036864.69,1.26,-5.27
6.98,29.7,SM-15-P2,479132.63,2036864.69,1.26,-5.72
7.43,24.7,SM-15-P2,479132.63,2036864.69,1.26,-6.17
7.88,21.6,SM-15-P2,479132.63,2036864.69,1.26,-6.62
8.32,22.3,SM-15-P2,479132.63,2036864.69,1.26,-7.06
8.78,24.2,SM-15-P2,479132.63,2036864.69,1.26,-7.52
9.23,24.1,SM-15-P2,479132.63,2036864.69,1.26,-7.97
9.68,21.9,SM-15-P2,479132.63,2036864.69,1.26,-8.42
10.13,23.2,SM-15-P2,479132.63,2036864.69,1.26,-8.87
10.58,21.1,SM-15-P2,479132.63,2036864.69,1.26,-9.32
11.03,54.9,SM-15-P2,479132.63,2036864.69,1.26,-9.77
11.48,56.8,SM-15-P2,479132.63,2036864.69,1.26,-10.22
11.93,46.9,SM-15-P2,479132.63,2036864.69,1.26,-10.67
12.38,50.9,SM-15-P2,479132.63,2036864.69,1.26,-11.12
12.83,40.7,SM-15-P2,479132.63,2036864.69,1.26,-11.57
13.73,22.4,SM-15-P2,479132.63,2036864.69,1.26,-12.47
14.06,57.3,SM-15-P2,479132.63,2036864.69,1.26,-12.8
14.29,18.7,SM-15-P2,479132.63,2036864.69,1.26,-13.03
14.63,15.8,SM-15-P2,479132.63,2036864.69,1.26,-13.37
14.96,19.3,SM-15-P2,479132.63,2036864.69,1.26,-13.7
15.19,22.3,SM-15-P2,479132.63,2036864.69,1.26,-13.93
15.38,16.6,SM-15-P2,479132.63,2036864.69,1.26,-14.12
15.52,22.5,SM-15-P2,479132.63,2036864.69,1.26,-14.26
15.68,21.3,SM-15-P2,479132.63,2036864.69,1.26,-14.42
15.98,22.5,SM-15-P2,479132.63,2036864.69,1.26,-14.72
16.42,24.4,SM-15-P2,479132.63,2036864.69,1.26,-15.16
16.88,25.6,SM-15-P2,479132.63,2036864.69,1.26,-15.62
17.33,27.3,SM-15-P2,479132.63,2036864.69,1.26,-16.07
17.66,26.1,SM-15-P2,479132.63,2036864.69,1.26,-16.4
17.89,24.7,SM-15-P2,479132.63,2036864.69,1.26,-16.63
18.23,30.6,SM-15-P2,479132.63,2036864.69,1.26,-16.97
18.67,28.1,SM-15-P2,479132.63,2036864.69,1.26,-17.41
19.13,26.4,SM-15-P2,479132.63,2036864.69,1.26,-17.87
19.58,22.2,SM-15-P2,479132.63,2036864.69,1.26,-18.32
20.02,24,SM-15-P2,479132.63,2036864.69,1.26,-18.76
20.48,22,SM-15-P2,479132.63,2036864.69,1.26,-19.22
20.78,24.9,SM-15-P2,479132.63,2036864.69,1.26,-19.52
20.93,56,SM-15-P2,479132.63,2036864.69,1.26,-19.67
21.08,20.9,SM-15-P2,479132.63,2036864.69,1.26,-19.82
21.38,20.3,SM-15-P2,479132.63,2036864.69,1.26,-20.12
21.83,26.1,SM-15-P2,479132.63,2036864.69,1.26,-20.57
22.13,21.1,SM-15-P2,479132.63,2036864.69,1.26,-20.87
22.28,44.9,SM-15-P2,479132.63,2036864.69,1.26,-21.02
22.43,25.6,SM-15-P2,479132.63,2036864.69,1.26,-21.17
22.61,23.4,SM-15-P2,479132.63,2036864.69,1.26,-21.35
22.84,28.2,SM-15-P2,479132.63,2036864.69,1.26,-21.58
23.03,36.5,SM-15-P2,479132.63,2036864.69,1.26,-21.77
23.18,47.3,SM-15-P2,479132.63,2036864.69,1.26,-21.92
23.33,26.4,SM-15-P2,479132.63,2036864.69,1.26,-22.07
23.48,41,SM-15-P2,479132.63,2036864.69,1.26,-22.22
23.63,18.6,SM-15-P2,479132.63,2036864.69,1.26,-22.37
23.78,23.5,SM-15-P2,479132.63,2036864.69,1.26,-22.52
24.08,23.6,SM-15-P2,479132.63,2036864.69,1.26,-22.82
24.53,23.5,SM-15-P2,479132.63,2036864.69,1.26,-23.27
24.98,24.1,SM-15-P2,479132.63,2036864.69,1.26,-23.72
25.42,28,SM-15-P2,479132.63,2036864.69,1.26,-24.16
25.88,29.4,SM-15-P2,479132.63,2036864.69,1.26,-24.62
26.33,27.5,SM-15-P2,479132.63,2036864.69,1.26,-25.07
26.78,26.9,SM-15-P2,479132.63,2036864.69,1.26,-25.52
27.23,26.5,SM-15-P2,479132.63,2036864.69,1.26,-25.97
